zone_id,region,latitude,longitude,distance_km,travel_time_hr,fuel_l_proxy,water_depth_m,current_u_ms,current_v_ms,current_speed_ms,inside_mpa,mpa_caution,geofence_caution,mpa_distance_km,eez_boundary_distance_km,efficiency_score_v2,depth_safety_score,constraint_safety_score,current_safety_score,route_safety_score,final_route_score,final_route_confidence,adjusted_final_route_score
PFZ0001,ANDAMAN,13.170277777777777,92.64027777777778,20.0,1.1111111111111112,8.88888888888889,20.0,,,,0,0,0,1053.0683652012335,7.999635420960683,0.9612174766813942,0.01578531965272297,1.0,,0.5078926598263614,0.7345550682538778,0.8,0.5876440546031023
PFZ0002,ANDAMAN,11.76,92.94694444444444,16.0,0.8888888888888888,7.111111111111111,102.0,,,,0,0,0,1213.398008376917,66.30097940045277,0.9798723613156602,0.08050513022888714,1.0,,0.5402525651144436,0.7600624632150519,0.8,0.6080499705720416
PFZ0003,ANDAMAN,11.745,93.00444444444445,8.0,0.4444444444444444,3.555555555555556,75.0,,,,0,0,0,1215.1362960979416,72.8019166953398,0.990672557682867,0.05919494869771113,1.0,,0.5295974743488556,0.7601350160158613,0.8,0.6081080128126891
PFZ0004,ANDAMAN,11.694444444444445,93.02194444444444,27.0,1.5,12.0,249.0,,,,0,0,0,1220.900344701122,77.07173582176567,0.930780559646539,0.19652722967640096,1.0,,0.5982636148382005,0.7645220872423697,0.8,0.6116176697938958
PFZ0005,ANDAMAN,11.6325,93.02111111111113,33.0,1.8333333333333333,14.666666666666666,230.0,,,,0,0,0,1227.9401941537926,80.07387936945871,0.9005891016200295,0.18153117600631413,1.0,,0.5907655880031571,0.7456773448115933,0.8,0.5965418758492746
PFZ0006,ANDAMAN,11.58777777777778,93.02583333333334,34.0,1.8888888888888888,15.11111111111111,453.0,-0.0295,0.051,0.058917314,0,0,0,1233.0273423488563,82.77363252637699,0.8951890034364262,0.35753749013417524,1.0,0.9279525883592173,0.7618300261644642,0.8285095148004451,1.0,0.8285095148004451
PFZ0007,ANDAMAN,11.56388888888889,92.99944444444444,29.0,1.6111111111111112,12.88888888888889,499.0,-0.0295,0.051,0.058917314,0,0,0,1235.7171759852554,81.32268459913179,0.9216985763377517,0.39384372533543804,1.0,0.9279525883592173,0.773932104564885,0.8478153404513183,1.0,0.8478153404513183
PFZ0008,ANDAMAN,11.535555555555556,92.97555555555556,30.0,1.6666666666666667,13.333333333333334,468.0,-0.0295,0.051,0.058917314,0,0,0,1238.9201667877685,80.34307209349296,0.9182621502209131,0.36937647987371747,1.0,0.9279525883592173,0.7657763560776449,0.842019253149279,1.0,0.842019253149279
PFZ0009,ANDAMAN,11.501944444444444,92.98388888888888,27.0,1.5,12.0,601.0,-0.0295,0.051,0.058917314,0,0,0,1242.7435724301365,82.85025985725532,0.930780559646539,0.47434885556432516,1.0,0.9279525883592173,0.8007671479745142,0.8657738538105266,1.0,0.8657738538105266
PFZ0010,ANDAMAN,11.3625,92.97833333333334,45.0,2.5,20.0,1149.0,-0.043500002,0.0555,0.07051596,0,0,0,1258.5770631393405,86.41395642659444,0.8382425135002455,0.9068666140489345,1.0,0.8772382863079605,0.9280349667856316,0.8831387401429385,1.0,0.8831387401429385
PFZ0011,ANDAMAN,11.3,92.95277777777778,33.0,1.8333333333333333,14.666666666666666,1066.0,-0.043500002,0.0555,0.07051596,0,0,0,1265.661314922515,83.42359576060554,0.9005891016200295,0.8413575374901342,1.0,0.8772382863079605,0.9061986079326982,0.9033938547763638,1.0,0.9033938547763638
PFZ0012,ANDAMAN,11.255,92.89833333333334,18.0,1.0,8.0,933.0,-0.043500002,0.0555,0.07051596,0,0,0,1270.766269759492,77.25895759100025,0.9715267550319097,0.7363851617995264,1.0,0.8772382863079605,0.871207816035829,0.9213672855338693,1.0,0.9213672855338693
PFZ0013,ANDAMAN,11.17611111111111,92.82166666666666,27.0,1.5,12.0,1101.0,-0.017,0.026999999,0.031906113,0,0,0,1273.166455667783,68.54189576669565,0.930780559646539,0.8689818468823993,1.0,1.0,0.9563272822941331,0.9435539209703361,1.0,0.9435539209703361
PFZ0014,ANDAMAN,10.916666666666666,92.68388888888887,13.0,0.7222222222222222,5.777777777777778,38.0,-0.047500003,-0.019000001,0.05115907,0,0,0,1286.5175447384815,46.58789991380103,0.9852724594992637,0.02999210734017364,1.0,0.961874990129506,0.6639556991565598,0.8246140793279118,1.0,0.8246140793279118
PFZ0015,ANDAMAN,10.913333333333334,92.3475,17.0,0.9444444444444444,7.555555555555555,189.0,0.008000001,-0.040999997,0.041773196,0,0,0,1264.0747656160006,11.609008167456842,0.9761904761904762,0.14917127071823205,1.0,1.0,0.716390423572744,0.8462904498816101,1.0,0.8462904498816101
PFZ0016,ANDAMAN,10.87527777777778,92.70972222222224,20.0,1.1111111111111112,8.88888888888889,254.0,-0.047500003,-0.019000001,0.05115907,0,0,0,1291.9847717548505,47.54368441697998,0.9612174766813942,0.20047355958958168,1.0,0.961874990129506,0.7207828499063625,0.8410001632938784,1.0,0.8410001632938784
PFZ0017,ANDAMAN,10.805277777777778,92.73111111111112,17.0,0.9444444444444444,7.555555555555555,372.0,-0.019000001,-0.035499997,0.040264748,0,0,0,1299.7040697960083,46.850825285062136,0.9761904761904762,0.2936069455406472,1.0,1.0,0.764535648513549,0.8703630623520127,1.0,0.8703630623520127
PFZ0018,ANDAMAN,10.76888888888889,92.27083333333331,20.0,1.1111111111111112,8.88888888888889,64.0,-0.009,0.0014999956,0.009124143,0,0,1,1272.2032694684094,2.332438045480327,0.9612174766813942,0.050513022888713496,0.6666666666666666,1.0,0.5723932298517933,0.7668053532665937,1.0,0.7668053532665937
PFZ0019,ANDAMAN,10.727222222222222,92.74361111111112,22.0,1.2222222222222223,9.77777777777778,655.0,-0.019000001,-0.035499997,0.040264748,0,0,0,1307.5447567693286,44.90346077939952,0.9536082474226804,0.5169692186266772,1.0,1.0,0.8389897395422257,0.896298993482453,1.0,0.896298993482453
PFZ0020,ANDAMAN,10.649722222222222,92.79833333333332,26.0,1.4444444444444444,11.555555555555555,1237.0,-0.019000001,-0.035499997,0.040264748,0,0,0,1318.2165283021582,47.6158012077095,0.937653411880216,0.9763220205209155,1.0,1.0,0.9921073401736384,0.9648803760269272,1.0,0.9648803760269272
PFZ0021,GOA,15.530555555555557,73.04638888888888,72.0,4.0,32.0,105.0,0.035000004,-0.024,0.042438194,0,0,0,122.35374234222388,59.763893089539366,0.7459499263622975,0.08287292817679558,1.0,1.0,0.6942909760589319,0.7201204512106147,1.0,0.7201204512106147
PFZ0022,GOA,15.436944444444444,73.11,75.0,4.166666666666667,33.333333333333336,88.0,0.035000004,-0.024,0.042438194,0,0,0,112.88875784882656,58.67116483924316,0.740058910162003,0.06945540647198106,1.0,1.0,0.6898184688239937,0.7149386894929983,1.0,0.7149386894929983
PFZ0023,GOA,15.349722222222224,73.17166666666667,77.0,4.277777777777778,34.22222222222222,87.0,0.046000004,-0.087000005,0.0984124,0,0,0,104.47334163504114,57.41614549085529,0.7366224840451645,0.06866614048934491,1.0,0.755262972610589,0.6079763710333113,0.6722994275392379,1.0,0.6722994275392379
PFZ0024,GOA,15.233333333333333,73.39305555555556,40.0,2.2222222222222223,17.77777777777778,72.0,0.040000003,-0.1295,0.13553691,0,0,0,79.04764835789221,42.113374392851135,0.8622974963181149,0.056827150749802685,1.0,0.5929385414963965,0.5499218974153997,0.7061096968667573,1.0,0.7061096968667573
PFZ0025,GOA,15.193333333333332,73.4238888888889,48.0,2.6666666666666665,21.33333333333333,69.0,0.040000003,-0.1295,0.13553691,0,0,0,75.79546951266532,41.285864114776246,0.8279332351497299,0.05445935280189424,1.0,0.5929385414963965,0.5491326314327636,0.6885329332912468,1.0,0.6885329332912468
PFZ0026,GOA,15.145555555555555,73.44277777777778,50.0,2.7777777777777777,22.22222222222222,66.0,0.040000003,-0.1295,0.13553691,0,0,0,74.29498187413282,42.10312301890403,0.8193421698576338,0.05209155485398579,1.0,0.5929385414963965,0.5483433654501274,0.6838427676538805,1.0,0.6838427676538805
PFZ0027,GOA,15.094444444444443,73.4475,52.0,2.888888888888889,23.11111111111111,73.0,0.043500002,-0.1365,0.14326374,0,0,0,74.8626227992807,44.53108226401989,0.8085419734904271,0.05761641673243883,1.0,0.5591534953350848,0.5389233040225079,0.6737326387564675,1.0,0.6737326387564675
PFZ0028,KARNATAKA,14.746388888888887,73.52638888888889,56.0,3.111111111111111,24.88888888888889,78.0,0.0515,-0.1225,0.13288529,0,0,0,85.485262527431,55.977159610731896,0.7950417280314188,0.06156274664561957,1.0,0.6045325721793877,0.5553651062750025,0.6752034171532106,1.0,0.6752034171532106
PFZ0029,KARNATAKA,14.653055555555556,73.53861111111111,64.0,3.555555555555556,28.444444444444443,78.0,0.0515,-0.1225,0.13288529,0,0,0,91.93631437941512,59.662020636118406,0.7719685812469318,0.06156274664561957,1.0,0.6045325721793877,0.5553651062750025,0.6636668437609672,1.0,0.6636668437609672
PFZ0030,KARNATAKA,14.568055555555556,73.50222222222222,72.0,4.0,32.0,87.0,0.047500003,-0.10050001,0.1111598,0,0,0,101.8912594162362,67.72450527285335,0.7459499263622975,0.06866614048934491,1.0,0.6995258207078418,0.5893973203990622,0.6676736233806799,1.0,0.6676736233806799
PFZ0031,KARNATAKA,14.493055555555555,73.4475,89.0,4.944444444444445,39.55555555555556,89.0,0.047500003,-0.10050001,0.1111598,0,0,0,112.3964443259772,77.10768041591416,0.7096219931271477,0.0702446724546172,1.0,0.6995258207078418,0.5899234977208196,0.6497727454239837,1.0,0.6497727454239837
PFZ0032,KARNATAKA,14.3575,73.97722222222222,41.0,2.2777777777777777,18.22222222222222,47.0,0.054500002,-0.0355,0.065042295,0,0,0,101.68016796928644,36.22963188273639,0.8571428571428572,0.037095501183898975,1.0,0.9011715195609964,0.6460890069149651,0.7516159320289111,1.0,0.7516159320289111
PFZ0033,KARNATAKA,14.252222222222224,73.98666666666666,44.0,2.4444444444444446,19.55555555555556,52.0,0.054500002,-0.0355,0.065042295,0,0,0,113.53234663609857,42.01850121425767,0.8431516936671576,0.04104183109707971,1.0,0.9011715195609964,0.6474044502193587,0.7452780719432581,1.0,0.7452780719432581
PFZ0034,KARNATAKA,14.149166666666666,74.01083333333334,45.0,2.5,20.0,54.0,0.054500002,-0.0355,0.065042295,0,0,0,125.02718024789604,37.50634983544003,0.8382425135002455,0.042620363062352014,1.0,0.9011715195609964,0.6479306275411161,0.7430865705206808,1.0,0.7430865705206808
PFZ0035,KARNATAKA,14.126944444444446,73.67555555555556,82.0,4.555555555555555,36.44444444444444,58.0,0.049500003,-0.0825,0.09621071,0,0,0,135.93095786796593,73.28192656611776,0.7236131566028473,0.04577742699289661,1.0,0.7648897145322953,0.6035557138417306,0.6635844352222889,1.0,0.6635844352222889
PFZ0036,KARNATAKA,14.079444444444444,73.74138888888889,76.0,4.222222222222222,33.77777777777778,78.0,0.021000002,-0.065500006,0.06878409,0,0,0,138.7099327953333,65.20476364852719,0.7383406971035837,0.06156274664561957,1.0,0.8848107717768254,0.6487911728074817,0.6935659349555328,1.0,0.6935659349555328
PFZ0037,KARNATAKA,14.051944444444445,74.05166666666666,45.0,2.5,20.0,49.0,0.0395,-0.044,0.059129097,0,0,0,116.02394242876696,30.556291833129556,0.8382425135002455,0.03867403314917127,1.0,0.9270265813898416,0.6552335381796709,0.7467380258399582,1.0,0.7467380258399582
PFZ0038,KARNATAKA,14.043888888888889,73.81555555555555,70.0,3.888888888888889,31.11111111111111,64.0,0.021000002,-0.065500006,0.06878409,0,0,0,138.31033660553825,56.595271451166525,0.751840942562592,0.050513022888713496,1.0,0.8848107717768254,0.6451079315551795,0.6984744370588858,1.0,0.6984744370588858
PFZ0039,KARNATAKA,13.9775,73.86361111111111,67.0,3.7222222222222223,29.77777777777778,61.0,0.021000002,-0.065500006,0.06878409,0,0,0,130.12601409901418,51.25233718671394,0.7606774668630338,0.04814522494080505,1.0,0.8848107717768254,0.6443186655725435,0.7024980662177887,1.0,0.7024980662177887
PFZ0040,KARNATAKA,13.630833333333332,73.70694444444445,94.0,5.222222222222222,41.77777777777778,74.0,-0.0010000002,-0.041,0.041012194,0,0,0,135.8579429551397,80.89638521219713,0.6995581737849779,0.05840568271507498,1.0,1.0,0.6861352275716917,0.6928467006783348,1.0,0.6928467006783348
PFZ0041,KARNATAKA,13.575833333333334,73.75277777777778,94.0,5.222222222222222,41.77777777777778,73.0,-0.010500001,-0.009500001,0.014159803,0,0,0,130.1569050868768,79.28218895543756,0.6995581737849779,0.05761641673243883,1.0,1.0,0.6858721389108129,0.6927151563478954,1.0,0.6927151563478954
PFZ0042,KARNATAKA,13.551666666666668,73.81972222222223,89.0,4.944444444444445,39.55555555555556,58.0,-0.010500001,-0.009500001,0.014159803,0,0,0,122.52977849966578,73.9518927880743,0.7096219931271477,0.04577742699289661,1.0,1.0,0.6819258089976321,0.6957739010623899,1.0,0.6957739010623899
PFZ0043,KARNATAKA,13.4975,73.86527777777778,86.0,4.777777777777778,38.22222222222222,66.0,-0.010500001,-0.009500001,0.014159803,0,0,0,117.23126078909182,72.32006881629351,0.7147766323024055,0.05209155485398579,1.0,1.0,0.6840305182846619,0.6994035752935337,1.0,0.6994035752935337
PFZ0044,KARNATAKA,13.209444444444443,73.52472222222222,124.0,6.888888888888889,55.11111111111112,639.0,-0.042500004,0.0465,0.06299604,0,0,0,158.29654669494167,121.1691373432401,0.6499754540991655,0.5043409629044988,1.0,0.9101186323657061,0.8048198650900682,0.7273976595946168,1.0,0.7273976595946168
PFZ0045,KARNATAKA,13.16388888888889,73.57027777777778,123.0,6.833333333333333,54.66666666666666,675.0,-0.042500004,0.0465,0.06299604,0,0,0,154.48158479328805,119.07838641194644,0.6514482081492391,0.5327545382794001,1.0,0.9101186323657061,0.814291056881702,0.7328696325154705,1.0,0.7328696325154705
PFZ0046,KARNATAKA,13.105833333333331,73.59805555555555,122.0,6.777777777777778,54.22222222222222,936.0,-0.0255,0.034500003,0.04290105,0,0,0,153.1667971065927,119.4024378132714,0.6534118802160039,0.7387529597474349,1.0,0.9979826289543584,0.9122451962339311,0.7828285382249676,1.0,0.7828285382249676
PFZ0047,KARNATAKA,13.054722222222225,73.64444444444445,120.0,6.666666666666667,53.333333333333336,929.0,-0.0405,0.0505,0.06473407,0,0,0,149.95360771758493,115.52213081381645,0.6578301423662248,0.7332280978689818,1.0,0.902519212709813,0.8785824368595982,0.7682062896129116,1.0,0.7682062896129116
PFZ0048,KERALA,12.73,74.48555555555555,40.0,2.2222222222222223,17.77777777777778,55.0,0.039,0.017,0.042544097,0,0,0,85.40442188346265,40.15702732399775,0.8622974963181149,0.043409629044988164,1.0,0.9995433820164057,0.6809843370204646,0.7716409166692897,1.0,0.7716409166692897
PFZ0049,KERALA,12.673055555555557,74.45027777777779,46.0,2.555555555555556,20.444444444444443,67.0,0.039,0.017,0.042544097,0,0,0,92.42915620744796,46.27961325193,0.833578792341679,0.05288082083662194,1.0,0.9995433820164057,0.6841414009510092,0.7588600966463441,1.0,0.7588600966463441
PFZ0050,KERALA,12.6075,74.43583333333333,49.0,2.7222222222222223,21.77777777777778,67.0,0.044,0.0435,0.06187285,0,0,0,98.3796406664086,50.58045840964059,0.8232695139911634,0.05288082083662194,1.0,0.9150297053410302,0.6559701753925506,0.739619844691857,1.0,0.739619844691857
PFZ0051,KERALA,12.54,74.43055555555556,53.0,2.9444444444444446,23.55555555555556,78.0,0.044,0.0435,0.06187285,0,0,0,103.9571710397808,54.01830246889198,0.804860088365243,0.06156274664561957,1.0,0.9150297053410302,0.6588641506622166,0.7318621195137298,1.0,0.7318621195137298
PFZ0052,KERALA,12.473888888888888,74.435,54.0,3.0,24.0,80.0,0.044,0.0435,0.06187285,0,0,0,108.93056768120611,56.39294631201381,0.8001963672066765,0.06314127861089187,1.0,0.9150297053410302,0.659390327983974,0.7297933475953253,1.0,0.7297933475953253
PFZ0053,KERALA,12.470277777777778,74.69583333333334,28.0,1.5555555555555556,12.444444444444445,47.0,0.0595,-0.017,0.06188094,0,0,0,81.07791080396251,29.640485212946267,0.9258713794796269,0.037095501183898975,1.0,0.9149943323583912,0.6506966111807634,0.7882839953301952,1.0,0.7882839953301952
PFZ0054,KERALA,12.459722222222222,74.76027777777777,23.0,1.2777777777777777,10.22222222222222,45.0,0.0595,-0.017,0.06188094,0,0,0,73.85058984924103,23.444763732948207,0.9491899852724595,0.035516969218626675,1.0,0.9149943323583912,0.6501704338590059,0.7996802095657327,1.0,0.7996802095657327
PFZ0055,KERALA,12.4575,74.62972222222221,35.0,1.9444444444444444,15.555555555555555,54.0,0.0595,-0.017,0.06188094,0,0,0,88.36080663994149,37.00790007554345,0.8878252331860579,0.042620363062352014,1.0,0.9149943323583912,0.6525382318069144,0.7701817324964861,1.0,0.7701817324964861
PFZ0056,KERALA,12.450833333333332,74.49666666666667,48.0,2.6666666666666665,21.33333333333333,76.0,0.044,0.0435,0.06187285,0,0,0,103.14298199188254,51.019354618667904,0.8279332351497299,0.05998421468034728,1.0,0.9150297053410302,0.6583379733404591,0.7431356042450945,1.0,0.7431356042450945
PFZ0057,KERALA,12.445833333333333,74.56333333333333,42.0,2.333333333333333,18.666666666666668,66.0,0.044,0.0435,0.06187285,0,0,0,95.7109562149789,44.35633889272152,0.8519882179675994,0.05209155485398579,1.0,0.9150297053410302,0.655707086731672,0.7538476523496357,1.0,0.7538476523496357
PFZ0058,KERALA,12.1975,74.85305555555556,25.0,1.3888888888888888,11.11111111111111,49.0,0.032,-0.0145,0.035131898,0,0,0,63.417958622777306,25.875609263640182,0.9413352970054001,0.03867403314917127,1.0,1.0,0.6795580110497237,0.8104466540275619,1.0,0.8104466540275619
PFZ0059,KERALA,12.138333333333334,74.85527777777777,27.0,1.5,12.0,52.0,0.032,-0.0145,0.035131898,0,0,0,64.63892258493532,28.49964244874304,0.930780559646539,0.04104183109707971,1.0,1.0,0.6803472770323599,0.8055639183394494,1.0,0.8055639183394494
PFZ0060,KERALA,12.080833333333333,74.8425,31.0,1.7222222222222223,13.77777777777778,52.0,-0.0075000003,-0.0034999996,0.008276473,0,0,0,68.0169551731796,32.556101276885975,0.913352970054001,0.04104183109707971,1.0,1.0,0.6803472770323599,0.7968501235431804,1.0,0.7968501235431804
PFZ0061,KERALA,12.024444444444445,74.82388888888889,35.0,1.9444444444444444,15.555555555555555,65.0,-0.0075000003,-0.0034999996,0.008276473,0,0,0,72.39787018492696,37.14699813264149,0.8878252331860579,0.05130228887134965,1.0,1.0,0.6837674296237832,0.7857963314049206,1.0,0.7857963314049206
PFZ0062,KERALA,11.966944444444444,74.81,38.0,2.111111111111111,16.88888888888889,57.0,-0.0075000003,-0.0034999996,0.008276473,0,0,0,76.71831083721831,41.31437626642893,0.8713794796269023,0.04498816101026046,1.0,1.0,0.6816627203367535,0.776521099981828,1.0,0.776521099981828
PFZ0063,KERALA,11.910555555555556,74.82194444444444,40.0,2.2222222222222223,17.77777777777778,65.0,-0.0075000003,-0.0034999996,0.008276473,0,0,0,78.87607342200884,42.82155402347896,0.8622974963181149,0.05130228887134965,1.0,1.0,0.6837674296237832,0.7730324629709491,1.0,0.7730324629709491
PFZ0064,KERALA,11.875833333333334,74.86916666666666,37.0,2.055555555555556,16.444444444444443,58.0,-0.0075000003,-0.0034999996,0.008276473,0,0,0,76.88922328863609,39.72736063285956,0.8757977417771232,0.04577742699289661,1.0,1.0,0.6819258089976321,0.7788617753873777,1.0,0.7788617753873777
PFZ0065,KERALA,11.845277777777778,74.92,34.0,1.8888888888888888,15.11111111111111,73.0,0.011499997,-0.050500005,0.05179286,0,0,0,74.80804709143766,36.21876255217904,0.8951890034364262,0.05761641673243883,1.0,0.9591037858443621,0.6722400675256003,0.7837145354810132,1.0,0.7837145354810132
PFZ0066,KERALA,11.808611111111112,74.96638888888889,37.0,2.055555555555556,16.444444444444443,61.0,0.011499997,-0.050500005,0.05179286,0,0,0,74.11825942654261,34.02269832064567,0.8757977417771232,0.04814522494080505,1.0,0.9591037858443621,0.6690830035950557,0.7724403726860894,1.0,0.7724403726860894
PFZ0067,KERALA,11.766666666666667,75.00805555555556,35.0,1.9444444444444444,15.555555555555555,52.0,0.011499997,-0.050500005,0.05179286,0,0,0,74.81505258727081,32.605043259689666,0.8878252331860579,0.04104183109707971,1.0,0.9591037858443621,0.6667152056471473,0.7772702194166026,1.0,0.7772702194166026
PFZ0068,KERALA,11.693888888888887,75.29333333333334,17.0,0.9444444444444444,7.555555555555555,37.0,-0.015000002,-0.0675,0.06914659,0,0,0,60.69246525960105,10.015249292927908,0.9761904761904762,0.02920284135753749,1.0,0.8832257648291542,0.6374762020622305,0.8068333391263534,1.0,0.8068333391263534
PFZ0069,KERALA,11.692222222222222,75.3175,16.0,0.8888888888888888,7.111111111111111,33.0,-0.015000002,-0.0675,0.06914659,0,0,0,58.36297987145729,7.831346626833138,0.9798723613156602,0.026045777426992895,1.0,0.8832257648291542,0.6364238474187157,0.808148104367188,1.0,0.808148104367188
PFZ0070,KERALA,11.689444444444444,75.26944444444445,19.0,1.0555555555555556,8.444444444444445,40.0,-0.015000002,-0.0675,0.06914659,0,0,0,63.24816736789894,12.53996732753084,0.9668630338733432,0.03157063930544594,1.0,0.8832257648291542,0.6382654680448667,0.8025642509591049,1.0,0.8025642509591049
PFZ0071,KERALA,11.675,75.25027777777778,22.0,1.2222222222222223,9.77777777777778,45.0,-0.015000002,-0.0675,0.06914659,0,0,0,65.79150034995084,15.219011009444792,0.9536082474226804,0.035516969218626675,1.0,0.8832257648291542,0.6395809113492602,0.7965945793859703,1.0,0.7965945793859703
PFZ0072,KERALA,11.655833333333334,75.23555555555555,27.0,1.5,12.0,47.0,-0.015000002,-0.0675,0.06914659,0,0,0,68.3708727816345,17.761570331742433,0.930780559646539,0.037095501183898975,1.0,0.8832257648291542,0.6401070886710177,0.7854438241587784,1.0,0.7854438241587784
PFZ0073,KERALA,11.636388888888888,75.2213888888889,31.0,1.7222222222222223,13.77777777777778,30.0,-0.015000002,-0.0675,0.06914659,0,0,0,70.78030436845965,20.26822577208402,0.913352970054001,0.02367797947908445,1.0,0.8832257648291542,0.6356345814360795,0.7744937757450403,1.0,0.7744937757450403
PFZ0074,KERALA,11.61888888888889,75.20444444444445,33.0,1.8333333333333333,14.666666666666666,44.0,0.025500003,-0.1295,0.13198674,0,0,0,73.37805523026393,22.920566465552,0.9005891016200295,0.03472770323599053,1.0,0.6084614218147811,0.5477297083502571,0.7241594049851433,1.0,0.7241594049851433
PFZ0075,KERALA,11.6075,75.18305555555555,37.0,2.055555555555556,16.444444444444443,60.0,0.025500003,-0.1295,0.13198674,0,0,0,76.08807555248006,25.625936744977967,0.8757977417771232,0.0473559589581689,1.0,0.6084614218147811,0.5519391269243167,0.71386843435072,1.0,0.71386843435072
PFZ0076,KERALA,11.599166666666669,75.16027777777778,40.0,2.2222222222222223,17.77777777777778,48.0,0.025500003,-0.1295,0.13198674,0,0,0,78.59913251172108,28.27907231231252,0.8622974963181149,0.037884767166535126,1.0,0.6084614218147811,0.5487820629937721,0.7055397796559435,1.0,0.7055397796559435
PFZ0077,KERALA,11.59388888888889,75.13666666666667,43.0,2.388888888888889,19.11111111111111,53.0,0.025500003,-0.1295,0.13198674,0,0,0,80.65652499604016,30.82748358283086,0.8480608738340697,0.041831097079715863,1.0,0.6084614218147811,0.5500975062981657,0.6990791900661177,1.0,0.6990791900661177
PFZ0078,KERALA,11.48,75.19805555555556,41.0,2.2777777777777777,18.22222222222222,51.0,0.025500003,-0.1295,0.13198674,0,0,0,82.59522395204213,31.86258261481661,0.8571428571428572,0.04025256511444357,1.0,0.6084614218147811,0.5495713289764081,0.7033570930596327,1.0,0.7033570930596327
PFZ0079,KERALA,11.443055555555556,75.23027777777779,39.0,2.1666666666666665,17.333333333333332,48.0,0.025500003,-0.1295,0.13198674,0,0,0,82.50795844086716,31.03449963223332,0.8674521354933726,0.037884767166535126,1.0,0.6084614218147811,0.5487820629937721,0.7081170992435724,1.0,0.7081170992435724
PFZ0080,KERALA,11.393055555555556,75.22472222222223,41.0,2.2777777777777777,18.22222222222222,53.0,0.025500003,-0.1295,0.13198674,0,0,0,86.82100429863769,34.55991201720213,0.8571428571428572,0.041831097079715863,1.0,0.6084614218147811,0.5500975062981657,0.7036201817205114,1.0,0.7036201817205114
PFZ0081,KERALA,11.3675,75.43583333333333,26.0,1.4444444444444444,11.555555555555555,39.0,0.0045000017,-0.16200002,0.16206251,0,0,0,74.27698996579826,15.673934499476967,0.937653411880216,0.030781373322809787,1.0,0.4769571337966686,0.5025795023731594,0.7201164571266877,1.0,0.7201164571266877
PFZ0082,KERALA,11.358611111111111,75.48555555555555,21.0,1.1666666666666667,9.333333333333334,38.0,0.0045000017,-0.16200002,0.16206251,0,0,0,72.42978752911873,11.268106640263817,0.9575355915562102,0.02999210734017364,1.0,0.4769571337966686,0.5023164137122808,0.7299260026342455,1.0,0.7299260026342455
PFZ0083,KERALA,11.35,75.39277777777778,30.0,1.6666666666666667,13.333333333333334,46.0,0.0045000017,-0.16200002,0.16206251,0,0,0,78.53787751819135,20.837602818177544,0.9182621502209131,0.036306235201262825,1.0,0.4769571337966686,0.5044211229993104,0.7113416366101117,1.0,0.7113416366101117
PFZ0084,KERALA,11.345833333333331,75.23666666666666,42.0,2.333333333333333,18.666666666666668,56.0,0.014500001,-0.109000005,0.10996023,0,0,0,89.72233982496874,36.264213568600425,0.8519882179675994,0.04419889502762431,1.0,0.7047708601125815,0.5829899183800685,0.717489068173834,1.0,0.717489068173834
PFZ0085,KERALA,11.311944444444444,75.27333333333333,40.0,2.2222222222222223,17.77777777777778,49.0,0.014500001,-0.109000005,0.10996023,0,0,0,89.93944838907396,34.60083877852536,0.8622974963181149,0.03867403314917127,1.0,0.7047708601125815,0.5811482977539175,0.7217228970360162,1.0,0.7217228970360162
PFZ0086,KERALA,11.305833333333334,75.36972222222222,32.0,1.7777777777777777,14.22222222222222,46.0,0.014500001,-0.109000005,0.10996023,0,0,0,84.13515481833062,25.46469104579173,0.906480117820324,0.036306235201262825,1.0,0.7047708601125815,0.5803590317712815,0.7434195747958028,1.0,0.7434195747958028
PFZ0087,KERALA,11.296944444444444,75.32083333333333,36.0,2.0,16.0,48.0,0.014500001,-0.109000005,0.10996023,0,0,0,88.05970756797973,30.740091665572507,0.8816887579774177,0.037884767166535126,1.0,0.7047708601125815,0.5808852090930389,0.7312869835352283,1.0,0.7312869835352283
PFZ0088,KERALA,10.8175,75.415,50.0,2.7777777777777777,22.22222222222222,77.0,0.054,-0.16100001,0.16981462,0,0,0,108.64537115333516,47.12853150670929,0.8193421698576338,0.06077348066298342,1.0,0.44306155253015106,0.5012783443977115,0.6603102571276727,1.0,0.6603102571276727
PFZ0089,KERALA,10.801111111111112,75.45916666666668,45.0,2.5,20.0,54.0,0.054,-0.16100001,0.16981462,0,0,0,104.51640507974322,43.66788082116443,0.8382425135002455,0.042620363062352014,1.0,0.44306155253015106,0.49522730519750097,0.6667349093488733,1.0,0.6667349093488733
PFZ0090,KERALA,10.781111111111112,75.67694444444444,33.0,1.8333333333333333,14.666666666666666,36.0,0.068,-0.1365,0.1525,0,0,0,82.8128077173719,23.35547407247847,0.9005891016200295,0.028413575374901343,1.0,0.5187685676923288,0.51572738102241,0.7081582413212197,1.0,0.7081582413212197
PFZ0091,KERALA,10.763333333333334,75.48833333333333,44.0,2.4444444444444446,19.55555555555556,46.0,0.054,-0.16100001,0.16981462,0,0,0,102.91360527996052,42.82229634342599,0.8431516936671576,0.036306235201262825,1.0,0.44306155253015106,0.49312259591047125,0.6681371447888145,1.0,0.6681371447888145
PFZ0092,KERALA,10.756666666666666,75.63583333333334,33.0,1.8333333333333333,14.666666666666666,43.0,0.068,-0.1365,0.1525,0,0,0,88.13496597138668,28.69728185094679,0.9005891016200295,0.03393843725335438,1.0,0.5187685676923288,0.517569001648561,0.7090790516342953,1.0,0.7090790516342953
PFZ0093,KERALA,10.721388888888889,75.51166666666667,42.0,2.333333333333333,18.666666666666668,45.0,0.054,-0.16100001,0.16981462,0,0,0,102.35567616350296,42.77167743829775,0.8519882179675994,0.035516969218626675,1.0,0.44306155253015106,0.49285950724959254,0.672423862608596,1.0,0.672423862608596
PFZ0094,KERALA,10.71111111111111,75.63222222222221,35.0,1.9444444444444444,15.555555555555555,40.0,0.068,-0.1365,0.1525,0,0,0,90.83629220060465,31.484778923168022,0.8878252331860579,0.03157063930544594,1.0,0.5187685676923288,0.5167797356659249,0.7023024844259914,1.0,0.7023024844259914
PFZ0095,KERALA,10.680833333333332,75.53777777777778,41.0,2.2777777777777777,18.22222222222222,53.0,0.054,-0.16100001,0.16981462,0,0,0,101.73519962070375,42.37387175494547,0.8571428571428572,0.041831097079715863,1.0,0.44306155253015106,0.49496421653662226,0.6760535368397398,1.0,0.6760535368397398
PFZ0096,KERALA,10.668055555555554,75.62472222222222,33.0,1.8333333333333333,14.666666666666666,53.0,0.054,-0.16100001,0.16981462,0,0,0,93.97140573570756,34.52022201312079,0.9005891016200295,0.041831097079715863,1.0,0.44306155253015106,0.49496421653662226,0.6977766590783259,1.0,0.6977766590783259
PFZ0097,KERALA,10.658055555555556,75.57805555555555,38.0,2.111111111111111,16.88888888888889,56.0,0.054,-0.16100001,0.16981462,0,0,0,99.02867617639586,39.63575140849225,0.8713794796269023,0.04419889502762431,1.0,0.44306155253015106,0.49575348251925844,0.6835664810730804,1.0,0.6835664810730804
PFZ0098,KERALA,10.344166666666668,75.78222222222222,31.0,1.7222222222222223,13.77777777777778,41.0,0.0245,-0.089,0.092310615,0,0,0,105.72640873177558,32.57813197240345,0.913352970054001,0.03235990528808208,1.0,0.7819426184538908,0.6047675079139909,0.759060238983996,1.0,0.759060238983996
PFZ0099,KERALA,10.33,75.82694444444444,27.0,1.5,12.0,43.0,0.0245,-0.089,0.092310615,0,0,0,104.15293216529965,28.395765206508628,0.930780559646539,0.03393843725335438,1.0,0.7819426184538908,0.6052936852357483,0.7680371224411437,1.0,0.7680371224411437
PFZ0100,KERALA,10.299722222222222,75.86361111111111,25.0,1.3888888888888888,11.11111111111111,36.0,0.0245,-0.089,0.092310615,0,0,0,104.84421079177888,25.65608507452505,0.9413352970054001,0.028413575374901343,1.0,0.7819426184538908,0.6034520646095973,0.7723936808074987,1.0,0.7723936808074987
PFZ0101,KERALA,10.262222222222222,75.89277777777778,23.0,1.2777777777777777,10.22222222222222,29.0,0.08050001,-0.072500005,0.10833514,0,0,0,105.06658823979288,23.9721850327706,0.9491899852724595,0.022888713496448304,1.0,0.7118764571900745,0.5782550568955076,0.7637225210839835,1.0,0.7637225210839835
PFZ0102,KERALA,10.21861111111111,75.9113888888889,23.0,1.2777777777777777,10.22222222222222,34.0,0.08050001,-0.072500005,0.10833514,0,0,0,104.34118373372164,23.62444797681187,0.9491899852724595,0.026835043409629045,1.0,0.7118764571900745,0.5795705001999012,0.7643802427361803,1.0,0.7643802427361803
PFZ0103,KERALA,10.171666666666669,75.91777777777779,24.0,1.3333333333333333,10.666666666666666,38.0,0.08050001,-0.072500005,0.10833514,0,0,0,105.29506217920378,24.68559018693668,0.9455081001472754,0.02999210734017364,1.0,0.7118764571900745,0.580622854843416,0.7630654774953457,1.0,0.7630654774953457
PFZ0104,KERALA,10.124166666666667,75.91527777777779,25.0,1.3888888888888888,11.11111111111111,35.0,0.041500002,-0.056500003,0.070103504,0,0,0,107.4505159490007,26.702279663683587,0.9413352970054001,0.027624309392265192,1.0,0.8790417225165363,0.6355553439696005,0.7884453204875003,1.0,0.7884453204875003
PFZ0105,KERALA,10.078055555555554,75.90444444444445,28.0,1.5555555555555556,12.444444444444445,44.0,0.041500002,-0.056500003,0.070103504,0,0,0,110.60706126985852,29.54428220265285,0.9258713794796269,0.03472770323599053,1.0,0.8790417225165363,0.6379231419175089,0.7818972606985679,1.0,0.7818972606985679
PFZ0106,KERALA,10.034166666666666,75.88555555555556,32.0,1.7777777777777777,14.22222222222222,43.0,0.041500002,-0.056500003,0.070103504,0,0,0,114.62062330076166,33.1516384423472,0.906480117820324,0.03393843725335438,1.0,0.8790417225165363,0.6376600532566302,0.7720700855384771,1.0,0.7720700855384771
PFZ0107,KERALA,9.995555555555557,75.85833333333333,36.0,2.0,16.0,45.0,-0.0019999994,-0.054,0.054037027,0,0,0,118.6466930171231,37.44085739482714,0.8816887579774177,0.035516969218626675,1.0,0.9492913160878522,0.6616027617688263,0.771645759873122,1.0,0.771645759873122
PFZ0108,KERALA,9.44888888888889,75.96833333333333,36.0,2.0,16.0,59.0,-0.0605,-0.020499999,0.06387879,0,0,0,98.38104975868202,38.93313658920633,0.8816887579774177,0.04656669297553275,1.0,0.9062588671710663,0.6509418533821997,0.7663153056798087,1.0,0.7663153056798087
PFZ0109,KERALA,9.428888888888888,76.00111111111111,33.0,1.8333333333333333,14.666666666666666,65.0,-0.0605,-0.020499999,0.06387879,0,0,0,94.480096222071,35.83239704745665,0.9005891016200295,0.05130228887134965,1.0,0.9062588671710663,0.6525203853474719,0.7765547434837508,1.0,0.7765547434837508
PFZ0110,KERALA,9.398333333333332,76.02472222222222,31.0,1.7222222222222223,13.77777777777778,54.0,-0.0605,-0.020499999,0.06387879,0,0,0,91.52540041057598,34.35327304280552,0.913352970054001,0.042620363062352014,1.0,0.9062588671710663,0.6496264100778061,0.7814896900659035,1.0,0.7814896900659035
PFZ0111,KERALA,9.361944444444443,76.03722222222223,31.0,1.7222222222222223,13.77777777777778,59.0,-0.1275,0.026,0.13012397,0,0,0,89.89317818939845,34.776467051871506,0.913352970054001,0.04656669297553275,1.0,0.6166062587579915,0.5543909839111747,0.7338719769825879,1.0,0.7338719769825879
PFZ0112,KERALA,9.323333333333332,76.03944444444444,32.0,1.7777777777777777,14.22222222222222,57.0,-0.1275,0.026,0.13012397,0,0,0,89.590104098068,36.80980235954074,0.906480117820324,0.04498816101026046,1.0,0.6166062587579915,0.5538648065894173,0.7301724622048706,1.0,0.7301724622048706
PFZ0113,KERALA,9.299444444444443,76.17027777777778,19.0,1.0555555555555556,8.444444444444445,44.0,-0.08400001,0.029,0.08886507,0,0,0,75.11224184185663,28.238162608748723,0.9668630338733432,0.03472770323599053,1.0,0.7970080329739302,0.6105785787366402,0.7887208063049918,1.0,0.7887208063049918
PFZ0114,KERALA,9.28888888888889,76.02388888888889,37.0,2.055555555555556,16.444444444444443,60.0,-0.1275,0.026,0.13012397,0,0,0,91.44796224878948,40.48359886713919,0.8757977417771232,0.0473559589581689,1.0,0.6166062587579915,0.5546540725720535,0.7152259071745883,1.0,0.7152259071745883
PFZ0115,KERALA,9.260277777777778,75.99805555555555,41.0,2.2777777777777777,18.22222222222222,66.0,-0.1275,0.026,0.13012397,0,0,0,94.54197776575728,44.73388152697309,0.8571428571428572,0.05209155485398579,1.0,0.6166062587579915,0.5562326045373257,0.7066877308400914,1.0,0.7066877308400914
PFZ0116,KERALA,9.251944444444444,76.18583333333333,20.0,1.1111111111111112,8.88888888888889,45.0,-0.08400001,0.029,0.08886507,0,0,0,73.84559519014755,31.997238162921192,0.9612174766813942,0.035516969218626675,1.0,0.7970080329739302,0.6108416673975189,0.7860295720394566,1.0,0.7860295720394566
PFZ0117,KERALA,9.222777777777775,75.98861111111111,49.0,2.7222222222222223,21.77777777777778,79.0,-0.1275,0.026,0.13012397,0,0,0,96.03943176852316,48.25487337470343,0.8232695139911634,0.062352012628255724,1.0,0.6166062587579915,0.5596527571287491,0.6914611355599563,1.0,0.6914611355599563
PFZ0118,KERALA,9.2175,76.22277777777778,18.0,1.0,8.0,43.0,-0.08400001,0.029,0.08886507,0,0,0,70.37273723275445,34.08647214377581,0.9715267550319097,0.03393843725335438,1.0,0.7970080329739302,0.6103154900757615,0.7909211225538355,1.0,0.7909211225538355
PFZ0119,KERALA,9.186388888888889,75.9775,54.0,3.0,24.0,79.0,-0.1275,0.026,0.13012397,0,0,0,97.8701689287927,51.948841106344496,0.8001963672066765,0.062352012628255724,1.0,0.6166062587579915,0.5596527571287491,0.6799245621677128,1.0,0.6799245621677128
PFZ0120,KERALA,9.171388888888888,76.2388888888889,19.0,1.0555555555555556,8.444444444444445,42.0,-0.08400001,0.029,0.08886507,0,0,0,69.77117558792266,38.66029527711267,0.9668630338733432,0.03314917127071823,1.0,0.7970080329739302,0.6100524014148828,0.788457717644113,1.0,0.788457717644113
PFZ0121,KERALA,9.158611111111112,75.95055555555555,60.0,3.333333333333333,26.666666666666668,107.0,-0.1275,0.026,0.13012397,0,0,0,101.38435154473846,56.2824960616204,0.7839960726558665,0.08445146014206788,1.0,0.6166062587579915,0.5670192396333531,0.6755076561446098,1.0,0.6755076561446098
PFZ0122,KERALA,9.12138888888889,76.23194444444445,22.0,1.2222222222222223,9.77777777777778,48.0,-0.0635,0.056500003,0.08499706,0,0,0,72.16716913025657,44.334932522352965,0.9536082474226804,0.037884767166535126,1.0,0.813920647384033,0.617268471516856,0.7854383594697683,1.0,0.7854383594697683
PFZ0123,KERALA,9.078888888888889,76.205,27.0,1.5,12.0,49.0,-0.0635,0.056500003,0.08499706,0,0,0,76.6548921089732,49.67672264344992,0.930780559646539,0.03867403314917127,1.0,0.813920647384033,0.6175315601777347,0.7741560599121369,1.0,0.7741560599121369
PFZ0124,KERALA,9.04,76.1725,33.0,1.8333333333333333,14.666666666666666,60.0,-0.0635,0.056500003,0.08499706,0,0,0,81.4945492245912,54.86217586397368,0.9005891016200295,0.0473559589581689,1.0,0.813920647384033,0.6204255354474006,0.760507318533715,1.0,0.760507318533715
PFZ0125,KERALA,8.99472222222222,76.15083333333334,37.0,2.055555555555556,16.444444444444443,54.0,-0.0635,0.056500003,0.08499706,0,0,0,85.27889362178566,60.447994845280974,0.8757977417771232,0.042620363062352014,1.0,0.813920647384033,0.6188470034821283,0.7473223726296258,1.0,0.7473223726296258
PFZ0126,KERALA,8.945277777777777,76.14083333333333,40.0,2.2222222222222223,17.77777777777778,54.0,-0.0635,0.056500003,0.08499706,0,0,0,88.2141204553362,66.1008144820094,0.8622974963181149,0.042620363062352014,1.0,0.813920647384033,0.6188470034821283,0.7405722499001216,1.0,0.7405722499001216
PFZ0127,KERALA,8.89472222222222,76.13972222222223,41.0,2.2777777777777777,18.22222222222222,66.0,-0.0635,0.056500003,0.08499706,0,0,0,90.56045196498364,71.60427188667157,0.8571428571428572,0.05209155485398579,1.0,0.813920647384033,0.6220040674126729,0.739573462277765,1.0,0.739573462277765
PFZ0128,KERALA,8.684166666666666,76.33277777777778,31.0,1.7222222222222223,13.77777777777778,57.0,-0.06600001,0.1575,0.17076959,0,0,0,76.76918863791005,92.68958701580692,0.913352970054001,0.04498816101026046,1.0,0.43888601022720564,0.494624723745822,0.7039888468999115,1.0,0.7039888468999115
PFZ0129,KERALA,8.642222222222221,76.36222222222221,32.0,1.7777777777777777,14.22222222222222,59.0,-0.06600001,0.1575,0.17076959,0,0,0,74.53823492522683,97.53937742707782,0.906480117820324,0.04656669297553275,1.0,0.43888601022720564,0.4951509010675794,0.7008155094439517,1.0,0.7008155094439517
PFZ0130,KERALA,8.596111111111112,76.38444444444445,35.0,1.9444444444444444,15.555555555555555,64.0,0.0010000002,0.22150001,0.22150226,0,0,0,73.60482798090659,102.8841181036741,0.8878252331860579,0.050513022888713496,1.0,0.21706081181639664,0.42252461156837,0.655174922377214,1.0,0.655174922377214
PFZ0131,KERALA,8.546111111111111,76.39527777777778,37.0,2.055555555555556,16.444444444444443,82.0,0.0010000002,0.22150001,0.22150226,0,0,0,74.45136759164006,108.5917849900231,0.8757977417771232,0.06471981057616416,1.0,0.21706081181639664,0.4272602074641869,0.6515289746206551,1.0,0.6515289746206551
PFZ0132,KERALA,8.495555555555555,76.38694444444445,41.0,2.2777777777777777,18.22222222222222,177.0,0.0010000002,0.22150001,0.22150226,0,0,0,77.66127503664117,114.1929889943878,0.8571428571428572,0.13970007892659828,1.0,0.21706081181639664,0.45225363024766496,0.6546982436952611,1.0,0.6546982436952611
PFZ0133,KERALA,8.446388888888889,76.37249999999999,46.0,2.555555555555556,20.444444444444443,324.0,-0.065000005,0.24900001,0.25734413,0,0,0,81.41578083591907,119.61365192499468,0.833578792341679,0.2557221783741121,1.0,0.0603446381128557,0.43868893882898924,0.6361338655853341,1.0,0.6361338655853341
PFZ0134,KERALA,8.395833333333332,76.36361111111111,50.0,2.7777777777777777,22.22222222222222,492.0,-0.065000005,0.24900001,0.25734413,0,0,0,84.91993446582572,125.24645130710276,0.8193421698576338,0.388318863456985,1.0,0.0603446381128557,0.48288783385661355,0.6511150018571237,1.0,0.6511150018571237
PFZ0135,KERALA,8.348333333333334,76.37944444444443,52.0,2.888888888888889,23.11111111111111,642.0,0.071,0.23500001,0.24549136,0,0,0,86.1526749017051,130.67337088785,0.8085419734904271,0.5067087608524072,1.0,0.11217008031740923,0.5396262803899388,0.6740841269401829,1.0,0.6740841269401829
PFZ0136,KERALA,8.31638888888889,76.41944444444445,50.0,2.7777777777777777,22.22222222222222,590.0,0.071,0.23500001,0.24549136,0,0,0,84.52543757985997,129.5127363940727,0.8193421698576338,0.46566692975532753,1.0,0.11217008031740923,0.5259456700242455,0.6726439199409396,1.0,0.6726439199409396
PFZ0137,KERALA,8.283333333333333,76.45833333333334,49.0,2.7222222222222223,21.77777777777778,589.0,0.071,0.23500001,0.24549136,0,0,0,82.79886351164944,124.52601577365252,0.8232695139911634,0.4648776637726914,1.0,0.11217008031740923,0.5256825813633669,0.6744760476772651,1.0,0.6744760476772651
PFZ0138,KERALA,8.222222222222223,76.91833333333334,16.0,0.8888888888888888,7.111111111111111,41.0,0.026000002,0.17850001,0.18038362,0,0,0,44.70531837027305,73.00486004289692,0.9798723613156602,0.03235990528808208,1.0,0.39684930858549294,0.47640307129119164,0.7281377163034259,1.0,0.7281377163034259
PFZ0139,KERALA,8.196388888888889,76.92722222222223,18.0,1.0,8.0,54.0,0.026000002,0.17850001,0.18038362,0,0,0,46.12732401918437,71.42274365243705,0.9715267550319097,0.042620363062352014,1.0,0.39684930858549294,0.47982322388261495,0.7256749894572623,1.0,0.7256749894572623
PFZ0140,KERALA,8.171111111111111,76.9375,19.0,1.0555555555555556,8.444444444444445,55.0,0.026000002,0.17850001,0.18038362,0,0,0,47.559214699631305,69.79675137696134,0.9668630338733432,0.043409629044988164,1.0,0.39684930858549294,0.4800863125434937,0.7234746732084184,1.0,0.7234746732084184
PFZ0141,KERALA,8.154166666666667,76.60916666666667,46.0,2.555555555555556,20.444444444444443,351.0,0.071,0.23500001,0.24549136,0,0,0,75.52887758524483,105.866128220713,0.833578792341679,0.2770323599052881,1.0,0.11217008031740923,0.46306748007423243,0.6483231362079557,1.0,0.6483231362079557
PFZ0142,KERALA,8.1525,76.9575,20.0,1.1111111111111112,8.88888888888889,51.0,0.026000002,0.17850001,0.18038362,0,0,0,46.33219524613675,67.29034539888565,0.9612174766813942,0.04025256511444357,1.0,0.39684930858549294,0.4790339578999788,0.7201257172906865,1.0,0.7201257172906865
PFZ0143,KERALA,8.135555555555555,76.97916666666667,21.0,1.1666666666666667,9.333333333333334,56.0,0.026000002,0.17850001,0.18038362,0,0,0,44.10012610103811,64.66659916477234,0.9575355915562102,0.04419889502762431,1.0,0.39684930858549294,0.4803494012043724,0.7189424963802913,1.0,0.7189424963802913
PFZ0144,KERALA,8.125277777777779,76.65055555555556,44.0,2.4444444444444446,19.55555555555556,225.0,0.0925,0.186,0.2077312,0,0,0,73.8348784868264,101.03678666475582,0.8431516936671576,0.17758484609313338,1.0,0.2772738484420494,0.4849528981783942,0.6640522959227759,1.0,0.6640522959227759
PFZ0145,KERALA,8.113333333333333,76.99472222222222,23.0,1.2777777777777777,10.22222222222222,66.0,0.0010000002,0.161,0.16100311,0,0,0,42.74559842511954,62.716843241675214,0.9491899852724595,0.05209155485398579,1.0,0.4815892892735321,0.5112269480425059,0.7302084666574826,1.0,0.7302084666574826
PFZ0146,KERALA,8.086944444444445,77.00277777777778,27.0,1.5,12.0,54.0,0.0010000002,0.161,0.16100311,0,0,0,42.49331482104659,61.67761819024096,0.930780559646539,0.042620363062352014,1.0,0.4815892892735321,0.5080698841119613,0.7194252218792502,1.0,0.7194252218792502
PFZ0147,KERALA,8.086388888888889,76.68416666666667,45.0,2.5,20.0,171.0,0.058000002,0.23900001,0.24593699,0,0,0,73.9434618561323,97.1373476480772,0.8382425135002455,0.13496448303078137,1.0,0.11022159301784844,0.41506202534954323,0.6266522694248944,1.0,0.6266522694248944
PFZ0148,KERALA,8.061944444444444,77.01361111111112,32.0,1.7777777777777777,14.22222222222222,50.0,0.0010000002,0.161,0.16100311,0,0,0,42.12364906063635,60.46622761871559,0.906480117820324,0.03946329913180742,1.0,0.4815892892735321,0.5070175294684465,0.7067488236443853,1.0,0.7067488236443853
PFZ0149,KERALA,8.055555555555557,77.03888888888889,34.0,1.8888888888888888,15.11111111111111,56.0,0.0010000002,0.161,0.16100311,0,0,0,39.70813557735116,57.673404683089295,0.8951890034364262,0.04419889502762431,1.0,0.4815892892735321,0.5085960614337188,0.7018925324350724,1.0,0.7018925324350724
PFZ0150,KERALA,8.045277777777777,76.715,47.0,2.611111111111111,20.88888888888889,170.0,0.058000002,0.23900001,0.24593699,0,0,0,74.77164386628334,93.74698550910172,0.8296514482081492,0.13417521704814522,1.0,0.11022159301784844,0.4147989366886645,0.6222251924484068,1.0,0.6222251924484068
PFZ0151,KERALA,8.036388888888888,77.05777777777777,37.0,2.055555555555556,16.444444444444443,52.0,0.0010000002,0.161,0.16100311,0,0,0,38.59368957590557,55.69116763054858,0.8757977417771232,0.04104183109707971,1.0,0.4815892892735321,0.5075437067902039,0.6916707242836635,1.0,0.6916707242836635
PFZ0152,KERALA,7.998333333333333,76.735,51.0,2.833333333333333,22.666666666666668,159.0,0.058000002,0.23900001,0.24593699,0,0,0,73.87307367443363,91.85532529257112,0.8144329896907216,0.1254932912391476,1.0,0.11022159301784844,0.4119049614189987,0.6131689755548602,1.0,0.6131689755548602
PFZ0153,KERALA,7.947777777777778,76.74194444444444,57.0,3.1666666666666665,25.33333333333333,136.0,0.058000002,0.23900001,0.24593699,0,0,0,74.91376802778264,91.78619128319086,0.7901325478645066,0.10734017363851618,1.0,0.11022159301784844,0.4058539222187882,0.5979932350416474,1.0,0.5979932350416474
PFZ0154,KERALA,7.916388888888889,76.70472222222223,62.0,3.4444444444444446,27.55555555555556,182.0,0.058000002,0.23900001,0.24593699,0,0,0,80.04725595903948,96.46505394743808,0.7793323514973,0.143646408839779,1.0,0.11022159301784844,0.4179560006192091,0.5986441760582546,1.0,0.5986441760582546
PFZ0155,KERALA,7.904166666666667,76.65472222222223,66.0,3.6666666666666665,29.33333333333333,699.0,0.058000002,0.23900001,0.24593699,0,0,0,85.7304544216195,102.18891557581316,0.7633775159548355,0.5516969218626677,1.0,0.11022159301784844,0.5539728382935053,0.6586751771241703,1.0,0.6586751771241703
PFZ0156,KERALA,7.895555555555555,76.60416666666666,69.0,3.8333333333333335,30.666666666666668,909.0,0.08800001,0.28100002,0.29445714,0,0,0,91.33509564103008,107.89856688933652,0.7547864506627393,0.7174427782162589,1.0,0.0,0.5724809260720862,0.6636336883674128,1.0,0.6636336883674128
PFZ0157,KERALA,7.895277777777777,76.55277777777778,72.0,4.0,32.0,1092.0,0.08800001,0.28100002,0.29445714,0,0,0,96.72598411304416,113.5306237335489,0.7459499263622975,0.861878453038674,1.0,0.0,0.6206261510128913,0.6832880386875944,1.0,0.6832880386875944
PFZ0158,LAKSHADWEEP,12.21888888888889,71.78472222222221,12.0,0.6666666666666666,5.333333333333333,1483.0,0.068500005,0.055,0.08784788,0,0,1,377.34547151655175,2.380934173597712,0.9862542955326461,1.0,0.6666666666666666,0.8014556280555905,0.8227074315740857,0.9044808635533659,1.0,0.9044808635533659
PFZ0159,LAKSHADWEEP,11.857777777777777,72.41527777777779,36.0,2.0,16.0,1672.0,0.0885,0.098000005,0.1320464,0,0,0,334.242132027214,9.781332331952903,0.8816887579774177,1.0,1.0,0.6082005624644415,0.8694001874881472,0.8755444727327825,1.0,0.8755444727327825
PFZ0160,LAKSHADWEEP,11.688611111111111,72.53555555555555,18.0,1.0,8.0,1826.0,0.0885,0.098000005,0.1320464,0,0,0,327.74433462358166,16.069414123992672,0.9715267550319097,1.0,1.0,0.6082005624644415,0.8694001874881472,0.9204634712600284,1.0,0.9204634712600284
PFZ0161,LAKSHADWEEP,11.676666666666666,71.76222222222222,19.0,1.0555555555555556,8.444444444444445,1590.0,0.19350001,0.0375,0.19710024,0,0,0,406.91553731601294,6.089626182529825,0.9668630338733432,1.0,1.0,0.323757008332853,0.7745856694442843,0.8707243516588137,1.0,0.8707243516588137
PFZ0162,LAKSHADWEEP,11.634444444444444,71.88861111111112,21.0,1.1666666666666667,9.333333333333334,1597.0,0.165,0.0675,0.17827298,0,0,0,397.3228227894002,5.636893986547896,0.9575355915562102,1.0,1.0,0.4060779404862738,0.8020259801620913,0.8797807858591506,1.0,0.8797807858591506
PFZ0163,LAKSHADWEEP,11.494166666666668,72.67277777777778,33.0,1.8333333333333333,14.666666666666666,1794.0,0.08400001,0.12300001,0.14894632,0,0,0,318.3860383605633,23.358869870049016,0.9005891016200295,1.0,1.0,0.5343067952503999,0.8447689317501332,0.8726790166850813,1.0,0.8726790166850813
PFZ0164,LAKSHADWEEP,11.388055555555557,72.66166666666668,20.0,1.1111111111111112,8.88888888888889,1800.0,0.08400001,0.12300001,0.14894632,0,0,0,323.1926615683617,33.43357799171618,0.9612174766813942,1.0,1.0,0.5343067952503999,0.8447689317501332,0.9029932042157638,1.0,0.9029932042157638
PFZ0165,LAKSHADWEEP,11.13277777777778,73.22805555555556,53.0,2.9444444444444446,23.55555555555556,1924.0,0.012000002,0.045,0.046572525,0,0,0,276.7040870333556,11.49992083386181,0.804860088365243,1.0,1.0,0.981929350655871,0.9939764502186236,0.8994182692919332,1.0,0.8994182692919332
PFZ0166,LAKSHADWEEP,11.085277777777778,72.34444444444443,26.0,1.4444444444444444,11.555555555555555,1717.0,0.064500004,0.0535,0.08380036,0,0,0,368.2076187418635,35.89962966259852,0.937653411880216,1.0,1.0,0.81915313790618,0.9397177126353933,0.9386855622578046,1.0,0.9386855622578046
PFZ0167,LAKSHADWEEP,11.081944444444444,72.52361111111111,25.0,1.3888888888888888,11.11111111111111,1678.0,0.0485,0.09200001,0.10400121,0,0,0,349.92040458352926,55.38142987076692,0.9413352970054001,1.0,1.0,0.7308262755644781,0.9102754251881593,0.9258053610967797,1.0,0.9258053610967797
PFZ0168,LAKSHADWEEP,11.058055555555557,72.20944444444444,18.0,1.0,8.0,1505.0,0.064500004,0.0535,0.08380036,0,0,0,383.3158329578651,20.55773338246665,0.9715267550319097,1.0,1.0,0.81915313790618,0.9397177126353933,0.9556222338336515,1.0,0.9556222338336515
PFZ0169,LAKSHADWEEP,10.998888888888889,73.80333333333333,21.0,1.1666666666666667,9.333333333333334,2073.0,-0.0195,-0.029500004,0.03536241,0,0,0,231.76256400195396,22.837655646238403,0.9575355915562102,1.0,1.0,1.0,1.0,0.9787677957781051,1.0,0.9787677957781051
PFZ0170,LAKSHADWEEP,10.747777777777776,72.7825,23.0,1.2777777777777777,10.22222222222222,1585.0,0.0395,0.07700001,0.08654046,0,0,0,341.4139646686669,76.1966446016706,0.9491899852724595,1.0,1.0,0.8071722343549683,0.9357240781183227,0.9424570316953911,1.0,0.9424570316953911
PFZ0171,LAKSHADWEEP,10.25388888888889,73.44222222222223,27.0,1.5,12.0,1936.0,0.014,-0.011000001,0.017804494,0,0,0,318.8046184828858,25.511016012988996,0.930780559646539,1.0,1.0,1.0,1.0,0.9653902798232695,1.0,0.9653902798232695
PFZ0172,LAKSHADWEEP,9.96361111111111,72.4675,19.0,1.0555555555555556,8.444444444444445,1682.0,-0.021000002,0.1445,0.14601798,0,0,0,421.0856655272922,21.43751049930568,0.9668630338733432,1.0,1.0,0.5471107655818315,0.8490369218606104,0.9079499778669768,1.0,0.9079499778669768
PFZ0173,LAKSHADWEEP,9.959444444444443,72.6,33.0,1.8333333333333333,14.666666666666666,1651.0,-0.021000002,0.1445,0.14601798,0,0,0,410.000920563894,34.74578123806968,0.9005891016200295,1.0,1.0,0.5471107655818315,0.8490369218606104,0.8748130117403199,1.0,0.8748130117403199
PFZ0174,LAKSHADWEEP,8.477222222222222,73.19861111111112,27.0,1.5,12.0,2069.0,-0.16100001,0.20650001,0.26184586,0,0,0,417.095631948537,7.14965740816656,0.930780559646539,1.0,1.0,0.040661125487916255,0.6802203751626387,0.8055004674045889,1.0,0.8055004674045889
PFZ0175,MAHARASHTRA,19.905277777777776,72.48,19.0,1.0555555555555556,8.444444444444445,27.0,-0.1715,0.041,0.17633279,0,0,1,101.49032829815522,1.104742580453565,0.9668630338733432,0.021310181531176007,0.6666666666666666,0.4145612911891773,0.36751271312900663,0.6671878735011749,1.0,0.6671878735011749
PFZ0176,MAHARASHTRA,19.90361111111111,72.43194444444445,25.0,1.3888888888888888,11.11111111111111,27.0,-0.1715,0.041,0.17633279,0,0,1,104.36561502312908,3.665516516170899,0.9413352970054001,0.021310181531176007,0.6666666666666666,0.4145612911891773,0.36751271312900663,0.6544240050672033,1.0,0.6544240050672033
PFZ0177,MAHARASHTRA,19.90138888888889,72.5275,14.0,0.7777777777777778,6.222222222222222,25.0,-0.1715,0.041,0.17633279,0,0,1,98.28823067180544,0.8396715651476094,0.9842906234658813,0.01973164956590371,0.6666666666666666,0.4145612911891773,0.3669865358072492,0.6756385796365653,1.0,0.6756385796365653
PFZ0178,MAHARASHTRA,19.898888888888887,72.38444444444445,30.0,1.6666666666666667,13.333333333333334,40.0,-0.1715,0.041,0.17633279,0,0,0,107.10854928083872,6.522558353066665,0.9182621502209131,0.03157063930544594,1.0,0.4145612911891773,0.48204397683154104,0.7001530635262271,1.0,0.7001530635262271
PFZ0179,MAHARASHTRA,19.891666666666666,72.33749999999999,36.0,2.0,16.0,26.0,-0.11750001,0.0034999996,0.117552124,0,0,0,109.77549670282514,9.616963923019554,0.8816887579774177,0.020520915548539857,1.0,0.6715758125650381,0.564032242704526,0.7228605003409718,1.0,0.7228605003409718
PFZ0180,MAHARASHTRA,19.86805555555556,72.2961111111111,41.0,2.2777777777777777,18.22222222222222,27.0,-0.065500006,-0.0405,0.077009745,0,0,0,110.79179653328784,14.17236427634686,0.8571428571428572,0.021310181531176007,1.0,0.8488446467446941,0.6233849427586233,0.7402638999507403,1.0,0.7402638999507403
PFZ0181,MAHARASHTRA,19.834444444444443,72.26222222222222,46.0,2.555555555555556,20.444444444444443,33.0,-0.065500006,-0.0405,0.077009745,0,0,0,110.63712980341384,19.41470813242084,0.833578792341679,0.026045777426992895,1.0,0.8488446467446941,0.6249634747238957,0.7292711335327873,1.0,0.7292711335327873
PFZ0182,MAHARASHTRA,19.793333333333337,72.23805555555556,48.0,2.6666666666666665,21.33333333333333,32.0,-0.065500006,-0.0405,0.077009745,0,0,0,109.35545643592796,24.968302409626464,0.8279332351497299,0.025256511444356748,1.0,0.8488446467446941,0.6247003860630169,0.7263168106063734,1.0,0.7263168106063734
PFZ0183,MAHARASHTRA,19.746944444444445,72.22777777777777,49.0,2.7222222222222223,21.77777777777778,26.0,-0.065500006,-0.0405,0.077009745,0,0,0,106.74313558762267,30.39053189866808,0.8232695139911634,0.020520915548539857,1.0,0.8488446467446941,0.6231218540977447,0.723195684044454,1.0,0.723195684044454
PFZ0184,MAHARASHTRA,19.699166666666667,72.22527777777778,50.0,2.7777777777777777,22.22222222222222,24.0,-0.065500006,-0.0405,0.077009745,0,0,0,103.56794341053832,35.57247348468399,0.8193421698576338,0.018942383583267563,1.0,0.8488446467446941,0.6225956767759872,0.7209689233168104,1.0,0.7209689233168104
PFZ0185,MAHARASHTRA,19.478055555555557,72.38944444444445,35.0,1.9444444444444444,15.555555555555555,22.0,0.027,0.068500005,0.07362915,0,0,0,73.81815544202179,35.35009157938168,0.8878252331860579,0.017363851617995266,1.0,0.8636260717440405,0.6269966411206785,0.7574109371533682,1.0,0.7574109371533682
PFZ0186,MAHARASHTRA,19.46638888888889,72.42611111111111,32.0,1.7777777777777777,14.22222222222222,25.0,0.027,0.068500005,0.07362915,0,0,0,69.62307531761014,31.676022789887742,0.906480117820324,0.01973164956590371,1.0,0.8636260717440405,0.6277859071033147,0.7671330124618194,1.0,0.7671330124618194
PFZ0187,MAHARASHTRA,19.44472222222222,72.45722222222223,29.0,1.6111111111111112,12.88888888888889,28.0,0.027,0.068500005,0.07362915,0,0,0,65.33051274306106,28.873062435775747,0.9216985763377517,0.022099447513812154,1.0,0.8636260717440405,0.6285751730859509,0.7751368747118512,1.0,0.7751368747118512
PFZ0188,MAHARASHTRA,19.409444444444443,72.47222222222223,28.0,1.5555555555555556,12.444444444444445,31.0,0.027,0.068500005,0.07362915,0,0,0,61.75834292807573,28.17755715656803,0.9258713794796269,0.0244672454617206,1.0,0.8636260717440405,0.629364439068587,0.7776179092741069,1.0,0.7776179092741069
PFZ0189,MAHARASHTRA,19.371944444444445,72.48083333333334,29.0,1.6111111111111112,12.88888888888889,23.0,0.025,0.016,0.029681645,0,0,0,58.717581733820055,28.23370333424021,0.9216985763377517,0.018153117600631413,1.0,1.0,0.6727177058668771,0.7972081411023144,1.0,0.7972081411023144
PFZ0190,MAHARASHTRA,19.336388888888887,72.495,29.0,1.6111111111111112,12.88888888888889,23.0,0.025,0.016,0.029681645,0,0,0,55.364734408275645,27.635528777932777,0.9216985763377517,0.018153117600631413,1.0,1.0,0.6727177058668771,0.7972081411023144,1.0,0.7972081411023144
PFZ0191,MAHARASHTRA,19.309722222222224,72.5225,26.0,1.4444444444444444,11.555555555555555,21.0,0.025,0.016,0.029681645,0,0,0,51.24445913669102,25.355894458526905,0.937653411880216,0.016574585635359115,1.0,1.0,0.6721915285451197,0.8049224702126678,1.0,0.8049224702126678
PFZ0192,MAHARASHTRA,19.289166666666667,72.55499999999999,23.0,1.2777777777777777,10.22222222222222,22.0,0.025,0.016,0.029681645,0,0,0,46.94849347466845,22.21729655377625,0.9491899852724595,0.017363851617995266,1.0,1.0,0.6724546172059984,0.8108223012392289,1.0,0.8108223012392289
PFZ0193,MAHARASHTRA,19.26638888888889,72.58583333333333,19.0,1.0555555555555556,8.444444444444445,19.0,0.025,0.016,0.029681645,0,0,0,42.73450108479062,19.179371630398386,0.9668630338733432,0.01499605367008682,1.0,1.0,0.6716653512233622,0.8192641925483527,1.0,0.8192641925483527
PFZ0194,MAHARASHTRA,19.23611111111111,72.60944444444443,17.0,0.9444444444444444,7.555555555555555,16.0,0.025,0.016,0.029681645,0,0,0,38.93935190925381,17.012331801048685,0.9761904761904762,0.012628255722178374,1.0,1.0,0.6708760852407261,0.8235332807156011,1.0,0.8235332807156011
PFZ0195,MAHARASHTRA,19.104444444444447,72.34166666666667,46.0,2.555555555555556,20.444444444444443,36.0,0.102000006,-0.10100001,0.14354444,0,0,0,64.16887076315605,48.24248110778881,0.833578792341679,0.028413575374901343,1.0,0.5579261534034673,0.5287799095927895,0.6811793509672343,1.0,0.6811793509672343
PFZ0196,MAHARASHTRA,19.09,72.3863888888889,42.0,2.333333333333333,18.666666666666668,32.0,0.0925,-0.08050001,0.122623414,0,0,0,59.13628711656544,43.41251375929058,0.8519882179675994,0.025256511444356748,1.0,0.6494019370239174,0.558219482822758,0.7051038503951788,1.0,0.7051038503951788
PFZ0197,MAHARASHTRA,19.05138888888889,72.41388888888889,39.0,2.1666666666666665,17.333333333333332,29.0,0.0925,-0.08050001,0.122623414,0,0,0,56.16054901001705,40.663316312588925,0.8674521354933726,0.022888713496448304,1.0,0.6494019370239174,0.5574302168401218,0.7124411761667473,1.0,0.7124411761667473
PFZ0198,MAHARASHTRA,19.00888888888889,72.43472222222222,37.0,2.055555555555556,16.444444444444443,33.0,0.0925,-0.08050001,0.122623414,0,0,0,54.3841645665977,38.68523211271065,0.8757977417771232,0.026045777426992895,1.0,0.6494019370239174,0.5584825714836368,0.71714015663038,1.0,0.71714015663038
PFZ0199,MAHARASHTRA,18.96361111111111,72.44944444444445,37.0,2.055555555555556,16.444444444444443,36.0,0.0925,-0.08050001,0.122623414,0,0,0,53.86024914554625,37.40775635756746,0.8757977417771232,0.028413575374901343,1.0,0.6494019370239174,0.5592718374662728,0.717534789621698,1.0,0.717534789621698
PFZ0200,MAHARASHTRA,18.916944444444447,72.4588888888889,36.0,2.0,16.0,37.0,0.0925,-0.08050001,0.122623414,0,0,0,54.49823530630712,36.727346504193946,0.8816887579774177,0.02920284135753749,1.0,0.6494019370239174,0.5595349261271516,0.7206118420522847,1.0,0.7206118420522847
PFZ0201,MAHARASHTRA,18.869722222222222,72.46194444444444,37.0,2.055555555555556,16.444444444444443,38.0,0.079,-0.020000001,0.081492335,0,0,0,56.36094996626819,36.90343259017541,0.8757977417771232,0.02999210734017364,1.0,0.8292448224865917,0.6197456432755883,0.7477716925263558,1.0,0.7477716925263558
PFZ0202,MAHARASHTRA,18.822222222222223,72.45944444444444,39.0,2.1666666666666665,17.333333333333332,43.0,0.079,-0.020000001,0.081492335,0,0,0,59.15502448337064,37.79753143226824,0.8674521354933726,0.03393843725335438,1.0,0.8292448224865917,0.6210610865799819,0.7442566110366773,1.0,0.7442566110366773
PFZ0203,MAHARASHTRA,18.775277777777777,72.4525,42.0,2.333333333333333,18.666666666666668,39.0,0.079,-0.020000001,0.081492335,0,0,0,62.57896539178667,39.11934193974546,0.8519882179675994,0.030781373322809787,1.0,0.8292448224865917,0.6200087319364671,0.7359984749520332,1.0,0.7359984749520332
PFZ0204,MAHARASHTRA,18.729166666666664,72.4413888888889,43.0,2.388888888888889,19.11111111111111,47.0,0.079,-0.020000001,0.081492335,0,0,0,66.61515437619764,40.892693459643645,0.8480608738340697,0.037095501183898975,1.0,0.8292448224865917,0.6221134412234969,0.7350871575287833,1.0,0.7350871575287833
PFZ0205,MAHARASHTRA,18.45555555555556,72.37055555555555,55.0,3.055555555555556,24.444444444444443,54.0,0.07000001,-0.060500003,0.09252163,0,0,0,94.16476829077747,54.43271658145932,0.7972508591065293,0.042620363062352014,1.0,0.7810199695130277,0.6078801108584598,0.7025654849824945,1.0,0.7025654849824945
PFZ0206,MAHARASHTRA,18.439166666666665,72.28444444444445,65.0,3.611111111111111,28.88888888888889,40.0,0.07000001,-0.060500003,0.09252163,0,0,0,102.11351285350705,64.20745334037763,0.7677957781050564,0.03157063930544594,1.0,0.7810199695130277,0.6041968696061578,0.685996323855607,1.0,0.685996323855607
PFZ0207,MAHARASHTRA,18.35611111111111,72.26222222222222,70.0,3.888888888888889,31.11111111111111,52.0,0.0785,-0.07000001,0.10517724,0,0,0,110.89842220482392,68.73813736957956,0.751840942562592,0.04104183109707971,1.0,0.7256841632315956,0.588908664776225,0.6703748036694086,1.0,0.6703748036694086
PFZ0208,MAHARASHTRA,18.274166666666662,72.29527777777777,67.0,3.7222222222222223,29.77777777777778,48.0,0.0785,-0.07000001,0.10517724,0,0,0,115.93279277139042,67.23287090848079,0.7606774668630338,0.037884767166535126,1.0,0.7256841632315956,0.5878563101327102,0.674266888497872,1.0,0.674266888497872
PFZ0209,MAHARASHTRA,18.190277777777776,72.32222222222222,68.0,3.7777777777777777,30.22222222222222,52.0,0.0785,-0.07000001,0.10517724,0,0,0,122.127556493214,66.44014891544029,0.7577319587628866,0.04104183109707971,1.0,0.7256841632315956,0.588908664776225,0.6733203117695559,1.0,0.6733203117695559
PFZ0210,MAHARASHTRA,18.101944444444445,72.30916666666667,70.0,3.888888888888889,31.11111111111111,44.0,0.050500005,-0.0555,0.07503666,0,0,0,131.59325805530003,70.26398706643205,0.751840942562592,0.03472770323599053,1.0,0.8574718286297869,0.6307331772885925,0.6912870599255923,1.0,0.6912870599255923
PFZ0211,MAHARASHTRA,18.036944444444448,72.25083333333333,79.0,4.388888888888889,35.111111111111114,66.0,0.050500005,-0.0555,0.07503666,0,0,0,141.49841116328835,78.67871395490258,0.7299950908198332,0.05209155485398579,1.0,0.8574718286297869,0.6365211278279242,0.6832581093238788,1.0,0.6832581093238788
PFZ0212,MAHARASHTRA,18.010833333333334,72.16527777777779,88.0,4.888888888888889,39.11111111111112,76.0,0.050500005,-0.0555,0.07503666,0,0,0,149.34787985829286,88.67970931297407,0.7118311242022582,0.05998421468034728,1.0,0.8574718286297869,0.6391520144367113,0.6754915693194847,1.0,0.6754915693194847
PFZ0213,MAHARASHTRA,17.999722222222225,72.0761111111111,98.0,5.444444444444445,43.55555555555556,90.0,0.047000002,-0.0515,0.06972267,0,0,0,156.29017306200797,98.55788688381256,0.6931762395679921,0.07103393843725335,1.0,0.8807068936500797,0.6505802773624443,0.6718782584652182,1.0,0.6718782584652182
PFZ0214,MAHARASHTRA,17.995,71.98666666666666,108.0,6.0,48.0,103.0,0.047000002,-0.0515,0.06972267,0,0,0,162.9565354656289,108.24948076717337,0.6809032891507119,0.08129439621152329,1.0,0.8807068936500797,0.6540004299538676,0.6674518595522898,1.0,0.6674518595522898
PFZ0215,MAHARASHTRA,17.60666666666667,72.69416666666667,46.0,2.555555555555556,20.444444444444443,39.0,0.089,-0.0135,0.09001805,0,0,0,98.36543590109198,46.21826230060165,0.833578792341679,0.030781373322809787,1.0,0.7919667052207546,0.6075826928478548,0.7205807425947669,1.0,0.7205807425947669
PFZ0216,MAHARASHTRA,17.569166666666668,72.71888888888888,43.0,2.388888888888889,19.11111111111111,40.0,0.089,-0.0135,0.09001805,0,0,0,96.36433262146096,44.67650629571541,0.8480608738340697,0.03157063930544594,1.0,0.7919667052207546,0.6078457815087335,0.7279533276714016,1.0,0.7279533276714016
PFZ0217,MAHARASHTRA,17.52861111111111,72.73777777777778,42.0,2.333333333333333,18.666666666666668,43.0,0.089,-0.0135,0.09001805,0,0,0,95.31937547676884,43.85347126948206,0.8519882179675994,0.03393843725335438,1.0,0.7919667052207546,0.6086350474913697,0.7303116327294845,1.0,0.7303116327294845
PFZ0218,MAHARASHTRA,17.485555555555557,72.75055555555555,44.0,2.4444444444444446,19.55555555555556,46.0,0.089,-0.0135,0.09001805,0,0,0,95.28264367583157,43.76242464738013,0.8431516936671576,0.036306235201262825,1.0,0.7919667052207546,0.6094243134740058,0.7262880035705817,1.0,0.7262880035705817
PFZ0219,MAHARASHTRA,17.441388888888888,72.75916666666667,43.0,2.388888888888889,19.11111111111111,51.0,0.089,-0.0135,0.09001805,0,0,0,96.01162903400056,43.85717880706706,0.8480608738340697,0.04025256511444357,1.0,0.7919667052207546,0.6107397567783993,0.7294003153062345,1.0,0.7294003153062345
PFZ0220,MAHARASHTRA,17.396944444444443,72.76527777777778,44.0,2.4444444444444446,19.55555555555556,51.0,0.089,-0.0135,0.09001805,0,0,0,97.28701769716196,44.12152571635635,0.8431516936671576,0.04025256511444357,1.0,0.7919667052207546,0.6107397567783993,0.7269457252227784,1.0,0.7269457252227784
PFZ0221,MAHARASHTRA,17.352222222222224,72.7675,44.0,2.4444444444444446,19.55555555555556,65.0,0.036,0.0225,0.042452913,0,0,0,99.22590286708416,44.81731396574421,0.8431516936671576,0.05130228887134965,1.0,0.9999420779433476,0.6837481222715657,0.7634499079693616,1.0,0.7634499079693616
PFZ0222,MAHARASHTRA,17.3075,72.76333333333334,47.0,2.611111111111111,20.88888888888889,60.0,0.036,0.0225,0.042452913,0,0,0,101.30523134164324,46.2871125517824,0.8296514482081492,0.0473559589581689,1.0,0.9999420779433476,0.6824326789671721,0.7560420635876606,1.0,0.7560420635876606
PFZ0223,MAHARASHTRA,17.264166666666668,72.75138888888888,49.0,2.7222222222222223,21.77777777777778,62.0,0.036,0.0225,0.042452913,0,0,0,103.24191948094554,48.65204982946653,0.8232695139911634,0.0489344909234412,1.0,0.9999420779433476,0.6829588562889295,0.7531141851400465,1.0,0.7531141851400465
PFZ0224,MAHARASHTRA,17.223611111111108,72.7325,51.0,2.833333333333333,22.666666666666668,68.0,0.036,0.0225,0.042452913,0,0,0,105.6498721916937,51.70415361301962,0.8144329896907216,0.05367008681925809,1.0,0.9999420779433476,0.6845373882542019,0.7494851889724617,1.0,0.7494851889724617
PFZ0225,MAHARASHTRA,17.02,72.86305555555555,41.0,2.2777777777777777,18.22222222222222,63.0,-0.014000001,0.0435,0.045697372,0,0,0,93.01835124182962,42.59724826335016,0.8571428571428572,0.049723756906077346,1.0,0.9857558984773204,0.6784932184611325,0.7678180378019949,1.0,0.7678180378019949
PFZ0226,MAHARASHTRA,16.980277777777776,72.875,41.0,2.2777777777777777,18.22222222222222,59.0,-0.016,0.031000001,0.03488553,0,0,0,92.52957084103996,42.29234606502584,0.8571428571428572,0.04656669297553275,1.0,1.0,0.6821888976585109,0.769665877400684,1.0,0.769665877400684
PFZ0227,MAHARASHTRA,16.938333333333333,72.87305555555555,42.0,2.333333333333333,18.666666666666668,62.0,-0.014000001,0.0435,0.045697372,0,0,0,93.85040763588611,43.20840448492735,0.8519882179675994,0.0489344909234412,1.0,0.9857558984773204,0.6782301298002538,0.7651091738839266,1.0,0.7651091738839266
PFZ0228,MAHARASHTRA,16.897222222222222,72.86305555555555,44.0,2.4444444444444446,19.55555555555556,64.0,-0.014000001,0.0435,0.045697372,0,0,0,96.22991122490568,44.84268986584692,0.8431516936671576,0.050513022888713496,1.0,0.9857558984773204,0.6787563071220112,0.7609540003945844,1.0,0.7609540003945844
PFZ0229,MAHARASHTRA,16.859166666666667,72.84555555555555,47.0,2.611111111111111,20.88888888888889,56.0,-0.015500002,0.007500002,0.017219178,0,0,0,99.46281698074812,47.26743430631167,0.8296514482081492,0.04419889502762431,1.0,1.0,0.6813996316758747,0.755525539942012,1.0,0.755525539942012
PFZ0230,MAHARASHTRA,16.824166666666667,72.82222222222222,50.0,2.7777777777777777,22.22222222222222,67.0,-0.015500002,0.007500002,0.017219178,0,0,0,103.29972018343356,50.29826252119359,0.8193421698576338,0.05288082083662194,1.0,1.0,0.6842936069455406,0.7518178884015871,1.0,0.7518178884015871
PFZ0231,MAHARASHTRA,16.791666666666668,72.79555555555555,53.0,2.9444444444444446,23.55555555555556,70.0,-0.015500002,0.007500002,0.017219178,0,0,0,107.4493879792574,53.665726482202935,0.804860088365243,0.055248618784530384,1.0,1.0,0.6850828729281767,0.7449714806467098,1.0,0.7449714806467098
PFZ0232,MAHARASHTRA,16.764444444444443,72.76361111111112,59.0,3.2777777777777777,26.22222222222222,69.0,-0.015500002,0.007500002,0.017219178,0,0,0,111.94932846970674,57.54933622017898,0.7859597447226313,0.05445935280189424,1.0,1.0,0.6848197842672981,0.7353897644949647,1.0,0.7353897644949647
PFZ0233,MAHARASHTRA,16.741944444444446,72.72916666666667,63.0,3.5,28.0,72.0,-0.015500002,0.007500002,0.017219178,0,0,0,116.50482773470806,61.64891587654185,0.7754050073637703,0.056827150749802685,1.0,1.0,0.6856090502499342,0.7305070288068523,1.0,0.7305070288068523
PFZ0234,MAHARASHTRA,16.704722222222223,72.70944444444444,65.0,3.611111111111111,28.88888888888889,62.0,-0.015500002,0.007500002,0.017219178,0,0,0,120.2816703146464,64.30843796454137,0.7677957781050564,0.0489344909234412,1.0,1.0,0.682978163641147,0.7253869708731018,1.0,0.7253869708731018
PFZ0235,MAHARASHTRA,16.60388888888889,72.80722222222222,53.0,2.9444444444444446,23.55555555555556,60.0,0.0035000015,-0.0205,0.020796634,0,0,0,116.35282324954495,54.78331038620643,0.804860088365243,0.0473559589581689,1.0,1.0,0.6824519863193896,0.7436560373423163,1.0,0.7436560373423163
PFZ0236,MAHARASHTRA,16.56138888888889,72.83,52.0,2.888888888888889,23.11111111111111,60.0,0.0035000015,-0.0205,0.020796634,0,0,0,113.39043697058206,52.80795126261209,0.8085419734904271,0.0473559589581689,1.0,1.0,0.6824519863193896,0.7454969799049084,1.0,0.7454969799049084
PFZ0237,MAHARASHTRA,16.5125,72.83888888888889,52.0,2.888888888888889,23.11111111111111,69.0,0.0035000015,-0.0205,0.020796634,0,0,0,111.61439095213886,52.45099667703813,0.8085419734904271,0.05445935280189424,1.0,1.0,0.6848197842672981,0.7466808788788626,1.0,0.7466808788788626
PFZ0238,MAHARASHTRA,16.4625,72.83722222222222,54.0,3.0,24.0,69.0,0.0035000015,-0.0205,0.020796634,0,0,0,111.27587005059954,53.35541895114416,0.8001963672066765,0.05445935280189424,1.0,1.0,0.6848197842672981,0.7425080757369873,1.0,0.7425080757369873
PFZ0239,MAHARASHTRA,16.41333333333333,72.8286111111111,55.0,3.055555555555556,24.444444444444443,64.0,0.0035000015,-0.0205,0.020796634,0,0,0,112.01414784335785,55.46422902980932,0.7972508591065293,0.050513022888713496,1.0,1.0,0.6835043409629045,0.7403776000347169,1.0,0.7403776000347169
PFZ0240,MAHARASHTRA,16.366666666666667,72.81166666666667,59.0,3.2777777777777777,26.22222222222222,105.0,-0.0005000001,0.006500002,0.0065192045,0,0,0,113.65387756657384,58.45416272005265,0.7859597447226313,0.08287292817679558,1.0,1.0,0.6942909760589319,0.7401253603907816,1.0,0.7401253603907816
PFZ0241,MAHARASHTRA,16.32472222222222,72.785,62.0,3.4444444444444446,27.55555555555556,106.0,-0.0005000001,0.006500002,0.0065192045,0,0,0,116.61400838729304,62.37922338639995,0.7793323514973,0.08366219415943173,1.0,1.0,0.6945540647198105,0.7369432081085552,1.0,0.7369432081085552
PFZ0242,MAHARASHTRA,16.2875,72.75166666666667,67.0,3.7222222222222223,29.77777777777778,89.0,-0.0005000001,0.006500002,0.0065192045,0,0,0,120.481614313892,66.91449061657069,0.7606774668630338,0.0702446724546172,1.0,1.0,0.6900815574848723,0.725379512173953,1.0,0.725379512173953
PFZ0243,MAHARASHTRA,16.255555555555556,72.71333333333334,71.0,3.9444444444444446,31.55555555555556,90.0,-0.0005000001,0.006500002,0.0065192045,0,0,0,124.9921561833808,71.86510188367758,0.7496318114874816,0.07103393843725335,1.0,1.0,0.6903446461457511,0.7199882288166164,1.0,0.7199882288166164
PFZ0244,MAHARASHTRA,16.22972222222222,72.67083333333333,77.0,4.277777777777778,34.22222222222222,102.0,-0.0005000001,0.006500002,0.0065192045,0,0,0,129.97905955024328,77.12011696930253,0.7366224840451645,0.08050513022888714,1.0,1.0,0.6935017100762957,0.7150620970607301,1.0,0.7150620970607301
PFZ0245,MAHARASHTRA,15.9675,73.2713888888889,20.0,1.1111111111111112,8.88888888888889,40.0,-0.008,-0.056,0.056568544,0,0,0,74.6385600051086,18.146974390730964,0.9612174766813942,0.03157063930544594,1.0,0.9382224277205471,0.6565976890086643,0.8089075828450293,1.0,0.8089075828450293
PFZ0246,MAHARASHTRA,15.951666666666666,73.25027777777778,23.0,1.2777777777777777,10.22222222222222,50.0,-0.008,-0.056,0.056568544,0,0,0,77.59805907599186,20.8299057301832,0.9491899852724595,0.03946329913180742,1.0,0.9382224277205471,0.6592285756174514,0.8042092804449554,1.0,0.8042092804449554
PFZ0247,MAHARASHTRA,15.933055555555557,73.23138888888889,27.0,1.5,12.0,54.0,-0.008,-0.056,0.056568544,0,0,0,80.51731625007184,23.33855653272859,0.930780559646539,0.042620363062352014,1.0,0.9382224277205471,0.6602809302609663,0.7955307449537528,1.0,0.7955307449537528
PFZ0248,MAHARASHTRA,15.911666666666669,73.21583333333334,30.0,1.6666666666666667,13.333333333333334,54.0,-0.008,-0.056,0.056568544,0,0,0,83.30251880044409,25.551983413061464,0.9182621502209131,0.042620363062352014,1.0,0.9382224277205471,0.6602809302609663,0.7892715402409397,1.0,0.7892715402409397
PFZ0249,MAHARASHTRA,15.887777777777778,73.20444444444445,32.0,1.7777777777777777,14.22222222222222,51.0,-0.008,-0.056,0.056568544,0,0,0,85.84092844581441,27.37271305213173,0.906480117820324,0.04025256511444357,1.0,0.9382224277205471,0.6594916642783302,0.782985891049327,1.0,0.782985891049327
PFZ0250,MAHARASHTRA,15.861944444444443,73.19777777777779,35.0,1.9444444444444444,15.555555555555555,51.0,0.0225,-0.090500005,0.093255036,0,0,0,87.90416954338234,28.726746644019933,0.8878252331860579,0.04025256511444357,1.0,0.7778132009462307,0.6060219220202248,0.7469235776031413,1.0,0.7469235776031413
PFZ0251,MAHARASHTRA,15.835833333333332,73.19500000000001,36.0,2.0,16.0,58.0,0.0225,-0.090500005,0.093255036,0,0,0,89.66813161712683,29.664220147649008,0.8816887579774177,0.04577742699289661,1.0,0.7778132009462307,0.6078635426463758,0.7447761503118968,1.0,0.7447761503118968
PFZ0252,MAHARASHTRA,15.809444444444445,73.19861111111112,37.0,2.055555555555556,16.444444444444443,54.0,0.0225,-0.090500005,0.093255036,0,0,0,90.91343196804247,30.05385289487131,0.8757977417771232,0.042620363062352014,1.0,0.7778132009462307,0.6068111880028609,0.741304464889992,1.0,0.741304464889992
PFZ0253,MAHARASHTRA,15.7875,73.21305555555556,40.0,2.2222222222222223,17.77777777777778,58.0,0.0225,-0.090500005,0.093255036,0,0,0,90.95751049698866,29.43693646586612,0.8622974963181149,0.04577742699289661,1.0,0.7778132009462307,0.6078635426463758,0.7350805194822454,1.0,0.7350805194822454
PFZ0254,MAHARASHTRA,15.771666666666668,73.23416666666667,39.0,2.1666666666666665,17.333333333333332,59.0,0.0225,-0.090500005,0.093255036,0,0,0,90.08473736583248,28.126534197775715,0.8674521354933726,0.04656669297553275,1.0,0.7778132009462307,0.6081266313072545,0.7377893834003135,1.0,0.7377893834003135
PFZ0255,NORTH TAMILNADU,13.208333333333332,80.63944444444445,32.0,1.7777777777777777,14.22222222222222,328.0,0.09,0.29,0.3036445,0,0,0,53.13859718487856,33.45531419810023,0.906480117820324,0.25887924230465664,1.0,0.0,0.4196264141015522,0.663053265960938,1.0,0.663053265960938
PFZ0256,NORTH TAMILNADU,13.203055555555554,80.69694444444445,39.0,2.1666666666666665,17.333333333333332,391.0,0.09,0.29,0.3036445,0,0,0,58.42349634080158,39.86332603584111,0.8674521354933726,0.30860299921073403,1.0,0.0,0.4362009997369113,0.651826567615142,1.0,0.651826567615142
PFZ0257,NORTH TAMILNADU,13.201944444444443,80.58222222222221,26.0,1.4444444444444444,11.555555555555555,202.0,,,,0,0,0,47.389990300925575,27.31042894709009,0.937653411880216,0.15943172849250198,1.0,,0.579715864246251,0.7586846380632335,0.8,0.6069477104505868
PFZ0258,NORTH TAMILNADU,13.189722222222224,80.75333333333333,45.0,2.5,20.0,1696.0,0.09,0.29,0.3036445,0,0,0,63.42342591988378,46.310194596857016,0.8382425135002455,1.0,1.0,0.0,0.6666666666666666,0.752454590083456,1.0,0.752454590083456
PFZ0259,NORTH TAMILNADU,13.163333333333334,80.80472222222222,51.0,2.833333333333333,22.666666666666668,2267.0,0.09,0.29,0.3036445,0,0,0,67.61985320537762,52.4693237314515,0.8144329896907216,1.0,1.0,0.0,0.6666666666666666,0.7405498281786942,1.0,0.7405498281786942
PFZ0260,NORTH TAMILNADU,13.160555555555556,80.54638888888888,23.0,1.2777777777777777,10.22222222222222,144.0,,,,0,0,0,41.454867002858336,24.207999937596888,0.9491899852724595,0.11365430149960537,1.0,,0.5568271507498027,0.7530085680111311,0.8,0.602406854408905
PFZ0261,NORTH TAMILNADU,13.145833333333332,80.91694444444445,64.0,3.555555555555556,28.444444444444443,3020.0,0.007,0.30100003,0.30108142,0,0,0,78.94982043020515,65.1192929974678,0.7719685812469318,1.0,1.0,0.0,0.6666666666666666,0.7193176239567992,1.0,0.7193176239567992
PFZ0262,NORTH TAMILNADU,13.145833333333332,80.85944444444443,57.0,3.1666666666666665,25.33333333333333,2539.0,0.09,0.29,0.3036445,0,0,0,72.79230918600375,58.816540615726026,0.7901325478645066,1.0,1.0,0.0,0.6666666666666666,0.7283996072655866,1.0,0.7283996072655866
PFZ0263,NORTH TAMILNADU,13.103333333333332,80.54805555555555,25.0,1.3888888888888888,11.11111111111111,139.0,,,,0,0,0,38.53126625681728,25.53157891669619,0.9413352970054001,0.10970797158642462,1.0,,0.5548539857932123,0.7480946413993061,0.8,0.5984757131194449
PFZ0264,NORTH TAMILNADU,13.048055555555557,80.56444444444445,28.0,1.5555555555555556,12.444444444444445,127.0,,,,0,0,0,38.15559889451521,28.42988612479784,0.9258713794796269,0.10023677979479084,1.0,,0.5501183898973955,0.7379948846885112,0.8,0.590395907750809
PFZ0265,NORTH TAMILNADU,12.778055555555556,80.5125,26.0,1.4444444444444444,11.555555555555555,84.0,,,,0,0,0,33.75859788627813,28.11457711555444,0.937653411880216,0.06629834254143646,1.0,,0.5331491712707183,0.7354012915754671,0.8,0.5883210332603737
PFZ0266,NORTH TAMILNADU,12.735277777777776,80.5363888888889,29.0,1.6111111111111112,12.88888888888889,80.0,,,,0,0,0,38.07739764396256,31.584727600934738,0.9216985763377517,0.06314127861089187,1.0,,0.5315706393054459,0.7266346078215988,0.8,0.5813076862572791
PFZ0267,NORTH TAMILNADU,12.697222222222225,80.5675,34.0,1.8888888888888888,15.11111111111111,105.0,,,,0,0,0,43.1265741574177,35.917621594226766,0.8951890034364262,0.08287292817679558,1.0,,0.5414364640883977,0.718312733762412,0.8,0.5746501870099296
PFZ0268,NORTH TAMILNADU,12.666944444444445,80.60583333333332,39.0,2.1666666666666665,17.333333333333332,137.0,,,,0,0,0,48.53364278330023,40.93673017382893,0.8674521354933726,0.10812943962115233,1.0,,0.5540647198105761,0.7107584276519744,0.8,0.5686067421215796
PFZ0269,NORTH TAMILNADU,12.6525,80.6525,44.0,2.4444444444444446,19.55555555555556,193.0,0.1675,0.213,0.27097094,0,0,0,53.87696869604843,46.3815032043314,0.8431516936671576,0.15232833464877663,1.0,0.0007623249415522188,0.38436355319677623,0.6137576234319669,1.0,0.6137576234319669
PFZ0270,NORTH TAMILNADU,12.645555555555555,80.70111111111112,50.0,2.7777777777777777,22.22222222222222,362.0,0.1675,0.213,0.27097094,0,0,0,59.04454891148857,51.812648752440346,0.8193421698576338,0.2857142857142857,1.0,0.0007623249415522188,0.4288255368852793,0.6240838533714566,1.0,0.6240838533714566
PFZ0271,NORTH TAMILNADU,12.635277777777777,80.74916666666667,56.0,3.111111111111111,24.88888888888889,1089.0,0.1675,0.213,0.27097094,0,0,0,64.36795278006767,57.28300744802437,0.7950417280314188,0.8595106550907656,1.0,0.0007623249415522188,0.6200909933441059,0.7075663606877624,1.0,0.7075663606877624
PFZ0272,NORTH TAMILNADU,12.609444444444444,80.78999999999999,61.0,3.388888888888889,27.11111111111111,2830.0,0.18,0.236,0.2968097,0,0,0,69.74132605491917,62.438717721835744,0.781786941580756,1.0,1.0,0.0,0.6666666666666666,0.7242268041237113,1.0,0.7242268041237113
PFZ0273,NORTH TAMILNADU,12.570833333333333,80.82027777777778,65.0,3.611111111111111,28.88888888888889,3099.0,0.18,0.236,0.2968097,0,0,0,74.74036566688585,66.83892987028312,0.7677957781050564,1.0,1.0,0.0,0.6666666666666666,0.7172312223858615,1.0,0.7172312223858615
PFZ0274,NORTH TAMILNADU,12.536388888888888,80.85472222222222,69.0,3.8333333333333335,30.666666666666668,3235.0,0.18,0.236,0.2968097,0,0,0,79.98345760883457,71.56321191527704,0.7547864506627393,1.0,1.0,0.0,0.6666666666666666,0.7107265586647029,1.0,0.7107265586647029
PFZ0275,NORTH TAMILNADU,12.409444444444444,80.49916666666667,36.0,2.0,16.0,90.0,0.116500005,0.19750002,0.22930004,0,0,0,61.34544379638361,38.26330559904382,0.8816887579774177,0.07103393843725335,1.0,0.1829655415366373,0.41799982665796354,0.6498442923176906,1.0,0.6498442923176906
PFZ0276,NORTH TAMILNADU,12.35,80.48222222222222,36.0,2.0,16.0,103.0,0.105000004,0.213,0.2374742,0,0,0,66.48867351043418,38.914732007573846,0.8816887579774177,0.08129439621152329,1.0,0.14722457493973445,0.4095063237170859,0.6455975408472518,1.0,0.6455975408472518
PFZ0277,NORTH TAMILNADU,12.300277777777778,80.44666666666667,34.0,1.8888888888888888,15.11111111111111,158.0,0.105000004,0.213,0.2374742,0,0,0,70.1729759895534,37.4142414887429,0.8951890034364262,0.12470402525651145,1.0,0.14722457493973445,0.42397620006541525,0.6595826017509208,1.0,0.6595826017509208
PFZ0278,NORTH TAMILNADU,12.259722222222225,80.40027777777779,32.0,1.7777777777777777,14.22222222222222,292.0,0.105000004,0.213,0.2374742,0,0,0,68.39171116709409,35.37272362314633,0.906480117820324,0.23046566692975531,1.0,0.14722457493973445,0.45923008062316323,0.6828550992217436,1.0,0.6828550992217436
PFZ0279,NORTH TAMILNADU,12.219166666666666,80.35388888888889,31.0,1.7222222222222223,13.77777777777778,828.0,,,,0,0,0,66.33344204318942,33.60044181795253,0.913352970054001,0.6535122336227308,1.0,,0.8267561168113653,0.8700545434326832,0.8,0.6960436347461466
PFZ0280,NORTH TAMILNADU,12.16972222222222,80.3175,31.0,1.7222222222222223,13.77777777777778,764.0,,,,0,0,0,66.45524536090855,33.31421061967681,0.913352970054001,0.6029992107340174,1.0,,0.8014996053670087,0.8574262877105048,0.8,0.6859410301684039
PFZ0281,NORTH TAMILNADU,12.110277777777778,80.30194444444444,33.0,1.8333333333333333,14.666666666666666,1238.0,0.054,0.11950001,0.13113448,0,0,0,69.73593167189341,35.59049914049384,0.9005891016200295,0.9771112865035517,1.0,0.6121878715284981,0.8630997193440166,0.8818444104820231,1.0,0.8818444104820231
PFZ0282,NORTH TAMILNADU,12.053611111111111,80.27888888888889,34.0,1.8888888888888888,15.11111111111111,1311.0,0.054,0.11950001,0.13113448,0,0,0,72.75422189593726,36.555391616471056,0.8951890034364262,1.0,1.0,0.6121878715284981,0.8707292905094993,0.8829591469729627,1.0,0.8829591469729627
PFZ0283,NORTH TAMILNADU,12.007777777777775,80.23777777777778,33.0,1.8333333333333333,14.666666666666666,1093.0,0.054,0.11950001,0.13113448,0,0,0,74.12120665762345,34.24172719574815,0.9005891016200295,0.8626677190213102,1.0,0.6121878715284981,0.8249518635166027,0.862770482568316,1.0,0.862770482568316
PFZ0284,NORTH TAMILNADU,11.95,80.21722222222222,35.0,1.9444444444444444,15.555555555555555,855.0,0.054,0.11950001,0.13113448,0,0,0,73.04832563551341,34.55695090162706,0.8878252331860579,0.6748224151539068,1.0,0.6121878715284981,0.7623367622274683,0.825080997706763,1.0,0.825080997706763
PFZ0285,NORTH TAMILNADU,11.79888888888889,80.12138888888889,31.0,1.7222222222222223,13.77777777777778,828.0,,,,0,0,0,53.14777426560819,31.029879448005804,0.913352970054001,0.6535122336227308,1.0,,0.8267561168113653,0.8700545434326832,0.8,0.6960436347461466
PFZ0286,NORTH TAMILNADU,11.748055555555554,80.10388888888889,31.0,1.7222222222222223,13.77777777777778,797.0,,,,0,0,0,47.66266093629567,31.366062480880583,0.913352970054001,0.6290449881610103,1.0,,0.8145224940805051,0.863937732067253,0.8,0.6911501856538025
PFZ0287,NORTH TAMILNADU,11.7075,80.06833333333333,28.0,1.5555555555555556,12.444444444444445,962.0,,,,0,0,0,41.61784904590187,29.40183939983532,0.9258713794796269,0.7592738752959748,1.0,,0.8796369376479873,0.9027541585638071,0.8,0.7222033268510457
PFZ0288,NORTH TAMILNADU,11.654166666666669,80.06055555555555,29.0,1.6111111111111112,12.88888888888889,748.0,,,,0,0,0,37.044422584700975,29.413089274612744,0.9216985763377517,0.590370955011839,1.0,,0.7951854775059194,0.8584420269218356,0.8,0.6867536215374686
PFZ0289,NORTH TAMILNADU,11.600833333333332,80.07027777777778,31.0,1.7222222222222223,13.77777777777778,683.0,,,,0,0,0,34.43035595121755,29.45242382414989,0.913352970054001,0.5390686661404893,1.0,,0.7695343330702447,0.8414436515621229,0.8,0.6731549212496983
PFZ0290,NORTH TAMILNADU,11.55,80.08916666666666,31.0,1.7222222222222223,13.77777777777778,784.0,,,,0,0,0,33.790306515024774,30.54576195076216,0.913352970054001,0.6187845303867403,1.0,,0.8093922651933702,0.8613726176236856,0.8,0.6890980940989485
PFZ0291,NORTH TAMILNADU,11.533055555555556,80.39305555555556,61.0,3.388888888888889,27.11111111111111,1988.0,0.0245,0.22850001,0.2298097,0,0,0,65.96105815835402,63.55887180954313,0.781786941580756,1.0,1.0,0.18073708735470578,0.7269123624515685,0.7543496520161623,1.0,0.7543496520161623
PFZ0292,NORTH TAMILNADU,11.504444444444443,80.11861111111111,34.0,1.8888888888888888,15.11111111111111,962.0,,,,0,0,0,35.35323057962016,32.89893085304595,0.8951890034364262,0.7592738752959748,1.0,,0.8796369376479873,0.8874129705422067,0.8,0.7099303764337654
PFZ0293,NORTH TAMILNADU,11.489722222222222,80.42916666666667,64.0,3.555555555555556,28.444444444444443,2010.0,0.0245,0.22850001,0.2298097,0,0,0,69.31404654766683,66.68626997388488,0.7719685812469318,1.0,1.0,0.18073708735470578,0.7269123624515685,0.7494404718492502,1.0,0.7494404718492502
PFZ0294,NORTH TAMILNADU,11.473611111111111,80.16250000000001,38.0,2.111111111111111,16.88888888888889,1066.0,0.0009999997,0.1645,0.16450304,0,0,0,39.592936161597336,37.12033874059795,0.8713794796269023,0.8413575374901342,1.0,0.46628607998701244,0.7692145391590488,0.8202970093929756,1.0,0.8202970093929756
PFZ0295,NORTH TAMILNADU,11.450555555555557,80.21027777777778,43.0,2.388888888888889,19.11111111111111,1320.0,0.0009999997,0.1645,0.16450304,0,0,0,44.70354427589253,41.91817354398828,0.8480608738340697,1.0,1.0,0.46628607998701244,0.8220953599956707,0.8350781169148702,1.0,0.8350781169148702
PFZ0296,NORTH TAMILNADU,11.436666666666667,80.44722222222222,65.0,3.611111111111111,28.88888888888889,2016.0,0.0245,0.22850001,0.2298097,0,0,0,71.0437343067687,67.66583607938644,0.7677957781050564,1.0,1.0,0.18073708735470578,0.7269123624515685,0.7473540702783125,1.0,0.7473540702783125
PFZ0297,NORTH TAMILNADU,11.400277777777776,80.2275,43.0,2.388888888888889,19.11111111111111,1425.0,0.0009999997,0.1645,0.16450304,0,0,0,46.63345877058232,42.86878965283445,0.8480608738340697,1.0,1.0,0.46628607998701244,0.8220953599956707,0.8350781169148702,1.0,0.8350781169148702
PFZ0298,NORTH TAMILNADU,11.380277777777778,80.44083333333333,64.0,3.555555555555556,28.444444444444443,1837.0,0.0245,0.22850001,0.2298097,0,0,0,70.4734426525647,66.29787116377398,0.7719685812469318,1.0,1.0,0.18073708735470578,0.7269123624515685,0.7494404718492502,1.0,0.7494404718492502
PFZ0299,NORTH TAMILNADU,11.324166666666668,80.43166666666667,62.0,3.4444444444444446,27.55555555555556,1659.0,-0.040999997,0.25050002,0.25383314,0,0,0,70.1600002551093,64.77115159128122,0.7793323514973,1.0,1.0,0.075696206507903,0.6918987355026343,0.7356155434999672,1.0,0.7356155434999672
PFZ0300,NORTH TAMILNADU,11.26888888888889,80.44055555555556,62.0,3.4444444444444446,27.55555555555556,1454.0,-0.040999997,0.25050002,0.25383314,0,0,0,72.36282046949071,65.25559342786511,0.7793323514973,1.0,1.0,0.075696206507903,0.6918987355026343,0.7356155434999672,1.0,0.7356155434999672
PFZ0301,NORTH TAMILNADU,11.223888888888888,80.47472222222223,65.0,3.611111111111111,28.88888888888889,1568.0,-0.040999997,0.25050002,0.25383314,0,0,0,77.37471455625041,68.68280037537274,0.7677957781050564,1.0,1.0,0.075696206507903,0.6918987355026343,0.7298472568038453,1.0,0.7298472568038453
PFZ0302,NORTH TAMILNADU,11.187222222222225,80.51805555555555,70.0,3.888888888888889,31.11111111111111,1532.0,-0.040999997,0.25050002,0.25383314,0,0,0,83.18971229501717,73.38855476125596,0.751840942562592,1.0,1.0,0.075696206507903,0.6918987355026343,0.7218698390326131,1.0,0.7218698390326131
PFZ0303,NORTH TAMILNADU,11.155555555555557,80.56527777777778,75.0,4.166666666666667,33.333333333333336,1783.0,-0.040999997,0.25050002,0.25383314,0,0,0,89.30222924535472,71.08222469405187,0.740058910162003,1.0,1.0,0.075696206507903,0.6918987355026343,0.7159788228323186,1.0,0.7159788228323186
PFZ0304,NORTH TAMILNADU,11.126944444444446,80.61444444444444,80.0,4.444444444444445,35.55555555555556,2144.0,-0.040999997,0.25050002,0.25383314,0,0,0,95.53570615398948,65.63431881550156,0.7260677466863034,1.0,1.0,0.075696206507903,0.6918987355026343,0.7089832410944688,1.0,0.7089832410944688
PFZ0305,NORTH TAMILNADU,11.061666666666667,80.35388888888889,52.0,2.888888888888889,23.11111111111111,790.0,-0.08250001,0.23450002,0.24858904,0,0,0,72.5897072841757,54.762908751905,0.8085419734904271,0.6235201262825573,1.0,0.09862568218868471,0.5740486028237473,0.6912952881570872,1.0,0.6912952881570872
PFZ0306,NORTH TAMILNADU,11.011944444444444,80.34638888888888,51.0,2.833333333333333,22.666666666666668,714.0,-0.08250001,0.23450002,0.24858904,0,0,0,75.11537824466483,53.78716845360599,0.8144329896907216,0.56353591160221,1.0,0.09862568218868471,0.5540538645969648,0.6842434271438432,1.0,0.6842434271438432
PFZ0307,NORTH TAMILNADU,10.961666666666666,80.34388888888888,51.0,2.833333333333333,22.666666666666668,650.0,-0.08250001,0.23450002,0.24858904,0,0,0,78.44157828462644,53.3662989746192,0.8144329896907216,0.5130228887134964,1.0,0.09862568218868471,0.537216190300727,0.6758245899957243,1.0,0.6758245899957243
PFZ0308,NORTH TAMILNADU,10.911388888888888,80.34777777777778,51.0,2.833333333333333,22.666666666666668,552.0,-0.08250001,0.23450002,0.24858904,0,0,0,82.54875178164605,53.65643892692161,0.8144329896907216,0.43567482241515393,1.0,0.09862568218868471,0.5114335015346129,0.6629332456126673,1.0,0.6629332456126673
PFZ0309,NORTH TAMILNADU,10.862222222222222,80.3586111111111,53.0,2.9444444444444446,23.55555555555556,518.0,-0.101500005,0.20850001,0.2318933,0,0,0,87.29146667304349,54.72256432293911,0.804860088365243,0.4088397790055249,1.0,0.17162668604113882,0.5268221550155545,0.6658411216903988,1.0,0.6658411216903988
PFZ0310,NORTH TAMILNADU,10.816111111111113,80.3786111111111,55.0,3.055555555555556,24.444444444444443,437.0,-0.155,0.22950003,0.2769391,0,0,0,92.5897135867536,49.28432576509719,0.7972508591065293,0.34490923441199683,1.0,0.0,0.4483030781373323,0.6227769686219308,1.0,0.6227769686219308
PFZ0311,NORTH TAMILNADU,10.778333333333334,80.41166666666668,59.0,3.2777777777777777,26.22222222222222,596.0,-0.155,0.22950003,0.2769391,0,0,0,98.2281794613156,43.67276196178152,0.7859597447226313,0.47040252565114443,1.0,0.0,0.4901341752170481,0.6380469599698397,1.0,0.6380469599698397
PFZ0312,NORTH TAMILNADU,10.744166666666668,80.44888888888889,63.0,3.5,28.0,699.0,-0.155,0.22950003,0.2769391,0,0,0,103.88875093871928,38.13702761824231,0.7754050073637703,0.5516969218626677,1.0,0.0,0.5172323072875559,0.6463186573256631,1.0,0.6463186573256631
PFZ0313,NORTH TAMILNADU,10.706944444444444,80.48277777777778,66.0,3.6666666666666665,29.33333333333333,734.0,-0.155,0.22950003,0.2769391,0,0,0,106.89798939535824,32.52579897979493,0.7633775159548355,0.579321231254933,1.0,0.0,0.5264404104183109,0.6449089631865732,1.0,0.6449089631865732
PFZ0314,NORTH TAMILNADU,10.661111111111111,80.50194444444445,68.0,3.7777777777777777,30.22222222222222,680.0,-0.155,0.22950003,0.2769391,0,0,0,107.6991579856453,27.036574415849383,0.7577319587628866,0.5367008681925809,1.0,0.0,0.5122336227308603,0.6349827907468735,1.0,0.6349827907468735
PFZ0315,SOUTH ANDHRAPRADESH,16.050833333333333,81.34138888888889,46.0,2.555555555555556,20.444444444444443,29.0,,,,0,0,1,375.5480417284972,2.6813208759274976,0.833578792341679,0.022888713496448304,0.6666666666666666,,0.3447776900815575,0.5891782412116182,0.8,0.4713425929692946
PFZ0316,SOUTH ANDHRAPRADESH,15.968333333333334,81.485,66.0,3.6666666666666665,29.33333333333333,240.0,0.42350003,0.045500003,0.42593724,0,0,0,372.2328923059631,19.27463365304457,0.7633775159548355,0.1894238358326756,1.0,0.0,0.3964746119442252,0.5799260639495303,1.0,0.5799260639495303
PFZ0317,SOUTH ANDHRAPRADESH,15.932777777777778,81.2213888888889,22.0,1.2222222222222223,9.77777777777778,18.0,,,,0,0,0,358.3349500847513,7.154369216425785,0.9536082474226804,0.014206787687450671,1.0,,0.5071033938437254,0.7303558206332028,0.8,0.5842846565065622
PFZ0318,SOUTH ANDHRAPRADESH,15.932222222222222,81.92083333333333,79.0,4.388888888888889,35.111111111111114,1035.0,0.3925,0.073,0.39923084,0,0,0,389.33859463295,48.12029766850052,0.7299950908198332,0.8168902920284136,1.0,0.0,0.6056300973428045,0.6678125940813189,1.0,0.6678125940813189
PFZ0319,SOUTH ANDHRAPRADESH,15.796111111111111,82.01916666666666,94.0,5.222222222222222,41.77777777777778,1406.0,0.5325,0.015000004,0.53271127,0,0,0,381.2220381269824,66.8233912002215,0.6995581737849779,1.0,1.0,0.0,0.6666666666666666,0.6831124202258223,1.0,0.6831124202258223
PFZ0320,SOUTH ANDHRAPRADESH,15.715,81.8425,79.0,4.388888888888889,35.111111111111114,1774.0,0.6305,0.0435,0.63199884,0,0,0,363.1476239337508,65.26443548787216,0.7299950908198332,1.0,1.0,0.0,0.6666666666666666,0.6983308787432498,1.0,0.6983308787432498
PFZ0321,SOUTH ANDHRAPRADESH,15.640833333333331,81.98222222222222,96.0,5.333333333333333,42.66666666666666,2024.0,0.5325,0.015000004,0.53271127,0,0,0,363.8065713784599,80.79828270687666,0.6971035837015218,1.0,1.0,0.0,0.6666666666666666,0.6818851251840943,1.0,0.6818851251840943
PFZ0322,SOUTH ANDHRAPRADESH,15.561388888888889,81.21472222222222,83.0,4.611111111111111,36.888888888888886,1606.0,0.6085,0.2475,0.6569083,0,0,0,317.4800547544846,32.81752286158948,0.7206676485027,1.0,1.0,0.0,0.6666666666666666,0.6936671575846833,1.0,0.6936671575846833
PFZ0323,SOUTH ANDHRAPRADESH,15.551388888888887,81.11277777777777,72.0,4.0,32.0,1063.0,0.4795,0.26200002,0.5464103,0,0,0,312.650699079988,27.05189764004228,0.7459499263622975,0.8389897395422258,1.0,0.0,0.6129965798474086,0.6794732531048531,1.0,0.6794732531048531
PFZ0324,SOUTH ANDHRAPRADESH,15.528055555555556,81.01472222222222,53.0,2.9444444444444446,23.55555555555556,925.0,0.4795,0.26200002,0.5464103,0,0,0,306.81300769037216,24.023018252371912,0.804860088365243,0.7300710339384373,1.0,0.0,0.5766903446461458,0.6907752165056944,1.0,0.6907752165056944
PFZ0325,SOUTH ANDHRAPRADESH,15.266944444444444,80.53833333333333,41.0,2.2777777777777777,18.22222222222222,232.0,0.197,0.15,0.24760655,0,0,0,266.1449235048018,36.327788490414086,0.8571428571428572,0.18310970797158643,1.0,0.10292155384666439,0.4286770872727502,0.6429099722078038,1.0,0.6429099722078038
PFZ0326,SOUTH ANDHRAPRADESH,15.23,80.40916666666668,32.0,1.7777777777777777,14.22222222222222,54.0,0.197,0.15,0.24760655,0,0,0,260.4045447777609,22.38316032329591,0.906480117820324,0.042620363062352014,1.0,0.10292155384666439,0.3818473056363388,0.6441637117283314,1.0,0.6441637117283314
PFZ0327,SOUTH ANDHRAPRADESH,15.15388888888889,80.29944444444445,26.0,1.4444444444444444,11.555555555555555,36.0,,,,0,0,0,250.9608691825868,10.31159594544926,0.937653411880216,0.028413575374901343,1.0,,0.5142067876874508,0.7259300997838334,0.8,0.5807440798270668
PFZ0328,SOUTH ANDHRAPRADESH,14.799722222222222,80.50194444444445,38.0,2.111111111111111,16.88888888888889,1434.0,,,,0,0,0,212.2422176743839,33.506706606668395,0.8713794796269023,1.0,1.0,,1.0,0.9356897398134512,0.8,0.7485517918507609
PFZ0329,SOUTH ANDHRAPRADESH,14.678055555555554,80.54805555555555,40.0,2.2222222222222223,17.77777777777778,2107.0,,,,0,0,0,199.2489370074973,38.86415580293339,0.8622974963181149,1.0,1.0,,1.0,0.9311487481590575,0.8,0.744918998527246
PFZ0330,SOUTH ANDHRAPRADESH,14.59388888888889,80.63777777777779,48.0,2.6666666666666665,21.33333333333333,2345.0,0.0425,0.46150005,0.46345285,0,0,0,191.85977711652453,49.0063078635855,0.8279332351497299,1.0,1.0,0.0,0.6666666666666666,0.7472999509081983,1.0,0.7472999509081983
PFZ0331,SOUTH ANDHRAPRADESH,14.256666666666666,80.52194444444444,38.0,2.111111111111111,16.88888888888889,1296.0,0.067,0.55300003,0.557044,0,0,0,151.17879315192582,33.44167983111489,0.8713794796269023,1.0,1.0,0.0,0.6666666666666666,0.7690230731467844,1.0,0.7690230731467844
PFZ0332,SOUTH ANDHRAPRADESH,14.142777777777775,80.5261111111111,42.0,2.333333333333333,18.666666666666668,1768.0,0.067,0.55300003,0.557044,0,0,0,138.55204311119903,32.97764959128356,0.8519882179675994,1.0,1.0,0.0,0.6666666666666666,0.759327442317133,1.0,0.759327442317133
PFZ0333,SOUTH ANDHRAPRADESH,14.03472222222222,80.49027777777778,39.0,2.1666666666666665,17.333333333333332,956.0,,,,0,0,0,125.5586402993538,28.1199271127062,0.8674521354933726,0.7545382794001578,1.0,,0.8772691397000788,0.8723606375967257,0.8,0.6978885100773806
PFZ0334,SOUTH ANDHRAPRADESH,13.826944444444443,80.62222222222222,51.0,2.833333333333333,22.666666666666668,1976.0,,,,0,0,0,107.58711877173842,41.03006521565627,0.8144329896907216,1.0,1.0,,1.0,0.9072164948453608,0.8,0.7257731958762887
PFZ0335,SOUTH ANDHRAPRADESH,13.799444444444443,80.73583333333333,67.0,3.7222222222222223,29.77777777777778,2972.0,-0.0125,0.41500002,0.41518822,0,0,0,110.56683145041704,52.79036039405684,0.7606774668630338,1.0,1.0,0.0,0.6666666666666666,0.7136720667648502,1.0,0.7136720667648502
PFZ0336,SOUTH ANDHRAPRADESH,13.790555555555557,80.51694444444445,34.0,1.8888888888888888,15.11111111111111,907.0,,,,0,0,0,99.44360067251333,28.71285279035352,0.8951890034364262,0.7158642462509865,1.0,,0.8579321231254933,0.8765605632809597,0.8,0.7012484506247678
PFZ0337,SOUTH ANDHRAPRADESH,13.734166666666663,80.83333333333333,81.0,4.5,36.0,3143.0,-0.0125,0.41500002,0.41518822,0,0,0,110.4202757555555,61.92701123679246,0.7245949926362297,1.0,1.0,0.0,0.6666666666666666,0.6956308296514482,1.0,0.6956308296514482
GRID_0001,INDIAN_MARINE,18.5,78.25,423.1247061689748,23.5069281204986,188.0554249639888,0.0,,,,0,0,0,258.93901743776166,412.37024874643095,0.10849288168875793,0.0,1.0,,0.5,0.30424644084437896,0.8,0.2433971526755032
GRID_0002,INDIAN_MARINE,14.0,68.25,428.97409181593525,23.83189398977418,190.65515191819344,4082.0,0.06250001,0.1495,0.16203858,0,0,0,666.9754778695539,61.58311417029447,0.09916543937162492,1.0,1.0,0.47706176611737977,0.8256872553724599,0.4624263473720424,1.0,0.4624263473720424
GRID_0003,INDIAN_MARINE,16.0,82.5,56.07485346225201,3.115269636791778,24.922157094334224,2092.0,0.3405,-0.011500001,0.34069413,0,0,0,430.5857970598795,68.00976374401586,0.7938144329896908,1.0,1.0,0.0,0.6666666666666666,0.7302405498281788,1.0,0.7302405498281788
GRID_0004,INDIAN_MARINE,20.0,83.25,472.3286381613167,26.24047989785093,209.92383918280743,0.0,,,,0,0,0,156.6630866002695,203.6068669946904,0.03338242513500245,0.0,1.0,,0.5,0.2666912125675012,0.8,0.213352970054001
GRID_0005,INDIAN_MARINE,7.75,72.25,131.91505425685008,7.32861412538056,58.62891300304448,2233.0,-0.0025000013,0.132,0.13202368,0,0,1,541.5349237384446,4.224511315449611,0.6357388316151202,1.0,0.6666666666666666,0.6082999041412721,0.7583221902693129,0.6970305109422166,1.0,0.6970305109422166
GRID_0006,INDIAN_MARINE,19.5,78.75,469.1477946345151,26.06376636858417,208.51013094867335,0.0,,,,0,0,0,254.458908035556,492.3092223464488,0.038291605301914555,0.0,1.0,,0.5,0.2691458026509573,0.8,0.21531664212076584
GRID_0007,INDIAN_MARINE,10.0,79.0,175.83243642292155,9.768468690162308,78.14774952129846,0.0,,,,0,0,0,79.53580842659912,55.887168360232266,0.563573883161512,0.0,1.0,,0.5,0.531786941580756,0.8,0.42542955326460485
GRID_0008,INDIAN_MARINE,13.25,72.5,110.80769258583356,6.155982921435198,49.24786337148159,308.0,-0.018000001,0.065500006,0.06792828,0,0,0,270.5424130384377,118.94976429585006,0.676485027000491,0.2430939226519337,1.0,0.8885527436275472,0.7105488887598269,0.693516957880159,1.0,0.693516957880159
GRID_0009,INDIAN_MARINE,6.25,74.75,270.03878700462417,15.002154833590232,120.01723866872186,2755.0,-0.16100001,0.22850001,0.27952325,0,0,0,363.49540736836246,100.72638676117768,0.3878252331860579,1.0,1.0,0.0,0.6666666666666666,0.5272459499263622,1.0,0.5272459499263622
GRID_0010,INDIAN_MARINE,8.0,74.75,178.5662183214664,9.92034546230369,79.36276369842952,2777.0,-0.001500003,-0.074,0.0740152,0,0,0,267.48641413631304,18.17623057213063,0.5571919489445263,1.0,1.0,0.8619380940001825,0.9539793646667274,0.7555856568056268,1.0,0.7555856568056268
GRID_0011,INDIAN_MARINE,12.5,79.25,120.18177024381592,6.676765013545329,53.41412010836263,0.0,,,,0,0,0,66.23556502307896,88.67366585989461,0.6573392243495336,0.0,1.0,,0.5,0.5786696121747668,0.8,0.4629356897398134
GRID_0012,INDIAN_MARINE,11.0,74.5,75.9093302887061,4.217185016039228,33.73748012831382,1865.0,-0.027500002,0.07,0.075208046,0,0,0,177.4488908987768,91.24186534513676,0.7393225331369662,1.0,1.0,0.8567224548346597,0.9522408182782198,0.845781675707593,1.0,0.845781675707593
GRID_0013,INDIAN_MARINE,17.75,77.75,394.5634901123709,21.92019389513172,175.36155116105374,0.0,,,,0,0,0,294.3926611221092,379.1227818081962,0.16003927344133528,0.0,1.0,,0.5,0.33001963672066764,0.8,0.2640157093765341
GRID_0014,INDIAN_MARINE,14.75,93.5,198.15079745940747,11.008377636633748,88.06702109306998,47.0,0.1115,-0.0345,0.11671547,0,0,0,873.7838583298927,6.909028619434389,0.5228276877761413,0.037095501183898975,1.0,0.6752340260899954,0.5707765090912981,0.5468020984337196,1.0,0.5468020984337196
GRID_0015,INDIAN_MARINE,21.25,70.75,221.6171656663759,12.312064759243109,98.49651807394486,0.0,,,,0,0,0,164.57998620415353,67.23593865871395,0.47962690230731464,0.0,1.0,,0.5,0.4898134511536573,0.8,0.39185076092292587
GRID_0016,INDIAN_MARINE,12.25,88.25,466.1069385901744,25.89482992167636,207.1586393734109,3177.0,-0.024999999,-0.07700001,0.08095679,0,0,0,894.6285566426271,67.0979907027858,0.04172803141875303,1.0,1.0,0.8315864570956694,0.9438621523652231,0.49279509189198806,1.0,0.49279509189198806
GRID_0017,INDIAN_MARINE,13.0,78.75,192.2086776528451,10.678259869602506,85.42607895682005,0.0,,,,0,0,0,129.14420369701446,164.51443374898335,0.5326460481099656,0.0,1.0,,0.5,0.5163230240549828,0.8,0.41305841924398623
GRID_0018,INDIAN_MARINE,21.5,68.5,430.0281700832394,23.890453893513303,191.12363114810643,90.0,0.02,-0.027,0.033600595,0,0,0,216.65348159732977,108.47191385444349,0.0981836033382425,0.07103393843725335,1.0,1.0,0.6903446461457511,0.3942641247419968,1.0,0.3942641247419968
GRID_0019,INDIAN_MARINE,14.0,79.25,133.63701094693474,7.424278385940819,59.39422708752655,0.0,,,,0,0,0,160.12334544511526,109.88239203137212,0.6288659793814433,0.0,1.0,,0.5,0.5644329896907216,0.8,0.4515463917525773
GRID_0020,INDIAN_MARINE,10.25,91.0,150.2861823806995,8.349232354483306,66.79385883586644,3446.0,-0.026500002,-0.008000001,0.027681224,0,0,0,1235.3962388230696,155.48863962657342,0.6057928325969564,1.0,1.0,1.0,1.0,0.8028964162984782,1.0,0.8028964162984782
GRID_0021,INDIAN_MARINE,13.0,71.0,121.32877730362137,6.740487627978965,53.92390102383172,2448.0,-0.034,-0.0575,0.06680007,0,0,0,430.4215987146947,118.832631819168,0.6548846342660776,1.0,1.0,0.8934857662163261,0.964495255405442,0.8096899448357597,1.0,0.8096899448357597
GRID_0022,INDIAN_MARINE,13.25,85.0,420.4051001892118,23.355838899400656,186.84671119520524,3202.0,-0.015500002,0.072500005,0.07413839,0,0,0,530.8506529222673,99.3982152817888,0.11732940598919983,1.0,1.0,0.8613994539839518,0.9537998179946505,0.5355646119919252,1.0,0.5355646119919252
GRID_0023,INDIAN_MARINE,20.75,77.0,473.7053658674533,26.31696477041407,210.53571816331257,0.0,,,,0,0,0,105.48765266644304,497.5000173526429,0.032400589101620025,0.0,1.0,,0.5,0.26620029455081,0.8,0.21296023564064803
GRID_0024,INDIAN_MARINE,14.75,70.75,261.2826744246212,14.515704134701176,116.1256330776094,2812.0,0.0025000004,-0.0024999995,0.0035355338,0,0,0,377.4976153777458,95.33633218361636,0.40844378988708885,1.0,1.0,1.0,1.0,0.7042218949435444,1.0,0.7042218949435444
GRID_0025,INDIAN_MARINE,13.75,70.5,219.25148330505647,12.180637961392026,97.4451036911362,2999.0,-0.064500004,-0.094000004,0.1140011,0,0,0,436.09153449651615,165.1450031392501,0.4835542464408443,1.0,1.0,0.6871024269411697,0.8957008089803898,0.6896275277106171,1.0,0.6896275277106171
GRID_0026,INDIAN_MARINE,16.0,92.0,321.44298173253486,17.85794342958527,142.86354743668215,2444.0,-0.049999997,-0.064500004,0.08161035,0,0,0,733.9592307499403,137.6145273373611,0.2945508100147275,1.0,1.0,0.8287288098109242,0.942909603270308,0.6187302066425178,1.0,0.6187302066425178
GRID_0027,INDIAN_MARINE,5.75,77.5,256.0074672080994,14.222637067116631,113.78109653693306,2451.0,0.021500003,-0.009500001,0.02350532,0,0,0,268.10189422036774,20.98444124524988,0.41384388807069217,1.0,1.0,1.0,1.0,0.706921944035346,1.0,0.706921944035346
GRID_0028,INDIAN_MARINE,20.25,73.0,62.59854068443135,3.47769670469063,27.821573637525045,0.0,,,,0,0,0,120.50556151245132,62.99461120428457,0.7776141384388807,0.0,1.0,,0.5,0.6388070692194403,0.8,0.5110456553755522
GRID_0029,INDIAN_MARINE,7.75,72.75,94.60719353071762,5.255955196150979,42.04764156920783,1842.0,-0.103,0.21900001,0.24201241,0,0,1,488.8866879619697,4.313670731007243,0.6980854197349042,1.0,0.6666666666666666,0.12738155596044715,0.5980160742090379,0.6480507469719711,1.0,0.6480507469719711
GRID_0030,INDIAN_MARINE,14.0,86.25,494.4208294156887,27.46782385642715,219.7425908514172,3053.0,-0.0029999986,-0.064500004,0.064569734,0,0,0,635.5822986063904,139.40819546231296,0.008345606283750584,1.0,1.0,0.9032377608525787,0.9677459202841928,0.4880457632839717,1.0,0.4880457632839717
GRID_0031,INDIAN_MARINE,10.5,92.75,17.436285181487396,0.9686825100826332,7.749460080661064,579.0,0.054500006,-0.031,0.06269968,0,0,0,1328.4235873516063,38.444043530106896,0.9744722631320569,0.4569850039463299,1.0,0.9114144465974631,0.7894664835145976,0.8819693733233273,1.0,0.8819693733233273
GRID_0032,INDIAN_MARINE,6.25,70.25,408.6214614495954,22.701192302755302,181.6095384220424,4053.0,-0.117000006,0.09600001,0.15134399,0,0,0,805.4470146471923,116.21055128316296,0.13794796269023069,1.0,1.0,0.5238231439173703,0.84127438130579,0.48961117199801035,1.0,0.48961117199801035
GRID_0033,INDIAN_MARINE,12.25,71.25,58.10544830330926,3.228080461294959,25.82464369035967,2205.0,0.1075,-0.030500002,0.11174301,0,0,0,431.8669558310463,60.08392321787524,0.7874324987727049,1.0,1.0,0.6969757740817689,0.8989919246939229,0.8432122117333138,1.0,0.8432122117333138
GRID_0034,INDIAN_MARINE,10.75,90.75,165.8631602168294,9.214620012046078,73.71696009636862,3297.0,-0.110500015,-0.034,0.115612514,0,0,0,1180.3705819994386,164.5447426638525,0.5807560137457044,1.0,1.0,0.6800566272568251,0.8933522090856083,0.7370541114156564,1.0,0.7370541114156564
GRID_0035,INDIAN_MARINE,21.75,71.75,214.98395212894664,11.94355289605259,95.54842316842073,0.0,,,,0,0,0,181.41839027864893,159.3735840432135,0.48895434462444776,0.0,1.0,,0.5,0.4944771723122239,0.8,0.3955817378497791
GRID_0036,INDIAN_MARINE,8.5,81.5,263.72145619063286,14.651192010590714,117.20953608472573,302.0,,,,0,0,0,263.40292067628707,227.3133893330639,0.40451644575355916,0.23835832675611682,1.0,,0.6191791633780585,0.5118478045658088,0.8,0.40947824365264707
GRID_0037,INDIAN_MARINE,6.5,77.75,186.84705715139984,10.380392063966658,83.04313651173327,2417.0,-0.0925,-0.10650001,0.14106205,0,0,0,187.01385196463403,42.919308780582334,0.5454099165439372,1.0,1.0,0.5687802372567912,0.856260079085597,0.7008349978147671,1.0,0.7008349978147671
GRID_0038,INDIAN_MARINE,12.75,78.5,204.83838490591128,11.379910272550626,91.039282180405,0.0,,,,0,0,0,149.66597580595385,176.78504425446695,0.5135002454590083,0.0,1.0,,0.5,0.5067501227295041,0.8,0.40540009818360334
GRID_0039,INDIAN_MARINE,12.75,81.0,27.57358632439177,1.531865906910654,12.254927255285232,3406.0,0.11100001,0.2585,0.28132412,0,0,0,86.55362769513361,82.10949941328848,0.9278350515463918,1.0,1.0,0.0,0.6666666666666666,0.7972508591065293,1.0,0.7972508591065293
GRID_0040,INDIAN_MARINE,11.75,90.25,245.1314483474939,13.618413797082994,108.94731037666396,3135.0,0.16300002,0.009500001,0.16327663,0,0,0,1054.969074841459,160.94084029170995,0.4378988708885616,1.0,1.0,0.4716484754923741,0.8238828251641246,0.6308908480263431,1.0,0.6308908480263431
GRID_0041,INDIAN_MARINE,7.0,74.75,222.0904592249633,12.338358845831294,98.70687076665035,2759.0,-0.11900001,0.14100002,0.18450476,0,0,0,319.6370284986792,64.60286589781691,0.478154148257241,1.0,1.0,0.37882990022045476,0.7929433000734849,0.635548724165363,1.0,0.635548724165363
GRID_0042,INDIAN_MARINE,8.75,90.0,335.088811345732,18.616045074762887,148.9283605981031,3043.0,0.124000005,0.042000003,0.13091983,0,0,0,1173.939676700714,70.44671684286864,0.2631320569464899,1.0,1.0,0.6131264142631675,0.8710421380877225,0.5670870975171062,1.0,0.5670870975171062
GRID_0043,INDIAN_MARINE,18.5,77.0,461.26848309283423,25.62602683849079,205.00821470792636,0.0,,,,0,0,0,180.6774842383141,443.9295428659411,0.049091801669121304,0.0,1.0,,0.5,0.27454590083456065,0.8,0.21963672066764853
GRID_0044,INDIAN_MARINE,14.5,75.25,137.68984192143378,7.649435662301877,61.195485298415015,0.0,,,,0,0,0,102.3679139312254,97.23962689895416,0.62346588119784,0.0,1.0,,0.5,0.56173294059892,0.8,0.449386352479136
GRID_0045,INDIAN_MARINE,15.25,77.5,299.9861626869469,16.665897927052608,133.3271834164209,0.0,,,,0,0,0,327.197572522885,301.4590570103296,0.334806087383407,0.0,1.0,,0.5,0.4174030436917035,0.8,0.3339224349533628
GRID_0046,INDIAN_MARINE,17.5,80.25,198.05047422961,11.00280412386722,88.02243299093776,0.0,,,,0,0,0,506.6119414053821,204.62330442424556,0.5238095238095238,0.0,1.0,,0.5,0.5119047619047619,0.8,0.4095238095238095
GRID_0047,INDIAN_MARINE,20.0,80.0,460.1450151728148,25.563611954045268,204.5088956323621,0.0,,,,0,0,0,387.4511347482927,456.35129428702817,0.05056455571919494,0.0,1.0,,0.5,0.27528227785959747,0.8,0.22022582228767798
GRID_0048,INDIAN_MARINE,9.5,73.75,90.21064868972007,5.011702704984448,40.09362163987559,2416.0,0.098500006,-0.047500007,0.109354936,0,0,0,340.9187151654949,30.105986457913293,0.7074128620520372,1.0,1.0,0.7074174675481228,0.9024724891827076,0.8049426756173724,1.0,0.8049426756173724
GRID_0049,INDIAN_MARINE,11.25,80.25,16.859724374929023,0.9366513541627236,7.493210833301788,772.0,-0.052500002,0.20150001,0.20822705,0,0,0,52.63264973445755,43.939525606446495,0.9779086892488954,0.6093133385951065,1.0,0.275105777559283,0.6281397053847965,0.8030241973168459,1.0,0.8030241973168459
GRID_0050,INDIAN_MARINE,19.0,72.5,6.668419180307336,0.3704677322392964,2.963741857914372,26.0,0.0925,-0.08050001,0.122623414,0,0,0,47.41196623286222,31.505154896801105,0.993127147766323,0.020520915548539857,1.0,0.6494019370239174,0.5566409508574858,0.7748840493119045,1.0,0.7748840493119045
GRID_0051,INDIAN_MARINE,19.5,72.5,7.594920142318141,0.4219400079065634,3.375520063252507,27.0,0.027,0.068500005,0.07362915,0,0,0,65.00549553239156,22.773331427456785,0.9916543937162494,0.021310181531176007,1.0,0.8636260717440405,0.6283120844250721,0.8099832390706607,1.0,0.8099832390706607
GRID_0052,INDIAN_MARINE,8.25,71.75,161.11818156842884,8.951010087134936,71.60808069707949,3496.0,0.088,0.24600002,0.26126617,0,0,0,580.0328732928757,42.7059943029239,0.5876288659793815,1.0,1.0,0.04319578114997296,0.6810652603833243,0.6343470631813528,1.0,0.6343470631813528
GRID_0053,INDIAN_MARINE,11.25,85.25,499.3519504010284,27.74177502227936,221.93420017823485,3411.0,-0.089,-0.0455,0.09995624,0,0,0,589.0271423663504,156.50807280435154,0.0004909180166912108,1.0,1.0,0.7485126357110222,0.9161708785703406,0.4583308982935159,1.0,0.4583308982935159
GRID_0054,INDIAN_MARINE,12.75,90.25,262.9499635941705,14.608331310787252,116.866650486298,2966.0,-0.017500002,0.053500004,0.056289434,0,0,0,959.0381696536448,127.080291418776,0.4050073637702504,1.0,1.0,0.9394428174837597,0.9798142724945865,0.6924108181324184,1.0,0.6924108181324184
GRID_0055,INDIAN_MARINE,7.75,94.75,386.8811950826154,21.49339972681197,171.94719781449575,2061.0,-0.07000001,-0.09150001,0.11520526,0,0,0,1678.8351941264548,64.94614743774073,0.1742758959253805,1.0,1.0,0.6818373180691478,0.8939457726897159,0.5341108343075482,1.0,0.5341108343075482
GRID_0056,INDIAN_MARINE,10.0,79.25,153.05896743075365,8.503275968375203,68.02620774700162,3.0,,,,0,0,0,60.68289892304109,33.357364400710345,0.600392734413353,0.0023677979479084454,1.0,,0.5011838989739542,0.5507883166936536,0.8,0.4406306533549229
GRID_0057,INDIAN_MARINE,13.25,75.5,118.67050196434388,6.592805664685772,52.74244531748617,0.0,,,,0,0,0,14.949931185230314,87.05096532456635,0.6602847324496809,0.0,1.0,,0.5,0.5801423662248404,0.8,0.4641138929798723
GRID_0058,INDIAN_MARINE,13.0,76.25,171.91999465154169,9.55111081397454,76.40888651179631,0.0,,,,0,0,0,70.99135282871903,153.40617204712413,0.5684830633284241,0.0,1.0,,0.5,0.5342415316642121,0.8,0.4273932253313697
GRID_0059,INDIAN_MARINE,13.25,84.0,333.309650411142,18.517202800619,148.137622404952,3283.0,-0.0375,-0.0055,0.03790119,0,0,0,419.8796395132832,25.724340771233987,0.2665684830633285,1.0,1.0,1.0,1.0,0.6332842415316642,1.0,0.6332842415316642
GRID_0060,INDIAN_MARINE,15.0,91.5,237.05758594894093,13.169865886052271,105.35892708841818,2645.0,-0.069000006,-0.21050002,0.22152033,0,0,0,816.6861608386322,10.7442739472215,0.45311732940598914,1.0,1.0,0.2169818019528259,0.7389939339842753,0.5960556316951322,1.0,0.5960556316951322
GRID_0061,INDIAN_MARINE,14.5,70.75,272.0033731443328,15.111298508018487,120.8903880641479,2768.0,-0.024500001,-0.052,0.057482608,0,0,0,382.8483095297194,114.86191367606952,0.3843888070692194,1.0,1.0,0.9342257441602264,0.9780752480534087,0.6812320275613141,1.0,0.6812320275613141
GRID_0062,INDIAN_MARINE,8.5,69.0,413.88307930423736,22.993504405790965,183.9480352463277,4637.0,-0.032500003,-0.064,0.07177918,0,0,0,833.0591951518719,22.414298054856328,0.12763868433971526,1.0,1.0,0.8717149415453745,0.9572383138484581,0.5424384990940867,1.0,0.5424384990940867
GRID_0063,INDIAN_MARINE,18.25,82.5,264.41847970829434,14.689915539349686,117.51932431479749,0.0,,,,0,0,0,303.0617472665971,110.89473220867706,0.4025527736867943,0.0,1.0,,0.5,0.45127638684339716,0.8,0.36102110947471777
GRID_0064,INDIAN_MARINE,13.5,77.5,309.4448693225644,17.19138162903135,137.5310530322508,0.0,,,,0,0,0,149.4052358397571,303.8450799965421,0.31467844869906725,0.0,1.0,,0.5,0.4073392243495336,0.8,0.3258713794796269
GRID_0065,INDIAN_MARINE,10.5,82.5,217.24000761584344,12.068889311991304,96.55111449593042,3616.0,-0.22500001,0.044500005,0.22935835,0,0,0,317.12896912671056,82.90744560997508,0.4860088365243005,1.0,1.0,0.18271058497079265,0.7275701949902642,0.6067895157572823,1.0,0.6067895157572823
GRID_0066,INDIAN_MARINE,10.25,76.0,10.286872895898806,0.5714929386610448,4.571943509288358,30.0,0.08050001,-0.072500005,0.10833514,0,0,0,93.87742236598127,13.141593028288812,0.9877270495827197,0.02367797947908445,1.0,0.7118764571900745,0.5785181455563863,0.783122597569553,1.0,0.783122597569553
GRID_0067,INDIAN_MARINE,14.25,77.25,333.52169961263087,18.528983311812823,148.2318664945026,0.0,,,,0,0,0,217.78277856291143,305.4215446723378,0.26607756504663727,0.0,1.0,,0.5,0.38303878252331863,0.8,0.3064310260186549
GRID_0068,INDIAN_MARINE,17.75,80.5,208.52955062092852,11.584975034496033,92.67980027596823,0.0,,,,0,0,0,514.2651217609264,214.55146510360436,0.5036818851251841,0.0,1.0,,0.5,0.501840942562592,0.8,0.40147275405007365
GRID_0069,INDIAN_MARINE,14.75,82.0,98.90091218160434,5.4944951212002415,43.95596096960193,3235.0,0.20300001,-0.096499994,0.22476934,0,0,0,283.82278697619154,160.87341807682157,0.6912125675012273,1.0,1.0,0.20277572354440176,0.7342585745148006,0.7127355710080139,1.0,0.7127355710080139
GRID_0070,INDIAN_MARINE,10.5,76.75,96.7097908703938,5.372766159466322,42.98212927573058,0.0,,,,0,0,0,7.090299652640542,75.01007601835062,0.6961217476681394,0.0,1.0,,0.5,0.5980608738340697,0.8,0.4784486990672558
GRID_0071,INDIAN_MARINE,8.75,70.0,302.3707989713698,16.798377720631656,134.38702176505325,4592.0,-0.0615,-0.126,0.14020789,0,0,0,723.9019967552965,78.02696684117153,0.32793323514972994,1.0,1.0,0.5725149945931304,0.8575049981977101,0.59271911667372,1.0,0.59271911667372
GRID_0072,INDIAN_MARINE,19.25,78.0,498.7096736322287,27.706092979568258,221.6487438365461,0.0,,,,0,0,0,185.41070066313995,502.4824325367583,0.0009818360333824216,0.0,1.0,,0.5,0.2504909180166912,0.8,0.20039273441335298
GRID_0073,INDIAN_MARINE,10.0,92.0,90.3357952452448,5.018655291402489,40.14924233121991,1799.0,0.06600001,0.019000001,0.06868043,0,0,0,1327.068130818266,55.82027071829171,0.7064310260186548,1.0,1.0,0.8852640181773651,0.9617546727257883,0.8340928493722215,1.0,0.8340928493722215
GRID_0074,INDIAN_MARINE,11.5,95.0,214.95428418777132,11.941904677098409,95.53523741678728,3001.0,-0.19450001,-0.082,0.2110788,0,0,0,1264.3220100007002,46.4435359022127,0.48944526264113897,1.0,1.0,0.26263669186818833,0.7542122306227295,0.6218287466319342,1.0,0.6218287466319342
GRID_0075,INDIAN_MARINE,19.75,82.75,432.53608708618464,24.029782615899148,192.2382609271932,0.0,,,,0,0,0,218.98444938018207,227.32230497593304,0.09327442317133039,0.0,1.0,,0.5,0.2966372115856652,0.8,0.23730976926853217
GRID_0076,INDIAN_MARINE,22.0,74.5,308.989682043742,17.166093446874555,137.32874757499644,0.0,,,,0,0,0,112.22461794319771,330.38142572393474,0.3161512027491409,0.0,1.0,,0.5,0.40807560137457044,0.8,0.32646048109965636
GRID_0077,INDIAN_MARINE,15.0,79.25,113.80829876082528,6.322683264490293,50.581466115922346,0.0,,,,0,0,0,257.115275340868,106.21184542970244,0.6691212567501228,0.0,1.0,,0.5,0.5845606283750614,0.8,0.46764850270004915
GRID_0078,INDIAN_MARINE,15.75,91.25,322.5772520377866,17.9209584465437,143.3676675723496,2521.0,0.0295,-0.075,0.08059312,0,0,0,725.9079577900707,66.86406519088085,0.28865979381443296,1.0,1.0,0.8331765797899028,0.9443921932633008,0.616525993538867,1.0,0.616525993538867
GRID_0079,INDIAN_MARINE,9.0,71.75,132.771703241873,7.376205735659612,59.009645885276896,3483.0,-0.08850001,0.2775,0.2912705,0,0,0,552.5778862617137,95.50017103455582,0.6337751595483554,1.0,1.0,0.0,0.6666666666666666,0.650220913107511,1.0,0.650220913107511
GRID_0080,INDIAN_MARINE,14.5,93.25,161.48942160835728,8.971634533797626,71.77307627038101,789.0,0.12950002,0.08850001,0.15685186,0,0,0,900.9075330891536,37.35756701251385,0.5871379479626903,0.6227308602999211,1.0,0.49974035159496855,0.7074904039649632,0.6473141759638268,1.0,0.6473141759638268
GRID_0081,INDIAN_MARINE,11.25,77.0,153.15221801608857,8.508456556449365,68.06765245159492,0.0,,,,0,0,0,48.735477865511385,132.07424938678295,0.5999018163966617,0.0,1.0,,0.5,0.5499509081983309,0.8,0.43996072655866475
GRID_0082,INDIAN_MARINE,16.75,90.5,457.8630005090796,25.43683336161553,203.49466689292427,2410.0,0.102,0.108,0.14855303,0,0,0,588.4226284224136,19.095450914034984,0.05301914580265099,1.0,1.0,0.5360264294088817,0.8453421431362939,0.4491806444694724,1.0,0.4491806444694724
GRID_0083,INDIAN_MARINE,8.75,79.75,227.60905070918025,12.644947261621123,101.159578092969,13.0,-0.026,0.08400001,0.0879318,0,0,0,77.11789742857849,33.48827693868858,0.46735395189003437,0.010260457774269928,1.0,0.8010886934816632,0.6037830504186443,0.5355685011543394,1.0,0.5355685011543394
GRID_0084,INDIAN_MARINE,8.0,81.75,325.6858942188031,18.09366078993351,144.74928631946807,462.0,,,,0,0,0,310.5320088023862,271.23838509719485,0.2808051055473736,0.36464088397790057,1.0,,0.6823204419889503,0.4815627737681619,0.8,0.38525021901452955
GRID_0085,INDIAN_MARINE,14.0,75.25,129.19261399688466,7.17736744427137,57.41893955417096,0.0,,,,0,0,0,47.57106421004233,90.99390375103744,0.6416298478154148,0.0,1.0,,0.5,0.5708149239077074,0.8,0.4566519391261659
GRID_0086,INDIAN_MARINE,13.0,83.0,225.8738287351513,12.54854604084174,100.38836832673393,3375.0,-0.060999997,-0.0405,0.07322056,0,0,0,307.02250152437347,83.45983212923161,0.47029945999018163,1.0,1.0,0.8654126041267965,0.9551375347089321,0.7127184973495568,1.0,0.7127184973495568
GRID_0087,INDIAN_MARINE,13.5,71.5,145.48600876870765,8.082556042705981,64.66044834164785,1679.0,0.052000005,0.0695,0.08680006,0,0,0,351.89022978131845,132.40230907343727,0.614138438880707,1.0,1.0,0.8060371507587876,0.9353457169195958,0.7747420779001514,1.0,0.7747420779001514
GRID_0088,INDIAN_MARINE,16.5,79.25,186.5496923326184,10.36387179625658,82.91097437005263,0.0,,,,0,0,0,420.8333320690912,158.12369420773976,0.5459008345606284,0.0,1.0,,0.5,0.5229504172803142,0.8,0.4183603338242514
GRID_0089,INDIAN_MARINE,18.25,68.5,368.64082019868937,20.48004556659385,163.84036453275084,3408.0,0.09,-0.13250001,0.1601757,0,0,0,501.32231073499264,19.04977493197423,0.20667648502700053,1.0,1.0,0.4852070840282156,0.8284023613427385,0.5175394231848696,1.0,0.5175394231848696
GRID_0090,INDIAN_MARINE,10.25,81.75,143.75824076136587,7.986568931186992,63.89255144949594,3681.0,-0.177,0.053499997,0.18490876,0,0,0,245.0930189948547,76.04370287713492,0.6170839469808542,1.0,1.0,0.377063437304981,0.7923544791016603,0.7047192130412573,1.0,0.7047192130412573
GRID_0091,INDIAN_MARINE,12.0,90.75,211.2658199760953,11.73698999867196,93.89591998937568,3122.0,0.101500005,0.0445,0.11082645,0,0,0,1061.0390506765275,167.8742483003992,0.49729995090819834,1.0,1.0,0.7009833712347555,0.9003277904115852,0.6988138706598918,1.0,0.6988138706598918
GRID_0092,INDIAN_MARINE,13.0,91.25,151.54885442041643,8.419380801134245,67.35504640907396,3022.0,0.032,0.029500002,0.043522984,0,0,0,1001.6629563571288,156.6525498918884,0.6023564064801179,1.0,1.0,0.9952632642343776,0.9984210880781258,0.8003887472791218,1.0,0.8003887472791218
GRID_0093,INDIAN_MARINE,12.5,72.5,71.875477060992,3.993082058944,31.944656471552,1605.0,-0.015000001,0.143,0.14378457,0,0,0,291.52013750990835,52.586072469241664,0.7476681394207167,1.0,1.0,0.5568762010770002,0.8522920670256666,0.7999801032231917,1.0,0.7999801032231917
GRID_0094,INDIAN_MARINE,11.75,89.0,371.7633353716204,20.65351863175669,165.22814905405352,3171.0,0.11550001,0.088,0.14520417,0,0,0,983.942600523841,22.027587285726945,0.2012763868433971,1.0,1.0,0.5506690952482712,0.8502230317494237,0.5257497092964104,1.0,0.5257497092964104
GRID_0095,INDIAN_MARINE,18.5,75.25,285.58349974761063,15.865749985978368,126.92599988782696,0.0,,,,0,0,0,179.460521680353,255.5773023197676,0.3618065783014237,0.0,1.0,,0.5,0.43090328915071185,0.8,0.3447226313205695
GRID_0096,INDIAN_MARINE,12.0,74.25,56.306244913958864,3.128124717442159,25.024997739537277,826.0,0.036,0.118,0.12336936,0,0,0,133.80606826973133,96.2193753518024,0.7918507609229258,0.6519337016574586,1.0,0.6461403381478135,0.7660246799350907,0.7789377204290082,1.0,0.7789377204290082
GRID_0097,INDIAN_MARINE,16.25,69.75,307.1306358041601,17.062813100231114,136.50250480184891,3710.0,0.054500002,-0.14400001,0.15396835,0,0,0,450.5529386782847,11.156157787074353,0.32007854688267057,1.0,1.0,0.512348305756844,0.8374494352522812,0.5787639910674759,1.0,0.5787639910674759
GRID_0098,INDIAN_MARINE,18.75,69.75,249.58491190981692,13.865828439434274,110.9266275154742,2148.0,0.04,0.1315,0.13744909,0,0,0,354.73154584201365,136.86862529672877,0.4285714285714286,1.0,1.0,0.5845776626406772,0.8615258875468923,0.6450486580591605,1.0,0.6450486580591605
GRID_0099,INDIAN_MARINE,10.75,91.25,111.34365317759053,6.18575850986614,49.48606807892912,3426.0,-0.094000004,-0.040500004,0.10235356,0,0,0,1210.779074499712,109.91186110443287,0.6755031909671085,1.0,1.0,0.7380305147295284,0.912676838243176,0.7940900146051423,1.0,0.7940900146051423
GRID_0100,INDIAN_MARINE,13.75,92.75,65.42757363034102,3.634865201685612,29.07892161348489,178.0,0.134,0.082,0.1570987,0,0,0,986.4322209104848,23.518444718096447,0.7643593519882179,0.1404893449092344,1.0,0.49866106024334594,0.5463834683841934,0.6553714101862056,1.0,0.6553714101862056
GRID_0101,INDIAN_MARINE,9.25,94.25,222.33576242417712,12.351986801343172,98.8158944107454,3357.0,0.019500002,-0.24850002,0.24926394,0,0,0,1504.8925378411905,151.3016882985613,0.4776632302405498,1.0,1.0,0.09567472718459266,0.6985582423948642,0.5881107363177069,1.0,0.5881107363177069
GRID_0102,INDIAN_MARINE,13.5,72.0,144.08914127419146,8.004952293010637,64.0396183440851,1460.0,-0.0024999995,0.09600001,0.09603255,0,0,0,307.60990128496894,126.41743479112554,0.616593028964163,1.0,1.0,0.7656687071882874,0.9218895690627624,0.7692412990134627,1.0,0.7692412990134627
GRID_0103,INDIAN_MARINE,21.5,73.0,184.0333554815179,10.224075304528771,81.79260243623018,0.0,,,,0,0,0,95.31331077957906,194.5891451674905,0.5503190967108493,0.0,1.0,,0.5,0.5251595483554247,0.8,0.4201276386843398
GRID_0104,INDIAN_MARINE,17.0,74.75,194.3438603382972,10.7968811299054,86.3750490392432,0.0,,,,0,0,0,97.90923268491782,165.24794439991842,0.5292096219931272,0.0,1.0,,0.5,0.5146048109965635,0.8,0.41168384879725084
GRID_0105,INDIAN_MARINE,18.0,84.5,356.1108798759649,19.783937770886936,158.2715021670955,1654.0,0.22900003,0.21900001,0.3168628,0,0,0,164.7591047040097,55.08897392863232,0.22680412371134018,1.0,1.0,0.0,0.6666666666666666,0.4467353951890034,1.0,0.4467353951890034
GRID_0106,INDIAN_MARINE,6.75,93.25,435.7229731393277,24.20683184107376,193.6546547285901,1591.0,-0.18650001,-0.14700001,0.23746844,0,0,0,1580.1864824014976,53.72927605100697,0.08640157093765344,1.0,1.0,0.1472497601535788,0.7157499200511929,0.40107574549442315,1.0,0.40107574549442315
GRID_0107,INDIAN_MARINE,8.25,75.75,69.32244503596998,3.851246946442776,30.80997557154221,1516.0,-0.016500004,0.1305,0.13153897,0,0,0,153.60845570271542,100.52792298646057,0.7540500736377025,1.0,1.0,0.6104192661208743,0.8701397553736248,0.8120949145056636,1.0,0.8120949145056636
GRID_0108,INDIAN_MARINE,13.0,81.25,39.49170008985466,2.1939833383252587,17.55186670660207,3353.0,0.021000005,0.19600001,0.1971218,0,0,0,112.42964780367332,104.53345278915164,0.8654884634266078,1.0,1.0,0.3236627386782549,0.7745542462260849,0.8200213548263464,1.0,0.8200213548263464
GRID_0109,INDIAN_MARINE,15.25,81.0,30.90440947519713,1.716911637510952,13.735293100087617,2022.0,0.448,0.38350004,0.5897256,0,0,0,275.6706098486616,54.04327709744962,0.9165439371624938,1.0,1.0,0.0,0.6666666666666666,0.7916053019145802,1.0,0.7916053019145802
GRID_0110,INDIAN_MARINE,16.0,77.0,364.3631107055662,20.24239503919812,161.93916031358498,0.0,,,,0,0,0,330.0378177904629,348.9627579775405,0.21354933726067749,0.0,1.0,,0.5,0.35677466863033874,0.8,0.285419734904271
GRID_0111,INDIAN_MARINE,22.0,73.0,237.96741346000144,13.22041185888897,105.76329487111175,0.0,,,,0,0,0,56.29641599638496,248.2347982768282,0.4511536573392243,0.0,1.0,,0.5,0.47557682866961215,0.8,0.3804614629356897
GRID_0112,INDIAN_MARINE,17.0,68.0,437.3588680578882,24.2977148921049,194.3817191368392,3527.0,0.050499998,0.0435,0.066652074,0,0,0,599.0796746393543,133.91651414474873,0.08541973490427102,1.0,1.0,0.89413286880454,0.9647109562681799,0.5250653455862255,1.0,0.5250653455862255
GRID_0113,INDIAN_MARINE,15.0,83.5,177.600051888724,9.866669549373556,78.93335639498845,3157.0,0.15,0.032500006,0.15348046,0,0,0,432.1925796171875,161.56443181383648,0.5596465390279823,1.0,1.0,0.5144815720732561,0.8381605240244187,0.6989035315262004,1.0,0.6989035315262004
GRID_0114,INDIAN_MARINE,12.0,72.75,39.622955876339,2.2012753264632776,17.61020261170622,2121.0,0.045500003,0.131,0.13867678,0,0,0,294.30856202923604,26.437117955524,0.8649975454099166,1.0,1.0,0.5792096704211279,0.8597365568070425,0.8623670511084796,1.0,0.8623670511084796
GRID_0115,INDIAN_MARINE,10.5,97.0,449.2495210626397,24.958306725702204,199.66645380561764,318.0,-0.16,-0.12450001,0.20273197,0,0,0,1430.360088773886,75.68073297304397,0.0672557682866961,0.2509865824782952,1.0,0.2991326464641379,0.5167064096474777,0.2919810889670869,1.0,0.2919810889670869
GRID_0116,INDIAN_MARINE,17.25,74.25,148.80291561061998,8.266828645034444,66.13462916027555,0.0,,,,0,0,0,41.94936382034782,113.9472045093764,0.6077565046637212,0.0,1.0,,0.5,0.5538782523318606,0.8,0.4431026018654885
GRID_0117,INDIAN_MARINE,14.75,71.0,236.1332470061596,13.11851372256442,104.94810978051537,2370.0,-0.035000004,-0.0395,0.052775472,0,0,0,350.0041658332444,118.82073183997942,0.4545900834560629,1.0,1.0,0.9548073807495615,0.9849357935831871,0.7197629385196249,1.0,0.7197629385196249
GRID_0118,INDIAN_MARINE,12.5,73.75,62.62768742306904,3.47931596794828,27.83452774358624,1468.0,0.019000001,0.0185,0.026518863,0,0,0,169.3141037945168,125.74532250184556,0.7771232204221895,1.0,1.0,1.0,1.0,0.8885616102110947,1.0,0.8885616102110947
GRID_0119,INDIAN_MARINE,19.75,81.75,412.8205048744386,22.93447249302437,183.47577994419493,0.0,,,,0,0,0,291.9185647582561,299.4465628098073,0.1300932744231713,0.0,1.0,,0.5,0.31504663721158566,0.8,0.2520373097692685
GRID_0120,INDIAN_MARINE,20.25,80.5,474.2718060258125,26.348433668100697,210.7874693448056,0.0,,,,0,0,0,366.9921238698344,435.14223470685016,0.031418753068237604,0.0,1.0,,0.5,0.2657093765341188,0.8,0.21256750122729506
GRID_0121,INDIAN_MARINE,13.5,73.75,8.422837688086387,0.4679354271159104,3.7434834169272833,75.0,-0.010500001,-0.009500001,0.014159803,0,0,0,130.0664873109139,83.56846663970273,0.9891998036327934,0.05919494869771113,1.0,1.0,0.6863983162325703,0.8377990599326819,1.0,0.8377990599326819
GRID_0122,INDIAN_MARINE,8.75,80.0,219.16424896138605,12.175791608965891,97.40633287172712,0.0,,,,0,0,0,99.09429436565676,59.28618590490948,0.48404516445753554,0.0,1.0,,0.5,0.49202258222876777,0.8,0.3936180657830142
GRID_0123,INDIAN_MARINE,7.25,91.5,399.7125251829614,22.20625139905341,177.65001119242729,3694.0,-0.14950001,0.0435,0.15570004,0,0,0,1377.48747342095,166.49008250734886,0.1521845851742759,1.0,1.0,0.5047766073259116,0.8349255357753038,0.49355506047478986,1.0,0.49355506047478986
GRID_0124,INDIAN_MARINE,15.0,70.75,247.075654160899,13.726425231161056,109.81140184928844,2896.0,0.025000002,0.021,0.032649655,0,0,0,374.2840859191684,81.4701932501776,0.4329896907216495,1.0,1.0,1.0,1.0,0.7164948453608248,1.0,0.7164948453608248
GRID_0125,INDIAN_MARINE,12.75,82.5,176.9287465833242,9.829374810184678,78.63499848147742,3445.0,0.033000007,-0.079500005,0.086077005,0,0,0,252.01695778472748,133.6454636327787,0.5601374570446735,1.0,1.0,0.809198660272025,0.9363995534240083,0.748268505234341,1.0,0.748268505234341
GRID_0126,INDIAN_MARINE,13.5,96.5,418.1962327573887,23.23312404207715,185.8649923366172,99.0,0.153,0.066,0.16662833,0,0,0,1090.3118229634483,113.70248773315652,0.1202749140893471,0.07813733228097869,1.0,0.4569933919433808,0.5117102414081198,0.31599257774873346,1.0,0.31599257774873346
GRID_0127,INDIAN_MARINE,6.0,71.0,366.7656467144002,20.37586926191112,163.00695409528896,4001.0,-0.17700002,0.0165,0.17776743,0,0,0,739.4624321772308,174.8136879054103,0.2091310751104566,1.0,1.0,0.40828842396874343,0.8027628079895811,0.5059469415500188,1.0,0.5059469415500188
GRID_0128,INDIAN_MARINE,19.0,71.75,63.16988521270487,3.5094380673724928,28.075504538979946,75.0,0.0335,-0.11500001,0.11978002,0,0,0,130.30352835385125,114.80656862206062,0.7741777123220422,0.05919494869771113,1.0,0.6618344866652057,0.5736764784543056,0.673927095388174,1.0,0.673927095388174
GRID_0129,INDIAN_MARINE,17.0,70.0,238.05523826417271,13.225291014676262,105.8023281174101,3492.0,0.0004999973,-0.142,0.14200088,0,0,0,405.3729191872205,34.146292332043345,0.4501718213058419,1.0,1.0,0.5646752660218055,0.8548917553406018,0.6525317883232218,1.0,0.6525317883232218
GRID_0130,INDIAN_MARINE,9.75,91.75,126.63841013257898,7.035467229587721,56.28373783670177,1677.0,0.097,0.021500006,0.09935416,0,0,0,1330.662214551655,89.4032932060073,0.6475208640157093,1.0,1.0,0.7511451901470332,0.9170483967156777,0.7822846303656935,1.0,0.7822846303656935
GRID_0131,INDIAN_MARINE,11.5,76.25,84.6180182509322,4.701001013940678,37.60800811152542,0.0,,,,0,0,0,19.62695473476245,71.35174310223589,0.7167403043691704,0.0,1.0,,0.5,0.6083701521845852,0.8,0.4866961217476682
GRID_0132,INDIAN_MARINE,11.25,82.5,205.72903385078067,11.429390769487815,91.43512615590252,3547.0,-0.0135,0.061000004,0.062476,0,0,1,300.17545429341345,3.775974693813844,0.5115365733922435,1.0,0.6666666666666666,0.912392472401753,0.8596863796894731,0.6856114765408583,1.0,0.6856114765408583
GRID_0133,INDIAN_MARINE,11.0,90.0,248.7576977121615,13.819872095120084,110.55897676096066,3205.0,-0.0555,-0.0365,0.06642665,0,0,0,1107.9686146699034,131.65075069820688,0.43102601865488466,1.0,1.0,0.8951185201319107,0.9650395067106369,0.6980327626827607,1.0,0.6980327626827607
GRID_0134,INDIAN_MARINE,5.5,74.75,332.2129577599096,18.45627543110609,147.65020344884869,2754.0,-0.1585,0.2915,0.33180493,0,0,0,418.9459433724475,122.38546990688256,0.2675503190967109,1.0,1.0,0.0,0.6666666666666666,0.46710849288168876,1.0,0.46710849288168876
GRID_0135,INDIAN_MARINE,9.5,71.75,93.906119623449,5.217006645747166,41.73605316597733,2858.0,-0.15,0.20600002,0.25482544,0,0,0,516.2240239867845,72.76567460672752,0.7005400098183603,1.0,1.0,0.07135744128259461,0.6904524804275315,0.6954962451229458,1.0,0.6954962451229458
GRID_0136,INDIAN_MARINE,15.25,78.0,246.48169262654363,13.693427368141313,109.5474189451305,0.0,,,,0,0,0,354.5304443691673,245.80649843382605,0.4339715267550319,0.0,1.0,,0.5,0.46698576337751596,0.8,0.37358861070201277
GRID_0137,INDIAN_MARINE,11.25,68.5,358.2927611264611,19.905153395914503,159.24122716731603,4331.0,0.096,-0.013,0.09687621,0,0,0,758.3617311820259,10.699496549515652,0.2233676975945017,1.0,1.0,0.7619798603980186,0.9206599534660062,0.5720138255302539,1.0,0.5720138255302539
GRID_0138,INDIAN_MARINE,9.25,79.0,227.17838731428063,12.621021517460036,100.96817213968028,5.0,,,,0,1,0,3.1669744590293094,8.38237245621682,0.4683357879234168,0.003946329913180742,0.6666666666666666,,0.3353064982899237,0.4018211431066703,0.8,0.32145691448533625
GRID_0139,INDIAN_MARINE,13.25,68.25,398.69080912432753,22.14948939579597,177.1959151663678,4170.0,-0.0019999994,0.043000005,0.043046493,0,0,0,690.4462374723613,32.92064431607034,0.15365733922434954,1.0,1.0,0.997346689187489,0.9991155630624963,0.5763864511434229,1.0,0.5763864511434229
GRID_0140,INDIAN_MARINE,15.25,73.0,21.45923419744779,1.1921796776359883,9.537437421087906,150.0,0.019000001,0.0115,0.022209233,0,0,0,122.8063793726781,79.69946793999185,0.9548355424644085,0.11838989739542226,1.0,1.0,0.7061299657984741,0.8304827541314412,1.0,0.8304827541314412
GRID_0141,INDIAN_MARINE,16.75,81.0,85.67160914036089,4.7595338411311605,38.07627072904928,0.0,,,,0,0,0,444.051935443694,86.23724947354877,0.7157584683357879,0.0,1.0,,0.5,0.607879234167894,0.8,0.4863033873343152
GRID_0142,INDIAN_MARINE,17.0,93.5,434.78451372218126,24.15469520678785,193.2375616543028,2440.0,0.083500005,-0.076500006,0.113245316,0,0,0,614.3762275570585,79.80108912531637,0.08885616102110949,1.0,1.0,0.6904070418127252,0.8968023472709084,0.4928292541460089,1.0,0.4928292541460089
GRID_0143,INDIAN_MARINE,13.5,89.5,340.91007992177856,18.939448884543253,151.51559107634603,2940.0,-0.0955,0.038,0.10278254,0,0,0,841.9907387107443,23.096663516950493,0.2552773686794305,1.0,1.0,0.7361548284387365,0.9120516094795788,0.5836644890795046,1.0,0.5836644890795046
GRID_0144,INDIAN_MARINE,17.0,82.75,147.62987169663432,8.201659538701907,65.61327630961526,116.0,-0.04,-0.0555,0.06841235,0,0,1,368.3243275736602,4.47459402763619,0.6102110947471773,0.09155485398579322,0.6666666666666666,0.8864361800050389,0.5482192335524996,0.5792151641498384,1.0,0.5792151641498384
GRID_0145,INDIAN_MARINE,8.75,95.75,386.4277148626518,21.468206381258437,171.7456510500675,1983.0,0.19100001,-0.053500004,0.19835134,0,0,0,1585.553837194425,13.51305102693375,0.17525773195876293,1.0,1.0,0.3182866574577313,0.772762219152577,0.47400997555567,1.0,0.47400997555567
GRID_0146,INDIAN_MARINE,8.0,79.0,213.52679878958875,11.86259993275493,94.90079946203944,1777.0,-0.042000003,0.0925,0.10158864,0,0,0,124.787030576521,16.228338320439864,0.49386352479135986,1.0,1.0,0.7413750761485981,0.9137916920495326,0.7038276084204462,1.0,0.7038276084204462
GRID_0147,INDIAN_MARINE,9.75,70.5,216.54011749768316,12.030006527649062,96.2400522211925,4371.0,-0.22,-0.004,0.22003636,0,0,0,618.3259688817855,181.05007627390643,0.4869906725576829,1.0,1.0,0.22347036129113174,0.7411567870970439,0.6140737298273634,1.0,0.6140737298273634
GRID_0148,INDIAN_MARINE,7.5,70.5,316.1725952890088,17.56514418272271,140.5211534617817,3981.0,0.264,0.063,0.27141297,0,0,0,735.7047367472946,61.758355291552434,0.3043691703485518,1.0,1.0,0.0,0.6666666666666666,0.4855179185076092,1.0,0.4855179185076092
GRID_0149,INDIAN_MARINE,8.75,68.5,455.6362220657366,25.31312344809648,202.5049875847718,4605.0,0.0040000007,-0.0625,0.06262787,0,0,0,867.8819145580534,63.471604757851566,0.05694648993618068,1.0,1.0,0.9117284310082555,0.9705761436694185,0.5137613168027996,1.0,0.5137613168027996
GRID_0150,INDIAN_MARINE,17.25,91.5,468.704361947364,26.039131219298,208.313049754384,2239.0,0.1525,0.0029999986,0.15252951,0,0,0,579.4074284865844,104.25642646072012,0.03927344133529698,1.0,1.0,0.518639537195706,0.8395465123985686,0.4394099768669328,1.0,0.4394099768669328
GRID_0151,INDIAN_MARINE,13.25,93.0,39.86089578860221,2.2144942104779,17.7159536838232,0.0,,,,0,0,0,1043.5306685169403,26.7051469903894,0.8645066273932254,0.0,1.0,,0.5,0.6822533136966127,0.8,0.5458026509572902
GRID_0152,INDIAN_MARINE,6.0,76.5,210.45649510577883,11.692027505876602,93.53622004701282,2325.0,-0.105500005,0.127,0.16510376,0,0,0,262.4898900705701,40.9195868148151,0.4997545409916544,1.0,1.0,0.46365947205982583,0.8212198240199419,0.6604871825057981,1.0,0.6604871825057981
GRID_0153,INDIAN_MARINE,20.0,80.75,442.67638163285824,24.593132312936568,196.74505850349252,0.0,,,,0,0,0,357.8101729425213,394.4893864746661,0.07707412862052032,0.0,1.0,,0.5,0.28853706431026016,0.8,0.23082965144820813
GRID_0154,INDIAN_MARINE,11.25,74.25,56.04944551681411,3.1138580842674504,24.910864674139603,2026.0,-0.0095,0.020500002,0.022594249,0,0,0,175.4914200522451,78.52797348400583,0.794305351006382,1.0,1.0,1.0,1.0,0.897152675503191,1.0,0.897152675503191
GRID_0155,INDIAN_MARINE,16.0,79.0,167.46549941660743,9.303638856478193,74.42911085182553,0.0,,,,0,0,0,374.3338724541785,147.03255228756288,0.5773195876288659,0.0,1.0,,0.5,0.538659793814433,0.8,0.4309278350515464
GRID_0156,INDIAN_MARINE,6.25,80.75,453.0937578707539,25.171875437264102,201.37500349811285,0.0,,,,0,0,0,371.0545053004942,264.63274845961183,0.061364752086401575,0.0,1.0,,0.5,0.2806823760432008,0.8,0.22454590083456064
GRID_0157,INDIAN_MARINE,5.75,77.25,247.89518941558185,13.771954967532324,110.1756397402586,2451.0,-0.029000003,0.025500003,0.03861671,0,0,0,269.0067745194556,43.348835989002126,0.4320078546882671,1.0,1.0,1.0,1.0,0.7160039273441335,1.0,0.7160039273441335
GRID_0158,INDIAN_MARINE,6.5,80.5,416.1766070560547,23.12092261422526,184.9673809138021,0.0,,,,0,0,0,333.4639472352254,227.2462230747534,0.12322042218949436,0.0,1.0,,0.5,0.3116102110947472,0.8,0.24928816887579774
GRID_0159,INDIAN_MARINE,9.5,95.5,322.130222234034,17.896123457446333,143.16898765957066,2625.0,-0.09900001,-0.0135,0.09991622,0,0,0,1497.1867760900202,11.676421441098189,0.29160530191458023,1.0,1.0,0.7486876204780452,0.9162292068260149,0.6039172543702975,1.0,0.6039172543702975
GRID_0160,INDIAN_MARINE,6.75,71.75,249.51013103278,13.861673946265556,110.89339157012444,3711.0,-0.0745,0.008,0.0749283,0,0,0,629.501871002917,102.07133614567977,0.4290623465881198,1.0,1.0,0.8579456254652342,0.9526485418217447,0.6908554442049323,1.0,0.6908554442049323
GRID_0161,INDIAN_MARINE,18.75,72.0,45.65410606447087,2.536339225803937,20.290713806431494,76.0,0.054500002,-0.08950001,0.104787886,0,0,0,109.223218782523,89.53586993998832,0.836033382425135,0.05998421468034728,1.0,0.7273865874939505,0.5957902673914326,0.7159118249082839,1.0,0.7159118249082839
GRID_0162,INDIAN_MARINE,12.25,75.5,65.00117476130372,3.611176375627984,28.889411005023877,0.0,,,,0,1,0,1.388146749996278,41.91870230604529,0.7663230240549828,0.0,0.6666666666666666,,0.3333333333333333,0.549828178694158,0.8,0.43986254295532645
GRID_0163,INDIAN_MARINE,12.25,82.0,128.23405039332536,7.124113910740298,56.99291128592238,3488.0,0.072000004,-0.064,0.096332766,0,0,0,209.9534837182384,120.62863743346712,0.644575355915562,1.0,1.0,0.7643560328550402,0.92145201095168,0.783013683433621,1.0,0.783013683433621
GRID_0164,INDIAN_MARINE,17.75,73.75,109.6588466893024,6.092158149405688,48.73726519524551,0.0,,,,0,1,0,4.3552213744917,71.69400791087581,0.678939617083947,0.0,0.6666666666666666,,0.3333333333333333,0.5061364752086401,0.8,0.40490918016691213
GRID_0165,INDIAN_MARINE,19.75,79.5,453.4369607194036,25.19094226218909,201.52753809751272,0.0,,,,0,0,0,332.837703508452,472.9398656573535,0.06038291605301915,0.0,1.0,,0.5,0.2801914580265096,0.8,0.22415316642120767
GRID_0166,INDIAN_MARINE,7.25,70.5,326.886875161375,18.16038195340972,145.28305562727778,4039.0,0.23600002,0.086500004,0.25135285,0,0,0,744.0538387731865,89.49406341260492,0.27884143348060875,1.0,1.0,0.08654110825201275,0.6955137027506709,0.48717756811563984,1.0,0.48717756811563984
GRID_0167,INDIAN_MARINE,14.75,82.75,128.7243605074568,7.151353361525377,57.210826892203016,3229.0,0.29700002,-0.1075,0.3158564,0,0,0,346.9887742007905,180.2222751754936,0.6435935198821796,1.0,1.0,0.0,0.6666666666666666,0.6551300932744231,1.0,0.6551300932744231
GRID_0168,INDIAN_MARINE,16.25,78.75,205.10224439498572,11.394569133054764,91.15655306443811,0.0,,,,0,0,0,411.7350231014962,184.72564514632697,0.5130093274423171,0.0,1.0,,0.5,0.5065046637211585,0.8,0.40520373097692686
GRID_0169,INDIAN_MARINE,11.5,71.75,19.6550117595811,1.0919450977545055,8.735560782036044,1495.0,0.16950001,0.019000001,0.17056158,0,0,0,417.7484999313909,13.940616938661062,0.9631811487481591,1.0,1.0,0.4397955200070267,0.8132651733356755,0.8882231610419173,1.0,0.8882231610419173
GRID_0170,INDIAN_MARINE,7.0,81.25,414.6561054905488,23.03645030503049,184.2916024402439,0.0,,,,0,0,0,334.8025556555469,284.76067821390984,0.124693176239568,0.0,1.0,,0.5,0.312346588119784,0.8,0.2498772704958272
GRID_0171,INDIAN_MARINE,16.25,85.75,400.7577496290682,22.26431942383712,178.11455539069698,2797.0,-0.050499998,0.055000003,0.074667595,0,0,0,370.2504612222744,88.5670914638825,0.14923907707412865,1.0,1.0,0.8590855405998348,0.9530285135332782,0.5511337953037034,1.0,0.5511337953037034
GRID_0172,INDIAN_MARINE,5.75,71.25,371.42252867368927,20.63458492631607,165.07667941052856,3953.0,-0.186,0.0015000002,0.18600605,0,0,0,726.8753452091224,149.61152819872186,0.20225822287677953,1.0,1.0,0.37226561034329736,0.7907552034477657,0.49650671316227263,1.0,0.49650671316227263
GRID_0173,INDIAN_MARINE,21.75,70.0,315.60490900883224,17.533606056046235,140.26884844836988,0.0,,,,0,0,0,91.18219480885784,136.51568078282682,0.3073146784486991,0.0,1.0,,0.5,0.40365733922434954,0.8,0.32292587137947965
GRID_0174,INDIAN_MARINE,6.75,77.25,142.74113606767924,7.930063114871069,63.44050491896855,2287.0,-0.11900001,-0.0165,0.120138474,0,0,0,157.69984869521718,105.1254422161024,0.6180657830142366,1.0,1.0,0.6602671705812868,0.8867557235270955,0.7524107532706661,1.0,0.7524107532706661
GRID_0175,INDIAN_MARINE,5.75,80.0,412.30715248956494,22.905952916086942,183.24762332869557,2425.0,0.15100001,0.30200002,0.33764628,0,0,0,390.1078605464867,216.79578919590296,0.13107511045655373,1.0,1.0,0.0,0.6666666666666666,0.3988708885616102,1.0,0.3988708885616102
GRID_0176,INDIAN_MARINE,9.5,91.0,197.975654043986,10.998647446888109,87.98917957510487,3524.0,0.08100001,0.063,0.102615796,0,0,0,1258.9206404508247,177.1477025267182,0.524300441826215,1.0,1.0,0.7368839054000677,0.9122946351333558,0.7182975384797854,1.0,0.7182975384797854
GRID_0177,INDIAN_MARINE,12.25,79.5,83.96783698407562,4.664879832448645,37.31903865958916,0.0,,,,0,0,0,51.76035393546424,52.25749623308113,0.718213058419244,0.0,1.0,,0.5,0.609106529209622,0.8,0.48728522336769764
GRID_0178,INDIAN_MARINE,9.75,82.75,265.9125263967477,14.772918133152652,118.18334506522122,3674.0,-0.22900002,-0.0635,0.23764104,0,0,0,364.1130799446555,169.46785836228915,0.39911634756995584,1.0,1.0,0.14649507822483931,0.7154983594082798,0.5573073534891178,1.0,0.5573073534891178
GRID_0179,INDIAN_MARINE,11.25,72.75,18.09168519858063,1.0050936221433684,8.040748977146947,437.0,0.060000002,0.119500004,0.13371706,0,0,0,319.349002008871,39.242737910674926,0.970054000981836,0.34490923441199683,1.0,0.6008957136170026,0.6486016493429998,0.8093278251624179,1.0,0.8093278251624179
GRID_0180,INDIAN_MARINE,10.75,95.0,230.7117290081302,12.817318278229456,102.53854622583565,3164.0,-0.2745,-0.0435,0.27792534,0,0,0,1348.0626541906406,38.58361610798136,0.46244477172312226,1.0,1.0,0.0,0.6666666666666666,0.5645557191948944,1.0,0.5645557191948944
GRID_0181,INDIAN_MARINE,18.25,84.0,337.97761008416256,18.776533893564583,150.2122711485167,0.0,,,,0,0,1,166.76804707283807,3.5347677648159346,0.2592047128129602,0.0,0.6666666666666666,,0.3333333333333333,0.29626902307314673,0.8,0.2370152184585174
GRID_0182,INDIAN_MARINE,15.75,71.0,186.2726314650692,10.348479525837178,82.78783620669742,2622.0,0.0915,0.056,0.107276514,0,0,0,322.71813931181765,114.74998235863336,0.5473735886107021,1.0,1.0,0.7165052284038278,0.9055017428012759,0.726437665705989,1.0,0.726437665705989
GRID_0183,INDIAN_MARINE,13.75,69.0,345.0097456468982,19.167208091494345,153.33766473195476,4112.0,-0.064,0.09400001,0.113718964,0,0,0,593.3131789591727,26.24946210743861,0.24644084437898872,1.0,1.0,0.6883360476865165,0.8961120158955054,0.571276430137247,1.0,0.571276430137247
GRID_0184,INDIAN_MARINE,17.75,80.25,221.09881567784527,12.283267537658071,98.26614030126458,0.0,,,,0,0,0,490.48468825954086,229.352017023594,0.48011782032400585,0.0,1.0,,0.5,0.4900589101620029,0.8,0.39204712812960235
GRID_0185,INDIAN_MARINE,14.0,71.25,205.9207181135693,11.440039895198296,91.52031916158636,1979.0,-0.033,-0.07800001,0.08469357,0,0,0,348.10730453757645,194.79528712453657,0.510554737358861,1.0,1.0,0.8152476370627884,0.9384158790209294,0.7244853081898952,1.0,0.7244853081898952
GRID_0186,INDIAN_MARINE,16.25,92.0,348.5920197554143,19.36622331974524,154.9297865579619,2448.0,0.009000003,-0.0695,0.07008031,0,0,0,705.5785723920143,155.1522255390794,0.23858615611192935,1.0,1.0,0.8791431367265895,0.9597143789088631,0.5991502675103962,1.0,0.5991502675103962
GRID_0187,INDIAN_MARINE,9.0,89.25,385.0130111791064,21.389611732172572,171.1168938573806,3469.0,0.079,0.018500004,0.08113723,0,0,1,1086.0295896462649,3.886454600893325,0.17771232204221898,1.0,0.6666666666666666,0.8307974952925304,0.832488053986399,0.505100188014309,1.0,0.505100188014309
GRID_0188,INDIAN_MARINE,17.0,92.5,425.3598798175535,23.63110443430853,189.04883547446823,2386.0,0.141,0.040000003,0.14656399,0,0,0,612.7611800342942,190.8373239816729,0.10358370152184582,1.0,1.0,0.5447233734618369,0.848241124487279,0.4759124130045624,1.0,0.4759124130045624
GRID_0189,INDIAN_MARINE,9.75,94.25,187.5998307865032,10.4222128214724,83.3777025717792,3419.0,-0.0045000017,-0.23550001,0.235543,0,0,0,1448.7429188170536,129.43148966114572,0.54246440844379,1.0,1.0,0.1556686174703356,0.7185562058234451,0.6305103071336176,1.0,0.6305103071336176
GRID_0190,INDIAN_MARINE,21.25,74.25,232.72992524838943,12.92944029157719,103.43552233261752,0.0,,,,0,0,0,137.99636482887132,245.4672849339964,0.45704467353951894,0.0,1.0,,0.5,0.47852233676975947,0.8,0.3828178694158076
GRID_0191,INDIAN_MARINE,10.5,74.25,73.77747689552584,4.098748716418102,32.78998973134482,2321.0,-0.006000001,0.041500002,0.041931495,0,0,0,235.225580617034,62.758681454798015,0.7422680412371134,1.0,1.0,1.0,1.0,0.8711340206185567,1.0,0.8711340206185567
GRID_0192,INDIAN_MARINE,14.75,71.25,211.3988540933135,11.744380782961862,93.9550462636949,2097.0,-0.072500005,-0.07350001,0.10324002,0,0,0,322.56842098099827,143.86354654519363,0.49680903289150713,1.0,1.0,0.7341545278086106,0.9113848426028701,0.7040969377471886,1.0,0.7040969377471886
GRID_0193,INDIAN_MARINE,16.25,93.75,361.7261957179848,20.095899762110268,160.76719809688214,383.0,-0.16950001,-0.1055,0.19965094,0,0,0,704.1935937362636,48.2332535541579,0.21747668139420717,0.3022888713496448,1.0,0.31260424358409344,0.5382977049779127,0.37788719318605996,1.0,0.37788719318605996
GRID_0194,INDIAN_MARINE,11.0,95.25,250.77140408768656,13.931744671538144,111.45395737230514,3027.0,-0.24450001,-0.0695,0.25418597,0,0,0,1325.3173778633588,14.872348302335388,0.42562592047128134,1.0,1.0,0.0741534809869462,0.6913844936623154,0.5585052070667984,1.0,0.5585052070667984
GRID_0195,INDIAN_MARINE,5.75,80.25,434.39975010642326,24.133319450356847,193.0665556028548,1632.0,0.074,0.279,0.28864685,0,0,0,401.5097440068347,241.4261286152916,0.0893470790378007,1.0,1.0,0.0,0.6666666666666666,0.37800687285223367,1.0,0.37800687285223367
GRID_0196,INDIAN_MARINE,20.0,72.75,25.659798260836936,1.4255443478242742,11.404354782594194,0.0,,,,0,0,0,99.38539592825308,22.525360764414824,0.9396170839469808,0.0,1.0,,0.5,0.7198085419734904,0.8,0.5758468335787924
GRID_0197,INDIAN_MARINE,14.5,72.0,155.55661162464256,8.64203397914681,69.13627183317448,1850.0,-0.045,0.094000004,0.10421613,0,0,0,249.0999826619716,218.696189111845,0.5954835542464408,1.0,1.0,0.7298865522729098,0.9099621840909699,0.7527228691687053,1.0,0.7527228691687053
GRID_0198,INDIAN_MARINE,11.25,83.5,314.439071772174,17.468837320676332,139.75069856541066,3493.0,-0.094000004,-0.1145,0.14814267,0,0,0,408.7468953483652,5.276098422349637,0.3082965144820815,1.0,1.0,0.5378207009979752,0.8459402336659917,0.5771183740740367,1.0,0.5771183740740367
GRID_0199,INDIAN_MARINE,17.0,74.0,119.43862048586116,6.635478915881176,53.08383132704941,0.0,,,,0,0,0,20.318273225077665,82.26827830040891,0.6593028964162985,0.0,1.0,,0.5,0.5796514482081492,0.8,0.46372115856651935
GRID_0200,INDIAN_MARINE,10.0,82.0,179.44853131136466,9.96936285063137,79.75490280505096,3707.0,-0.18900001,0.0034999996,0.1890324,0,0,0,276.6289537744217,112.6236141671502,0.5562101129111439,1.0,1.0,0.3590330978575451,0.786344365952515,0.6712772394318294,1.0,0.6712772394318294
GRID_0201,INDIAN_MARINE,10.25,75.25,57.22813070810062,3.179340594894479,25.43472475915583,1689.0,0.0015,-0.0505,0.050522275,0,0,0,155.23231055675353,91.8468743962362,0.7893961708394698,1.0,1.0,0.9646593335756918,0.9882197778585639,0.8888079743490168,1.0,0.8888079743490168
GRID_0202,INDIAN_MARINE,10.25,94.5,191.0928460800603,10.616269226670015,84.93015381336014,3139.0,-0.15900001,-0.13700001,0.20988093,0,0,0,1395.7645357198303,85.69127046310535,0.5355915562101129,1.0,1.0,0.2678742981368976,0.7559580993789659,0.6457748277945394,1.0,0.6457748277945394
GRID_0203,INDIAN_MARINE,12.25,76.25,118.59483470021934,6.588601927789963,52.7088154223197,0.0,,,,0,0,0,40.00406111599998,113.83771471636793,0.6612665684830633,0.0,1.0,,0.5,0.5806332842415316,0.8,0.4645066273932253
GRID_0204,INDIAN_MARINE,16.75,92.0,403.1350852794822,22.396393626637902,179.17114901310322,2374.0,0.132,-0.07450001,0.1515726,0,0,0,648.197398459259,143.23053576344208,0.14482081492390775,1.0,1.0,0.522823562018592,0.8409411873395306,0.4928810011317192,1.0,0.4928810011317192
GRID_0205,INDIAN_MARINE,5.25,80.25,469.2153570918689,26.06751983843716,208.54015870749728,4210.0,0.108500004,0.169,0.2008314,0,0,0,449.2648009963938,268.01213411542994,0.037309769268532134,1.0,1.0,0.3074427613732021,0.7691475871244007,0.4032286781964664,1.0,0.4032286781964664
GRID_0206,INDIAN_MARINE,11.0,88.75,384.4889311229425,21.36049617349681,170.88396938797445,3279.0,-0.046500005,0.20950001,0.21459848,0,0,0,971.9502133581236,7.42799660021232,0.17967599410898383,1.0,1.0,0.24724712703072646,0.7490823756769087,0.4643791848929463,1.0,0.4643791848929463
GRID_0207,INDIAN_MARINE,7.75,80.0,325.1612445057916,18.064513583655085,144.51610866924068,0.0,,,,0,0,0,183.38514180266492,129.01184566542258,0.2822778595974472,0.0,1.0,,0.5,0.3911389297987236,0.8,0.3129111438389789
GRID_0208,INDIAN_MARINE,12.5,71.75,31.429392797183837,1.746077377621324,13.968619020970593,1598.0,-0.0020000003,0.054500002,0.05453669,0,0,0,370.1000890204027,17.963430727844614,0.9096710849288169,1.0,1.0,0.9471065731182129,0.982368857706071,0.946019971317444,1.0,0.946019971317444
GRID_0209,INDIAN_MARINE,19.5,81.0,384.52025636418864,21.362236464677142,170.89789171741717,0.0,,,,0,0,0,371.5299186986693,333.3148034433424,0.1786941580756014,0.0,1.0,,0.5,0.3393470790378007,0.8,0.2714776632302406
GRID_0210,INDIAN_MARINE,6.25,73.25,247.2866845429928,13.738149141277376,109.905193130219,16.0,-0.1825,0.16600001,0.24670276,0,0,0,505.9094513750376,17.291328533920026,0.4324987727049583,0.012628255722178374,1.0,0.10687331503076349,0.3731671902509806,0.4028329814779694,1.0,0.4028329814779694
GRID_0211,INDIAN_MARINE,9.0,95.0,302.97707244045085,16.832059580025046,134.65647664020037,2177.0,0.092,-0.15300001,0.17853011,0,0,0,1543.2454500662757,68.96126360192687,0.3264604810996563,1.0,1.0,0.4049536567995021,0.8016512189331673,0.5640558500164118,1.0,0.5640558500164118
GRID_0212,INDIAN_MARINE,15.5,84.75,293.941509544048,16.33008386355822,130.64067090846575,2985.0,0.089,0.0059999973,0.08920202,0,0,0,447.48146063200335,99.7728122029978,0.34609720176730485,1.0,1.0,0.7955347416883637,0.9318449138961211,0.6389710578317129,1.0,0.6389710578317129
GRID_0213,INDIAN_MARINE,9.75,74.75,124.27393800312744,6.904107666840414,55.23286133472331,1374.0,-0.0029999996,0.064500004,0.064569734,0,0,0,234.10537113166183,127.43109639245176,0.6494845360824743,1.0,1.0,0.9032377608525787,0.9677459202841928,0.8086152281833335,1.0,0.8086152281833335
GRID_0214,INDIAN_MARINE,11.75,92.75,21.43151425519918,1.1906396808443989,9.525117446755193,0.0,,,,0,0,0,1213.7772874994448,47.09272655474558,0.9553264604810997,0.0,1.0,,0.5,0.7276632302405499,0.8,0.5821305841924399
GRID_0215,INDIAN_MARINE,20.75,71.25,146.17594143038644,8.12088563502147,64.96708508017176,20.0,,,,0,0,0,242.63222890601045,27.64312629313123,0.6131566028473245,0.01578531965272297,1.0,,0.5078926598263614,0.560524631336843,0.8,0.4484197050694745
GRID_0216,INDIAN_MARINE,6.5,74.75,252.02522621789808,14.001401456549893,112.01121165239914,2724.0,-0.1755,0.2125,0.27560207,0,0,0,347.5452319487736,85.28909912731181,0.42169857633775154,1.0,1.0,0.0,0.6666666666666666,0.5441826215022091,1.0,0.5441826215022091
GRID_0217,INDIAN_MARINE,10.75,79.0,147.96526114010086,8.22029228556116,65.76233828448927,0.0,,,,0,0,0,34.8072531949333,96.78820678673904,0.6097201767304861,0.0,1.0,,0.5,0.554860088365243,0.8,0.44388807069219444
GRID_0218,INDIAN_MARINE,16.75,68.5,395.5270856852014,21.97372698251119,175.78981586008953,3630.0,0.018000007,0.075500004,0.07761604,0,0,0,562.1075406224635,133.083105229299,0.15905743740795286,1.0,1.0,0.8461936625037606,0.9487312208345868,0.5538943291212699,1.0,0.5538943291212699
GRID_0219,INDIAN_MARINE,8.25,82.25,329.395895140374,18.299771952243,146.39817561794402,3788.0,-0.033,-0.3445,0.34607694,0,0,0,351.5005291918427,294.42893965684533,0.2729504172803142,1.0,1.0,0.0,0.6666666666666666,0.4698085419734904,1.0,0.4698085419734904
GRID_0220,INDIAN_MARINE,20.75,75.0,273.3857680818445,15.18809822676914,121.50478581415312,0.0,,,,0,0,0,127.95262975580242,284.26450944128425,0.38144329896907214,0.0,1.0,,0.5,0.44072164948453607,0.8,0.3525773195876289
GRID_0221,INDIAN_MARINE,9.0,78.0,146.68426542817548,8.14912585712086,65.19300685696687,0.0,,,,0,0,0,26.480899681906727,38.25932804304022,0.6116838487972509,0.0,1.0,,0.5,0.5558419243986255,0.8,0.4446735395189004
GRID_0222,INDIAN_MARINE,16.25,82.75,92.7570097454519,5.153167208080661,41.22533766464529,2109.0,0.2175,0.0034999996,0.21752816,0,0,0,436.81267490831374,60.41329689307531,0.7034855179185076,1.0,1.0,0.23443729763912977,0.7448124325463765,0.724148975232442,1.0,0.724148975232442
GRID_0223,INDIAN_MARINE,10.0,80.5,73.3836411638083,4.076868953544906,32.61495162835925,47.0,0.12900001,0.119,0.175505,0,0,0,116.63974553178367,34.55447493972606,0.7427589592538046,0.037095501183898975,1.0,0.4181807474683852,0.48509208288409467,0.6139255210689496,1.0,0.6139255210689496
GRID_0224,INDIAN_MARINE,17.0,94.25,458.15548884993257,25.45308271388514,203.62466171108116,42.0,-0.057000004,-0.032,0.06536819,0,0,1,628.6519907454158,2.293789955337884,0.05252822778595978,0.03314917127071823,0.6666666666666666,0.8997465655217928,0.5331874678197258,0.2928578478028428,1.0,0.2928578478028428
GRID_0225,INDIAN_MARINE,12.5,92.5,75.93798109655462,4.218776727586368,33.750213820690945,88.0,-0.021000005,-0.0010000002,0.0210238,0,0,0,1124.0852170045248,15.344753671356978,0.738831615120275,0.06945540647198106,1.0,1.0,0.6898184688239937,0.7143250419721343,1.0,0.7143250419721343
GRID_0226,INDIAN_MARINE,16.5,81.75,65.40808766219628,3.6337826478997934,29.070261183198348,0.0,,,,0,0,0,440.4598157276655,20.0381894246728,0.7648502700049091,0.0,1.0,,0.5,0.6324251350024546,0.8,0.5059401080019637
GRID_0227,INDIAN_MARINE,6.75,70.5,353.9001439720752,19.66111910955973,157.28895287647788,4061.0,0.061000004,0.095,0.112898186,0,0,0,760.6933630908768,137.3528736302816,0.23122238586156107,1.0,1.0,0.6919248444658151,0.897308281488605,0.564265333675083,1.0,0.564265333675083
GRID_0228,INDIAN_MARINE,8.5,72.0,131.60872784926002,7.311595991625556,58.49276793300445,3218.0,0.009500001,0.266,0.2661696,0,0,0,547.34442719291,74.74062378274655,0.6367206676485027,1.0,1.0,0.021755862205365666,0.6739186207351219,0.6553196441918123,1.0,0.6553196441918123
GRID_0229,INDIAN_MARINE,7.75,93.5,330.99172725114505,18.38842929173028,147.10743433384224,17.0,0.0045000017,-0.08300001,0.08312191,0,0,0,1579.4042291958715,18.35107239827328,0.26951399116347574,0.013417521704814523,1.0,0.822119615047277,0.6118457122506972,0.44067985170708646,1.0,0.44067985170708646
GRID_0230,INDIAN_MARINE,12.75,94.0,154.42272767568804,8.579040426427113,68.6323234114169,2147.0,0.13900001,0.106000006,0.17480563,0,0,0,1107.1613449732597,100.34305059793554,0.5989199803632793,1.0,1.0,0.42123869590698637,0.8070795653023287,0.702999772832804,1.0,0.702999772832804
GRID_0231,INDIAN_MARINE,9.25,95.75,358.7627077697117,19.93126154276176,159.45009234209408,2390.0,-0.05,-0.015999999,0.052497618,0,0,0,1530.3643361597958,15.559628395634132,0.2228767795778105,1.0,1.0,0.9560222787369774,0.9853407595789925,0.6041087695784015,1.0,0.6041087695784015
GRID_0232,INDIAN_MARINE,5.25,80.0,448.8046716596761,24.933592869982007,199.4687429598561,4145.0,0.18600002,0.1395,0.23250002,0,0,0,430.4521393965576,243.93047234154648,0.06823760432007853,1.0,1.0,0.16897384351619765,0.7229912811720658,0.39561444274607216,1.0,0.39561444274607216
GRID_0233,INDIAN_MARINE,19.75,76.5,410.4315760857275,22.801754226984865,182.4140338158789,0.0,,,,0,0,0,25.111760779159123,420.265047056781,0.13549337260677463,0.0,1.0,,0.5,0.3177466863033873,0.8,0.25419734904270985
GRID_0234,INDIAN_MARINE,17.25,81.75,139.97806480248002,7.7765591556933344,62.21247324554668,0.0,,,,0,0,0,433.69662713937606,99.2607141208702,0.6210112911143839,0.0,1.0,,0.5,0.560505645557192,0.8,0.4484045164457536
GRID_0235,INDIAN_MARINE,17.25,72.5,24.820127219241822,1.3788959566245458,11.031167652996366,86.0,0.021000002,0.037,0.042544097,0,0,0,131.19147725193957,76.3556236438531,0.9435444280805105,0.06787687450670876,1.0,0.9995433820164057,0.6891400855077048,0.8163422567941077,1.0,0.8163422567941077
GRID_0236,INDIAN_MARINE,8.75,91.75,231.2666331166492,12.848146284258288,102.7851702740663,3487.0,-0.0055000037,-0.024500005,0.025109766,0,0,0,1363.117453769119,117.047750720212,0.46097201767304863,1.0,1.0,1.0,1.0,0.7304860088365244,1.0,0.7304860088365244
GRID_0237,INDIAN_MARINE,7.75,76.0,62.90011697668897,3.494450943149387,27.955607545195097,1489.0,0.19900002,0.2125,0.291131,0,0,0,157.13875352619618,97.10179792279524,0.7766323024054983,1.0,1.0,0.0,0.6666666666666666,0.7216494845360825,1.0,0.7216494845360825
GRID_0238,INDIAN_MARINE,8.5,95.5,380.6643418301962,21.148018990566456,169.18415192453165,2404.0,0.20900002,-0.0635,0.21843365,0,0,0,1607.9480821576335,15.600201391845255,0.1880216003927344,1.0,1.0,0.23047810331900023,0.7434927011063334,0.4657571507495339,1.0,0.4657571507495339
GRID_0239,INDIAN_MARINE,16.0,83.5,159.61756985222164,8.867642769567869,70.94114215654295,3016.0,0.313,0.194,0.36824584,0,0,0,422.0917548746315,143.02388670293948,0.5891016200294551,1.0,1.0,0.0,0.6666666666666666,0.6278841433480609,1.0,0.6278841433480609
GRID_0240,INDIAN_MARINE,11.75,70.25,164.54077991670854,9.14115443981714,73.12923551853713,4051.0,0.029500002,0.010499999,0.03131294,0,0,0,555.8833257171846,165.6737504824675,0.5846833578792341,1.0,1.0,1.0,1.0,0.792341678939617,1.0,0.792341678939617
GRID_0241,INDIAN_MARINE,11.0,82.5,205.9339388964801,11.440774383137784,91.52619506510229,3570.0,-0.09900001,0.0705,0.12153704,0,0,0,303.32505182684685,31.6520361825043,0.5100638193421698,1.0,1.0,0.6541520345074194,0.8847173448358064,0.6973905820889881,1.0,0.6973905820889881
GRID_0242,INDIAN_MARINE,14.0,89.25,376.5784102932817,20.92102279407121,167.36818235256965,2879.0,-0.036500007,0.0535,0.06476496,0,0,0,778.6061473842548,15.215439461307122,0.196367206676485,1.0,1.0,0.9023841482557067,0.9674613827519022,0.5819142947141935,1.0,0.5819142947141935
GRID_0243,INDIAN_MARINE,14.25,72.75,79.74283085350395,4.430157269639108,35.44125815711286,1640.0,-0.034500003,0.1365,0.1407924,0,0,0,188.65808932193076,158.9194445015482,0.7265586647029946,1.0,1.0,0.5699592638042107,0.8566530879347368,0.7916058763188657,1.0,0.7916058763188657
GRID_0244,INDIAN_MARINE,7.25,71.75,209.76145100962523,11.65341394497918,93.22731155983344,3785.0,0.09150001,0.055500004,0.10701636,0,0,0,611.1969882873335,68.33465229633234,0.5007363770250368,1.0,1.0,0.7176427343278677,0.9058809114426225,0.7033086442338297,1.0,0.7033086442338297
GRID_0245,INDIAN_MARINE,12.5,70.25,169.21787939340277,9.400993299633488,75.2079463970679,3582.0,0.016,-0.079,0.08060397,0,0,0,531.4914989098218,174.75770698198656,0.5733922434953362,1.0,1.0,0.8331291388922967,0.9443763796307655,0.7588843115630508,1.0,0.7588843115630508
GRID_0246,INDIAN_MARINE,11.25,74.75,54.0393462147947,3.002185900821928,24.01748720657542,1143.0,-0.0355,0.048,0.059701342,0,0,0,138.23518055306585,88.00775520966415,0.7992145311732941,0.9021310181531176,1.0,0.9245244784911653,0.9422184988814275,0.8707165150273608,1.0,0.8707165150273608
GRID_0247,INDIAN_MARINE,7.0,71.5,248.81368980231585,13.822982766795326,110.5838621343626,4006.0,0.0485,0.053500004,0.0722115,0,0,0,646.1519873171934,100.2868511680486,0.43053510063819345,1.0,1.0,0.8698246513284993,0.9566082171094997,0.6935716588738465,1.0,0.6935716588738465
GRID_0248,INDIAN_MARINE,7.75,95.75,457.15688199366446,25.397604555203586,203.18083644162863,843.0,-0.030500002,0.031499997,0.04384632,0,0,0,1695.9439625704988,10.181065601248529,0.0535100638193422,0.665351223362273,1.0,0.9938494992511162,0.8864002408711297,0.46995515234523594,1.0,0.46995515234523594
GRID_0249,INDIAN_MARINE,13.75,70.25,237.20281232622088,13.177934018123382,105.42347214498706,3519.0,-0.069000006,-0.048,0.08405356,0,0,0,461.8196989793255,144.43234956563003,0.45262641138929793,1.0,1.0,0.8180460378809377,0.9393486792936458,0.6959875453414719,1.0,0.6959875453414719
GRID_0250,INDIAN_MARINE,11.25,97.0,434.2777817301345,24.12654342945192,193.0123474356153,275.0,-0.0445,-0.128,0.13551477,0,0,0,1350.0108112733317,60.70142476230946,0.08983799705449191,0.2170481452249408,1.0,0.5930353471621108,0.6033611641290172,0.34659958059175455,1.0,0.34659958059175455
GRID_0251,INDIAN_MARINE,18.75,81.75,302.6702065259976,16.815011473666534,134.52009178933227,0.0,,,,0,0,0,365.1426790790962,212.2910136298729,0.32744231713303873,0.0,1.0,,0.5,0.41372115856651936,0.8,0.3309769268532155
GRID_0252,INDIAN_MARINE,8.0,70.0,347.9525955912028,19.33069975506682,154.64559804053457,4459.0,0.132,-0.024,0.13416408,0,0,1,773.8306821827697,4.564399406645552,0.2405498281786942,1.0,0.6666666666666666,0.5989411486356288,0.7552026051007651,0.49787621663972964,1.0,0.49787621663972964
GRID_0253,INDIAN_MARINE,5.0,76.25,323.1150976760488,17.95083875978049,143.6067100782439,2517.0,-0.094,0.224,0.24292386,0,0,0,376.5476994537695,47.95201731448999,0.28718703976435933,1.0,1.0,0.12339630193988153,0.7077987673132938,0.4974929035388266,1.0,0.4974929035388266
GRID_0254,INDIAN_MARINE,7.25,89.5,495.63486091361966,27.535270050756647,220.2821604060532,3420.0,-0.2315,0.056500003,0.23829499,0,0,0,1162.421089778229,37.86689820671455,0.00589101620029453,1.0,1.0,0.1436357256912401,0.71454524189708,0.3602181290486873,1.0,0.3602181290486873
GRID_0255,INDIAN_MARINE,17.25,77.0,420.0833816432011,23.337965646844506,186.70372517475604,0.0,,,,0,0,0,323.1426967290845,411.4784315280005,0.11831124202258225,0.0,1.0,,0.5,0.3091556210112911,0.8,0.2473244968090329
GRID_0256,INDIAN_MARINE,10.25,96.75,430.0829866112532,23.89349925618073,191.14799404944583,347.0,-0.127,-0.1965,0.23396848,0,0,0,1448.7858104076834,57.85869715695651,0.09671084928816887,0.27387529597474347,1.0,0.16255310061308734,0.4788094655292769,0.28776015740872285,1.0,0.28776015740872285
GRID_0257,INDIAN_MARINE,8.25,75.25,121.1362031282972,6.729789062683178,53.838312501465424,2452.0,-0.031500004,-0.03850001,0.04974436,0,0,0,205.75020164457945,56.232960370172094,0.6553755522827688,1.0,1.0,0.968060714761065,0.9893535715870216,0.8223645619348952,1.0,0.8223645619348952
GRID_0258,INDIAN_MARINE,18.5,77.25,486.830685490576,27.04614919392089,216.36919355136712,0.0,,,,0,0,0,190.88318658084697,470.9334621722341,0.01669121256750128,0.0,1.0,,0.5,0.25834560628375064,0.8,0.20667648502700053
GRID_0259,INDIAN_MARINE,13.5,89.25,367.7488054737216,20.43048919298453,163.44391354387625,2963.0,-0.062000003,-0.042,0.07488658,0,0,1,827.3193927292497,4.453760044201485,0.20765832106038296,1.0,0.6666666666666666,0.8581280433682877,0.8415982366783181,0.5246282788693506,1.0,0.5246282788693506
GRID_0260,INDIAN_MARINE,5.0,74.0,396.0137173108535,22.0007620728252,176.00609658260157,2443.0,-0.24850002,0.333,0.4155012,0,0,0,517.6398940077431,35.04084298749532,0.15758468335787923,1.0,1.0,0.0,0.6666666666666666,0.41212567501227293,1.0,0.41212567501227293
GRID_0261,INDIAN_MARINE,11.5,88.5,418.1110750171046,23.22839305650581,185.8271444520465,3225.0,0.001500003,0.106000006,0.10601062,0,0,0,933.3438591119566,33.43303387877834,0.1207658321060383,1.0,1.0,0.7220402650521464,0.907346755017382,0.5140562935617101,1.0,0.5140562935617101
GRID_0262,INDIAN_MARINE,16.0,79.75,110.68815648006074,6.149342026670041,49.19473621336033,0.0,,,,0,0,0,352.6152173569206,77.78872002199877,0.6769759450171822,0.0,1.0,,0.5,0.5884879725085911,0.8,0.4707903780068729
GRID_0263,INDIAN_MARINE,9.25,92.0,171.18772902321876,9.51042939017882,76.08343512143057,1315.0,0.055,0.024500005,0.06021005,0,0,0,1373.5316330787607,75.30546680964056,0.5709376534118802,1.0,1.0,0.9223001868654107,0.9741000622884701,0.7725188578501752,1.0,0.7725188578501752
GRID_0264,INDIAN_MARINE,16.0,72.75,26.86188344226437,1.4923268579035764,11.938614863228612,110.0,-0.007,0.0435,0.04405962,0,0,0,126.60959621732648,74.09974980554115,0.9337260677466863,0.08681925808997633,1.0,0.9929168593009415,0.6932453724636393,0.8134857201051628,1.0,0.8134857201051628
GRID_0265,INDIAN_MARINE,9.5,83.75,378.2260145645194,21.012556364695524,168.1004509175642,3674.0,-0.2175,-0.058,0.22510053,0,0,0,478.9205928395275,86.0192463691857,0.19096710849288168,1.0,1.0,0.2013276174726797,0.7337758724908932,0.4623714904918874,1.0,0.4623714904918874
GRID_0266,INDIAN_MARINE,16.25,82.0,36.26818898404267,2.014899388002371,16.119195104018967,77.0,0.18200001,0.106000006,0.21061815,0,0,0,425.95161897110273,17.273352492938894,0.8792341678939617,0.06077348066298342,1.0,0.2646508531107947,0.441808111257926,0.6605211395759438,1.0,0.6605211395759438
GRID_0267,INDIAN_MARINE,5.25,76.5,293.6837801509835,16.31576556394353,130.52612451154823,2848.0,-0.0605,0.16600001,0.17668122,0,0,0,340.91196854185307,8.962264843535571,0.34658811978399606,1.0,1.0,0.41303780437324034,0.8043459347910801,0.5754670272875381,1.0,0.5754670272875381
GRID_0268,INDIAN_MARINE,17.75,73.0,35.86168204974136,1.992315669430076,15.938525355440603,18.0,0.0635,0.005500002,0.06373774,0,0,0,63.43871338187351,9.02415305751147,0.884634266077565,0.014206787687450671,1.0,0.9068755988399466,0.6403607955091324,0.7624975307933487,1.0,0.7624975307933487
GRID_0269,INDIAN_MARINE,10.5,68.0,430.8859112220403,23.93810617900224,191.50484943201792,4439.0,0.068,0.037000004,0.077414475,0,0,0,841.457293434501,67.37846450983483,0.09523809523809523,1.0,1.0,0.8470749919531604,0.94902499731772,0.5221315462779077,1.0,0.5221315462779077
GRID_0270,INDIAN_MARINE,13.5,69.25,308.3309654133654,17.1294980785203,137.0359846281624,4163.0,-0.09,0.051500004,0.10369306,0,0,0,576.013481384571,63.35463039031975,0.31860579283259693,1.0,1.0,0.7321736407808228,0.9107245469269409,0.6146651698797689,1.0,0.6146651698797689
GRID_0271,INDIAN_MARINE,12.25,78.75,155.16455107308633,8.620252837393686,68.96202269914949,0.0,,,,0,0,0,127.34112769839795,129.78495959784237,0.5964653902798233,0.0,1.0,,0.5,0.5482326951399117,0.8,0.43858615611192936
GRID_0272,INDIAN_MARINE,9.25,88.75,420.9665879221336,23.38703266234076,187.0962612987261,3467.0,0.079,0.079500005,0.11207699,0,0,0,1025.1479705068368,51.18812500965265,0.11634756995581741,1.0,1.0,0.6955154689220909,0.8985051563073636,0.5074263631315905,1.0,0.5074263631315905
GRID_0273,INDIAN_MARINE,20.25,76.75,441.4272569356753,24.523736496426405,196.18989197141124,0.0,,,,0,0,0,40.69132422542903,458.168148694968,0.07854688267059406,0.0,1.0,,0.5,0.28927344133529703,0.8,0.23141875306823764
GRID_0274,INDIAN_MARINE,14.0,94.25,196.31601873165047,10.906445485091693,87.25156388073354,701.0,0.1965,-0.172,0.26114413,0,0,0,968.9588600706984,22.935544279900604,0.5262641138929799,0.55327545382794,1.0,0.043729392868300916,0.5323349488987469,0.5292995313958634,1.0,0.5292995313958634
GRID_0275,INDIAN_MARINE,9.5,71.5,117.75905582759306,6.542169768199615,52.33735814559692,3414.0,-0.20750001,0.192,0.2827017,0,0,0,538.4878778448603,98.23383091692294,0.6632302405498282,1.0,1.0,0.0,0.6666666666666666,0.6649484536082474,1.0,0.6649484536082474
GRID_0276,INDIAN_MARINE,13.25,76.5,207.42971242699795,11.523872912610996,92.19098330088798,0.0,,,,0,0,0,94.78979512160724,189.9356463012392,0.5051546391752577,0.0,1.0,,0.5,0.5025773195876289,0.8,0.4020618556701031
GRID_0277,INDIAN_MARINE,8.5,90.0,354.3644278751221,19.686912659729003,157.49530127783203,2803.0,0.094500005,0.043500006,0.10403125,0,0,0,1181.4918024168587,63.7407193488903,0.23024054982817865,1.0,1.0,0.730694927678387,0.9102316425594623,0.5702360961938204,1.0,0.5702360961938204
GRID_0278,INDIAN_MARINE,12.0,83.25,266.79418490950707,14.821899161639282,118.57519329311424,3435.0,0.18450001,-0.078,0.2003104,0,0,0,350.8922755511112,34.60752922211766,0.397152675503191,1.0,1.0,0.30972079894488974,0.7699069329816299,0.5835298042424104,1.0,0.5835298042424104
GRID_0279,INDIAN_MARINE,9.25,68.5,441.8242993683048,24.54579440935027,196.36635527480212,4558.0,0.015999999,-0.0505,0.05297405,0,0,0,843.3352176510333,48.43865589011501,0.07805596465390274,1.0,1.0,0.9539391117574106,0.9846463705858035,0.5313511676198531,1.0,0.5313511676198531
GRID_0280,INDIAN_MARINE,16.75,93.25,402.5995397168954,22.36664109538308,178.93312876306464,2492.0,-0.0185,-0.08400001,0.086013086,0,0,0,641.1115449866353,108.21531537529208,0.14580265095729017,1.0,1.0,0.8094781418143371,0.9364927139381123,0.5411476824477013,1.0,0.5411476824477013
GRID_0281,INDIAN_MARINE,7.75,71.0,254.9339145679812,14.162995253776732,113.30396203021384,4118.0,0.269,0.13250001,0.29986206,0,0,0,674.503533724476,25.542945503349745,0.41678939617083943,1.0,1.0,0.0,0.6666666666666666,0.541728031418753,1.0,0.541728031418753
GRID_0282,INDIAN_MARINE,16.75,83.25,167.92612132429875,9.32922896246104,74.63383169968833,2606.0,0.128,0.043500006,0.13518968,0,0,0,357.682082993037,65.82002304418226,0.5758468335787923,1.0,1.0,0.5944567813927825,0.8648189271309275,0.7203328803548599,1.0,0.7203328803548599
GRID_0283,INDIAN_MARINE,12.5,68.0,411.331260829769,22.851736712764943,182.8138937021196,4231.0,-0.0585,0.023000002,0.06285897,0,0,0,748.4656258604422,39.61833325974085,0.13303878252331858,1.0,1.0,0.910717961751409,0.9702393205838029,0.5516390515535607,1.0,0.5516390515535607
GRID_0284,INDIAN_MARINE,9.0,74.75,132.79326616263094,7.377403675701719,59.01922940561375,2733.0,-0.0925,-0.0595,0.10998409,0,0,0,236.1138095501318,130.0002765345579,0.6332842415316642,1.0,1.0,0.7046665338621775,0.9015555112873924,0.7674198764095284,1.0,0.7674198764095284
GRID_0285,INDIAN_MARINE,9.5,94.0,183.2854473450962,10.182524852505344,81.46019882004276,3345.0,0.008499995,-0.229,0.2291577,0,0,0,1474.2960399227732,146.8409356035704,0.551791850760923,1.0,1.0,0.18358791364403473,0.7278626378813449,0.6398272443211339,1.0,0.6398272443211339
GRID_0286,INDIAN_MARINE,12.75,77.0,216.7150703214492,12.0397261289694,96.3178090317552,0.0,,,,0,0,0,47.292521786078765,214.8447373393732,0.4864997545409917,0.0,1.0,,0.5,0.49324987727049585,0.8,0.3945999018163967
GRID_0287,INDIAN_MARINE,12.5,80.25,28.81213241895485,1.6006740232752694,12.805392186202155,28.0,,,,0,0,0,43.06033822261167,8.668261286524201,0.9234167893961709,0.022099447513812154,1.0,,0.511049723756906,0.7172332565765385,0.8,0.5737866052612308
GRID_0288,INDIAN_MARINE,13.5,90.0,287.3138694123909,15.961881634021715,127.69505307217372,2917.0,-0.11400001,0.0885,0.14431997,0,0,0,872.2944025124056,78.20130228131436,0.3564064801178203,1.0,1.0,0.5545352004707016,0.8515117334902338,0.6039591068040271,1.0,0.6039591068040271
GRID_0289,INDIAN_MARINE,19.5,69.75,259.9380661843912,14.44100367691062,115.52802941528496,108.0,-0.0195,0.108,0.1097463,0,0,0,356.07428570879523,184.7427797399979,0.4104074619538537,0.08524072612470403,1.0,0.7057062546955202,0.5969823269400747,0.5036948944469641,1.0,0.5036948944469641
GRID_0290,INDIAN_MARINE,14.0,69.25,337.0665083590954,18.725917131060854,149.80733704848683,4095.0,-0.025,0.05,0.055901702,0,0,0,558.733976746762,37.05343607191156,0.26067746686303384,1.0,1.0,0.9411381496598549,0.9803793832199516,0.6205284250414926,1.0,0.6205284250414926
GRID_0291,INDIAN_MARINE,9.75,72.0,56.372038921861815,3.131779940103434,25.054239520827476,2425.0,-0.11900001,0.19100001,0.22503778,0,0,0,476.9635848424843,35.91792516590061,0.7913598429062346,1.0,1.0,0.20160198764086282,0.7338673292136209,0.7626135860599277,1.0,0.7626135860599277
GRID_0292,INDIAN_MARINE,16.0,90.5,388.34277662637993,21.57459870146555,172.5967896117244,2517.0,0.136,0.09150001,0.16391538,0,0,0,671.6560342923447,19.224943810381657,0.1693667157584683,1.0,1.0,0.4688555839397532,0.822951861313251,0.49615928853585967,1.0,0.49615928853585967
GRID_0293,INDIAN_MARINE,21.5,70.0,297.933303131561,16.55185017397561,132.41480139180487,0.0,,,,0,0,0,120.8761725559274,133.06712190772677,0.3382425135002455,0.0,1.0,,0.5,0.41912125675012274,0.8,0.3352970054000982
GRID_0294,INDIAN_MARINE,11.0,69.25,283.8510578204408,15.76950321224671,126.15602569797367,4417.0,0.026500002,-0.030000001,0.040028118,0,0,0,691.2824391496666,82.72474986666704,0.36377025036818855,1.0,1.0,1.0,1.0,0.6818851251840943,1.0,0.6818851251840943
GRID_0295,INDIAN_MARINE,8.25,74.75,166.02685780778145,9.223714322654525,73.7897145812362,2760.0,-0.058500003,-0.103,0.11845358,0,0,0,259.35833860786875,46.10517402563465,0.5802650957290132,1.0,1.0,0.6676342566394655,0.8892114188798218,0.7347382573044174,1.0,0.7347382573044174
GRID_0296,INDIAN_MARINE,14.0,69.75,295.1462092688818,16.39701162604899,131.17609300839192,4014.0,-0.045500003,-0.0145,0.047754582,0,0,0,505.1151670866375,83.01987777893459,0.34413352970054,1.0,1.0,0.9767608856695439,0.9922536285565146,0.6681935791285273,1.0,0.6681935791285273
GRID_0297,INDIAN_MARINE,18.25,80.0,282.1059187969622,15.67255104427568,125.38040835420544,0.0,,,,0,0,0,437.1750751971345,293.71425319878307,0.36720667648502703,0.0,1.0,,0.5,0.4336033382425135,0.8,0.34688267059401084
GRID_0298,INDIAN_MARINE,6.0,72.0,305.15111741555114,16.95283985641951,135.62271885135607,2540.0,-0.187,0.0465,0.19269471,0,0,0,640.1078458277144,63.94492139541403,0.32400589101620025,1.0,1.0,0.3430198929071278,0.7810066309690425,0.5525062609926215,1.0,0.5525062609926215
GRID_0299,INDIAN_MARINE,15.25,76.0,238.2005444222929,13.233363579016272,105.86690863213018,0.0,,,,0,0,0,210.16558538999595,208.45508265192512,0.44968090328915067,0.0,1.0,,0.5,0.47484045164457533,0.8,0.37987236131566027
GRID_0300,INDIAN_MARINE,12.0,90.5,234.06410110718784,13.003561172621549,104.02848938097236,3106.0,0.13450001,0.05,0.14349304,0,0,0,1046.1394716144737,184.25378179946296,0.4555719194894453,1.0,1.0,0.5581508964575648,0.8527169654858548,0.6541444424876501,1.0,0.6541444424876501
GRID_0301,INDIAN_MARINE,15.5,82.75,83.59840591572531,4.644355884206962,37.154847073655695,2822.0,0.347,-0.0225,0.3477287,0,0,0,404.03251789373087,132.17657880742482,0.7191948944526264,1.0,1.0,0.0,0.6666666666666666,0.6929307805596465,1.0,0.6929307805596465
GRID_0302,INDIAN_MARINE,12.75,71.0,103.40735960780653,5.744853311544807,45.958826492358455,2420.0,-0.0335,-0.060500003,0.069155626,0,0,0,444.1943538454111,104.62156110952208,0.6877761413843888,1.0,1.0,0.8831862555249358,0.9610620851749785,0.8244191132796836,1.0,0.8244191132796836
GRID_0303,INDIAN_MARINE,11.75,78.25,197.04773926952208,10.94709662608456,87.57677300867648,0.0,,,,0,0,0,86.66599886765943,170.76280580927698,0.5247913598429063,0.0,1.0,,0.5,0.5123956799214531,0.8,0.4099165439371625
GRID_0304,INDIAN_MARINE,19.75,73.5,102.97791956439276,5.720995531355154,45.76796425084123,0.0,,,,0,0,0,70.49595549532226,91.56364651457862,0.68826705940108,0.0,1.0,,0.5,0.59413352970054,0.8,0.47530682376043204
GRID_0305,INDIAN_MARINE,16.25,73.75,59.8719013464068,3.3262167414670447,26.60973393173636,0.0,,,,0,0,0,12.125953145649568,40.82215778188904,0.7844869906725577,0.0,1.0,,0.5,0.6422434953362788,0.8,0.513794796269023
GRID_0306,INDIAN_MARINE,7.5,93.0,350.322869424882,19.462381634715666,155.69905307772532,2479.0,0.041,-0.124000005,0.13060245,0,0,0,1532.9259140754943,43.93382894623237,0.23564064801178208,1.0,1.0,0.6145141370357244,0.8715047123452414,0.5535726801785117,1.0,0.5535726801785117
GRID_0307,INDIAN_MARINE,6.25,79.75,357.1603616526958,19.842242314038657,158.73793851230926,1288.0,-0.043000005,0.33850002,0.34122026,0,0,0,332.1311112842751,166.11139078205727,0.22484045164457533,1.0,1.0,0.0,0.6666666666666666,0.445753559155621,1.0,0.445753559155621
GRID_0308,INDIAN_MARINE,6.5,70.5,369.7913750853381,20.543965282518784,164.35172226015027,4021.0,-0.053000003,0.087000005,0.101872474,0,0,0,769.6473206140133,142.2777869892162,0.20422189494354448,1.0,1.0,0.7401340310120869,0.9133780103373622,0.5587999526404533,1.0,0.5587999526404533
GRID_0309,INDIAN_MARINE,18.5,77.5,474.118321240024,26.339906735556887,210.7192538844551,0.0,,,,0,0,0,204.3952840861056,462.0592752443053,0.031909671084928815,0.0,1.0,,0.5,0.2659548355424644,0.8,0.21276386843397155
GRID_0310,INDIAN_MARINE,11.75,72.0,17.63679033675435,0.9798216853752416,7.838573483001933,1665.0,0.165,0.0675,0.17827298,0,0,0,379.8911387925326,21.65070113280652,0.9739813451153657,1.0,1.0,0.4060779404862738,0.8020259801620913,0.8880036626387284,1.0,0.8880036626387284
GRID_0311,INDIAN_MARINE,11.0,76.75,119.41859361549008,6.634366311971672,53.07493049577337,0.0,,,,0,0,0,28.145764123511533,95.19271243374848,0.6597938144329897,0.0,1.0,,0.5,0.5798969072164948,0.8,0.46391752577319584
GRID_0312,INDIAN_MARINE,15.75,68.5,448.1590345156215,24.89772413975675,199.181793118054,3796.0,-0.0995,0.2055,0.22832105,0,0,0,597.5710438849604,155.06274208045525,0.06872852233676974,1.0,1.0,0.1872461096792602,0.7290820365597533,0.39890527944826154,1.0,0.39890527944826154
GRID_0313,INDIAN_MARINE,9.0,75.0,105.68935765148656,5.871630980638142,46.973047845105135,2633.0,-0.12900001,-0.0485,0.13781601,0,0,0,208.68212340091563,128.67821518994552,0.6843397152675503,1.0,1.0,0.5829733295393268,0.8609911098464422,0.7726654125569963,1.0,0.7726654125569963
GRID_0314,INDIAN_MARINE,19.75,68.5,389.2226738693355,21.62348188162975,172.987855053038,2982.0,0.09150001,-0.0335,0.09743973,0,0,0,374.56252802687067,155.52024177042983,0.16740304369170345,1.0,1.0,0.7595159069769104,0.9198386356589701,0.5436208396753368,1.0,0.5436208396753368
GRID_0315,INDIAN_MARINE,12.25,78.0,232.2982599787805,12.905458887710028,103.24367110168022,0.0,,,,0,0,0,119.40829972295452,207.9443963025207,0.459499263622975,0.0,1.0,,0.5,0.4797496318114875,0.8,0.38379970544919
GRID_0316,INDIAN_MARINE,10.25,79.5,114.71172466203564,6.3728735923353135,50.98298873868251,3.0,,,,0,0,0,22.9794842945956,35.16295708972668,0.6676485027000492,0.0023677979479084454,1.0,,0.5011838989739542,0.5844162008370017,0.8,0.4675329606696014
GRID_0317,INDIAN_MARINE,12.5,84.75,421.52442314592207,23.41802350810678,187.34418806485425,3308.0,-0.089,0.039,0.09716995,0,0,0,504.0282326900455,117.74640490957738,0.11291114383897893,1.0,1.0,0.7606955019406145,0.9202318339802048,0.5165714889095918,1.0,0.5165714889095918
GRID_0318,INDIAN_MARINE,12.0,83.5,293.3157928522389,16.295321825124386,130.3625746009951,3430.0,0.178,-0.125,0.21750632,0,0,0,377.5324472404242,7.642960282169224,0.3480608738340697,1.0,1.0,0.23453279157495635,0.7448442638583187,0.5464525688461942,1.0,0.5464525688461942
GRID_0319,INDIAN_MARINE,7.75,78.25,134.92618221218882,7.495899011788268,59.96719209430614,1176.0,-0.11650001,-0.0455,0.12506999,0,0,0,98.86057124648136,59.21794441186102,0.6273932253313697,0.9281767955801105,1.0,0.6387044474845904,0.8556270810215669,0.7415101531764683,1.0,0.7415101531764683
GRID_0320,INDIAN_MARINE,13.0,73.5,15.826375275883994,0.8792430708824441,7.033944567059553,141.0,-0.0255,0.034500003,0.04290105,0,0,0,167.1880504816787,132.3845162806373,0.9808541973490427,0.11128650355169692,1.0,0.9979826289543584,0.7030897108353518,0.8419719540921973,1.0,0.8419719540921973
GRID_0321,INDIAN_MARINE,12.75,74.0,49.49095349693314,2.7494974164962853,21.995979331970283,836.0,-0.007999999,0.064,0.06449807,0,0,0,131.56889194878036,88.91629244094538,0.8213058419243986,0.65982636148382,1.0,0.903551106888159,0.8544591561239929,0.8378824990241958,1.0,0.8378824990241958
GRID_0322,INDIAN_MARINE,7.5,76.75,46.07153772756784,2.5595298737537693,20.476238990030154,1117.0,-0.020000001,0.17500001,0.17613916,0,0,0,103.13615865061156,110.5135049688466,0.831615120274914,0.8816101026045777,1.0,0.41540792538304655,0.7656726759958747,0.7986438981353944,1.0,0.7986438981353944
GRID_0323,INDIAN_MARINE,9.75,94.0,165.09136879385468,9.171742710769704,73.37394168615764,3328.0,0.022500008,-0.2045,0.20573406,0,0,0,1446.1645765149865,154.34486943499027,0.5832106038291605,1.0,1.0,0.2860062092019732,0.7620020697339911,0.6726063367815758,1.0,0.6726063367815758
GRID_0324,INDIAN_MARINE,5.0,74.25,403.1011434232773,22.39450796795985,179.1560637436788,2588.0,-0.236,0.33350003,0.4085563,0,0,0,497.8219134903869,62.80292211453416,0.14531173294059896,1.0,1.0,0.0,0.6666666666666666,0.4059891998036328,1.0,0.4059891998036328
GRID_0325,INDIAN_MARINE,15.75,81.0,24.685988383099197,1.3714437990610664,10.971550392488531,1.0,,,,0,0,1,331.0565858844459,0.9508174174250345,0.9440353460972017,0.0007892659826361484,0.6666666666666666,,0.3337279663246514,0.6388816562109265,0.8,0.5111053249687413
GRID_0326,INDIAN_MARINE,14.25,71.25,232.67716686161555,12.926509270089753,103.41207416071802,2057.0,-0.0985,-0.09200001,0.13478224,0,0,0,337.3852221809846,174.7920547057934,0.45802650957290136,1.0,1.0,0.5962382854776355,0.8654127618258785,0.66171963569939,1.0,0.66171963569939
GRID_0327,INDIAN_MARINE,12.0,77.75,253.7871643730343,14.099286909613015,112.79429527690414,0.0,,,,0,0,0,85.25107733142747,228.80474586133383,0.4187530682376043,0.0,1.0,,0.5,0.45937653411880214,0.8,0.36750122729504175
GRID_0328,INDIAN_MARINE,10.5,93.5,78.36336470235362,4.353520261241868,34.82816208993494,1434.0,-0.064,-0.054000005,0.083737694,0,0,0,1357.8847150275062,119.69343107710608,0.7314678448699068,1.0,1.0,0.8194271407899947,0.9398090469299982,0.8356384458999525,1.0,0.8356384458999525
GRID_0329,INDIAN_MARINE,16.75,72.5,22.82220174548216,1.267900096971231,10.143200775769849,80.0,-0.016,0.028,0.03224903,0,0,0,139.96624847549128,86.90046977172078,0.9513991163475699,0.06314127861089187,1.0,1.0,0.6877137595369639,0.8195564379422668,1.0,0.8195564379422668
GRID_0330,INDIAN_MARINE,13.0,91.75,98.12559473191044,5.45142192955058,43.61137543640464,3012.0,0.046499997,0.0045000017,0.04671723,0,0,0,1037.768687868951,101.43537375962876,0.6926853215513009,1.0,1.0,0.9812966377445254,0.9937655459148418,0.8432254337330714,1.0,0.8432254337330714
GRID_0331,INDIAN_MARINE,10.25,79.0,163.16890364964289,9.064939091646828,72.51951273317462,0.0,,,,0,0,0,61.566180360831176,72.48300907936611,0.5861561119293078,0.0,1.0,,0.5,0.543078055964654,0.8,0.4344624447717232
GRID_0332,INDIAN_MARINE,14.75,73.75,24.006232676382528,1.3336795931323626,10.6694367450589,58.0,0.049000002,-0.093,0.10511898,0,0,0,68.30463434031111,33.631469248088635,0.9450171821305842,0.04577742699289661,1.0,0.7259389011757924,0.590572109389563,0.7677946457600735,1.0,0.7677946457600735
GRID_0333,INDIAN_MARINE,11.75,70.75,110.3030483802962,6.127947132238678,49.02357705790942,3269.0,0.13400002,-0.0195,0.13541143,0,0,0,504.191598260492,110.91428374857551,0.6779577810505646,1.0,1.0,0.5934871943841035,0.8644957314613677,0.7712267562559662,1.0,0.7712267562559662
GRID_0334,INDIAN_MARINE,15.75,93.5,300.7184535226821,16.70658075126012,133.65264601008096,2287.0,-0.0185,-0.120500006,0.12191186,0,0,0,758.7626604101578,77.8227921445776,0.3338242513500246,1.0,1.0,0.6525131591856921,0.8841710530618974,0.608997652205961,1.0,0.608997652205961
GRID_0335,INDIAN_MARINE,15.0,76.5,279.7305599771652,15.540586665398068,124.32469332318456,0.0,,,,0,0,0,223.6445001392368,246.9890679717965,0.3711340206185567,0.0,1.0,,0.5,0.43556701030927836,0.8,0.3484536082474227
GRID_0336,INDIAN_MARINE,17.25,74.5,174.84408692596878,9.713560384776043,77.70848307820835,0.0,,,,0,0,0,69.32733048419949,141.1958930196989,0.5655375552282769,0.0,1.0,,0.5,0.5327687776141384,0.8,0.4262150220913108
GRID_0337,INDIAN_MARINE,11.5,91.5,112.8649552804408,6.270275293357822,50.16220234686258,3311.0,0.009999998,-0.038500004,0.03977751,0,0,0,1154.855002386191,77.79685051935049,0.6730486008836525,1.0,1.0,1.0,1.0,0.8365243004418262,1.0,0.8365243004418262
GRID_0338,INDIAN_MARINE,10.25,84.75,462.0895370084278,25.671640944912653,205.3731275593012,3548.0,-0.20500001,-0.072000004,0.21727633,0,0,0,565.7850083609021,50.66742672064009,0.04761904761904767,1.0,1.0,0.2355384074312183,0.7451794691437394,0.39639925838139356,1.0,0.39639925838139356
GRID_0339,INDIAN_MARINE,20.5,77.25,495.476787280456,27.526488182247554,220.21190545798044,0.0,,,,0,0,0,101.92809002967785,518.2773903239588,0.006381934216985741,0.0,1.0,,0.5,0.25319096710849287,0.8,0.2025527736867943
GRID_0340,INDIAN_MARINE,9.0,71.25,171.04729062792438,9.50262725710691,76.02101805685528,3878.0,-0.13400002,0.1945,0.23619114,0,0,0,594.8573167607345,117.70543444437816,0.5714285714285714,1.0,1.0,0.15283466877222884,0.7176115562574096,0.6445200638429904,1.0,0.6445200638429904
GRID_0341,INDIAN_MARINE,10.5,69.75,255.51985469421416,14.195547483011898,113.5643798640952,4492.0,0.07350001,0.1035,0.1269429,0,0,0,662.5583485909126,116.86809361151138,0.4153166421207658,1.0,1.0,0.6305152740711748,0.8768384246903915,0.6460775334055786,1.0,0.6460775334055786
GRID_0342,INDIAN_MARINE,16.25,77.5,322.18095278243595,17.898941821246442,143.19153456997154,0.0,,,,0,0,0,383.8954067981029,314.3158689559166,0.291114383897889,0.0,1.0,,0.5,0.3955571919489445,0.8,0.3164457535591556
GRID_0343,INDIAN_MARINE,6.75,82.25,474.9746129528162,26.38747849737868,211.0998279790294,3904.0,-0.0325,-0.12600002,0.130124,0,0,0,434.5769736997079,326.4956090690948,0.030436917034855182,1.0,1.0,0.6166061275850028,0.8722020425283342,0.4513194797815947,1.0,0.4513194797815947
GRID_0344,INDIAN_MARINE,7.75,94.0,347.947960507052,19.33044225039178,154.64353800313424,1786.0,-0.0014999993,-0.081,0.08101389,0,0,0,1633.1793390774665,69.06356964838658,0.2410407461953854,1.0,1.0,0.8313367911737051,0.943778930391235,0.5924098382933102,1.0,0.5924098382933102
GRID_0345,INDIAN_MARINE,16.25,79.25,165.25786746952286,9.180992637195716,73.44794109756572,0.0,,,,0,0,0,392.8780311055581,138.19634139613166,0.5827196858124692,0.0,1.0,,0.5,0.5413598429062346,0.8,0.43308787432498774
GRID_0346,INDIAN_MARINE,20.5,72.75,70.35769896341867,3.9087610535232593,31.270088428186074,15.0,,,,0,0,0,155.6495389231905,75.441813602509,0.7501227295041728,0.011838989739542225,1.0,,0.5059194948697711,0.6280211121869719,0.8,0.5024168897495775
GRID_0347,INDIAN_MARINE,14.75,90.5,289.01327870512193,16.056293261395663,128.4503460911653,2732.0,-0.015500002,0.000500001,0.015508064,0,0,0,795.8708131442968,75.48714137733631,0.353460972017673,1.0,1.0,1.0,1.0,0.6767304860088366,1.0,0.6767304860088366
GRID_0348,INDIAN_MARINE,11.75,91.5,130.79555845407685,7.266419914115381,58.131359312923045,3209.0,0.022,-0.0145000005,0.026348624,0,0,0,1131.681830492893,79.8483438446418,0.6377025036818851,1.0,1.0,1.0,1.0,0.8188512518409425,1.0,0.8188512518409425
GRID_0349,INDIAN_MARINE,15.25,80.5,4.515523809375112,0.2508624338541729,2.006899470833383,112.0,0.197,0.15,0.24760655,0,0,0,263.68093927711107,32.45629444869388,0.9960726558664703,0.08839779005524862,1.0,0.10292155384666439,0.3971064479673043,0.6965895519168873,1.0,0.6965895519168873
GRID_0350,INDIAN_MARINE,14.5,72.75,74.96037411280815,4.164465228489342,33.315721827914736,1182.0,-0.043,0.13450001,0.14120641,0,0,0,172.96539421797343,145.74672388030385,0.7407952871870398,0.9329123914759274,1.0,0.5681490328348164,0.8336871414369146,0.7872412143119771,1.0,0.7872412143119771
GRID_0351,INDIAN_MARINE,21.5,74.25,251.2630607919964,13.959058932888688,111.6724714631095,0.0,,,,0,0,0,115.46379856858157,266.74123901610665,0.4231713303878253,0.0,1.0,,0.5,0.46158566519391264,0.8,0.3692685321551301
GRID_0352,INDIAN_MARINE,13.5,80.5,32.30347895723957,1.7946377198466428,14.357101758773142,73.0,,,,0,0,0,67.88287733818905,20.20321319872586,0.9037800687285223,0.05761641673243883,1.0,,0.5288082083662194,0.7162941385473709,0.8,0.5730353108378967
GRID_0353,INDIAN_MARINE,11.75,80.5,26.73872488377024,1.4854847157650133,11.883877726120106,2315.0,0.041,0.22150001,0.22526264,0,0,0,84.76444358016344,72.23000078638006,0.9342169857633775,1.0,1.0,0.2006188023656811,0.7335396007885603,0.833878293275969,1.0,0.833878293275969
GRID_0354,INDIAN_MARINE,12.5,82.75,205.4287992158366,11.412711067546477,91.3016885403718,3425.0,0.074,-0.072000004,0.103247285,0,0,0,283.2199470017714,100.96961426858849,0.5120274914089347,1.0,1.0,0.7341227620831627,0.9113742540277209,0.7117008727183278,1.0,0.7117008727183278
GRID_0355,INDIAN_MARINE,7.5,75.0,176.42663163505418,9.801479535280787,78.4118362822463,2779.0,0.065000005,0.07,0.09552487,0,0,0,266.8980684051838,13.827283918753144,0.5616102110947472,1.0,1.0,0.76788850395296,0.9226295013176533,0.7421198562062002,1.0,0.7421198562062002
GRID_0356,INDIAN_MARINE,10.5,93.25,52.02154862599348,2.890086034777416,23.12068827821933,2658.0,-0.0235,-0.015500002,0.028151376,0,0,0,1356.8464190710772,92.61030189477302,0.8070692194403535,1.0,1.0,1.0,1.0,0.9035346097201767,1.0,0.9035346097201767
GRID_0357,INDIAN_MARINE,7.25,95.25,463.9886785037564,25.77714880576424,206.21719044611396,2126.0,-0.21000002,-0.07350001,0.22249104,0,0,0,1741.986927144393,13.546114118815227,0.044673539518900296,1.0,1.0,0.2127374375551043,0.7375791458517014,0.39112634268530083,1.0,0.39112634268530083
GRID_0358,INDIAN_MARINE,20.0,69.0,337.8459233877478,18.769217965985987,150.1537437278879,1928.0,-0.024500001,0.0385,0.04563442,0,0,0,323.6767128065096,215.73943711598648,0.2596956308296514,1.0,1.0,0.9860311518769612,0.9953437172923203,0.6275196740609859,1.0,0.6275196740609859
GRID_0359,INDIAN_MARINE,5.0,72.5,393.6264797240984,21.86813776244991,174.94510209959927,2527.0,-0.1665,0.11450001,0.20207055,0,0,0,649.0196838124748,18.56423222955352,0.16151202749140892,1.0,1.0,0.30202466107194154,0.7673415536906472,0.46442679059102804,1.0,0.46442679059102804
GRID_0360,INDIAN_MARINE,13.0,69.25,287.52720742311243,15.973733745728468,127.78986996582776,4214.0,-0.067,0.060000002,0.08993887,0,0,0,598.2482078923167,81.86012688371154,0.35591556210112907,1.0,1.0,0.7923129144624557,0.9307709714874852,0.6433432667943071,1.0,0.6433432667943071
GRID_0361,INDIAN_MARINE,13.75,78.25,243.6032446185571,13.53351358991984,108.26810871935872,0.0,,,,0,0,0,219.99901092796145,222.953377177851,0.4408443789887089,0.0,1.0,,0.5,0.47042218949435444,0.8,0.37633775159548355
GRID_0362,INDIAN_MARINE,17.25,94.25,483.9329676628095,26.885164870156085,215.08131896124868,124.0,-0.071,0.021,0.07404053,0,0,1,600.388853763942,3.6440705591862095,0.018654884634266122,0.0978689818468824,0.6666666666666666,0.8618273402733286,0.5421209962622926,0.28038794044827936,1.0,0.28038794044827936
GRID_0363,INDIAN_MARINE,18.5,84.75,412.2239853727003,22.901332520705573,183.21066016564455,521.0,0.42150003,0.1225,0.43894023,0,0,0,100.62585642922924,38.21021676292338,0.13156602847324494,0.4112075769534333,1.0,0.0,0.4704025256511444,0.30098427706219466,1.0,0.30098427706219466
GRID_0364,INDIAN_MARINE,20.0,83.0,465.3427191603772,25.852373286687623,206.81898629350096,0.0,,,,0,0,0,183.36257022288996,224.3584418422883,0.04270986745213545,0.0,1.0,,0.5,0.2713549337260677,0.8,0.2170839469808542
GRID_0365,INDIAN_MARINE,13.25,78.75,194.3447790020161,10.796932166778673,86.37545733422938,0.0,,,,0,0,0,141.75030300320927,174.48359579027846,0.5287187039764359,0.0,1.0,,0.5,0.5143593519882179,0.8,0.41148748159057436
GRID_0366,INDIAN_MARINE,6.25,72.5,258.96068902389857,14.386704945772143,115.09363956617716,635.0,-0.1685,0.125,0.20980288,0,0,0,577.8613005626167,6.3320520664446365,0.4118802160039273,0.5011838989739542,1.0,0.26821556652935485,0.5897998218344364,0.5008400189191818,1.0,0.5008400189191818
GRID_0367,INDIAN_MARINE,11.75,88.25,450.3267488653337,25.01815271474076,200.1452217179261,3238.0,0.001000002,0.047500007,0.047510535,0,0,0,901.298914609864,61.39158386597067,0.06480117820324005,1.0,1.0,0.9778279648159117,0.9926093216053038,0.5287052499042719,1.0,0.5287052499042719
GRID_0368,INDIAN_MARINE,17.5,92.5,480.82854166639777,26.71269675924432,213.70157407395456,2343.0,0.17,-0.012,0.170423,0,0,0,554.6673131274301,185.0422967146438,0.021109474717722176,1.0,1.0,0.44040145176649786,0.8134671505888326,0.41728831265327737,1.0,0.41728831265327737
GRID_0369,INDIAN_MARINE,6.75,91.5,454.11676727517073,25.22870929306504,201.82967434452036,3696.0,-0.39000002,0.17250001,0.4264461,0,0,0,1391.728328798829,143.05803271237485,0.05841924398625431,1.0,1.0,0.0,0.6666666666666666,0.36254295532646047,1.0,0.36254295532646047
GRID_0370,INDIAN_MARINE,18.5,78.0,442.78588447632393,24.599215804240217,196.79372643392173,0.0,,,,0,0,0,238.92605950316425,427.7655927628479,0.0760922925871379,0.0,1.0,,0.5,0.28804614629356895,0.8,0.23043691703485517
GRID_0371,INDIAN_MARINE,18.75,84.75,431.5750328861196,23.976390715895533,191.81112572716427,54.0,0.425,0.068,0.43040562,0,0,0,72.52236773212717,16.26082873815775,0.09425625920471281,0.042620363062352014,1.0,0.0,0.34754012102078397,0.2208981901127484,1.0,0.2208981901127484
GRID_0372,INDIAN_MARINE,14.0,77.5,322.08442697476,17.893579276375554,143.14863421100443,0.0,,,,0,0,0,200.38094216991288,304.2017875216193,0.29209621993127144,0.0,1.0,,0.5,0.3960481099656357,0.8,0.3168384879725086
GRID_0373,INDIAN_MARINE,13.25,91.75,96.59633847015542,5.366463248341968,42.93170598673574,3090.0,0.063999996,0.020999998,0.06735725,0,0,0,1015.1513138542382,105.8672436031246,0.6966126656848306,1.0,1.0,0.8910495340201785,0.9636831780067261,0.8301479218457783,1.0,0.8301479218457783
GRID_0374,INDIAN_MARINE,19.75,70.25,206.43545916715604,11.468636620397556,91.74909296318046,85.0,0.024,-0.006,0.024738634,0,0,0,307.3078579444631,128.39453765121505,0.5090819833087874,0.06708760852407261,1.0,1.0,0.6890292028413575,0.5990555930750725,1.0,0.5990555930750725
GRID_0375,INDIAN_MARINE,5.0,78.75,385.4996785000656,21.4166488055592,171.33319044447362,4174.0,0.23250002,0.054000005,0.23868862,0,0,0,380.3424661345396,140.74659092068177,0.17623956799214535,1.0,1.0,0.14191460490555227,0.7139715349685174,0.4451055514803314,1.0,0.4451055514803314
GRID_0376,INDIAN_MARINE,17.0,76.25,336.309492958054,18.68386071989189,149.47088575913511,0.0,,,,0,0,0,257.4615117075271,331.20727659893566,0.2626411389297987,0.0,1.0,,0.5,0.38132056946489934,0.8,0.3050564555719195
GRID_0377,INDIAN_MARINE,5.25,71.25,417.989174173576,23.22162078742089,185.7729662993671,3993.0,-0.14150001,0.0125,0.14205106,0,0,0,754.5076877426925,154.63832650335823,0.12125675012272952,1.0,1.0,0.5644558573359182,0.8548186191119727,0.4880376846173511,1.0,0.4880376846173511
GRID_0378,INDIAN_MARINE,9.75,96.25,390.5846659492965,21.69914810829425,173.593184866354,1018.0,-0.179,-0.059000004,0.18847282,0,0,1,1488.0633975425844,2.831550653315216,0.1659302896416298,0.8034727703235991,0.6666666666666666,0.36147982389279454,0.6105397536276868,0.3882350216346583,1.0,0.3882350216346583
GRID_0379,INDIAN_MARINE,11.25,95.5,271.95246405989843,15.108470225549912,120.86776180439932,2662.0,-0.18,-0.120500006,0.21661083,0,0,0,1303.3623540036713,10.993810297333033,0.3848797250859106,1.0,1.0,0.2384482615654949,0.7461494205218315,0.5655145728038711,1.0,0.5655145728038711
GRID_0380,INDIAN_MARINE,20.5,70.0,245.5573338594168,13.642074103300931,109.13659282640744,62.0,0.0935,-0.0030000005,0.09354812,0,0,0,239.7500862671408,94.21692296288892,0.4369170348551792,0.0489344909234412,1.0,0.7765317108048477,0.6084887339094296,0.5227028843823044,1.0,0.5227028843823044
GRID_0381,INDIAN_MARINE,7.25,78.75,205.76708851874744,11.43150491770819,91.45203934166553,2491.0,-0.112500004,0.094500005,0.14692345,0,0,0,175.53872833453923,15.405138875906792,0.5110456553755522,1.0,1.0,0.5431516587103611,0.8477172195701204,0.6793814374728363,1.0,0.6793814374728363
GRID_0382,INDIAN_MARINE,10.75,69.0,318.3036086110762,17.683533811726456,141.46827049381164,4446.0,0.0515,-0.061000004,0.07983264,0,0,0,728.3842476741424,46.96654833184043,0.2984781541482573,1.0,1.0,0.8365017276066341,0.9455005758688779,0.6219893650085676,1.0,0.6219893650085676
GRID_0383,INDIAN_MARINE,16.25,77.0,372.0627729086347,20.670154050479702,165.36123240383765,0.0,,,,0,0,0,328.2433956956704,364.9299530269058,0.2007854688267059,0.0,1.0,,0.5,0.35039273441335295,0.8,0.2803141875306824
GRID_0384,INDIAN_MARINE,9.75,96.0,364.2117542144324,20.23398634524624,161.87189076196992,1903.0,-0.18850002,-0.009500001,0.18873926,0,0,0,1481.3765839987211,6.702753352923497,0.2140402552773687,1.0,1.0,0.3603148328551738,0.7867716109517245,0.5004059331145466,1.0,0.5004059331145466
GRID_0385,INDIAN_MARINE,6.5,82.0,490.54286092672027,27.25238116259557,218.01904930076452,3060.0,-0.0295,-0.10250001,0.10666068,0,0,0,432.9093647931394,344.3200985379481,0.01227295041728027,1.0,1.0,0.7191979212827581,0.9063993070942526,0.45933612875576646,1.0,0.45933612875576646
GRID_0386,INDIAN_MARINE,20.5,77.0,469.7318552595832,26.09621418108795,208.7697134487036,0.0,,,,0,0,0,81.34760000391702,491.0380433579386,0.03681885125184092,0.0,1.0,,0.5,0.26840942562592046,0.8,0.2147275405007364
GRID_0387,INDIAN_MARINE,16.25,85.25,347.96219497267595,19.331233054037558,154.64986443230043,2855.0,0.03549999,0.1365,0.14104077,0,0,0,361.3179854438153,123.6894603555717,0.23956799214531177,1.0,1.0,0.5688732826301607,0.8562910942100534,0.5479295431776826,1.0,0.5479295431776826
GRID_0388,INDIAN_MARINE,12.5,95.5,283.0393007853715,15.724405599187303,125.79524479349844,2595.0,0.090500005,-0.21900001,0.23696256,0,0,0,1165.0824521130314,5.819304051514874,0.3657339224349534,1.0,1.0,0.14946168653892503,0.7164872288463083,0.5411105756406309,1.0,0.5411105756406309
GRID_0389,INDIAN_MARINE,10.5,77.0,122.84936211208442,6.824964561782468,54.59971649425975,0.0,,,,0,0,0,14.26287399229914,101.31519656321365,0.6524300441826215,0.0,1.0,,0.5,0.5762150220913107,0.8,0.4609720176730486
GRID_0390,INDIAN_MARINE,11.0,85.0,478.06054957071126,26.55891942059507,212.47135536476057,3455.0,-0.10400001,-0.065000005,0.122641765,0,0,0,572.6743322914738,117.96322441209374,0.027491408934707917,1.0,1.0,0.6493216985066849,0.8831072328355616,0.45529932088513475,1.0,0.45529932088513475
GRID_0391,INDIAN_MARINE,12.0,91.5,151.71115342385153,8.428397412436196,67.42717929948957,3259.0,0.009500004,0.0085,0.012747552,0,0,0,1108.7317564702537,90.44637567844906,0.6018654884634267,1.0,1.0,1.0,1.0,0.8009327442317133,1.0,0.8009327442317133
GRID_0392,INDIAN_MARINE,11.25,88.75,387.0054506282905,21.500302812682804,172.00242250146243,3228.0,-0.020500004,0.16200002,0.16329193,0,0,0,965.9584600712572,6.522213569679575,0.1737849779086893,1.0,1.0,0.47158157726809996,0.8238605257560333,0.4988227518323613,1.0,0.4988227518323613
GRID_0393,INDIAN_MARINE,9.75,77.25,126.9715706204782,7.053976145582123,56.43180916465698,0.0,,,,0,0,0,16.06054062797751,107.59850386144656,0.6465390279823269,0.0,1.0,,0.5,0.5732695139911634,0.8,0.45861561119293076
GRID_0394,INDIAN_MARINE,7.5,80.5,350.883398583465,19.493522143525837,155.94817714820667,0.0,,,,0,0,0,237.8147613601825,186.9579936702312,0.23514972999509087,0.0,1.0,,0.5,0.36757486499754544,0.8,0.29405989199803634
GRID_0395,INDIAN_MARINE,9.75,96.75,443.6852556688862,24.64918087049368,197.19344696394944,368.0,-0.0935,-0.056500003,0.109245144,0,0,1,1502.8944969507766,1.5551837570953728,0.07363770250368185,0.2904498816101026,0.6666666666666666,0.7078975257075676,0.5550046913281123,0.31432119691589705,1.0,0.31432119691589705
GRID_0396,INDIAN_MARINE,10.75,69.75,242.34832160137373,13.463795644520763,107.7103651561661,4427.0,0.0685,0.0985,0.11997708,0,0,0,653.782149945639,125.58058628113804,0.4423171330387825,1.0,1.0,0.6609728550262867,0.8869909516754289,0.6646540423571057,1.0,0.6646540423571057
GRID_0397,INDIAN_MARINE,9.75,79.0,191.701036531664,10.650057585092444,85.20046068073955,0.0,,,,0,0,0,58.92666638726749,42.91263186565507,0.5331369661266568,0.0,1.0,,0.5,0.5165684830633284,0.8,0.4132547864506627
GRID_0398,INDIAN_MARINE,16.25,89.5,478.3810004833583,26.57672224907546,212.61377799260367,2548.0,0.18450001,0.2265,0.2921344,0,0,0,594.6898834886067,95.3817253265652,0.027000490918016706,1.0,1.0,0.0,0.6666666666666666,0.34683357879234167,1.0,0.34683357879234167
GRID_0399,INDIAN_MARINE,13.0,95.0,255.914862929841,14.217492384991168,113.73993907992934,1185.0,0.307,-0.0915,0.32034552,0,0,0,1096.7822853836572,55.74523358539061,0.4143348060873834,0.9352801894238358,1.0,0.0,0.645093396474612,0.5297141012809976,1.0,0.5297141012809976
GRID_0400,INDIAN_MARINE,10.75,88.5,411.2222396878829,22.84567998266016,182.7654398612813,3313.0,-0.044500005,0.2,0.20489083,0,0,0,951.8199766416412,36.39911170383395,0.1335297005400098,1.0,1.0,0.2896931758460696,0.7632310586153565,0.4483803795776831,1.0,0.4483803795776831
GRID_0401,INDIAN_MARINE,12.0,80.75,46.85731466619959,2.6031841481222,20.8254731849776,3046.0,0.07800001,0.259,0.27049032,0,0,0,115.6920856673782,84.15111505824339,0.8306332842415316,1.0,1.0,0.0028638036703516325,0.6676212678901172,0.7491272760658244,1.0,0.7491272760658244
GRID_0402,INDIAN_MARINE,14.0,90.75,223.4511920800947,12.413955115560816,99.31164092448654,2845.0,-0.0845,-0.076000005,0.11364968,0,0,0,878.2761047966853,131.27522370869264,0.47619047619047616,1.0,1.0,0.6886389873316543,0.896212995777218,0.686201735983847,1.0,0.686201735983847
GRID_0403,INDIAN_MARINE,9.5,72.5,51.58368842425124,2.8657604680139577,22.92608374411166,1844.0,-0.08,0.213,0.22752802,0,0,1,453.1395036627254,3.6387943238630847,0.8114874815905744,1.0,0.6666666666666666,0.19071358018881004,0.6191267489518255,0.7153071152712,1.0,0.7153071152712
GRID_0404,INDIAN_MARINE,9.75,72.75,28.45622898698884,1.5809016103882687,12.64721288310615,1859.0,-0.036,0.1305,0.13537449,0,0,0,413.5086927633019,40.48654376468912,0.9243986254295533,1.0,1.0,0.5936487120576125,0.8645495706858708,0.894474098057712,1.0,0.894474098057712
GRID_0405,INDIAN_MARINE,14.5,68.25,456.5118690935311,25.36177050519617,202.89416404156933,4000.0,0.094500005,0.17400001,0.19800569,0,0,0,656.523146459099,87.94213484862577,0.05449189985272462,1.0,1.0,0.31979798891004185,0.7732659963033472,0.41387894807803594,1.0,0.41387894807803594
GRID_0406,INDIAN_MARINE,15.5,74.25,94.69316520800557,5.260731400444754,42.08585120355803,0.0,,,,0,0,0,33.925985853411426,56.27847644218378,0.697594501718213,0.0,1.0,,0.5,0.5987972508591065,0.8,0.47903780068728524
GRID_0407,INDIAN_MARINE,12.5,76.5,156.39998413874318,8.688888007707954,69.51110406166363,0.0,,,,0,0,0,12.989456775704111,152.52008286358185,0.5940108001963672,0.0,1.0,,0.5,0.5470054000981837,0.8,0.43760432007854694
GRID_0408,INDIAN_MARINE,13.5,93.0,53.35682816807862,2.964268231559924,23.714145852479387,0.0,,,,0,0,0,1014.9259691628876,15.662703951375486,0.8016691212567502,0.0,1.0,,0.5,0.6508345606283751,0.8,0.5206676485027001
GRID_0409,INDIAN_MARINE,15.0,82.5,90.23161988130536,5.012867771183632,40.10294216946905,3057.0,0.342,-0.133,0.36695096,0,0,0,343.7624318752997,172.09607428051473,0.706921944035346,1.0,1.0,0.0,0.6666666666666666,0.6867943053510064,1.0,0.6867943053510064
GRID_0410,INDIAN_MARINE,19.5,79.25,440.9828517047984,24.499047316933243,195.99237853546597,0.0,,,,0,0,0,309.0259989825937,462.65514399107866,0.07952871870397649,0.0,1.0,,0.5,0.28976435935198824,0.8,0.2318114874815906
GRID_0411,INDIAN_MARINE,9.5,80.5,128.8835091319165,7.160194951773139,57.28155961418511,0.0,,,,0,0,0,141.9483975998805,81.60937184006856,0.6426116838487972,0.0,1.0,,0.5,0.5713058419243986,0.8,0.4570446735395189
GRID_0412,INDIAN_MARINE,9.75,69.75,298.2296560478568,16.568314224880933,132.54651379904746,4563.0,-0.0615,0.030500002,0.06864765,0,0,0,693.2928126314497,99.35963714226156,0.33726067746686306,1.0,1.0,0.8854073465297643,0.9618024488432547,0.6495315631550589,1.0,0.6495315631550589
GRID_0413,INDIAN_MARINE,17.5,69.0,320.9148952392089,17.82860529106716,142.62884232853727,3512.0,0.19600001,-0.067,0.20713523,0,0,0,473.7535941568938,30.725482907708336,0.2950417280314187,1.0,1.0,0.2798796873126803,0.7599598957708934,0.527500811901156,1.0,0.527500811901156
GRID_0414,INDIAN_MARINE,17.0,84.5,295.3055950704029,16.40586639280016,131.24693114240128,2818.0,0.19500002,0.39800003,0.44320315,0,0,0,277.8849289388091,144.3314652083383,0.3431516936671576,1.0,1.0,0.0,0.6666666666666666,0.5049091801669121,1.0,0.5049091801669121
GRID_0415,INDIAN_MARINE,12.75,82.25,150.86065329962756,8.381147405534865,67.04917924427892,3448.0,0.048499994,-0.075,0.089315444,0,0,0,224.2837529746639,160.98407592919537,0.6043200785468827,1.0,1.0,0.7950388028524115,0.9316796009508037,0.7679998397488432,1.0,0.7679998397488432
GRID_0416,INDIAN_MARINE,6.5,81.75,481.9564168416093,26.77535649120052,214.20285192960412,24.0,,,,0,0,0,413.6979333077494,354.351609324642,0.020127638684339755,0.018942383583267563,1.0,,0.5094711917916338,0.2647994152379868,0.8,0.21183953219038942
GRID_0417,INDIAN_MARINE,15.0,90.25,326.99974856975376,18.16665269831965,145.33322158655722,2691.0,0.057500005,0.0885,0.1055391,0,0,0,755.8258154689607,48.122814228031,0.2778595974472263,1.0,1.0,0.7241019546410181,0.9080339848803394,0.5929467911637829,1.0,0.5929467911637829
GRID_0418,INDIAN_MARINE,9.25,89.0,396.0219340778862,22.001218559882567,176.00974847906053,3453.0,0.051000003,0.043500006,0.06703171,0,0,0,1052.1888175923364,24.167240489910384,0.15709376534118802,1.0,1.0,0.8924729358456817,0.9641576452818938,0.5606257053115409,1.0,0.5606257053115409
GRID_0419,INDIAN_MARINE,7.25,77.75,115.88462285109686,6.438034602838715,51.50427682270972,219.0,-0.141,-0.020500004,0.14248246,0,0,0,105.28350508349126,83.11621880164779,0.6651939126165931,0.1728492501973165,1.0,0.5625695897573653,0.5784729466515606,0.6218334296340768,1.0,0.6218334296340768
GRID_0420,INDIAN_MARINE,12.5,75.0,26.360326649451306,1.4644625916361838,11.71570073308947,0.0,,,,0,0,1,47.77041130635039,3.010518817538492,0.9347079037800687,0.0,0.6666666666666666,,0.3333333333333333,0.634020618556701,0.8,0.5072164948453608
GRID_0421,INDIAN_MARINE,13.5,88.75,421.48163214083127,23.415646230046185,187.32516984036943,3001.0,-0.012500003,-0.1375,0.138067,0,0,0,796.6570649236436,59.437816310515935,0.11340206185567014,1.0,1.0,0.5818758925909239,0.8606252975303079,0.48701367969298903,1.0,0.48701367969298903
GRID_0422,INDIAN_MARINE,19.75,69.25,310.88007937819594,17.271115521010884,138.16892416808707,1253.0,-0.058,0.045500003,0.07371736,0,0,0,342.2817352200335,207.4738686854732,0.3136966126656848,0.988950276243094,1.0,0.8632403794327188,0.9507302185586042,0.6322134156121445,1.0,0.6322134156121445
GRID_0423,INDIAN_MARINE,10.0,76.0,13.072554917981,0.7262530509989444,5.810024407991556,30.0,0.041500002,-0.056500003,0.070103504,0,0,0,102.96760450481268,22.370615671983657,0.9847815414825725,0.02367797947908445,1.0,0.8790417225165363,0.6342399006652069,0.8095107210738897,1.0,0.8095107210738897
GRID_0424,INDIAN_MARINE,12.5,81.0,16.253473148169405,0.902970730453856,7.223765843630847,3247.0,0.133,0.27100003,0.3018775,0,0,0,96.22839400986936,88.25809427556035,0.9783996072655866,1.0,1.0,0.0,0.6666666666666666,0.8225331369661266,1.0,0.8225331369661266
GRID_0425,INDIAN_MARINE,16.5,82.75,108.44140857746233,6.024522698747907,48.19618158998325,1643.0,0.1145,-0.0024999976,0.11452729,0,0,0,413.23397929606216,41.79128621041925,0.6799214531173294,1.0,1.0,0.6848016964424243,0.8949338988141413,0.7874276759657354,1.0,0.7874276759657354
GRID_0426,INDIAN_MARINE,14.5,96.25,415.0479425432616,23.058219030181203,184.4657522414496,120.0,0.0635,0.0815,0.10331748,0,0,0,973.4795279605764,49.32935060898912,0.12420225822287678,0.0947119179163378,1.0,0.7338158391515991,0.609509252355979,0.3668557552894279,1.0,0.3668557552894279
GRID_0427,INDIAN_MARINE,12.75,96.75,420.2730528229323,23.34850293460735,186.7880234768588,253.0,0.016000003,-0.1145,0.1156125,0,0,0,1180.2947862429114,109.01460078501997,0.11782032400589104,0.19968429360694553,1.0,0.6800566884708865,0.6265803273592774,0.3722003256825842,1.0,0.3722003256825842
GRID_0428,INDIAN_MARINE,21.5,69.75,318.58329298939844,17.69907183274436,141.59257466195487,0.0,0.014,-0.052,0.05385165,0,0,0,126.99790663136066,133.1210520182443,0.2979872361315661,0.0,1.0,0.9501018645925102,0.65003395486417,0.47401059549786806,1.0,0.47401059549786806
GRID_0429,INDIAN_MARINE,18.75,84.5,413.9073030885198,22.994850171584435,183.95880137267548,0.0,,,,0,0,1,86.09557122749582,1.842320595049205,0.12714776632302405,0.0,0.6666666666666666,,0.3333333333333333,0.23024054982817868,0.8,0.18419243986254297
GRID_0430,INDIAN_MARINE,7.75,93.75,338.46062441134825,18.80336802285268,150.42694418282144,754.0,0.013,-0.07300001,0.074148506,0,0,0,1606.275734293852,43.70732102332994,0.2582228767795778,0.5951065509076559,1.0,0.8613552224521376,0.8188205911199311,0.5385217339497544,1.0,0.5385217339497544
GRID_0431,INDIAN_MARINE,8.5,96.0,424.8273567874059,23.60151982152255,188.8121585721804,528.0,0.2655,-0.014000002,0.26586887,0,0,0,1618.8150626308443,39.99889244428064,0.10505645557191945,0.4167324388318863,1.0,0.023070783969153942,0.4799344076003467,0.2924954315861331,1.0,0.2924954315861331
GRID_0432,INDIAN_MARINE,15.0,76.75,305.72561035799424,16.98475613099968,135.87804904799745,0.0,,,,0,0,0,243.80879729877552,273.4959939100332,0.32302405498281783,0.0,1.0,,0.5,0.4115120274914089,0.8,0.32920962199312714
GRID_0433,INDIAN_MARINE,19.25,80.75,360.4748332739488,20.02637962633049,160.2110370106439,0.0,,,,0,0,0,411.9795318647117,335.4330620346888,0.22042218949435444,0.0,1.0,,0.5,0.3602110947471772,0.8,0.2881688757977418
GRID_0434,INDIAN_MARINE,15.5,90.75,328.2593819979368,18.236632333218708,145.89305866574966,2618.0,0.076000005,0.007999999,0.0764199,0,0,0,734.9706357455051,11.738761446749642,0.2763868433971527,1.0,1.0,0.8514237044634506,0.9504745681544835,0.6134307057758182,1.0,0.6134307057758182
GRID_0435,INDIAN_MARINE,16.75,80.75,99.8707898690738,5.548377214948545,44.38701771958836,0.0,,,,0,0,0,439.5107728930256,101.0378013935384,0.6907216494845361,0.0,1.0,,0.5,0.595360824742268,0.8,0.47628865979381446
GRID_0436,INDIAN_MARINE,6.75,93.75,445.3990458631002,24.7443914368389,197.9551314947112,15.0,-0.12400001,-0.24900001,0.27816722,0,0,0,1633.9413354464994,5.745611201194,0.07118311242022579,0.011838989739542225,1.0,0.0,0.33727966324651404,0.20423138783336992,1.0,0.20423138783336992
GRID_0437,INDIAN_MARINE,9.25,94.5,242.6834948305089,13.482416379472715,107.85933103578174,1465.0,0.034,-0.25,0.25230142,0,0,0,1507.8841522261232,123.48574221906424,0.4418262150220913,1.0,1.0,0.0823935495200056,0.6941311831733352,0.5679786990977133,1.0,0.5679786990977133
GRID_0438,INDIAN_MARINE,14.5,90.75,251.09833943085812,13.949907746158786,111.59926196927027,2779.0,-0.091,-0.086500004,0.12555179,0,0,0,835.8919806492677,83.71273872023073,0.4246440844378989,1.0,1.0,0.6365978092848992,0.8788659364282997,0.6517550104330994,1.0,0.6517550104330994
GRID_0439,INDIAN_MARINE,16.75,69.25,322.04017963707673,17.891121090948708,143.1289687275897,3626.0,0.066,-0.101,0.12065239,0,0,0,490.5114734931102,54.10771636649629,0.29258713794796265,1.0,1.0,0.6580201073246814,0.8860067024415604,0.5892969201947615,1.0,0.5892969201947615
GRID_0440,INDIAN_MARINE,17.5,85.5,414.1927924500844,23.01071069167136,184.08568553337085,2548.0,0.12150001,0.125,0.1743194,0,0,0,222.46675978435107,177.0887519728133,0.1251840942562592,1.0,1.0,0.42336470398468623,0.807788234661562,0.4664861644589106,1.0,0.4664861644589106
GRID_0441,INDIAN_MARINE,9.25,84.0,414.0085912415911,23.000477291199505,184.00381832959604,3685.0,-0.18850002,-0.020000003,0.18955804,0,0,0,512.8134169496274,69.60218890932332,0.12567501227295041,1.0,1.0,0.3567347721969272,0.7855782573989757,0.45562663483596305,1.0,0.45562663483596305
GRID_0442,INDIAN_MARINE,12.75,84.0,336.66028943135467,18.70334941285304,149.6267953028243,3348.0,-0.024500001,0.0030000005,0.024682991,0,0,0,418.6856746917483,30.673999024565283,0.26165930289641626,1.0,1.0,1.0,1.0,0.6308296514482081,1.0,0.6308296514482081
GRID_0443,INDIAN_MARINE,19.5,69.5,286.01024252011774,15.88945791778432,127.11566334227456,604.0,-0.0295,0.11950001,0.123087384,0,0,0,364.4368842612026,203.11838207833665,0.35935198821796754,0.47671665351223363,1.0,0.6473732593038867,0.7080299709387068,0.5336909795783371,1.0,0.5336909795783371
GRID_0444,INDIAN_MARINE,16.5,84.75,300.9585869732626,16.719921498514587,133.7593719881167,2923.0,0.18700002,0.24700001,0.3098032,0,0,0,331.91353020038434,181.300315501838,0.33333333333333337,1.0,1.0,0.0,0.6666666666666666,0.5,1.0,0.5
GRID_0445,INDIAN_MARINE,15.25,89.75,386.1299856834833,21.451665871304627,171.61332697043702,2688.0,0.141,0.2035,0.24757475,0,0,0,696.8201646215958,14.55652025383037,0.17574864997545414,1.0,1.0,0.10306059721476356,0.7010201990715879,0.438384424523521,1.0,0.438384424523521
GRID_0446,INDIAN_MARINE,20.0,82.75,459.73178563462704,25.54065475747928,204.32523805983425,0.0,,,,0,0,0,206.49360491609585,246.13566404848493,0.05154639175257736,0.0,1.0,,0.5,0.2757731958762887,0.8,0.22061855670103095
GRID_0447,INDIAN_MARINE,16.25,75.5,239.55433813497143,13.308574340831749,106.46859472665398,0.0,,,,0,0,0,161.3193859419101,220.10812808220092,0.44869906725576825,0.0,1.0,,0.5,0.4743495336278841,0.8,0.3794796269023073
GRID_0448,INDIAN_MARINE,8.25,77.75,79.65246654681341,4.425137030378523,35.401096243028185,0.0,,,,0,0,0,27.00009646858427,6.903498936200388,0.7270495827196859,0.0,1.0,,0.5,0.613524791359843,0.8,0.49081983308787436
GRID_0449,INDIAN_MARINE,12.5,71.5,43.88257486477387,2.4379208258207705,19.503366606566164,1599.0,0.0165,0.009500001,0.019039433,0,0,0,396.7393496872122,42.42949061442125,0.845360824742268,1.0,1.0,1.0,1.0,0.9226804123711341,1.0,0.9226804123711341
GRID_0450,INDIAN_MARINE,10.0,81.25,109.8721375989356,6.104007644385311,48.832061155082485,3540.0,-0.113000005,0.21350001,0.24156004,0,0,0,195.18987181598845,80.2672092131468,0.6784486990672558,1.0,1.0,0.12935951345815225,0.7097865044860507,0.6941176017766533,1.0,0.6941176017766533
GRID_0451,INDIAN_MARINE,19.25,69.25,315.75202212650515,17.541779007028065,140.33423205622452,2558.0,-0.0020000003,0.064500004,0.064531006,0,0,0,399.26578521035736,163.10269244674706,0.30584192439862545,1.0,1.0,0.9034070964362183,0.9678023654787393,0.6368221449386824,1.0,0.6368221449386824
GRID_0452,INDIAN_MARINE,18.75,75.5,308.57833967189896,17.143241092883276,137.1459287430662,0.0,,,,0,0,0,181.6684975925385,290.7746487612422,0.3181148748159057,0.0,1.0,,0.5,0.40905743740795286,0.8,0.3272459499263623
GRID_0453,INDIAN_MARINE,17.75,68.25,395.9602016069124,21.9977889781618,175.9823118252944,3480.0,0.025500003,-0.10100001,0.10416935,0,0,0,542.4856050078201,45.12404492866744,0.15807560137457044,1.0,1.0,0.7300910946867363,0.9100303648955788,0.5340529831350747,1.0,0.5340529831350747
GRID_0454,INDIAN_MARINE,11.5,74.75,40.79259572322071,2.266255317956706,18.130042543653648,117.0,-0.016,0.020500002,0.026004808,0,0,0,116.41594609416596,73.00825496797293,0.8600883652430045,0.09234411996842937,1.0,1.0,0.6974480399894765,0.7787682026162405,1.0,0.7787682026162405
GRID_0455,INDIAN_MARINE,18.75,76.5,412.47786640339785,22.91543702241099,183.32349617928796,0.0,,,,0,0,0,142.99134803594578,397.6115311003284,0.13058419243986252,0.0,1.0,,0.5,0.31529209621993126,0.8,0.252233676975945
GRID_0456,INDIAN_MARINE,6.25,75.0,250.4146523858641,13.911925132548005,111.29540106038404,2721.0,-0.15150002,0.24150002,0.28508684,0,0,0,341.5428519925458,78.07077913126672,0.42709867452135497,1.0,1.0,0.0,0.6666666666666666,0.5468826705940109,1.0,0.5468826705940109
GRID_0457,INDIAN_MARINE,11.5,81.5,104.84704755481728,5.824835975267627,46.598687802141015,3530.0,-0.0225,0.067,0.07067709,0,0,0,188.3845425581708,65.86148335843261,0.6853215513009328,1.0,1.0,0.8765337561852617,0.9588445853950872,0.82208306834801,1.0,0.82208306834801
GRID_0458,INDIAN_MARINE,9.0,80.75,186.37808662853595,10.354338146029775,82.8347051682382,0.0,,,,0,0,0,168.87163893897244,135.906987889841,0.5468826705940109,0.0,1.0,,0.5,0.5234413352970054,0.8,0.4187530682376044
GRID_0459,INDIAN_MARINE,9.25,70.5,229.64599104196577,12.758110613442543,102.06488490754036,4369.0,-0.19500001,-0.07000001,0.20718351,0,0,0,646.5496341453285,132.8686077788173,0.4639175257731959,1.0,1.0,0.2796685862494154,0.7598895287498051,0.6119035272615005,1.0,0.6119035272615005
GRID_0460,INDIAN_MARINE,6.5,75.0,230.8965558743227,12.827586437462372,102.62069149969898,2753.0,-0.164,0.21050002,0.26684502,0,0,0,324.5154800924559,61.807738403460405,0.46195385370643105,1.0,1.0,0.018802633536134882,0.6729342111787115,0.5674440324425714,1.0,0.5674440324425714
GRID_0461,INDIAN_MARINE,9.75,79.5,149.13812422898442,8.28545134605469,66.28361076843753,8.0,0.13000001,0.048500005,0.13875249,0,0,0,62.78239938280196,5.755516757462472,0.60726558664703,0.006314127861089187,1.0,0.5788786335217949,0.528397587127628,0.5678315868873289,1.0,0.5678315868873289
GRID_0462,INDIAN_MARINE,18.0,77.0,449.9350572746528,24.996392070814046,199.9711365665124,0.0,,,,0,0,0,237.23755103038883,431.7492326923698,0.06627393225331368,0.0,1.0,,0.5,0.28313696612665684,0.8,0.22650957290132548
GRID_0463,INDIAN_MARINE,19.25,71.25,113.71566680478983,6.317537044710546,50.54029635768437,72.0,0.044500005,-0.038,0.058517095,0,0,0,186.7090925604392,131.4350198761218,0.6705940108001964,0.056827150749802685,1.0,0.9297025191056727,0.6621765566184917,0.666385283709344,1.0,0.666385283709344
GRID_0464,INDIAN_MARINE,5.25,76.0,299.91574438630465,16.661985799239147,133.29588639391318,2230.0,-0.099,0.24500002,0.2642461,0,0,0,362.1243447491313,53.71471033456604,0.3352970054000982,1.0,1.0,0.03016623700218192,0.6767220790007272,0.5060095422004127,1.0,0.5060095422004127
GRID_0465,INDIAN_MARINE,14.25,78.25,242.20113540143564,13.45561863341309,107.64494906730472,0.0,,,,0,0,0,258.3596559751115,218.8885049211422,0.4428080510554737,0.0,1.0,,0.5,0.47140402552773686,0.8,0.3771232204221895
GRID_0466,INDIAN_MARINE,11.75,90.0,269.74177454264674,14.985654141258152,119.88523313006522,3136.0,0.179,-0.017500002,0.17985341,0,0,0,1039.7432268263567,133.17924072202857,0.3892979872361315,1.0,1.0,0.39916761626473385,0.7997225387549112,0.5945102629955213,1.0,0.5945102629955213
GRID_0467,INDIAN_MARINE,18.75,80.25,320.81801597629305,17.823223109794057,142.58578487835246,0.0,,,,0,0,0,439.4989684536334,328.9962957152815,0.2955326460481099,0.0,1.0,,0.5,0.39776632302405496,0.8,0.31821305841924397
GRID_0468,INDIAN_MARINE,20.5,74.5,215.57757188702087,11.976531771501165,95.8122541720093,0.0,,,,0,0,0,68.4165675940187,221.58014415195493,0.48797250859106533,0.0,1.0,,0.5,0.49398625429553267,0.8,0.39518900343642616
GRID_0469,INDIAN_MARINE,7.25,81.25,387.4894426250172,21.5271912569454,172.2175300555632,0.0,,,,0,0,0,314.4095355884818,268.7254513867794,0.17231222385861567,0.0,1.0,,0.5,0.33615611192930783,0.8,0.2689248895434463
GRID_0470,INDIAN_MARINE,19.0,73.5,97.07103670429176,5.392835372460653,43.142682979685226,0.0,,,,0,0,0,56.123418529786,79.56339673687482,0.6956308296514482,0.0,1.0,,0.5,0.5978154148257241,0.8,0.4782523318605793
GRID_0471,INDIAN_MARINE,13.0,69.0,313.4134217187232,17.411856762151288,139.2948540972103,4270.0,-0.0675,0.0705,0.09760379,0,0,0,623.4962263688894,55.29031293459408,0.30927835051546393,1.0,1.0,0.7587985656256415,0.9195995218752138,0.6144389361953388,1.0,0.6144389361953388
GRID_0472,INDIAN_MARINE,5.5,70.5,445.1010597531195,24.727836652951083,197.82269322360867,3962.0,-0.18400002,0.017,0.18478367,0,0,0,813.9133393445405,137.1283218422112,0.07265586647029942,1.0,1.0,0.3776103849438339,0.7925367949812779,0.4325963307257887,1.0,0.4325963307257887
GRID_0473,INDIAN_MARINE,16.75,73.25,44.25610227135077,2.458672348408376,19.669378787267007,18.0,,,,0,0,1,66.00405536033016,3.920803672213116,0.8404516445753559,0.014206787687450671,0.6666666666666666,,0.3404367271770587,0.5904441858762073,0.8,0.47235534870096585
GRID_0474,INDIAN_MARINE,9.0,76.25,9.586742083979674,0.5325967824433152,4.260774259546522,41.0,-0.0635,0.056500003,0.08499706,0,0,0,74.6608700594112,57.516733925393694,0.9882179675994109,0.03235990528808208,1.0,0.813920647384033,0.615426850890705,0.801822409245058,1.0,0.801822409245058
GRID_0475,INDIAN_MARINE,11.0,73.75,5.812541546642777,0.3229189748134876,2.5833517985079006,1910.0,-0.0195,-0.029500004,0.03536241,0,0,0,236.30974951223345,18.74445173881887,0.9941089837997055,1.0,1.0,1.0,1.0,0.9970544918998527,1.0,0.9970544918998527
GRID_0476,INDIAN_MARINE,10.0,91.5,119.93432170386156,6.663017872436753,53.30414297949402,2428.0,0.0615,0.009499997,0.062229417,0,0,0,1296.371576824003,109.98652908295966,0.6588119783996073,1.0,1.0,0.9134706400381051,0.9711568800127016,0.8149844292061544,1.0,0.8149844292061544
GRID_0477,INDIAN_MARINE,10.5,90.5,195.5620604405563,10.86455891336424,86.91647130691392,3276.0,-0.0975,-0.046500005,0.10802083,0,0,0,1174.5682567563451,179.2640550420826,0.5272459499263623,1.0,1.0,0.7132507565934472,0.9044169188644824,0.7158314343954224,1.0,0.7158314343954224
GRID_0478,INDIAN_MARINE,22.0,75.5,384.5153159540265,21.36196199744592,170.89569597956734,0.0,,,,0,0,0,89.89741398030863,409.5338722908165,0.17918507609229262,0.0,1.0,,0.5,0.3395925380461463,0.8,0.27167403043691707
GRID_0479,INDIAN_MARINE,9.25,88.5,446.1980446030154,24.78878025572308,198.31024204578463,3432.0,0.11500001,0.090500005,0.1463395,0,0,0,998.1504989885156,78.20878701297714,0.07069219440353458,1.0,1.0,0.5457049409368236,0.8485683136456078,0.4596302540245712,1.0,0.4596302540245712
GRID_0480,INDIAN_MARINE,7.5,79.5,275.28325793503365,15.293514329724092,122.34811463779272,1476.0,-0.043500002,0.29950002,0.30264255,0,0,0,190.74692983287107,82.44147177433908,0.3794796269023073,1.0,1.0,0.0,0.6666666666666666,0.5230731467844869,1.0,0.5230731467844869
GRID_0481,INDIAN_MARINE,6.5,92.75,460.6500093016372,25.59166718342429,204.73333746739436,3436.0,-0.35150003,-0.060000006,0.3565842,0,0,0,1533.6698110696652,115.93704196215192,0.050073637702503726,1.0,1.0,0.0,0.6666666666666666,0.3583701521845852,1.0,0.3583701521845852
GRID_0482,INDIAN_MARINE,19.75,73.25,77.32790508500142,4.295994726944524,34.36795781555619,0.0,,,,0,0,0,72.48295136095629,64.2311250066335,0.7358861070201277,0.0,1.0,,0.5,0.6179430535100638,0.8,0.4943544428080511
GRID_0483,INDIAN_MARINE,10.0,94.5,199.50666119542592,11.083703399745884,88.66962719796707,3153.0,-0.08250001,-0.18100001,0.1989152,0,0,0,1423.8138948230132,92.39405523107123,0.5203730976926852,1.0,1.0,0.3158212174094169,0.7719404058031389,0.6461567517479121,1.0,0.6461567517479121
GRID_0484,INDIAN_MARINE,8.25,84.25,491.0684245916677,27.281579143981546,218.25263315185236,3784.0,-0.123,0.088,0.15123823,0,0,0,567.296295166574,90.74065694879124,0.010309278350515427,1.0,1.0,0.524285572427124,0.8414285241423747,0.42586890124644505,1.0,0.42586890124644505
GRID_0485,INDIAN_MARINE,7.75,92.5,323.5373582672373,17.974297681513185,143.79438145210548,1612.0,0.043000005,-0.1225,0.12982777,0,0,0,1472.2743270097806,83.07392210195502,0.2862052037309769,1.0,1.0,0.6179013734004749,0.8726337911334916,0.5794194974322342,1.0,0.5794194974322342
GRID_0486,INDIAN_MARINE,9.75,91.5,141.07387524247278,7.83743751347071,62.69950010776568,2676.0,0.098000005,0.019500002,0.09992123,0,0,0,1303.8939565037103,116.48642238834218,0.6200294550810015,1.0,1.0,0.7486657145889201,0.9162219048629733,0.7681256799719873,1.0,0.7681256799719873
GRID_0487,INDIAN_MARINE,21.5,76.0,400.1255289739449,22.229196054108048,177.83356843286438,0.0,,,,0,0,0,144.84305665687324,423.1584655308342,0.1516936671575847,0.0,1.0,,0.5,0.32584683357879235,0.8,0.2606774668630339
GRID_0488,INDIAN_MARINE,8.25,92.5,268.3776387293087,14.90986881829493,119.27895054635944,1723.0,-0.068,-0.112500004,0.13145436,0,0,0,1457.4524700233658,60.82075403927512,0.3927344133529701,1.0,1.0,0.6107892176735432,0.8702630725578477,0.6314987429554089,1.0,0.6314987429554089
GRID_0489,INDIAN_MARINE,11.5,79.5,63.031731767998025,3.5017628759998902,28.01410300799912,0.0,,,,0,0,0,30.72453130740045,35.05392429892961,0.7746686303387335,0.0,1.0,,0.5,0.6373343151693667,0.8,0.5098674521354933
GRID_0490,INDIAN_MARINE,15.0,92.25,207.36501971334263,11.52027887296348,92.16223098370784,2685.0,-0.132,-0.086500004,0.15781714,0,0,0,845.8941095203024,57.53133615302856,0.5056455571919489,1.0,1.0,0.49551972950821493,0.8318399098360716,0.6687427335140103,1.0,0.6687427335140103
GRID_0491,INDIAN_MARINE,13.75,71.0,189.84899073378972,10.547166151877208,84.37732921501767,2184.0,-0.0040000007,-0.1465,0.1465546,0,0,0,385.51215484637714,182.4596408587665,0.5370643102601865,1.0,1.0,0.5447644306073227,0.8482548102024409,0.6926595602313137,1.0,0.6926595602313137
GRID_0492,INDIAN_MARINE,6.25,76.75,183.3640842539475,10.18689356966375,81.49514855731,2159.0,-0.12450001,0.0705,0.14307517,0,0,0,226.0798417081754,79.93792331644913,0.5508100147275405,1.0,1.0,0.5599780050181811,0.853326001672727,0.7020680082001338,1.0,0.7020680082001338
GRID_0493,INDIAN_MARINE,9.75,78.0,203.0831107911364,11.282395043952022,90.25916035161616,0.0,,,,0,0,0,31.885622208645938,97.64664297328376,0.5169366715758468,0.0,1.0,,0.5,0.5084683357879234,0.8,0.40677466863033873
GRID_0494,INDIAN_MARINE,12.5,83.75,313.7839409215038,17.432441162305768,139.45952929844614,3378.0,0.028,-0.049500003,0.05687047,0,0,0,393.3662032174298,8.382570371607734,0.3087874324987727,1.0,1.0,0.9369022765269398,0.9789674255089799,0.6438774290038762,1.0,0.6438774290038762
GRID_0495,INDIAN_MARINE,15.75,94.75,364.410660306184,20.24503668367689,161.96029346941512,10.0,-0.027,0.0705,0.07549338,0,0,0,782.9694036880577,26.572237467705182,0.21305841924398627,0.007892659826361484,1.0,0.8554748510487098,0.6211225036250237,0.417090461434505,1.0,0.417090461434505
GRID_0496,INDIAN_MARINE,19.25,76.75,433.9076260210381,24.105979223391003,192.847833787128,0.0,,,,0,0,0,88.15767204750965,441.4067999140984,0.09032891507118312,0.0,1.0,,0.5,0.29516445753559156,0.8,0.23613156602847327
GRID_0497,INDIAN_MARINE,7.5,93.25,353.1348990079888,19.61860550044382,156.94884400355056,845.0,0.034,-0.117000006,0.12184007,0,0,0,1560.1036567802737,18.577580321175724,0.2326951399116347,0.6669297553275454,1.0,0.6528270561478253,0.7732522704917902,0.5029737052017125,1.0,0.5029737052017125
GRID_0498,INDIAN_MARINE,10.25,82.0,169.87437942003308,9.43746552333517,75.49972418668136,3669.0,-0.17450002,0.008500002,0.17470692,0,0,0,272.81309814337976,86.37267469126947,0.572901325478645,1.0,1.0,0.42167029876437845,0.8072234329214594,0.6900623792000522,1.0,0.6900623792000522
GRID_0499,INDIAN_MARINE,11.5,73.5,50.363485080363375,2.797971393353521,22.383771146828167,2076.0,0.040500004,0.017500002,0.04411916,0,0,0,231.3271477546648,39.41449172333492,0.8168875797741777,1.0,1.0,0.9926565246425572,0.9975521748808523,0.9072198773275151,1.0,0.9072198773275151
GRID_0500,INDIAN_MARINE,6.75,76.75,128.16876767728908,7.120487093182727,56.96389674546182,1995.0,-0.11400001,0.078,0.13813038,0,0,0,174.60896675298835,113.24633943779114,0.6450662739322532,1.0,1.0,0.5815987677899765,0.8605329225966588,0.752799598264456,1.0,0.752799598264456
GRID_0501,INDIAN_MARINE,16.75,90.75,445.2578714719424,24.736548415107908,197.8923873208633,2376.0,0.105000004,0.0925,0.13993302,0,0,1,597.6817166096478,4.380216274617787,0.07216494845360821,1.0,0.6666666666666666,0.5737168452405964,0.7467945039690876,0.4094797262113479,1.0,0.4094797262113479
GRID_0502,INDIAN_MARINE,12.5,72.0,38.96035455038581,2.1644641416881005,17.315713133504804,1507.0,0.007000001,0.093,0.09326307,0,0,0,343.64959453547505,17.109019071128973,0.8694158075601375,1.0,1.0,0.7777780728198374,0.9259260242732791,0.8976709159167082,1.0,0.8976709159167082
GRID_0503,INDIAN_MARINE,12.0,74.75,7.476697966234003,0.4153721092352224,3.322976873881779,73.0,-0.0075000003,-0.0034999996,0.008276473,0,0,0,81.03853453085243,45.77726574657004,0.9921453117329406,0.05761641673243883,1.0,1.0,0.6858721389108129,0.8390087253218768,1.0,0.8390087253218768
GRID_0504,INDIAN_MARINE,16.25,74.5,134.63034193198067,7.479463440665593,59.83570752532474,0.0,,,,0,0,0,50.24103733098328,122.18418954512724,0.6278841433480609,0.0,1.0,,0.5,0.5639420716740304,0.8,0.45115365733922436
GRID_0505,INDIAN_MARINE,14.0,78.25,241.3150272369657,13.40639040205365,107.2511232164292,0.0,,,,0,0,0,238.21640077971665,220.92204659722844,0.44428080510554735,0.0,1.0,,0.5,0.4721404025527737,0.8,0.37771232204221894
GRID_0506,INDIAN_MARINE,10.5,94.0,132.20023097963002,7.344457276646112,58.7556582131689,3128.0,-0.14450002,-0.101,0.17629877,0,0,0,1361.665161972824,140.99335332568177,0.635247913598429,1.0,1.0,0.41471004135844564,0.8049033471194819,0.7200756303589555,1.0,0.7200756303589555
GRID_0507,INDIAN_MARINE,12.25,94.0,121.67219228774754,6.759566238208197,54.07652990566557,2148.0,-0.042000003,0.18750001,0.19214645,0,0,0,1163.8522304345902,151.5357697184875,0.6543937162493864,1.0,1.0,0.3454171230012803,0.7818057076670935,0.71809971195824,1.0,0.71809971195824
GRID_0508,INDIAN_MARINE,11.5,70.25,165.65171463918588,9.202873035510327,73.62298428408262,4168.0,0.012000002,0.06300001,0.06413268,0,0,0,566.5392772248358,172.13180124592654,0.582228767795778,1.0,1.0,0.9051487501670822,0.9683829167223607,0.7753058422590693,1.0,0.7753058422590693
GRID_0509,INDIAN_MARINE,11.0,84.0,369.1612440454577,20.50895800252543,164.07166402020343,3514.0,-0.109000005,-0.132,0.17118704,0,0,0,468.9639742203996,26.5432187397495,0.2056946489936181,1.0,1.0,0.43706073808843204,0.8123535793628106,0.5090241141782144,1.0,0.5090241141782144
GRID_0510,INDIAN_MARINE,9.5,69.5,328.9255766510042,18.27364314727801,146.18914517822407,4587.0,-0.052500002,0.0020000003,0.052538086,0,0,0,730.4717231905859,66.29831013577257,0.27540500736377027,1.0,1.0,0.9558453351199888,0.9852817783733295,0.6303433928685499,1.0,0.6303433928685499
GRID_0511,INDIAN_MARINE,20.0,81.0,439.80142035079336,24.43341224171074,195.46729793368596,0.0,,,,0,0,0,334.60154574815954,375.6636821353701,0.08198330878743254,0.0,1.0,,0.5,0.29099165439371627,0.8,0.23279332351497303
GRID_0512,INDIAN_MARINE,15.0,92.5,203.65530001445333,11.314183334136295,90.51346667309036,2726.0,-0.1005,0.013999999,0.10147044,0,0,0,843.8962859718223,73.12702355496425,0.5144820814923907,1.0,1.0,0.741891897724363,0.9139639659081209,0.7142230237002558,1.0,0.7142230237002558
GRID_0513,INDIAN_MARINE,11.25,82.75,232.89278169870704,12.938487872150391,103.50790297720312,3504.0,-0.0205,0.011000004,0.023264783,0,0,0,327.9522294725608,8.910036261213557,0.45655375552282773,1.0,1.0,1.0,1.0,0.7282768777614139,1.0,0.7282768777614139
GRID_0514,INDIAN_MARINE,13.25,76.25,183.30891786689185,10.18382877038288,81.47063016306305,0.0,,,,0,0,0,88.4673066945846,164.14600652531928,0.5513009327442318,0.0,1.0,,0.5,0.5256504663721159,0.8,0.42052037309769275
GRID_0515,INDIAN_MARINE,15.5,72.75,31.883549285834828,1.7713082936574904,14.170466349259923,487.0,-0.0009999997,0.086,0.086005814,0,0,0,152.28048349408724,90.47253793088184,0.9091801669121257,0.38437253354380424,1.0,0.8095099381468157,0.7312941572302065,0.8202371620711661,1.0,0.8202371620711661
GRID_0516,INDIAN_MARINE,6.5,79.5,318.79435709835326,17.71079761657518,141.68638093260145,2033.0,-0.19600001,0.32650003,0.38081264,0,0,0,292.85668478930114,128.4448066663238,0.29749631811487487,1.0,1.0,0.0,0.6666666666666666,0.48208149239077075,1.0,0.48208149239077075
GRID_0517,INDIAN_MARINE,13.75,89.25,371.15706992060944,20.61983721781164,164.9586977424931,2922.0,-0.082,0.002500005,0.082038105,0,0,0,803.0956756553637,8.89727696855951,0.20274914089347074,1.0,1.0,0.8268584797505072,0.9422861599168357,0.5725176504051532,1.0,0.5725176504051532
GRID_0518,INDIAN_MARINE,18.75,83.75,367.1402458294782,20.3966803238599,163.1734425908792,0.0,,,,0,0,0,152.20160921747262,65.77185814774336,0.20864015709376538,0.0,1.0,,0.5,0.3543200785468827,0.8,0.2834560628375062
GRID_0519,INDIAN_MARINE,5.75,75.5,264.99567875247897,14.721982152915498,117.77585722332398,2205.0,-0.0895,0.2565,0.27166617,0,0,0,343.08839081134045,65.21978750082825,0.4015709376534119,1.0,1.0,0.0,0.6666666666666666,0.5341188021600393,1.0,0.5341188021600393
GRID_0520,INDIAN_MARINE,10.5,94.75,213.6547696994008,11.869709427744487,94.95767542195593,3136.0,-0.24950002,-0.071,0.25940558,0,0,0,1371.5579505016417,57.57702271410452,0.49337260677466865,1.0,1.0,0.05133108618933253,0.6837770287297775,0.5885748177522231,1.0,0.5885748177522231
GRID_0521,INDIAN_MARINE,6.5,73.25,219.5448314572095,12.196935080956084,97.57548064764867,1081.0,-0.16950001,0.171,0.2407722,0,0,0,491.5966186154715,10.151156961565176,0.4825724104074619,0.8531965272296764,1.0,0.13280429104064445,0.6620002727567735,0.5722863415821178,1.0,0.5722863415821178
GRID_0522,INDIAN_MARINE,7.0,78.25,174.60497655505318,9.700276475280733,77.60221180224586,2410.0,-0.147,-0.027000003,0.14945903,0,0,0,155.71375805758163,20.79908220124081,0.5660284732449681,1.0,1.0,0.5320650051479431,0.8440216683826476,0.7050250708138078,1.0,0.7050250708138078
GRID_0523,INDIAN_MARINE,17.75,73.5,84.24292480978252,4.680162489432362,37.4412999154589,0.0,,,,0,0,0,8.285968179161827,44.78795425474611,0.7172312223858616,0.0,1.0,,0.5,0.6086156111929308,0.8,0.48689248895434467
GRID_0524,INDIAN_MARINE,8.0,82.0,338.1806801509188,18.787815563939933,150.3025245115195,3520.0,-0.0715,-0.29150003,0.30014083,0,0,0,335.70026302244923,297.2508752885899,0.258713794796269,1.0,1.0,0.0,0.6666666666666666,0.4626902307314678,1.0,0.4626902307314678
GRID_0525,INDIAN_MARINE,18.25,78.5,385.3021286935665,21.40567381630925,171.245390530474,0.0,,,,0,0,0,299.2517147308642,372.8422313423117,0.17673048600883656,0.0,1.0,,0.5,0.3383652430044183,0.8,0.27069219440353465
GRID_0526,INDIAN_MARINE,17.25,92.25,454.7351225002096,25.26306236112276,202.10449888898205,2320.0,0.16350001,-0.0034999996,0.16353747,0,0,0,586.613790343778,180.1690991249513,0.0579283259695631,1.0,1.0,0.4705079700793242,0.8235026566931081,0.4407154913313356,1.0,0.4407154913313356
GRID_0527,INDIAN_MARINE,10.25,93.25,66.35173978470989,3.686207765817216,29.48966212653773,2567.0,0.011500001,-0.060000006,0.06109215,0,0,0,1384.816175904709,86.10027128082949,0.7619047619047619,1.0,1.0,0.9184432637521944,0.9728144212507315,0.8673595915777467,1.0,0.8673595915777467
GRID_0528,INDIAN_MARINE,14.75,73.5,2.8608581811092533,0.1589365656171807,1.2714925249374458,73.0,0.0515,-0.1225,0.13288529,0,0,0,87.46106036285707,58.40240309999733,0.9980363279332352,0.05761641673243883,1.0,0.6045325721793877,0.5540496629706089,0.776042995451922,1.0,0.776042995451922
GRID_0529,INDIAN_MARINE,13.0,75.0,63.19798938729144,3.51099941040508,28.08799528324064,0.0,,,,0,0,0,22.47348771525746,24.63055447889294,0.7731958762886598,0.0,1.0,,0.5,0.6365979381443299,0.8,0.5092783505154639
GRID_0530,INDIAN_MARINE,17.5,92.75,480.7395119217896,26.707750662321644,213.66200529857315,2385.0,0.1805,-0.0125,0.1809323,0,0,0,553.0180185461428,160.47176358148994,0.021600392734413387,1.0,1.0,0.3944502420694976,0.7981500806898325,0.40987523671212295,1.0,0.40987523671212295
GRID_0531,INDIAN_MARINE,16.75,70.5,209.92303581998632,11.662390878888129,93.29912703110504,3038.0,0.0405,-0.011,0.04196725,0,0,0,357.90223014161785,81.37027608717568,0.5002454590083456,1.0,1.0,1.0,1.0,0.7501227295041728,1.0,0.7501227295041728
GRID_0532,INDIAN_MARINE,7.25,79.75,309.0315367381164,17.168418707673133,137.34734966138507,20.0,,,,0,0,0,224.53413167437023,116.39215812632264,0.31566028473244967,0.01578531965272297,1.0,,0.5078926598263614,0.41177647227940556,0.8,0.3294211778235245
GRID_0533,INDIAN_MARINE,14.5,71.5,201.7469273044685,11.208162628026027,89.66530102420822,2070.0,-0.0725,-0.052500002,0.089512564,0,0,0,302.0181419215988,181.4616222291856,0.5189003436426116,1.0,1.0,0.7941769088675149,0.9313923029558382,0.7251463232992249,1.0,0.7251463232992249
GRID_0534,INDIAN_MARINE,13.0,71.5,92.00949911238864,5.111638839577147,40.89311071661717,1731.0,-0.02,0.029500002,0.035640568,0,0,0,384.54247263306434,80.18961402397049,0.7039764359351988,1.0,1.0,1.0,1.0,0.8519882179675994,1.0,0.8519882179675994
GRID_0535,INDIAN_MARINE,8.5,96.5,471.25060502187824,26.180589167882125,209.444713343057,502.0,0.273,0.108500004,0.29377076,0,0,0,1631.5095444409249,95.59798628040654,0.03485517918507608,0.39621152328334647,1.0,0.0,0.46540384109444877,0.2501295101397624,1.0,0.2501295101397624
GRID_0536,INDIAN_MARINE,8.0,81.0,300.4138046075156,16.689655811528645,133.51724649222916,0.0,,,,0,0,0,238.6012069462572,196.216256701357,0.3343151693667158,0.0,1.0,,0.5,0.4171575846833579,0.8,0.33372606774668634
GRID_0537,INDIAN_MARINE,7.5,73.75,124.29091845747791,6.90505102541544,55.24040820332352,2713.0,-0.1065,0.15850002,0.19095682,0,0,0,391.5296354611676,23.515887241356715,0.648993618065783,1.0,1.0,0.35061870042240656,0.7835395668074688,0.7162665924366259,1.0,0.7162665924366259
GRID_0538,INDIAN_MARINE,12.0,84.5,400.2370788249559,22.2353932680531,177.8831461444248,3383.0,-0.015500002,-0.034,0.03736643,0,0,0,485.4299369827356,101.05214968208428,0.15071183112420228,1.0,1.0,1.0,1.0,0.5753559155621011,1.0,0.5753559155621011
GRID_0539,INDIAN_MARINE,17.0,71.5,121.92953100939545,6.773862833855302,54.19090267084242,1329.0,-0.024,0.086,0.08928606,0,0,0,244.19640019762667,191.312596425574,0.6539027982326951,1.0,1.0,0.7951672824224815,0.9317224274741605,0.7928126128534279,1.0,0.7928126128534279
GRID_0540,INDIAN_MARINE,12.25,69.0,302.0859460550948,16.782552558616377,134.26042046893102,4297.0,-0.0455,0.08900001,0.09995625,0,0,0,663.311619185428,74.31414943373281,0.3298969072164949,1.0,1.0,0.7485125919866926,0.9161708639955641,0.6230338856060296,1.0,0.6230338856060296
GRID_0541,INDIAN_MARINE,18.0,75.75,321.75097311129485,17.875054061738602,143.00043249390882,0.0,,,,0,0,0,212.2467599821899,295.39377463150663,0.29356897398134507,0.0,1.0,,0.5,0.39678448699067254,0.8,0.31742758959253803
GRID_0542,INDIAN_MARINE,8.0,69.75,369.7739288231252,20.542996045729176,164.3439683658334,4445.0,0.091000006,-0.025000002,0.09437161,0,0,1,795.7002587242683,1.1509986410296995,0.2047128129602357,1.0,0.6666666666666666,0.772931055987364,0.8131992408846769,0.5089560269224562,1.0,0.5089560269224562
GRID_0543,INDIAN_MARINE,17.5,78.0,356.4737014254956,19.804094523638643,158.43275618910914,0.0,,,,0,0,0,333.3989272397539,338.83399293590924,0.22631320569464897,0.0,1.0,,0.5,0.3631566028473245,0.8,0.2905252822778596
GRID_0544,INDIAN_MARINE,19.5,75.75,329.90932766678696,18.328295981488164,146.62636785190531,0.0,,,,0,0,0,100.00419380218808,333.94765392225963,0.2719685812469318,0.0,1.0,,0.5,0.3859842906234659,0.8,0.3087874324987727
GRID_0545,INDIAN_MARINE,14.25,82.25,157.0474505728087,8.72485836515604,69.79886692124832,3210.0,0.087000005,-0.044000007,0.0974936,0,0,0,268.4910401213291,187.87693620056703,0.5925380461462936,1.0,1.0,0.7592803640134039,0.9197601213378013,0.7561490837420475,1.0,0.7561490837420475
GRID_0546,INDIAN_MARINE,6.75,79.25,280.68390262698847,15.593550145943803,124.74840116755044,2373.0,-0.18400002,0.27400002,0.3300485,0,0,0,253.6375355450338,90.77174009714584,0.36867943053510066,1.0,1.0,0.0,0.6666666666666666,0.5176730486008836,1.0,0.5176730486008836
GRID_0547,INDIAN_MARINE,9.25,90.75,237.03621814257627,13.16867878569868,105.34943028558943,3321.0,0.10250001,0.06100001,0.11927804,0,0,0,1241.6108811398842,164.98829642718505,0.45360824742268047,1.0,1.0,0.6640293605620113,0.8880097868540038,0.6708090171383421,1.0,0.6708090171383421
GRID_0548,INDIAN_MARINE,7.0,70.5,339.5316856539457,18.862871425219208,150.90297140175366,3496.0,0.16300002,0.0945,0.18841246,0,0,0,752.6724570588765,117.2143800610668,0.25625920471281294,1.0,1.0,0.36174374394620545,0.7872479146487351,0.5217535596807741,1.0,0.5217535596807741
GRID_0549,INDIAN_MARINE,13.75,81.5,71.90079601431437,3.994488667461909,31.955909339695275,3327.0,-0.061500005,0.18800001,0.19780357,0,0,0,167.2363745805983,135.00158944227823,0.7471772214040255,1.0,1.0,0.3206817450597338,0.7735605816865779,0.7603689015453017,1.0,0.7603689015453017
GRID_0550,INDIAN_MARINE,17.0,80.25,156.5937335903906,8.699651866132811,69.59721492906249,0.0,,,,0,0,0,464.7199072319732,156.7728084051954,0.5930289641629848,0.0,1.0,,0.5,0.5465144820814924,0.8,0.43721158566519397
GRID_0551,INDIAN_MARINE,12.25,70.0,193.62435191950337,10.75690843997241,86.05526751977928,4328.0,0.026000002,-0.045,0.05197115,0,0,0,565.3576908485229,184.80317917832613,0.5297005400098184,1.0,1.0,0.9583242247720853,0.9861080749240284,0.7579043074669234,1.0,0.7579043074669234
GRID_0552,INDIAN_MARINE,10.25,97.0,456.307665050006,25.350425836111445,202.8034066888916,367.0,-0.1035,-0.10650001,0.14850758,0,0,0,1457.2166636385282,60.28419395762385,0.054982817869415834,0.2896606156274665,1.0,0.5362251564868725,0.6086285907047797,0.33180570428709777,1.0,0.33180570428709777
GRID_0553,INDIAN_MARINE,5.5,80.5,473.19488314942816,26.28860461941268,210.30883695530144,3688.0,0.056499988,0.22850001,0.23538162,0,0,0,436.8242495353419,279.0747893354481,0.032891507118311236,1.0,1.0,0.15637424070127404,0.7187914135670913,0.3758414603427013,1.0,0.3758414603427013
GRID_0554,INDIAN_MARINE,5.5,75.0,316.42447686645465,17.579137603691926,140.6331008295354,2705.0,-0.14400001,0.301,0.333672,0,0,0,400.0478871804478,126.5994093102235,0.3038782523318606,1.0,1.0,0.0,0.6666666666666666,0.4852724594992636,1.0,0.4852724594992636
GRID_0555,INDIAN_MARINE,10.75,88.25,438.4849058914951,24.360272549527505,194.88218039622004,3341.0,-0.053500004,0.1455,0.1550242,0,0,0,924.9734243101276,64.17170731675496,0.0844378988708886,1.0,1.0,0.5077316724169852,0.8359105574723283,0.46017422817160847,1.0,0.46017422817160847
GRID_0556,INDIAN_MARINE,13.25,95.25,282.1065177046518,15.672584316925102,125.3806745354008,2202.0,0.3555,-0.11,0.37212935,0,0,0,1075.237746093917,16.537735240090168,0.3667157584683358,1.0,1.0,0.0,0.6666666666666666,0.5166912125675012,1.0,0.5166912125675012
GRID_0557,INDIAN_MARINE,11.75,72.5,7.8334603864291585,0.4351922436905088,3.4815379495240704,1735.0,0.0885,0.098000005,0.1320464,0,0,0,330.24662210464675,13.214422056963436,0.9911634756995582,1.0,1.0,0.6082005624644415,0.8694001874881472,0.9302818315938527,1.0,0.9302818315938527
GRID_0558,INDIAN_MARINE,13.75,94.25,185.1037545886045,10.28354192158914,82.26833537271312,841.0,0.156,-0.157,0.22132556,0,0,0,997.2983802771045,5.730802548468811,0.5493372606774669,0.6637726913970008,1.0,0.21783342072026846,0.6272020373724231,0.588269649024945,1.0,0.588269649024945
GRID_0559,INDIAN_MARINE,15.25,93.0,234.04138765040247,13.002299313911248,104.01839451128998,2718.0,-0.046,0.050500005,0.06830996,0,0,0,813.8214151033343,76.94841639084564,0.4560628375061365,1.0,1.0,0.8868838734157205,0.9622946244719068,0.7091787309890216,1.0,0.7091787309890216
GRID_0560,INDIAN_MARINE,14.5,82.25,129.86100772270115,7.214500429038953,57.71600343231162,3188.0,0.21650001,-0.067499995,0.22677854,0,0,0,285.22950373728446,200.8914452833331,0.6411389297987236,1.0,1.0,0.19399063124299135,0.7313302104143304,0.686234570106527,1.0,0.686234570106527
GRID_0561,INDIAN_MARINE,5.75,72.0,330.399641177293,18.355535620960723,146.84428496768578,2759.0,-0.16950001,0.05,0.17672083,0,0,0,654.1187179577136,66.45995331622439,0.2714776632302406,1.0,1.0,0.4128646123037306,0.8042882041012435,0.537882933665742,1.0,0.537882933665742
GRID_0562,INDIAN_MARINE,11.5,70.75,111.8337983922767,6.212988799570928,49.70391039656742,3425.0,0.1005,0.0345,0.10625676,0,0,0,515.9163193624632,119.13931536479028,0.6740304369170349,1.0,1.0,0.720964034403595,0.906988011467865,0.79050922419245,1.0,0.79050922419245
GRID_0563,INDIAN_MARINE,19.5,80.75,387.8258184367879,21.545878802043774,172.3670304163502,0.0,,,,0,0,0,392.5613403435687,354.3722862048972,0.17083946980854192,0.0,1.0,,0.5,0.33541973490427096,0.8,0.2683357879234168
GRID_0564,INDIAN_MARINE,16.75,79.0,224.64491444415404,12.480273024675224,99.8421841974018,0.0,,,,0,0,0,456.481617154425,198.34262689761368,0.47177221404025527,0.0,1.0,,0.5,0.48588610702012763,0.8,0.3887088856161021
GRID_0565,INDIAN_MARINE,15.25,94.5,304.88709426520575,16.938171903622543,135.50537522898034,39.0,0.012000001,0.0535,0.05482928,0,0,0,832.5569458182578,37.29451852625003,0.32449680903289146,0.030781373322809787,1.0,0.9458272429587117,0.6588695387605071,0.4916831738966993,1.0,0.4916831738966993
GRID_0566,INDIAN_MARINE,15.75,78.5,203.30804266567168,11.294891259203984,90.35913007363186,0.0,,,,0,0,0,372.8526539222355,192.88518752562217,0.5154639175257731,0.0,1.0,,0.5,0.5077319587628866,0.8,0.4061855670103093
GRID_0567,INDIAN_MARINE,7.5,73.5,113.42934430008157,6.30163023889342,50.41304191114736,2313.0,-0.101,0.21300001,0.23573291,0,0,0,417.4706894706866,19.56084274586404,0.6715758468335788,1.0,1.0,0.15483824872707422,0.718279416242358,0.6949276315379684,1.0,0.6949276315379684
GRID_0568,INDIAN_MARINE,18.5,74.0,165.73696435352127,9.207609130751182,73.66087304600946,0.0,,,,0,0,0,90.10389795172324,123.22311667080294,0.5817378497790868,0.0,1.0,,0.5,0.5408689248895434,0.8,0.4326951399116348
GRID_0569,INDIAN_MARINE,9.0,79.5,214.6240554091552,11.923558633841957,95.38846907073564,18.0,0.0055000037,0.085,0.08517776,0,0,1,37.55085796323856,2.298068893976766,0.4904270986745214,0.014206787687450671,0.6666666666666666,0.8131305487483249,0.49800133436748073,0.49421421652100106,1.0,0.49421421652100106
GRID_0570,INDIAN_MARINE,17.25,74.0,122.95874035054436,6.831041130585798,54.64832904468639,0.0,,,,0,0,0,15.979498430337834,86.76755301213504,0.6519391261659303,0.0,1.0,,0.5,0.5759695630829651,0.8,0.4607756504663721
GRID_0571,INDIAN_MARINE,11.25,92.5,35.96655926484004,1.9981421813800024,15.98513745104002,16.0,0.018000001,-0.034500003,0.03891337,0,0,0,1244.147965057805,32.914410682413944,0.8841433480608738,0.012628255722178374,1.0,1.0,0.6708760852407261,0.7775097166507999,1.0,0.7775097166507999
GRID_0572,INDIAN_MARINE,10.25,81.5,118.18171355162104,6.565650752867835,52.52520602294268,3655.0,-0.17450002,0.143,0.22560865,0,0,0,217.40099592744332,65.71473106300036,0.6622484045164457,1.0,1.0,0.19910589683750515,0.733035298945835,0.6976418517311403,1.0,0.6976418517311403
GRID_0573,INDIAN_MARINE,21.0,74.0,195.3328379476191,10.851824330423284,86.81459464338627,0.0,,,,0,0,0,114.04091632132562,204.78697127950053,0.5277368679430535,0.0,1.0,,0.5,0.5138684339715267,0.8,0.4110947471772214
GRID_0574,INDIAN_MARINE,14.25,81.75,114.0358575316535,6.335325418425195,50.68260334740156,3149.0,0.052500002,0.09600001,0.10941778,0,0,0,223.9878557025753,169.75028605935216,0.6686303387334316,1.0,1.0,0.7071426863712416,0.9023808954570804,0.785505617095256,1.0,0.785505617095256
GRID_0575,INDIAN_MARINE,10.25,81.0,71.00679237640465,3.944821798689147,31.558574389513176,3523.0,-0.13550001,0.32950002,0.35627308,0,0,0,162.1586077182932,42.199242996908296,0.7491408934707904,1.0,1.0,0.0,0.6666666666666666,0.7079037800687284,1.0,0.7079037800687284
GRID_0576,INDIAN_MARINE,11.75,81.0,68.43239572452579,3.801799762473655,30.41439809978924,3251.0,0.0475,0.29650003,0.30028075,0,0,0,137.324642910867,112.90273949189346,0.7565046637211585,1.0,1.0,0.0,0.6666666666666666,0.7115856651939125,1.0,0.7115856651939125
GRID_0577,INDIAN_MARINE,17.0,69.75,261.8533950142529,14.54741083412516,116.37928667300127,3540.0,0.0635,-0.15450001,0.16704042,0,0,0,428.0798013149907,7.687463804477868,0.4074619538537064,1.0,1.0,0.455191556045268,0.8183971853484227,0.6129295696010646,1.0,0.6129295696010646
GRID_0578,INDIAN_MARINE,12.0,95.25,244.2758106269656,13.570878368164756,108.56702694531803,2732.0,-0.045500003,-0.17450002,0.18033443,0,0,0,1214.1154223882645,23.675498304305822,0.43937162493863524,1.0,1.0,0.3970643885627508,0.7990214628542502,0.6191965438964427,1.0,0.6191965438964427
GRID_0579,INDIAN_MARINE,9.75,81.25,130.09569504236217,7.227538613464564,57.82030890771652,3645.0,-0.061500005,0.12900001,0.14290994,0,0,0,204.3944979184629,105.04579845595129,0.6406480117820323,1.0,1.0,0.560700462116012,0.8535668207053373,0.7471074162436848,1.0,0.7471074162436848
GRID_0580,INDIAN_MARINE,5.75,74.25,324.2276339322043,18.012646329566905,144.10117063653524,2722.0,-0.16700001,0.2585,0.30775195,0,0,0,441.6974089384772,76.07844494120528,0.28424153166421207,1.0,1.0,0.0,0.6666666666666666,0.47545409916543935,1.0,0.47545409916543935
GRID_0581,INDIAN_MARINE,6.75,79.0,257.34076031232763,14.296708906240424,114.3736712499234,2552.0,-0.13350001,0.16550002,0.21263233,0,0,0,232.33208312529428,66.14140067775556,0.41286205203730975,1.0,1.0,0.25584398609324793,0.7519479953644159,0.5824050237008629,1.0,0.5824050237008629
GRID_0582,INDIAN_MARINE,9.25,77.25,111.11703452682892,6.173168584823829,49.38534867859063,0.0,,,,1,1,0,0.0,108.19925793662314,0.6759941089837997,0.0,0.3333333333333333,,0.16666666666666666,0.4213303878252332,0.8,0.3370643102601866
GRID_0583,INDIAN_MARINE,15.25,78.25,219.73698939025485,12.207610521680824,97.6608841734466,0.0,,,,0,0,0,341.7270901148676,217.98021914557424,0.4820814923907707,0.0,1.0,,0.5,0.49104074619538535,0.8,0.3928325969563083
GRID_0584,INDIAN_MARINE,22.0,73.75,264.7518852939026,14.708438071883478,117.66750457506782,0.0,,,,0,0,0,33.978295649302545,285.44382294268485,0.4020618556701031,0.0,1.0,,0.5,0.45103092783505155,0.8,0.3608247422680413
GRID_0585,INDIAN_MARINE,5.5,79.75,409.5696261291271,22.75386811828484,182.0309449462787,4016.0,0.259,0.20650002,0.331245,0,0,0,391.0979028507613,205.838165607238,0.13598429062346584,1.0,1.0,0.0,0.6666666666666666,0.40132547864506624,1.0,0.40132547864506624
GRID_0586,INDIAN_MARINE,9.25,80.75,158.9734026271972,8.831855701510955,70.65484561208764,0.0,,,,0,0,0,166.9792361899037,120.16866400153144,0.5895925380461463,0.0,1.0,,0.5,0.5447962690230732,0.8,0.4358370152184586
GRID_0587,INDIAN_MARINE,9.25,72.25,82.71732816366169,4.595407120203428,36.76325696162742,2237.0,-0.089,0.25500003,0.2700852,0,0,0,492.7572855864414,33.20064907299062,0.7226313205694649,1.0,1.0,0.004635163710739468,0.6682117212369131,0.695421520903189,1.0,0.695421520903189
GRID_0588,INDIAN_MARINE,7.0,69.5,439.2394478373079,24.402191546517106,195.2175323721368,4536.0,0.17050001,0.11250001,0.20427068,0,0,0,858.5846547555876,22.56242875058018,0.08247422680412375,1.0,1.0,0.29240474014565127,0.7641349133818838,0.42330457009300376,1.0,0.42330457009300376
GRID_0589,INDIAN_MARINE,15.25,73.75,34.88368794982118,1.9379826638789543,15.503861311031637,26.0,0.030500002,-0.075500004,0.08142789,0,0,0,39.33084200881604,6.38484197766252,0.8900343642611683,0.020520915548539857,1.0,0.8295266039286404,0.6166825064923934,0.7533584353767808,1.0,0.7533584353767808
GRID_0590,INDIAN_MARINE,9.0,88.25,482.5683539947298,26.80935299970721,214.4748239976577,3568.0,0.1395,0.076000005,0.15885922,0,0,0,978.7065398353903,111.97423655629426,0.019636720667648544,1.0,1.0,0.49096330457020293,0.8303211015234009,0.4249789110955247,1.0,0.4249789110955247
GRID_0591,INDIAN_MARINE,16.5,74.5,143.49854496470007,7.972141386927782,63.777131095422256,0.0,,,,0,0,0,54.37106850946174,128.54377466894283,0.6175748649975454,0.0,1.0,,0.5,0.5587874324987727,0.8,0.4470299459990182
GRID_0592,INDIAN_MARINE,15.75,84.75,291.7867321051368,16.210374005840933,129.68299204672746,2969.0,0.0855,0.0635,0.10650118,0,0,0,418.6309940547187,118.59857455471536,0.35051546391752575,1.0,1.0,0.7198953243397335,0.9066317747799111,0.6285736193487184,1.0,0.6285736193487184
GRID_0593,INDIAN_MARINE,9.25,77.0,83.84005926975962,4.657781070542201,37.26224856433761,0.0,,,,1,1,0,0.0,81.7189143946217,0.7187039764359352,0.0,0.3333333333333333,,0.16666666666666666,0.4426853215513009,0.8,0.35414825724104076
GRID_0594,INDIAN_MARINE,13.75,80.75,5.696916858578541,0.3164953810321411,2.531963048257129,3015.0,-0.0125,0.41500002,0.41518822,0,0,0,106.5702791615248,53.20124323458708,0.9945999018163967,1.0,1.0,0.0,0.6666666666666666,0.8306332842415316,1.0,0.8306332842415316
GRID_0595,INDIAN_MARINE,9.75,95.0,260.73940644486004,14.485522580270002,115.88418064216002,2057.0,-0.0905,-0.08850001,0.12658001,0,0,0,1459.6377132572218,53.65731958995243,0.40942562592047127,1.0,1.0,0.6321019862677002,0.8773673287559001,0.6433964773381857,1.0,0.6433964773381857
GRID_0596,INDIAN_MARINE,9.0,74.0,105.2924031771142,5.849577954284122,46.796623634272976,2752.0,0.036500003,-0.075,0.08341014,0,0,0,318.8228015134257,73.92969642747191,0.6848306332842415,1.0,1.0,0.8208593486954776,0.9402864495651592,0.8125585414247003,1.0,0.8125585414247003
GRID_0597,INDIAN_MARINE,14.5,95.25,316.9210491984808,17.606724955471154,140.85379964376924,80.0,0.0255,-0.0715,0.075911134,0,0,0,936.772596385224,83.90388785997868,0.302405498281787,0.06314127861089187,1.0,0.8536482496903167,0.6389298427670695,0.47066767052442826,1.0,0.47066767052442826
GRID_0598,INDIAN_MARINE,6.25,77.0,187.5233602004061,10.417964455578115,83.34371564462494,2234.0,-0.112500004,0.008499999,0.11282066,0,0,0,218.0093312598408,99.02196952442692,0.5429553264604812,1.0,1.0,0.6922638217034018,0.8974212739011339,0.7201883001808076,1.0,0.7201883001808076
GRID_0599,INDIAN_MARINE,12.25,90.75,228.1257765265578,12.673654251475432,101.38923401180348,3120.0,0.069000006,0.065500006,0.095138066,0,0,0,1037.2840737356532,177.98523928441702,0.46637211585665195,1.0,1.0,0.7695797785112691,0.9231932595037563,0.6947826876802041,1.0,0.6947826876802041
GRID_0600,INDIAN_MARINE,15.0,85.5,383.52647730146526,21.30702651674807,170.45621213398456,2968.0,0.087000005,-0.036000002,0.094154134,0,0,1,507.8933575360989,1.1522300214044203,0.18213058419243988,1.0,0.6666666666666666,0.7738819552175757,0.8135162072947475,0.4978233957435937,1.0,0.4978233957435937
GRID_0601,INDIAN_MARINE,7.0,76.75,100.6967166893962,5.594262038299789,44.75409630639831,1961.0,-0.09150001,0.1045,0.13889745,0,0,0,149.50593801060202,129.9132924264222,0.6897398134511536,1.0,1.0,0.5782448056400448,0.8594149352133482,0.7745773743322509,1.0,0.7745773743322509
GRID_0602,INDIAN_MARINE,18.0,76.0,347.69941183374925,19.316633990763847,154.53307192611078,0.0,,,,0,0,0,237.91498791101745,322.76893606133103,0.2415316642120766,0.0,1.0,,0.5,0.3707658321060383,0.8,0.29661266568483063
GRID_0603,INDIAN_MARINE,8.0,80.25,296.67870342675457,16.482150190375254,131.85720152300203,0.0,,,,0,0,0,176.85546815282385,129.16728603036998,0.3397152675503191,0.0,1.0,,0.5,0.41985763377515956,0.8,0.33588610702012767
GRID_0604,INDIAN_MARINE,10.5,92.25,29.933151735783305,1.6629528742101836,13.303622993681469,21.0,0.0335,-0.011,0.035259753,0,0,0,1295.6396208122435,15.653547023605723,0.9194894452626411,0.016574585635359115,1.0,1.0,0.6721915285451197,0.7958404869038804,1.0,0.7958404869038804
GRID_0605,INDIAN_MARINE,10.25,70.5,207.14592120553067,11.508106733640592,92.06485386912476,3526.0,-0.0625,0.068,0.09235935,0,0,0,594.1026156393704,184.01008167944187,0.5061364752086401,1.0,1.0,0.7817295279336293,0.9272431759778763,0.7166898255932582,1.0,0.7166898255932582
GRID_0606,INDIAN_MARINE,17.25,75.25,253.49454288592185,14.083030160328992,112.66424128263192,0.0,,,,0,0,0,152.3208118896031,223.78536775726928,0.4197349042709867,0.0,1.0,,0.5,0.45986745213549335,0.8,0.3678939617083947
GRID_0607,INDIAN_MARINE,17.0,78.25,298.86239613291286,16.603466451828492,132.82773161462794,0.0,,,,0,0,0,397.8356031877833,279.54832495639147,0.33676975945017185,0.0,1.0,,0.5,0.4183848797250859,0.8,0.33470790378006876
GRID_0608,INDIAN_MARINE,8.0,80.75,296.63910666572593,16.479950370318107,131.83960296254486,0.0,,,,0,0,0,216.4763552191121,172.9422232985082,0.3402061855670103,0.0,1.0,,0.5,0.42010309278350516,0.8,0.33608247422680415
GRID_0609,INDIAN_MARINE,11.5,96.0,323.6516842966808,17.980649127593377,143.84519302074702,2373.0,-0.076000005,-0.154,0.17173235,0,0,0,1289.358163827708,64.62560283307931,0.2852233676975945,1.0,1.0,0.43467640667150886,0.8115588022238363,0.5483910849607154,1.0,0.5483910849607154
GRID_0610,INDIAN_MARINE,8.0,75.75,79.25915773635536,4.403286540908631,35.22629232726905,1643.0,0.11850001,0.1435,0.18610346,0,0,0,166.3506077962283,86.54283147329129,0.7280314187530683,1.0,1.0,0.37183969164875214,0.790613230549584,0.7593223246513261,1.0,0.7593223246513261
GRID_0611,INDIAN_MARINE,17.0,92.75,425.2586906735564,23.62548281519757,189.0038625215806,2423.0,0.15850002,0.016000003,0.15930554,0,0,0,611.2686515287038,163.04205341428585,0.10456553755522824,1.0,1.0,0.48901180029190033,0.8296706000973001,0.46711806882626417,1.0,0.46711806882626417
GRID_0612,INDIAN_MARINE,9.5,74.75,133.22384066109703,7.4013244811720575,59.21059584937646,1028.0,-0.013000001,0.035,0.03733631,0,0,0,233.88988209936508,136.0308292990551,0.6318114874815906,0.8113654301499605,1.0,1.0,0.9371218100499867,0.7844666487657886,1.0,0.7844666487657886
GRID_0613,INDIAN_MARINE,6.75,94.75,483.3819285683367,26.854551587129816,214.83641269703853,2888.0,-0.1325,-0.19800001,0.2382441,0,0,1,1741.810055160706,3.309271213233905,0.019145802650957333,1.0,0.6666666666666666,0.1438582388045285,0.6035083018237317,0.3113270522373445,1.0,0.3113270522373445
GRID_0614,INDIAN_MARINE,16.75,84.5,284.1526366118813,15.78625758954896,126.29006071639168,2995.0,0.2945,0.3585,0.4639531,0,0,0,306.4908648630906,166.69818028237682,0.36327933235149734,1.0,1.0,0.0,0.6666666666666666,0.5149729995090819,1.0,0.5149729995090819
GRID_0615,INDIAN_MARINE,19.25,78.75,447.0426078215468,24.83570043453038,198.68560347624305,0.0,,,,0,0,0,262.4522793902532,467.26123848743725,0.06921944035346095,0.0,1.0,,0.5,0.2846097201767305,0.8,0.22768777614138438
GRID_0616,INDIAN_MARINE,12.75,85.5,498.00463858921984,27.666924366067768,221.33539492854212,3228.0,-0.15100001,0.010000002,0.15133077,0,0,0,585.5313586907444,178.74519067953688,0.0019636720667648433,1.0,1.0,0.5238809474810896,0.8412936491603631,0.42162866061356397,1.0,0.42162866061356397
GRID_0617,INDIAN_MARINE,13.5,94.0,151.25375278987332,8.402986266104072,67.22389012883258,745.0,0.064500004,-0.064500004,0.09121678,0,0,0,1021.9805325920744,34.14508206194977,0.6038291605301915,0.5880031570639306,1.0,0.7867253386597006,0.7915761652412103,0.6977026628857009,1.0,0.6977026628857009
GRID_0618,INDIAN_MARINE,14.75,89.0,428.2952788936413,23.79418216075785,190.3534572860628,2836.0,0.22150001,0.0735,0.23337631,0,0,0,691.0593241361648,68.29164118560111,0.09965635738831613,1.0,1.0,0.16514232423847366,0.7217141080794912,0.41068523273390367,1.0,0.41068523273390367
GRID_0619,INDIAN_MARINE,13.5,97.25,497.9247365391669,27.662485363287047,221.2998829062964,80.0,0.052500002,-0.020000003,0.056180514,0,0,0,1123.512399724786,56.47010059264493,0.002454590083456054,0.06314127861089187,1.0,0.939919062881664,0.6676867804975186,0.33507068529048734,1.0,0.33507068529048734
GRID_0620,INDIAN_MARINE,8.75,74.5,145.94824218674444,8.108235677041357,64.86588541633085,2758.0,-0.064,-0.0935,0.11330601,0,0,0,269.0719186473726,105.188118245304,0.6136475208640157,1.0,1.0,0.6901416613667058,0.8967138871222352,0.7551807039931255,1.0,0.7551807039931255
GRID_0621,INDIAN_MARINE,17.25,84.25,286.302158862849,15.9056754923805,127.245403939044,2682.0,0.056,0.23150001,0.23817694,0,0,0,256.66708570505114,104.14759186896008,0.3573883161512027,1.0,1.0,0.14415189140206114,0.7147172971340203,0.5360528066426116,1.0,0.5360528066426116
GRID_0622,INDIAN_MARINE,11.75,73.0,45.50792973409502,2.5282183185608345,20.22574654848668,1243.0,0.0735,0.1045,0.12775955,0,0,0,275.7534420117099,22.262631341147483,0.8365243004418262,0.9810576164167324,1.0,0.6269445266951311,0.8693340477039544,0.8529291740728904,1.0,0.8529291740728904
GRID_0623,INDIAN_MARINE,7.5,71.25,240.3183905400008,13.351021696666711,106.80817357333368,3992.0,0.22350001,0.13650002,0.26188645,0,0,0,655.9751984534811,49.06270862178904,0.4472263132056946,1.0,1.0,0.04048364843410662,0.6801612161447022,0.5636937646751984,1.0,0.5636937646751984
GRID_0624,INDIAN_MARINE,10.75,75.0,45.8725993345747,2.5484777408097057,20.387821926477645,1405.0,0.021000002,0.00049999985,0.021005953,0,0,0,155.2093333537509,91.47748104539838,0.8355424644084438,1.0,1.0,1.0,1.0,0.917771232204222,1.0,0.917771232204222
GRID_0625,INDIAN_MARINE,19.75,73.75,128.81599507254953,7.156444170697196,57.25155336557757,0.0,,,,0,0,0,47.45620055613316,119.12019301699696,0.6431026018654884,0.0,1.0,,0.5,0.5715513009327442,0.8,0.45724104074619537
GRID_0626,INDIAN_MARINE,8.75,82.0,268.34884427789524,14.908269126549737,119.26615301239788,3827.0,0.0945,-0.18100001,0.20418435,0,0,0,310.7472966722977,243.5860403234002,0.3932253313696613,1.0,1.0,0.29278221228300993,0.76426073742767,0.5787430343986657,1.0,0.5787430343986657
GRID_0627,INDIAN_MARINE,9.75,78.75,213.8846133569568,11.882478519830933,95.05982815864746,0.0,,,,0,0,0,52.77448769856889,68.81435985941174,0.4914089347079038,0.0,1.0,,0.5,0.4957044673539519,0.8,0.39656357388316155
GRID_0628,INDIAN_MARINE,16.25,92.5,342.175859263617,19.009769959089837,152.07815967271867,2505.0,-0.030000001,-0.0775,0.08310385,0,0,0,699.6715744559905,187.1786279378436,0.25184094256259204,1.0,1.0,0.8221985811865182,0.9407328603955061,0.5962869014790491,1.0,0.5962869014790491
GRID_0629,INDIAN_MARINE,10.25,73.0,48.30520648764694,2.683622582647052,21.468980661176417,1470.0,0.041500002,0.018,0.045235496,0,0,0,354.80053495738986,74.64181811295535,0.8267059401080019,1.0,1.0,0.9877754203227347,0.9959251401075782,0.91131554010779,1.0,0.91131554010779
GRID_0630,INDIAN_MARINE,19.0,72.25,15.065268440741422,0.8369593578189679,6.695674862551743,55.0,0.102000006,-0.10100001,0.14354444,0,0,0,74.89501029033426,59.27229280522218,0.9818360333824251,0.043409629044988164,1.0,0.5579261534034673,0.5337785941494851,0.7578073137659551,1.0,0.7578073137659551
GRID_0631,INDIAN_MARINE,14.75,70.25,307.414413572798,17.07857853182211,136.62862825457688,3296.0,0.029000001,-0.0395,0.049002554,0,0,0,432.6136007256727,58.997308698316125,0.31958762886597936,1.0,1.0,0.9713042117647182,0.990434737254906,0.6550111830604427,1.0,0.6550111830604427
GRID_0632,INDIAN_MARINE,6.0,78.75,293.2419024198741,16.291216801104117,130.32973440883293,3055.0,0.1815,-0.0045,0.18155578,0,0,0,280.0964170989765,81.47229345352103,0.3485517918507609,1.0,1.0,0.391724117568162,0.7972413725227206,0.5728965821867408,1.0,0.5728965821867408
GRID_0633,INDIAN_MARINE,11.75,68.0,408.93693875296987,22.718718819609435,181.74975055687548,4322.0,0.0505,-0.009,0.051295713,0,0,0,788.081506440257,36.36409480953892,0.13696612665684826,1.0,1.0,0.9612775277726765,0.9870925092575588,0.5620293179572036,1.0,0.5620293179572036
GRID_0634,INDIAN_MARINE,9.75,89.0,375.2664344222957,20.848135245683093,166.78508196546474,3408.0,0.0034999996,0.097500004,0.097562805,0,0,0,1039.1695919497895,6.260044992826932,0.19783996072655863,1.0,1.0,0.7589777697904699,0.9196592565968232,0.558749608661691,1.0,0.558749608661691
GRID_0635,INDIAN_MARINE,7.0,71.25,270.1402492899968,15.007791627222044,120.06233301777635,4059.0,0.0925,0.075,0.11908506,0,0,0,672.6364132992048,104.5187333913034,0.38733431516936667,1.0,1.0,0.6648731526744571,0.8882910508914856,0.6378126830304262,1.0,0.6378126830304262
GRID_0636,INDIAN_MARINE,16.25,91.75,354.7699606254782,19.70944225697101,157.67553805576807,2295.0,-0.011500001,-0.030000001,0.032128647,0,0,0,695.683003830028,129.90398691347747,0.22974963181148744,1.0,1.0,1.0,1.0,0.6148748159057438,1.0,0.6148748159057438
GRID_0637,INDIAN_MARINE,8.75,77.75,108.4290216041156,6.023834533561978,48.19067626849582,0.0,,,,0,0,0,27.84649930521753,49.96459739831932,0.6804123711340206,0.0,1.0,,0.5,0.5902061855670103,0.8,0.4721649484536083
GRID_0638,INDIAN_MARINE,18.5,85.75,493.66611901537,27.425895500853887,219.4071640068311,2188.0,0.49400002,0.043000005,0.49586794,0,0,0,129.753079482885,102.84478158792908,0.008836524300441795,1.0,1.0,0.0,0.6666666666666666,0.3377515954835542,1.0,0.3377515954835542
GRID_0639,INDIAN_MARINE,8.75,74.75,139.3013305007953,7.738962805599739,61.91170244479791,2760.0,-0.10650001,-0.088,0.138153,0,0,0,242.175044698268,102.01664098099825,0.6215022091310751,1.0,1.0,0.5814998633564419,0.8604999544521472,0.7410010817916112,1.0,0.7410010817916112
GRID_0640,INDIAN_MARINE,13.0,78.25,241.5575228592577,13.419862381069873,107.35889904855895,0.0,,,,0,0,0,176.21974149428897,213.4803765241112,0.44378988708885614,0.0,1.0,,0.5,0.47189494354442807,0.8,0.37751595483554246
GRID_0641,INDIAN_MARINE,10.25,74.5,112.69704391982776,6.260946884434876,50.08757507547901,2359.0,0.0,0.076000005,0.076000005,0,0,0,226.9679150688752,92.08921910914331,0.6735395189003437,1.0,1.0,0.8532596672008091,0.951086555733603,0.8123130373169734,1.0,0.8123130373169734
GRID_0642,INDIAN_MARINE,14.0,95.75,347.358021414156,19.297667856342,154.381342850736,151.0,0.1375,-0.0065000057,0.13765356,0,0,0,1008.0633872411964,78.4336863886633,0.24202258222876782,0.11917916337805841,1.0,0.5836836312735314,0.56762093155053,0.4048217568896489,1.0,0.4048217568896489
GRID_0643,INDIAN_MARINE,14.5,86.25,475.7951794988506,26.43306552771392,211.46452422171137,2972.0,0.012000002,-0.043000005,0.044643033,0,0,0,579.7530482923162,101.99083055774004,0.02994599901816397,1.0,1.0,0.990365925070978,0.996788641690326,0.513367320354245,1.0,0.513367320354245
GRID_0644,INDIAN_MARINE,9.75,73.5,56.28767696931389,3.1270931649618827,25.01674531969506,1998.0,0.087500006,-0.024500001,0.09086529,0,0,0,351.7612631810167,5.055890924066752,0.792341678939617,1.0,1.0,0.7882622051204924,0.9294207350401641,0.8608812069898906,1.0,0.8608812069898906
GRID_0645,INDIAN_MARINE,15.5,82.0,15.747730066738058,0.8748738925965588,6.99899114077247,2354.0,0.5525,-0.095000006,0.5606079,0,0,0,351.2782949473443,95.63314425412896,0.9813451153657339,1.0,1.0,0.0,0.6666666666666666,0.8240058910162003,1.0,0.8240058910162003
GRID_0646,INDIAN_MARINE,19.5,71.5,79.0427173304177,4.391262073912094,35.13009659129676,84.0,0.0855,-0.104,0.13463376,0,0,0,165.40297143980217,92.62319647733854,0.7290132547864507,0.06629834254143646,1.0,0.5968875043234018,0.5543952822882794,0.6417042685373651,1.0,0.6417042685373651
GRID_0647,INDIAN_MARINE,13.0,81.5,65.10492725215123,3.61694040289729,28.93552322317832,3415.0,-0.0014999956,0.148,0.1480076,0,0,0,140.19185551483238,131.93672401410728,0.7658321060382915,1.0,1.0,0.5384112855177601,0.8461370951725866,0.8059846006054391,1.0,0.8059846006054391
GRID_0648,INDIAN_MARINE,9.5,91.5,164.19286604319194,9.121825891288442,72.97460713030753,2821.0,0.091000006,0.031000003,0.096135326,0,0,0,1311.9752767959876,122.9814441620521,0.5856651939126165,1.0,1.0,0.7652193260184836,0.9217397753394945,0.7537024846260555,1.0,0.7537024846260555
GRID_0649,INDIAN_MARINE,10.25,73.25,21.00058527125074,1.166699181736152,9.333593453889216,1661.0,0.0435,-0.0295,0.05255949,0,0,0,334.2087517318353,46.85331190927239,0.9563082965144821,1.0,1.0,0.9557517475649324,0.9852505825216441,0.9707794395180631,1.0,0.9707794395180631
GRID_0650,INDIAN_MARINE,11.25,88.5,413.9789080003911,22.998828222243947,183.9906257779516,3237.0,-0.058500003,0.1435,0.15496613,0,0,0,938.691275500276,34.33678267462294,0.12616593028964163,1.0,1.0,0.5079855795989198,0.8359951931996399,0.48108056174464076,1.0,0.48108056174464076
GRID_0651,INDIAN_MARINE,17.0,71.0,152.20845200006283,8.456025111114602,67.64820088891682,2405.0,-0.044,0.179,0.18432851,0,0,0,298.1997008761891,141.97487473592338,0.6008836524300442,1.0,1.0,0.37960054152949496,0.7932001805098317,0.697041916469938,1.0,0.697041916469938
GRID_0652,INDIAN_MARINE,7.0,74.25,200.75927357075147,11.15329297615286,89.22634380922288,2767.0,-0.1535,0.13350001,0.20343181,0,0,0,367.4546631741525,86.40002478374628,0.519882179675994,1.0,1.0,0.29607264298204605,0.765357547660682,0.642619863668338,1.0,0.642619863668338
GRID_0653,INDIAN_MARINE,9.75,89.75,298.0611479740961,16.55895266522756,132.4716213218205,3373.0,-0.0395,-0.037,0.05412255,0,0,0,1117.9687810548571,71.14650511490056,0.33775159548355427,1.0,1.0,0.9489173725038919,0.9829724575012972,0.6603620264924257,1.0,0.6603620264924257
GRID_0654,INDIAN_MARINE,13.0,91.0,178.40838511371228,9.911576950761791,79.29261560609434,2985.0,0.004499998,0.0335,0.03380089,0,0,0,984.2939590842502,184.3609056263469,0.5576828669612175,1.0,1.0,1.0,1.0,0.7788414334806087,1.0,0.7788414334806087
GRID_0655,INDIAN_MARINE,5.5,76.25,267.97220487883595,14.887344715490888,119.0987577239271,2329.0,-0.083000004,0.18300001,0.20094278,0,0,0,324.9194823094342,14.718295582643565,0.39469808541973495,1.0,1.0,0.3069557597902183,0.768985253263406,0.5818416693415704,1.0,0.5818416693415704
GRID_0656,INDIAN_MARINE,5.0,77.75,343.735121713147,19.09639565073039,152.77116520584312,2631.0,0.0445,0.109500006,0.118196875,0,0,0,353.4548053872789,51.28901194567274,0.24840451644575356,1.0,1.0,0.6687566820422296,0.8895855606807431,0.5689950385632483,1.0,0.5689950385632483
GRID_0657,INDIAN_MARINE,8.0,81.5,315.09796102734987,17.505442279297213,140.0435382343777,0.0,,,,0,0,0,285.8576464206583,245.62459947905208,0.3078055964653903,0.0,1.0,,0.5,0.40390279823269515,0.8,0.32312223858615613
GRID_0658,INDIAN_MARINE,9.5,77.25,116.54902303452069,6.474945724140039,51.79956579312031,0.0,,,,1,1,0,0.0,104.2715377379594,0.6642120765832107,0.0,0.3333333333333333,,0.16666666666666666,0.41543937162493866,0.8,0.33235149729995095
GRID_0659,INDIAN_MARINE,13.75,82.75,206.6604986292818,11.481138812737877,91.849110501903,3345.0,-0.083000004,-0.12850001,0.15297468,0,0,0,294.2947325053772,115.76600635162433,0.5076092292587138,1.0,1.0,0.5166930612153063,0.8388976870717687,0.6732534581652412,1.0,0.6732534581652412
GRID_0660,INDIAN_MARINE,16.0,77.75,287.7824070536969,15.98791150298316,127.90329202386528,0.0,,,,0,0,0,403.9199147687852,280.2578362703444,0.35542464408443786,0.0,1.0,,0.5,0.42771232204221893,0.8,0.34216985763377517
GRID_0661,INDIAN_MARINE,7.5,70.0,368.342222552418,20.463456808467665,163.70765446774132,4237.0,0.22950001,0.068500005,0.23950471,0,0,0,789.2898560989306,59.54006642129518,0.20716740304369174,1.0,1.0,0.13834630609196566,0.7127821020306552,0.45997475253717346,1.0,0.45997475253717346
GRID_0662,INDIAN_MARINE,10.25,87.75,497.1515764573603,27.619532025408905,220.95625620327124,3411.0,0.033000004,0.0605,0.0689148,0,0,0,889.1012320635994,126.01944962293088,0.003927344133529687,1.0,1.0,0.8842392510647424,0.9614130836882474,0.48267021391088855,1.0,0.48267021391088855
GRID_0663,INDIAN_MARINE,8.5,90.5,318.15002334829256,17.675001297127366,141.40001037701893,3162.0,0.076000005,0.026,0.080324344,0,0,0,1235.0335266539466,117.51916584480811,0.2989690721649485,1.0,1.0,0.8343517848309161,0.944783928276972,0.6218765002209603,1.0,0.6218765002209603
GRID_0664,INDIAN_MARINE,13.0,68.25,392.00682031033824,21.77815668390768,174.22525347126145,4187.0,-0.026500003,0.028500002,0.03891658,0,0,0,700.4151941660915,24.4594630210574,0.16396661757486497,1.0,1.0,1.0,1.0,0.5819833087874324,1.0,0.5819833087874324
GRID_0665,INDIAN_MARINE,12.25,74.5,22.2954321128563,1.2386351173809056,9.909080939047245,107.0,0.04,0.0775,0.08721382,0,0,0,101.94028536023616,59.27683076033256,0.9518900343642611,0.08445146014206788,1.0,0.8042280128976331,0.629559824346567,0.790724929355414,1.0,0.790724929355414
GRID_0666,INDIAN_MARINE,19.0,81.0,329.3124592246514,18.295136623591745,146.36109298873396,0.0,,,,0,0,0,413.51269347585554,295.1852586645056,0.27344133529700543,0.0,1.0,,0.5,0.3867206676485027,0.8,0.30937653411880217
GRID_0667,INDIAN_MARINE,18.25,77.0,455.927669521781,25.32931497343228,202.63451978745823,0.0,,,,0,0,0,208.8367379241834,437.5485957606448,0.055964653902798256,0.0,1.0,,0.5,0.27798232695139913,0.8,0.2223858615611193
GRID_0668,INDIAN_MARINE,9.0,83.25,353.2223982123207,19.623466567351148,156.98773253880918,3743.0,-0.16550002,-0.08,0.18382125,0,0,0,442.506165571905,157.4771089167131,0.2322042218949435,1.0,1.0,0.3818185018723247,0.7939395006241081,0.5130718612595258,1.0,0.5130718612595258
GRID_0669,INDIAN_MARINE,16.0,94.75,386.4345434294272,21.468585746079288,171.7486859686343,0.0,,,,0,0,0,755.0696179141795,53.64196154630261,0.17476681394207172,0.0,1.0,,0.5,0.33738340697103586,0.8,0.2699067255768287
GRID_0670,INDIAN_MARINE,15.5,79.25,118.64406310932416,6.591336839406898,52.73069471525518,0.0,,,,0,0,0,310.37740770525363,107.13890996616648,0.6607756504663721,0.0,1.0,,0.5,0.580387825233186,0.8,0.4643102601865488
GRID_0671,INDIAN_MARINE,15.25,90.0,365.01983491334727,20.27887971740818,162.23103773926545,2665.0,0.11000001,0.155,0.19006579,0,0,0,715.7565255920323,9.799024262873536,0.21207658321060385,1.0,1.0,0.35451466936194753,0.7848382231206491,0.4984574031656265,1.0,0.4984574031656265
GRID_0672,INDIAN_MARINE,12.25,73.75,78.34957021729228,4.352753900960682,34.822031207685455,1820.0,0.050000004,0.01,0.0509902,0,0,0,183.86840571899705,119.60064950781074,0.731958762886598,1.0,1.0,0.9626133628833081,0.9875377876277693,0.8597482752571837,1.0,0.8597482752571837
GRID_0673,INDIAN_MARINE,15.75,74.5,130.51685874675545,7.250936597041969,58.00749277633575,0.0,,,,0,0,0,73.29072169582217,94.67107276846647,0.6396661757486499,0.0,1.0,,0.5,0.569833087874325,0.8,0.45586647029946
GRID_0674,INDIAN_MARINE,19.5,70.75,155.93809852689293,8.663227695938495,69.30582156750796,77.0,0.0555,-0.000500001,0.055502255,0,0,0,246.32763033452687,129.83222114319517,0.5949926362297496,0.06077348066298342,1.0,0.9428847048880659,0.6678860618503497,0.6314393490400496,1.0,0.6314393490400496
GRID_0675,INDIAN_MARINE,13.75,97.0,474.4448670095426,26.358048167196813,210.8643853375745,79.0,0.08600001,0.0050000027,0.08614524,0,0,0,1085.783533248327,85.31058236933642,0.030927835051546393,0.062352012628255724,1.0,0.8089003073090612,0.6237507733124389,0.32733930418199264,1.0,0.32733930418199264
GRID_0676,INDIAN_MARINE,10.25,83.75,356.0562678883367,19.780903771574263,158.2472301725941,3597.0,-0.2515,-0.0445,0.25540656,0,0,0,458.2995080515274,45.056963544640624,0.2272950417280314,1.0,1.0,0.0688165330414063,0.6896055110138021,0.45845027637091673,1.0,0.45845027637091673
GRID_0677,INDIAN_MARINE,16.25,85.0,321.6246829602608,17.86803794223671,142.9443035378937,2883.0,0.0915,0.1555,0.18042311,0,0,0,360.00782340259434,141.23221502856515,0.2940598919980363,1.0,1.0,0.39667664120793833,0.7988922137359794,0.5464760528670078,1.0,0.5464760528670078
GRID_0678,INDIAN_MARINE,12.0,92.75,34.160320440089805,1.8977955800049893,15.182364640039914,0.0,,,,0,0,0,1186.2434838342572,34.63033039367412,0.8924889543446244,0.0,1.0,,0.5,0.6962444771723122,0.8,0.5569955817378498
GRID_0679,INDIAN_MARINE,15.5,83.25,135.69450301559723,7.538583500866513,60.3086680069321,3106.0,0.315,0.094500005,0.32886967,0,0,0,444.4673032622501,161.40258821671938,0.625920471281296,1.0,1.0,0.0,0.6666666666666666,0.6462935689739813,1.0,0.6462935689739813
GRID_0680,INDIAN_MARINE,14.0,68.0,453.0397056264493,25.168872534802738,201.3509802784219,4068.0,0.09150001,0.10350001,0.13814667,0,0,0,694.187982450258,87.12696741457809,0.061855670103092786,1.0,1.0,0.5815275408570729,0.8605091802856909,0.46118242519439184,1.0,0.46118242519439184
GRID_0681,INDIAN_MARINE,9.75,77.5,151.71180507038596,8.428433615021442,67.42746892017153,0.0,,,,0,0,0,7.17125756443122,134.92399178012053,0.6013745704467354,0.0,1.0,,0.5,0.5506872852233677,0.8,0.4405498281786942
GRID_0682,INDIAN_MARINE,10.25,74.25,88.23342501994058,4.901856945552255,39.21485556441804,2403.0,0.008000001,0.028,0.02912044,0,0,0,252.4907189151812,64.30071290546036,0.711340206185567,1.0,1.0,1.0,1.0,0.8556701030927836,1.0,0.8556701030927836
GRID_0683,INDIAN_MARINE,5.5,72.0,356.0198110272563,19.77887839040313,158.23102712322503,2969.0,-0.1525,0.054000005,0.1617784,0,0,0,668.4064149302651,68.97388046112162,0.2277859597447226,1.0,1.0,0.4781993857246767,0.8260664619082255,0.5269262108264741,1.0,0.5269262108264741
GRID_0684,INDIAN_MARINE,14.25,95.25,305.2758928571208,16.9597718253956,135.6781746031648,94.0,0.056500003,-0.103,0.11747872,0,0,0,964.4119042660024,56.98871245244416,0.32351497299950904,0.07419100236779795,1.0,0.6718967666339674,0.5820292563339218,0.4527721146667154,1.0,0.4527721146667154
GRID_0685,INDIAN_MARINE,18.0,84.75,376.6738413803305,20.926324521129477,167.41059616903578,2466.0,0.282,0.26900002,0.38972428,0,0,0,158.09050894772875,75.87066870964652,0.19587628865979378,1.0,1.0,0.0,0.6666666666666666,0.4312714776632302,1.0,0.4312714776632302
GRID_0686,INDIAN_MARINE,11.5,90.5,209.01425842795345,11.611903245997414,92.89522596797931,3167.0,0.0785,-0.0015000002,0.07851433,0,0,0,1094.083707569746,189.0927321361821,0.5022091310751104,1.0,1.0,0.8422659497009366,0.9474219832336455,0.724815557154378,1.0,0.724815557154378
GRID_0687,INDIAN_MARINE,11.25,75.5,12.157958485773324,0.675442138098518,5.403537104788144,40.0,0.0045000017,-0.16200002,0.16206251,0,0,0,82.89601908585763,15.661808283759248,0.9857633775159549,0.03157063930544594,1.0,0.4769571337966686,0.5028425910340382,0.7443029842749965,1.0,0.7443029842749965
GRID_0688,INDIAN_MARINE,7.5,80.0,329.22121302562647,18.290067390312583,146.32053912250066,0.0,,,,0,0,0,208.2597386033004,136.86057147541766,0.27393225331369664,0.0,1.0,,0.5,0.3869661266568483,0.8,0.30957290132547866
GRID_0689,INDIAN_MARINE,5.25,77.5,308.74767411903787,17.15264856216877,137.22118849735017,2644.0,0.032,0.08850001,0.09410766,0,0,0,324.0106052446092,12.295040549575743,0.3176239567992145,1.0,1.0,0.7740851596669168,0.9246950532223055,0.62115950501076,1.0,0.62115950501076
GRID_0690,INDIAN_MARINE,17.75,70.75,133.53391091610203,7.418550606450113,59.3484048516009,1284.0,-0.0965,0.0145000005,0.0975833,0,0,0,286.9965243706387,140.84471548745353,0.6293568973981345,1.0,1.0,0.7588881567769734,0.9196293855923244,0.7744931414952294,1.0,0.7744931414952294
GRID_0691,INDIAN_MARINE,14.0,68.75,381.98995614007634,21.22166423000424,169.77331384003392,4086.0,-0.007000001,0.14450002,0.14466947,0,0,0,612.7168719463073,11.421519033561651,0.18507609229258715,1.0,1.0,0.5530070351514985,0.8510023450504994,0.5180392186715432,1.0,0.5180392186715432
GRID_0692,INDIAN_MARINE,8.75,77.25,68.96366026890551,3.83131445938364,30.65051567506912,0.0,,,,1,1,0,0.0,83.19763769231298,0.7555228276877761,0.0,0.3333333333333333,,0.16666666666666666,0.4610947471772214,0.8,0.36887579774177714
GRID_0693,INDIAN_MARINE,19.75,80.75,415.2296026955958,23.068311260866437,184.54649008693147,0.0,,,,0,0,0,374.4357467631303,373.79613132103685,0.12371134020618557,0.0,1.0,,0.5,0.3118556701030928,0.8,0.24948453608247423
GRID_0694,INDIAN_MARINE,6.5,74.0,236.5993520706352,13.144408448368624,105.15526758694898,2699.0,-0.19000001,0.181,0.2624138,0,0,0,420.1355546906877,70.57885952282999,0.4540991654393717,1.0,1.0,0.0381778459131288,0.6793926153043762,0.566745890371874,1.0,0.566745890371874
GRID_0695,INDIAN_MARINE,17.75,82.75,219.991079119624,12.22172661775689,97.77381294205512,0.0,,,,0,0,0,309.1517966467289,51.6884349064874,0.4810996563573883,0.0,1.0,,0.5,0.49054982817869414,0.8,0.3924398625429553
GRID_0696,INDIAN_MARINE,7.0,76.25,104.82509496050604,5.82361638669478,46.58893109355824,1734.0,-0.057000004,0.17900002,0.18785635,0,0,0,182.1256741574067,84.02096041007377,0.685812469317624,1.0,1.0,0.36417529763908685,0.7880584325463622,0.7369354509319931,1.0,0.7369354509319931
GRID_0697,INDIAN_MARINE,7.0,82.0,438.6196185903572,24.367756588353178,194.94205270682545,31.0,,,,0,0,0,395.2712419270441,351.60555000717693,0.08345606283750617,0.0244672454617206,1.0,,0.5122336227308604,0.2978448427841833,0.8,0.23827587422734664
GRID_0698,INDIAN_MARINE,14.75,90.75,268.175933358995,14.898662964388611,119.18930371510888,2754.0,-0.060500003,-0.061500005,0.08626993,0,0,0,815.2520411284244,59.891453975400616,0.3937162493863525,1.0,1.0,0.8083551086433919,0.9361183695477973,0.6649173094670748,1.0,0.6649173094670748
GRID_0699,INDIAN_MARINE,15.5,95.0,361.35960458331454,20.07553358796192,160.60426870369534,18.0,0.032,0.0175,0.036472596,0,0,0,818.3407247498956,9.362391010332384,0.2189494354442808,0.014206787687450671,1.0,1.0,0.6714022625624835,0.44517584900338214,1.0,0.44517584900338214
GRID_0700,INDIAN_MARINE,8.0,77.5,48.77648740562535,2.7098048558680747,21.6784388469446,35.0,-0.231,0.046000004,0.23553556,0,0,0,16.570355165830655,10.380862681595277,0.8247422680412371,0.027624309392265192,1.0,0.15570114837155125,0.3944418192546055,0.6095920436479213,1.0,0.6095920436479213
GRID_0701,INDIAN_MARINE,14.0,81.5,77.62862272060376,4.312701262255764,34.501610098046115,3342.0,-0.012,0.17650001,0.17690746,0,0,0,184.1886836742825,139.95683074180235,0.7349042709867453,1.0,1.0,0.4120485851405751,0.8040161950468583,0.7694602330168018,1.0,0.7694602330168018
GRID_0702,INDIAN_MARINE,13.0,74.75,41.427269196434175,2.301514955357454,18.412119642859636,19.0,0.08400001,-0.037,0.09178781,0,0,1,44.23658766603564,0.9383435105767808,0.8541973490427098,0.01499605367008682,0.6666666666666666,0.7842285482670696,0.488630422867941,0.6714138859553254,1.0,0.6714138859553254
GRID_0703,INDIAN_MARINE,7.25,95.5,480.5270478219654,26.695947101220305,213.5675768097624,1475.0,-0.26500002,-0.041,0.26815295,0,0,0,1746.3469113958415,35.3548948438459,0.02258222876779581,1.0,1.0,0.013083797295947795,0.6710279324319826,0.3468050805998892,1.0,0.3468050805998892
GRID_0704,INDIAN_MARINE,11.25,72.0,31.20661069812779,1.7337005943404329,13.86960475472346,1457.0,0.091,0.0045000003,0.09111119,0,0,1,398.10627646275657,3.0756590368971053,0.9101620029455081,1.0,0.6666666666666666,0.7871870238558513,0.8179512301741726,0.8640566165598403,1.0,0.8640566165598403
GRID_0705,INDIAN_MARINE,6.25,76.25,185.65647848189104,10.314248804549502,82.51399043639601,2128.0,-0.11950001,0.16750002,0.20575838,0,0,0,249.99923405060943,35.185477825417166,0.5483554246440845,1.0,1.0,0.2858998716324081,0.7619666238774694,0.6551610242607769,1.0,0.6551610242607769
GRID_0706,INDIAN_MARINE,15.5,93.25,266.6962282875956,14.816457127088643,118.53165701670916,2601.0,0.0165,-0.065,0.067061536,0,0,0,785.7691165944857,78.66886087309591,0.3976435935198822,1.0,1.0,0.8923425236602437,0.9641141745534145,0.6808788840366484,1.0,0.6808788840366484
GRID_0707,INDIAN_MARINE,6.75,75.75,154.89214659795223,8.60511925544179,68.84095404353432,1903.0,-0.116500005,0.2255,0.2538159,0,0,0,241.65014750839563,22.430212236594773,0.5979381443298969,1.0,1.0,0.0757715872521179,0.6919238624173726,0.6449310033736347,1.0,0.6449310033736347
GRID_0708,INDIAN_MARINE,10.5,81.25,83.57939836227652,4.643299909015362,37.1463992721229,3534.0,-0.176,0.256,0.31066382,0,0,0,188.4326195915782,29.11409905089248,0.7196858124693176,1.0,1.0,0.0,0.6666666666666666,0.6931762395679921,1.0,0.6931762395679921
GRID_0709,INDIAN_MARINE,11.25,76.5,103.62279288679264,5.7568218270440354,46.05457461635229,0.0,,,,1,1,0,0.0,82.51507030066809,0.6872852233676976,0.0,0.3333333333333333,,0.16666666666666666,0.4269759450171821,0.8,0.3415807560137457
GRID_0710,INDIAN_MARINE,14.5,94.75,270.5318389067646,15.029546605931367,120.23637284745094,88.0,0.14400001,-0.10300001,0.17704521,0,0,0,922.914810275074,80.36246312579512,0.38684339715267546,0.06945540647198106,1.0,0.4114462825004599,0.49363389632414695,0.4402386467384112,1.0,0.4402386467384112
GRID_0711,INDIAN_MARINE,17.25,75.5,275.82454406888894,15.32358578160494,122.58868625283952,0.0,,,,0,0,0,180.08725844214248,251.44131061820124,0.37800687285223367,0.0,1.0,,0.5,0.43900343642611683,0.8,0.3512027491408935
GRID_0712,INDIAN_MARINE,18.0,74.25,167.99739193029257,9.33318844057181,74.66550752457448,0.0,,,,0,0,0,54.2274490204119,132.977774653667,0.5753559155621011,0.0,1.0,,0.5,0.5376779577810505,0.8,0.4301423662248405
GRID_0713,INDIAN_MARINE,15.5,93.75,284.5400291337315,15.807779396318416,126.46223517054732,186.0,0.017,-0.134,0.13507406,0,0,0,790.3266485202214,55.51405342940042,0.36278841433480613,0.1468034727703236,1.0,0.5949623220915129,0.5805885982872788,0.4716885063110425,1.0,0.4716885063110425
GRID_0714,INDIAN_MARINE,8.75,89.0,423.0641904272385,23.503566134846583,188.02852907877264,3491.0,0.08100001,0.021499999,0.08380484,0,0,0,1066.7474631148002,37.64472665126899,0.10898379970544914,1.0,1.0,0.8191335494065234,0.9397111831355077,0.5243474914204784,1.0,0.5243474914204784
GRID_0715,INDIAN_MARINE,9.0,77.5,107.33158811111618,5.962866006173121,47.702928049384965,0.0,,,,0,0,0,24.148937662970955,86.08702354836737,0.6823760432007855,0.0,1.0,,0.5,0.5911880216003927,0.8,0.47295041728031423
GRID_0716,INDIAN_MARINE,13.0,80.25,34.21600333511107,1.900889074172837,15.207112593382696,0.0,,,,0,1,0,4.293296531498212,5.079632110663635,0.8919980363279332,0.0,0.6666666666666666,,0.3333333333333333,0.6126656848306332,0.8,0.4901325478645066
GRID_0717,INDIAN_MARINE,16.25,89.75,460.1383631813839,25.56324239896577,204.50593919172616,2539.0,0.182,0.23250002,0.29526302,0,0,0,615.34289350655,69.1351052680036,0.05105547373588615,1.0,1.0,0.0,0.6666666666666666,0.3588610702012764,1.0,0.3588610702012764
GRID_0718,INDIAN_MARINE,17.5,73.5,78.61627906568592,4.367571059204773,34.94056847363819,0.0,,,,0,0,0,21.71598836489874,38.495973783332346,0.7309769268532156,0.0,1.0,,0.5,0.6154884634266078,0.8,0.49239077074128623
GRID_0719,INDIAN_MARINE,7.25,90.0,463.7772979111528,25.765405439508484,206.12324351606787,2725.0,-0.26900002,0.08450001,0.28195968,0,0,0,1217.102746189153,13.551980185474784,0.04516445753559151,1.0,1.0,0.0,0.6666666666666666,0.35591556210112907,1.0,0.35591556210112907
GRID_0720,INDIAN_MARINE,20.75,68.5,402.27879578881857,22.348821988267694,178.79057590614158,2518.0,-0.048500005,-0.017,0.0513931,0,0,0,276.5279157063838,192.8076678674863,0.14629356897398138,1.0,1.0,0.9608517096440893,0.986950569881363,0.5666220694276722,1.0,0.5666220694276722
GRID_0721,INDIAN_MARINE,21.25,68.25,443.1280317328728,24.6182239851596,196.9457918812768,175.0,0.024500001,-0.10650001,0.109281756,0,0,0,256.5615523969847,148.06836310749776,0.07461953853706427,0.13812154696132597,1.0,0.7077374421920694,0.6152863297177984,0.34495293412743133,1.0,0.34495293412743133
GRID_0722,INDIAN_MARINE,11.0,68.75,336.69819528514586,18.705455293619213,149.6436423489537,4396.0,0.0665,-0.0505,0.083501495,0,0,0,742.4665368057692,29.89547912504704,0.26116838487972505,1.0,1.0,0.8204599050824997,0.9401533016941666,0.6006608432869458,1.0,0.6006608432869458
GRID_0723,INDIAN_MARINE,16.5,76.5,348.66445733475865,19.37024762970881,154.9619810376705,0.0,,,,0,0,0,273.50244380039913,331.3702572873762,0.23809523809523814,0.0,1.0,,0.5,0.36904761904761907,0.8,0.29523809523809524
GRID_0724,INDIAN_MARINE,16.75,81.75,88.9337655151887,4.940764750843816,39.52611800675053,0.0,,,,0,0,0,467.4123459602998,46.973179515058334,0.7103583701521845,0.0,1.0,,0.5,0.6051791850760923,0.8,0.48414334806087383
GRID_0725,INDIAN_MARINE,14.75,77.0,325.8275150064876,18.101528611471533,144.81222889177226,0.0,,,,0,0,0,248.05267377644623,293.9647188057184,0.27982326951399117,0.0,1.0,,0.5,0.3899116347569956,0.8,0.31192930780559647
GRID_0726,INDIAN_MARINE,16.0,69.5,339.28762166975224,18.84931231498624,150.79449851988988,3641.0,0.012499999,-0.076500006,0.07751452,0,0,0,483.9225181017788,42.5821630733868,0.25724104074619536,1.0,1.0,0.8466375518977678,0.9488791839659225,0.6030601123560589,1.0,0.6030601123560589
GRID_0727,INDIAN_MARINE,9.75,74.0,82.77485800295557,4.59860322238642,36.78882577909136,2424.0,0.056500003,-0.020000003,0.059935383,0,0,0,302.5172900769015,47.90653049650461,0.7221404025527737,1.0,1.0,0.923501149908986,0.9745003833029953,0.8483203929278844,1.0,0.8483203929278844
GRID_0728,INDIAN_MARINE,9.0,93.25,189.6961709064024,10.5386761614668,84.3094092917344,1293.0,-0.050500005,-0.12100001,0.1311154,0,0,0,1498.2829077499298,48.28006048567562,0.5375552282768777,1.0,1.0,0.6122712975493576,0.8707570991831192,0.7041561637299985,1.0,0.7041561637299985
GRID_0729,INDIAN_MARINE,20.0,73.25,76.1517657768262,4.230653654268122,33.84522923414497,0.0,,,,0,0,0,90.1385609313316,70.75582563778765,0.7378497790868925,0.0,1.0,,0.5,0.6189248895434463,0.8,0.495139911634757
GRID_0730,INDIAN_MARINE,5.75,76.0,245.82710872018552,13.657061595565862,109.2564927645269,2165.0,-0.0815,0.22500001,0.23930578,0,0,0,312.4066043632872,20.467342009794766,0.43593519882179677,1.0,1.0,0.13921611418051816,0.7130720380601727,0.5745036184409847,1.0,0.5745036184409847
GRID_0731,INDIAN_MARINE,9.0,92.25,192.73432667237088,10.707462592909494,85.65970074327595,1305.0,-0.021499991,0.002000004,0.021592814,0,0,0,1408.7225024900426,54.96817453797574,0.531173294059892,1.0,1.0,1.0,1.0,0.7655866470299459,1.0,0.7655866470299459
GRID_0732,INDIAN_MARINE,10.75,68.25,396.5861131364295,22.03256184091275,176.260494727302,4458.0,0.08950001,0.0,0.08950001,0,0,0,804.7309177538322,31.773445999812424,0.1556210112911144,1.0,1.0,0.7942318003908834,0.9314106001302944,0.5435158057107043,1.0,0.5435158057107043
GRID_0733,INDIAN_MARINE,10.75,79.75,67.52909992452902,3.7516166624738334,30.012933299790674,0.0,,,,0,0,0,39.83887639745879,13.324728321814357,0.7589592538046146,0.0,1.0,,0.5,0.6294796269023073,0.8,0.5035837015218458
GRID_0734,INDIAN_MARINE,17.5,74.75,206.70570659280503,11.483650366266946,91.86920293013556,0.0,,,,0,0,0,99.83435496728858,174.5731196049622,0.5071183112420226,0.0,1.0,,0.5,0.5035591556210113,0.8,0.40284732449680904
GRID_0735,INDIAN_MARINE,11.0,75.5,22.27430162391198,1.2374612013284434,9.899689610627547,45.0,0.031,-0.16600001,0.16886978,0,0,0,94.00567477264894,29.031092182461844,0.9523809523809523,0.035516969218626675,1.0,0.4471928020872209,0.4942365904352825,0.7233087714081174,1.0,0.7233087714081174
GRID_0736,INDIAN_MARINE,11.75,83.25,274.5502639004467,15.252792438913705,122.02233951130964,3471.0,0.1315,-0.0645,0.14646673,0,0,0,360.21554121031977,26.901780929993127,0.3799705449189985,1.0,1.0,0.5451486362914383,0.8483828787638127,0.6141767118414057,1.0,0.6141767118414057
GRID_0737,INDIAN_MARINE,16.0,94.0,345.9872787295214,19.22151548497341,153.77212387978727,69.0,-0.12100001,-0.037000004,0.12653063,0,0,0,736.9470331328283,21.02125457767009,0.24447717231222388,0.05445935280189424,1.0,0.6323178970072202,0.5622590832697048,0.4033681277909643,1.0,0.4033681277909643
GRID_0738,INDIAN_MARINE,11.0,94.5,170.61439916086476,9.478577731159154,75.82862184927323,3132.0,-0.27400002,-0.049500003,0.27843538,0,0,0,1311.538383746342,98.17420235380624,0.5719194894452626,1.0,1.0,0.0,0.6666666666666666,0.6192930780559647,1.0,0.6192930780559647
GRID_0739,INDIAN_MARINE,11.75,77.5,223.18694497013527,12.39927472056307,99.19419776450457,0.0,,,,0,0,0,58.56432544562082,207.4656177079677,0.4766813942071674,0.0,1.0,,0.5,0.4883406971035837,0.8,0.39067255768286696
GRID_0740,INDIAN_MARINE,11.75,75.25,7.045993312913411,0.3914440729396339,3.131552583517072,27.0,-0.015000002,-0.0675,0.06914659,0,0,0,58.90364340667209,10.740000345302343,0.9926362297496318,0.021310181531176007,1.0,0.8832257648291542,0.6348453154534434,0.8137407726015375,1.0,0.8137407726015375
GRID_0741,INDIAN_MARINE,16.25,71.75,98.15490655959884,5.4530503644221575,43.62440291537726,1704.0,-0.0695,0.038500004,0.07945124,0,0,0,232.06448786414376,176.84593666156536,0.6921944035346097,1.0,1.0,0.8381693735372324,0.9460564578457441,0.819125430690177,1.0,0.819125430690177
GRID_0742,INDIAN_MARINE,10.5,69.5,279.3197123693289,15.51776179829605,124.1420943863684,4493.0,0.07,0.053500004,0.08810364,0,0,0,689.0990828340615,89.94254924345172,0.37260677466863035,1.0,1.0,0.8003373346019728,0.9334457782006575,0.653026276434644,1.0,0.653026276434644
GRID_0743,INDIAN_MARINE,14.5,69.75,334.5507460535137,18.58615255852854,148.6892204682283,3918.0,0.015999999,-0.014500001,0.021592824,0,0,0,492.00523654539273,45.25430887237071,0.2641138929798723,1.0,1.0,1.0,1.0,0.6320569464899362,1.0,0.6320569464899362
GRID_0744,INDIAN_MARINE,11.0,79.5,87.62754192384368,4.868196773546871,38.94557418837497,0.0,,,,0,0,0,38.89473899194617,40.43680591554255,0.7123220422189495,0.0,1.0,,0.5,0.6061610211094748,0.8,0.4849288168875798
GRID_0745,INDIAN_MARINE,14.75,94.5,265.7029632536836,14.761275736315756,118.09020589052604,59.0,0.15750001,-0.0675,0.1713549,0,0,0,888.963707720063,91.20626832192544,0.40009818360333826,0.04656669297553275,1.0,0.43632678149191867,0.4942978248224838,0.447198004212911,1.0,0.447198004212911
GRID_0746,INDIAN_MARINE,12.25,68.75,329.2024832361172,18.289026846450955,146.31221477160764,4307.0,-0.046,0.0635,0.078410774,0,0,0,687.3093753555459,46.60727774709244,0.27442317133038785,1.0,1.0,0.8427187413684484,0.9475729137894827,0.6109980425599353,1.0,0.6109980425599353
GRID_0747,INDIAN_MARINE,12.0,80.25,1.5831383941625314,0.0879521330090295,0.7036170640722362,1507.0,0.054,0.11950001,0.13113448,0,0,0,75.62638115697237,35.833636471525615,0.9990181639666176,1.0,1.0,0.6121878715284981,0.8707292905094993,0.9348737272380585,1.0,0.9348737272380585
GRID_0748,INDIAN_MARINE,12.25,93.5,77.66388999256354,4.314660555142419,34.51728444113935,1778.0,-0.0825,0.19900002,0.21542343,0,0,0,1159.426970646459,97.87593244134528,0.7344133529700541,1.0,1.0,0.24364008846112242,0.7478800294870408,0.7411466912285474,1.0,0.7411466912285474
GRID_0749,INDIAN_MARINE,18.0,70.75,130.55270769311147,7.25292820517286,58.02342564138288,245.0,-0.026500002,-0.012499999,0.029300172,0,0,0,272.4984139691051,148.52157324402327,0.6391752577319587,0.19337016574585636,1.0,1.0,0.7311233885819521,0.6851493231569554,1.0,0.6851493231569554
GRID_0750,INDIAN_MARINE,7.0,94.5,446.3957825414767,24.799765696748707,198.3981255739897,2640.0,-0.15850002,-0.17500001,0.23610857,0,0,0,1708.2043315021967,35.7037068145217,0.07020127638684337,1.0,1.0,0.1531957005616612,0.7177319001872203,0.39396658828703185,1.0,0.39396658828703185
GRID_0751,INDIAN_MARINE,13.5,78.25,246.79468729868276,13.71081596103793,109.68652768830344,0.0,,,,0,0,0,204.2090994625783,225.5768496665591,0.4334806087383407,0.0,1.0,,0.5,0.46674030436917036,0.8,0.3733922434953363
GRID_0752,INDIAN_MARINE,12.0,79.75,46.09014345964548,2.5605635255358603,20.48450820428688,0.0,,,,0,0,0,60.71707435071702,15.851339104980726,0.8311242022582228,0.0,1.0,,0.5,0.6655621011291114,0.8,0.5324496809032891
GRID_0753,INDIAN_MARINE,7.0,82.75,475.90956228946527,26.43942012719252,211.51536101754013,3927.0,0.093499996,-0.22200002,0.2408864,0,0,0,462.9546314433975,276.3303180192069,0.02945508100147276,1.0,1.0,0.13230495919671595,0.7107683197322386,0.3701117003668557,1.0,0.3701117003668557
GRID_0754,INDIAN_MARINE,14.5,68.0,479.09853993041486,26.616585551689717,212.9326844135177,4013.0,0.0995,0.104,0.1439314,0,0,0,682.9543255368771,112.12724315513378,0.025527736867943074,1.0,1.0,0.5562341967456166,0.8520780655818722,0.4388029012249076,1.0,0.4388029012249076
GRID_0755,INDIAN_MARINE,10.75,68.75,344.2166435579947,19.12314686433304,152.9851749146643,4408.0,0.062000006,-0.075500004,0.09769469,0,0,0,753.6648378915188,20.75484940824243,0.24742268041237114,1.0,1.0,0.7584011114696599,0.9194670371565532,0.5834448587844622,1.0,0.5834448587844622
GRID_0756,INDIAN_MARINE,14.25,97.0,484.1089816586456,26.89494342548031,215.15954740384248,59.0,0.094000004,0.097,0.13507405,0,0,0,1033.9555036163902,46.72843011123433,0.01816396661757491,0.04656669297553275,1.0,0.5949623658158424,0.5471763529304584,0.28267015977401666,1.0,0.28267015977401666
GRID_0757,INDIAN_MARINE,14.25,74.0,1.4555153541727373,0.0808619641207076,0.646895712965661,44.0,0.054500002,-0.0355,0.065042295,0,0,0,113.61860152466014,40.92072134824142,0.9995090819833088,0.03472770323599053,1.0,0.9011715195609964,0.6452997409323289,0.8224044114578188,1.0,0.8224044114578188
GRID_0758,INDIAN_MARINE,11.75,79.25,88.72633190776355,4.929240661542419,39.43392529233935,0.0,,,,0,0,0,66.62648665851265,59.57971566069784,0.7108492881688757,0.0,1.0,,0.5,0.6054246440844379,0.8,0.4843397152675503
GRID_0759,INDIAN_MARINE,18.0,72.5,23.106265702283423,1.283681427904635,10.269451423237076,36.0,0.063,-0.038000003,0.0735731,0,0,0,123.32678489459126,53.74020908156081,0.946980854197349,0.028413575374901343,1.0,0.8638711466113976,0.630761573995433,0.7888712140963909,1.0,0.7888712140963909
GRID_0760,INDIAN_MARINE,6.75,72.5,206.60948424656976,11.478304680364989,91.8264374429199,1454.0,-0.0705,0.10800001,0.12897384,0,0,0,552.6586441097982,21.852342060580664,0.508100147275405,1.0,1.0,0.6216351250772336,0.8738783750257445,0.6909892611505748,1.0,0.6909892611505748
GRID_0761,INDIAN_MARINE,6.25,77.75,212.49116281846844,11.805064601026023,94.4405168082082,2296.0,0.000500001,-0.09250001,0.09250136,0,0,0,214.6352296022199,28.883478404114047,0.4958271968581247,1.0,1.0,0.7811085987291084,0.9270361995763694,0.711431698217247,1.0,0.711431698217247
GRID_0762,INDIAN_MARINE,6.0,73.0,275.8443871075284,15.324688172640467,122.59750538112374,274.0,-0.2095,0.18150002,0.27718675,0,0,0,544.1970237562771,46.92384511458226,0.37751595483554246,0.21625887924230466,1.0,0.0,0.40541962641410156,0.391467790624822,1.0,0.391467790624822
GRID_0763,INDIAN_MARINE,17.75,83.5,261.8825492091555,14.549030511619751,116.392244092958,44.0,,,,0,0,0,247.45485923858948,5.9009396202152455,0.4069710358370152,0.03472770323599053,1.0,,0.5173638516179953,0.46216744372750523,0.8,0.36973395498200423
GRID_0764,INDIAN_MARINE,14.25,91.25,191.6657559187906,10.648097551043923,85.18478040835139,2772.0,-0.055,-0.09950001,0.11368927,0,0,0,888.9504039511615,76.31578298358762,0.533627884143348,1.0,1.0,0.6884658827108038,0.8961552942369345,0.7148915891901413,1.0,0.7148915891901413
GRID_0765,INDIAN_MARINE,15.25,81.75,50.00508503592766,2.778060279773759,22.22448223819007,2534.0,0.4605,-0.0625,0.46472198,0,0,0,311.85265206994404,101.62787214443318,0.8173784977908689,1.0,1.0,0.0,0.6666666666666666,0.7420225822287678,1.0,0.7420225822287678
GRID_0766,INDIAN_MARINE,12.25,94.25,146.27552080407358,8.126417822448532,65.01134257958826,932.0,-0.008,0.09,0.09035485,0,0,0,1167.0544446354493,137.39779199801316,0.6126656848306333,0.7355958958168903,1.0,0.790494069800132,0.8420299885390075,0.7273478366848204,1.0,0.7273478366848204
GRID_0767,INDIAN_MARINE,6.25,71.75,294.3933008121009,16.35518337845005,130.8414670276004,3318.0,-0.18400002,-0.0014999998,0.18400612,0,0,0,652.001634357846,89.6555461388648,0.34511536573392243,1.0,1.0,0.3810101701911771,0.7936700567303923,0.5693927112321573,1.0,0.5693927112321573
GRID_0768,INDIAN_MARINE,19.75,74.0,154.7479593112512,8.597108850625068,68.77687080500054,0.0,,,,0,0,0,32.444165674360654,146.58512526417502,0.5984290623465881,0.0,1.0,,0.5,0.5492145311732941,0.8,0.4393716249386353
GRID_0769,INDIAN_MARINE,15.5,90.0,382.9230411171529,21.27350228428627,170.18801827429016,2663.0,0.14050001,0.16750002,0.21862413,0,0,0,695.0555691936764,5.415011478267523,0.1831124202258223,1.0,1.0,0.22964524228895217,0.743215080762984,0.46316375049440317,1.0,0.46316375049440317
GRID_0770,INDIAN_MARINE,17.75,77.0,441.0446931712992,24.502482953961064,196.0198636316885,0.0,,,,0,0,0,265.789230802177,425.52654563047656,0.07903780068728528,0.0,1.0,,0.5,0.28951890034364264,0.8,0.23161512027491413
GRID_0771,INDIAN_MARINE,13.25,70.75,159.99393581937704,8.888551989965391,71.10841591972313,2886.0,-0.023500001,-0.082,0.08530094,0,0,0,437.5525516975904,158.2910131975577,0.5886107020127639,1.0,1.0,0.8125919524564238,0.9375306508188079,0.763070676415786,1.0,0.763070676415786
GRID_0772,INDIAN_MARINE,21.0,75.0,283.7584658943769,15.764359216354272,126.11487373083418,0.0,,,,0,0,0,149.54746517965114,296.8362859649883,0.36426116838487976,0.0,1.0,,0.5,0.4321305841924399,0.8,0.34570446735395194
GRID_0773,INDIAN_MARINE,15.75,72.25,69.69044108159311,3.871691171199617,30.973529369596932,1780.0,-0.0515,0.14850001,0.15717666,0,0,0,188.6098743711581,134.59796173315218,0.7530682376043201,1.0,1.0,0.4983201853698551,0.832773395123285,0.7929208163638025,1.0,0.7929208163638025
GRID_0774,INDIAN_MARINE,19.25,78.25,480.6771651449161,26.704286952495337,213.6342956199627,0.0,,,,0,0,0,210.54567510123536,489.4429636918898,0.022091310751104598,0.0,1.0,,0.5,0.2610456553755523,0.8,0.20883652430044186
GRID_0775,INDIAN_MARINE,14.75,91.5,213.84350312049972,11.88019461780554,95.04155694244432,2664.0,-0.065000005,-0.21100001,0.22078498,0,0,0,843.6047518733354,13.10439176959358,0.491899852724595,1.0,1.0,0.2201970705292952,0.7400656901764318,0.6159827714505134,1.0,0.6159827714505134
GRID_0776,INDIAN_MARINE,11.25,79.5,72.26995047975618,4.014997248875343,32.11997799100274,0.0,,,,0,0,0,35.48234266506127,39.28261483488564,0.7442317133038783,0.0,1.0,,0.5,0.6221158566519391,0.8,0.4976926853215513
GRID_0777,INDIAN_MARINE,12.5,95.75,308.86265487806423,17.159036382114678,137.27229105691742,2561.0,0.09,-0.23200001,0.24884534,0,0,0,1172.252193194944,20.747181004955777,0.3166421207658321,1.0,1.0,0.09750502762126913,0.699168342540423,0.5079052316531276,1.0,0.5079052316531276
GRID_0778,INDIAN_MARINE,20.25,80.75,470.158626491319,26.119923693962168,208.9593895516973,0.0,,,,0,0,0,342.59403802498827,416.2944712955099,0.0358370152184585,0.0,1.0,,0.5,0.26791850760922925,0.8,0.21433480608738342
GRID_0779,INDIAN_MARINE,16.5,95.75,496.12610142112896,27.56256119006272,220.50048952050176,0.0,,,,0,0,0,739.5341273023507,147.19002742667942,0.005400098183603319,0.0,1.0,,0.5,0.25270004909180166,0.8,0.20216003927344134
GRID_0780,INDIAN_MARINE,18.5,83.75,343.9650844034895,19.109171355749417,152.87337084599534,0.0,,,,0,0,0,167.42580150332333,43.87560362371867,0.24791359842906235,0.0,1.0,,0.5,0.3739567992145312,0.8,0.29916543937162493
GRID_0781,INDIAN_MARINE,11.75,71.5,29.63653780472325,1.646474322484625,13.171794579877,1844.0,0.20500001,0.0055000004,0.20507377,0,0,0,428.5195931085596,30.94864808025721,0.9199803632793324,1.0,1.0,0.28889328296053307,0.762964427653511,0.8414723954664217,1.0,0.8414723954664217
GRID_0782,INDIAN_MARINE,6.5,73.75,227.74055031696503,12.652252795386946,101.21802236309556,2201.0,-0.19550002,0.164,0.25517887,0,0,0,443.7635149281733,43.6688540280319,0.46686303387334316,1.0,1.0,0.06981209230186229,0.6899373641006207,0.5784001989869819,1.0,0.5784001989869819
GRID_0783,INDIAN_MARINE,11.25,90.0,252.92141820657,14.051189900365,112.40951920292,3181.0,0.051,-0.0185,0.05425173,0,0,0,1088.0613320156654,132.55714978337414,0.4202258222876779,1.0,1.0,0.9483525416142361,0.9827841805380786,0.7015050014128783,1.0,0.7015050014128783
GRID_0784,INDIAN_MARINE,7.25,82.5,437.91327601848496,24.32851533436028,194.6281226748822,3904.0,0.001500003,-0.2475,0.24750455,0,0,0,424.4714908936122,303.2872606924849,0.0849288168875798,1.0,1.0,0.103367542008492,0.7011225140028307,0.39302566544520523,1.0,0.39302566544520523
GRID_0785,INDIAN_MARINE,15.75,85.75,398.6072311028167,22.144846172378703,177.15876937902965,2849.0,-0.13250001,0.033000004,0.13654763,0,0,0,426.7648872841293,43.63134324825504,0.15414825724104075,1.0,1.0,0.5885192360559816,0.8628397453519938,0.5084940012965173,1.0,0.5084940012965173
GRID_0786,INDIAN_MARINE,8.5,91.25,275.6554892614054,15.314193847855856,122.51355078284683,3698.0,0.011,-0.013499998,0.017414073,0,0,0,1315.6757725013117,179.2053863127351,0.3784977908689249,1.0,1.0,1.0,1.0,0.6892488954344624,1.0,0.6892488954344624
GRID_0787,INDIAN_MARINE,9.5,80.75,131.71329445010204,7.317405247227891,58.53924197782313,20.0,,,,0,0,0,169.3188339778656,96.8738490135608,0.6362297496318114,0.01578531965272297,1.0,,0.5078926598263614,0.5720612047290865,0.8,0.45764896378326925
GRID_0788,INDIAN_MARINE,20.75,70.0,255.4297129183972,14.19053960657762,113.52431685262096,61.0,0.10700001,-0.009,0.10737784,0,0,0,210.06693826234,91.74584930404713,0.415807560137457,0.04814522494080505,1.0,0.7160621872618147,0.5880691374008732,0.5019383487691651,1.0,0.5019383487691651
GRID_0789,INDIAN_MARINE,17.5,82.0,174.22502158701457,9.679167865945251,77.43334292756202,0.0,,,,0,0,0,394.3803892107108,96.95404176498762,0.5665193912616593,0.0,1.0,,0.5,0.5332596956308296,0.8,0.42660775650466376
GRID_0790,INDIAN_MARINE,11.0,96.75,410.9990109723285,22.833278387351584,182.66622709881267,309.0,-0.086,-0.11850001,0.14641808,0,0,0,1367.827417207832,93.98257961717714,0.1345115365733922,0.24388318863456984,1.0,0.5453613551548981,0.5964148479298226,0.3654631922516074,1.0,0.3654631922516074
GRID_0791,INDIAN_MARINE,17.25,80.5,160.22811822380427,8.901562123544682,71.21249698835746,0.0,,,,0,0,0,494.7717415296172,165.12803723021148,0.5881197839960727,0.0,1.0,,0.5,0.5440598919980364,0.8,0.4352479135984291
GRID_0792,INDIAN_MARINE,15.5,86.5,480.4089894014868,26.6893883000826,213.5151064006608,2851.0,-0.0325,-0.083,0.08913613,0,0,0,478.047571724297,31.4585420882926,0.02307314678448702,1.0,1.0,0.7958228412960384,0.9319409470986795,0.47750704694158325,1.0,0.47750704694158325
GRID_0793,INDIAN_MARINE,9.5,90.25,262.2655807231708,14.570310040176157,116.56248032140924,3044.0,0.056500003,0.038000003,0.068090014,0,0,0,1179.7771545460666,117.69093764812924,0.4059891998036328,1.0,1.0,0.8878455725553412,0.9626151908517804,0.6843021953277066,1.0,0.6843021953277066
GRID_0794,INDIAN_MARINE,18.5,80.5,285.9209204925121,15.88449558291734,127.07596466333872,0.0,,,,0,0,0,475.7651387896928,289.9190209863623,0.35984290623465887,0.0,1.0,,0.5,0.42992145311732943,0.8,0.3439371624938636
GRID_0795,INDIAN_MARINE,14.5,70.0,317.64272022569594,17.64681779031644,141.17454232253152,3526.0,0.022499999,-0.047000002,0.052108064,0,0,0,464.6198497240426,64.42222506533275,0.2999509081983309,1.0,1.0,0.957725577485924,0.9859085258286413,0.6429297170134861,1.0,0.6429297170134861
GRID_0796,INDIAN_MARINE,11.5,87.75,498.38999016369365,27.688332786871868,221.50666229497492,3312.0,-0.09700001,0.075,0.12261322,0,0,0,851.247010841245,116.89215152646086,0.0014727540500736325,1.0,1.0,0.6494465096055023,0.8831488365351674,0.4423107952926205,1.0,0.4423107952926205
GRID_0797,INDIAN_MARINE,15.0,74.5,90.70781546352086,5.039323081306715,40.31458465045372,0.0,,,,0,0,0,51.00571036254679,53.0796733688202,0.7054491899852724,0.0,1.0,,0.5,0.6027245949926362,0.8,0.482179675994109
GRID_0798,INDIAN_MARINE,8.75,80.5,212.13344059132564,11.785191143962535,94.28152915170028,0.0,,,,0,0,0,149.03592924627395,112.4910923772903,0.4963181148748159,0.0,1.0,,0.5,0.49815905743740796,0.8,0.3985272459499264
GRID_0799,INDIAN_MARINE,15.75,93.25,293.66447900217554,16.31469327789864,130.51754622318913,2553.0,-0.010000002,-0.114999995,0.11543395,0,0,0,756.904038345246,103.8711583042646,0.3470790378006873,1.0,1.0,0.6808373863757327,0.8936124621252441,0.6203457499629657,1.0,0.6203457499629657
GRID_0800,INDIAN_MARINE,19.0,85.25,487.89311792845695,27.105173218247607,216.8413857459809,188.0,0.3175,0.0405,0.32007265,0,0,0,49.28200957202951,22.99207573980392,0.014236622484045114,0.1483820047355959,1.0,0.0,0.38279400157853194,0.19851531203128853,1.0,0.19851531203128853
GRID_0801,INDIAN_MARINE,12.0,97.0,433.2445581921934,24.06914212178852,192.55313697430816,237.0,0.012,-0.20050001,0.2008588,0,0,0,1270.062329424852,54.37198902754139,0.09131075110456555,0.18705603788476716,1.0,0.3073229567101229,0.49812633153163,0.29471854131809777,1.0,0.29471854131809777
GRID_0802,INDIAN_MARINE,8.5,93.25,243.71645518835652,13.539803066019807,108.31842452815846,842.0,-0.132,-0.131,0.18597043,0,0,0,1532.2136605953178,27.12075468584829,0.44035346097201766,0.664561957379637,1.0,0.37242135640530033,0.6789944379283124,0.559673949450165,1.0,0.559673949450165
GRID_0803,INDIAN_MARINE,11.25,69.75,224.1258877743431,12.451438209685728,99.61150567748582,4337.0,-0.012,0.096,0.09674709,0,0,0,628.9055218348174,144.56189846572576,0.47471772214040253,1.0,1.0,0.7625444289416969,0.9208481429805656,0.6977829325604841,1.0,0.6977829325604841
GRID_0804,INDIAN_MARINE,7.5,77.25,63.18551670307865,3.5103064835043694,28.082451868034955,91.0,-0.105000004,0.040000003,0.11236103,0,0,0,75.40641385883315,72.90408278600269,0.773686794305351,0.0718232044198895,1.0,0.69427352306439,0.5886989091614265,0.6811928517333887,1.0,0.6811928517333887
GRID_0805,INDIAN_MARINE,13.25,82.75,198.38989425261823,11.021660791812124,88.17328633449699,3386.0,-0.0985,-0.033500005,0.10404085,0,0,0,281.553038144271,113.37703221151304,0.5223367697594501,1.0,1.0,0.7306529523219797,0.9102176507739932,0.7162772102667216,1.0,0.7162772102667216
GRID_0806,INDIAN_MARINE,8.5,73.25,6.182161387801135,0.3434534104333964,2.747627283467171,1408.0,-0.16100001,0.20650001,0.26184586,0,0,0,410.9395221252322,11.804609451260362,0.9936180657830143,1.0,1.0,0.040661125487916255,0.6802203751626387,0.8369192204728264,1.0,0.8369192204728264
GRID_0807,INDIAN_MARINE,8.5,96.75,495.1123841709585,27.50624356505325,220.049948520426,497.0,0.26900002,0.092500016,0.28445962,0,0,0,1638.529063625578,123.39753319846952,0.0068728522336769515,0.39226519337016574,1.0,0.0,0.46408839779005523,0.2354806250118661,1.0,0.2354806250118661
GRID_0808,INDIAN_MARINE,10.5,90.0,249.6323834791689,13.868465748842716,110.94772599074172,3252.0,-0.13850002,-0.042000003,0.14472821,0,0,0,1120.5376704240334,125.3079455750639,0.4280805105547374,1.0,1.0,0.5527501984394814,0.8509167328131604,0.6394986216839489,1.0,0.6394986216839489
GRID_0809,INDIAN_MARINE,14.75,75.0,118.11577960286692,6.561987755714829,52.49590204571863,0.0,,,,0,0,0,113.58170159911452,83.65088494478842,0.6627393225331369,0.0,1.0,,0.5,0.5813696612665684,0.8,0.46509572901325474
GRID_0810,INDIAN_MARINE,17.25,68.5,378.7497322750082,21.04165179305601,168.3332143444481,3553.0,0.09300001,0.0275,0.096980676,0,0,0,536.4053755786084,81.38766305104686,0.18998527245949925,1.0,1.0,0.7615230898165141,0.9205076966055046,0.5552464845325019,1.0,0.5552464845325019
GRID_0811,INDIAN_MARINE,15.25,83.5,168.23078586594875,9.346154770330486,74.76923816264389,3135.0,0.20650001,0.0825,0.22237019,0,0,0,448.4068655121178,184.19295034962468,0.5748649975454099,1.0,1.0,0.21326584607821075,0.7377552820260702,0.65631013978574,1.0,0.65631013978574
GRID_0812,INDIAN_MARINE,7.25,71.5,231.3864851490836,12.854804730504643,102.83843784403714,4014.0,0.12650001,0.093,0.15700717,0,0,0,637.9185752466802,72.56653451958672,0.4604810996563574,1.0,1.0,0.4990612690320918,0.8330204230106972,0.6467507613335273,1.0,0.6467507613335273
GRID_0813,INDIAN_MARINE,20.5,72.5,66.04690875462718,3.669272708590399,29.354181668723196,26.0,-0.315,0.025500001,0.31603044,0,0,0,164.30709938524663,63.03880538055734,0.7623956799214531,0.020520915548539857,1.0,0.0,0.34017363851617993,0.5512846592188165,1.0,0.5512846592188165
GRID_0814,INDIAN_MARINE,12.75,88.75,423.7488746180866,23.541604145449256,188.33283316359405,3077.0,-0.042000003,-0.07150001,0.08292317,0,0,0,870.6820513126808,26.704504403817587,0.1075110456553755,1.0,1.0,0.8229885923735673,0.9409961974578557,0.5242536215566156,1.0,0.5242536215566156
GRID_0815,INDIAN_MARINE,15.5,83.5,161.76865083550103,8.987147268638946,71.89717814911157,3212.0,0.2625,0.1315,0.2935958,0,0,0,465.8638676579944,180.4821926825065,0.586647029945999,1.0,1.0,0.0,0.6666666666666666,0.6266568483063328,1.0,0.6266568483063328
GRID_0816,INDIAN_MARINE,9.0,70.5,240.76693553021065,13.37594086278948,107.00752690231585,4156.0,-0.12550001,-0.082,0.14991415,0,0,0,661.9985762049068,105.00978777461476,0.445753559155621,1.0,1.0,0.5300750234596004,0.8433583411532001,0.6445559501544105,1.0,0.6445559501544105
GRID_0817,INDIAN_MARINE,15.5,89.25,445.3954456633144,24.74419142573969,197.9535314059175,2687.0,0.15750001,0.17950001,0.23880224,0,0,0,638.4893668297997,77.25293042339466,0.071674030436917,1.0,1.0,0.14141780907274004,0.7138059363575799,0.39273998339724847,1.0,0.39273998339724847
GRID_0818,INDIAN_MARINE,10.0,90.75,186.8753704169755,10.381965023165304,83.05572018532244,3436.0,-0.015000001,0.0225,0.027041635,0,0,0,1215.8560147830726,185.5822894198572,0.5444280805105548,1.0,1.0,1.0,1.0,0.7722140402552774,1.0,0.7722140402552774
GRID_0819,INDIAN_MARINE,15.75,68.75,422.24363412013656,23.45797967334092,187.66383738672732,3807.0,-0.0615,0.19350001,0.20303819,0,0,0,569.9352776019678,129.7247506406,0.11192930780559651,1.0,1.0,0.2977937200434043,0.7659312400144681,0.4389302739100323,1.0,0.4389302739100323
GRID_0820,INDIAN_MARINE,14.5,95.5,340.92528611677443,18.94029367315413,151.52234938523307,100.0,0.017499998,-0.072000004,0.074096225,0,0,0,944.8545887397644,78.80910968370091,0.2547864506627393,0.07892659826361484,1.0,0.8615838176196718,0.6468368052944289,0.4508116279785841,1.0,0.4508116279785841
GRID_0821,INDIAN_MARINE,14.0,92.75,92.8542260032768,5.158568111293156,41.26854489034525,599.0,0.19500001,0.1115,0.22462693,0,0,0,957.7712982319882,6.757838768130876,0.7029945999018163,0.47277032359905286,1.0,0.2033984017221063,0.5587229084403864,0.6308587541711014,1.0,0.6308587541711014
GRID_0822,INDIAN_MARINE,5.5,76.0,272.8006935772606,15.155594087625587,121.2447527010047,2277.0,-0.086,0.21850002,0.23481537,0,0,0,337.0738533361388,37.09451832815806,0.3829160530191458,1.0,1.0,0.15885013086436076,0.7196167102881202,0.551266381653633,1.0,0.551266381653633
GRID_0823,INDIAN_MARINE,17.75,85.75,450.1063713260013,25.00590951811118,200.04727614488945,2451.0,0.24350001,-0.013500001,0.24387395,0,0,0,204.54330163614333,175.68317019181018,0.06578301423662247,1.0,1.0,0.11924209710977643,0.7064140323699254,0.38609852330327393,1.0,0.38609852330327393
GRID_0824,INDIAN_MARINE,12.25,74.0,53.329978048454265,2.9627765582474592,23.702212465979677,1260.0,0.048,0.048,0.067882255,0,0,0,157.5618084330103,110.8561103121724,0.8021600392734414,0.994475138121547,1.0,0.8887539848544895,0.9610763743253454,0.8816182067993934,1.0,0.8816182067993934
GRID_0825,INDIAN_MARINE,18.5,68.0,423.3794025204695,23.521077917803854,188.1686233424309,3318.0,0.12650001,-0.1065,0.16536173,0,0,0,530.9100661030167,9.29816805293624,0.10800196367206671,1.0,1.0,0.4625315155293684,0.8208438385097894,0.46442290109092804,1.0,0.46442290109092804
GRID_0826,INDIAN_MARINE,18.75,70.25,200.858228088058,11.158790449336555,89.27032359469246,600.0,0.0555,0.030000001,0.06308922,0,0,0,299.4673014194425,160.9621601956109,0.5193912616593028,0.47355958958168903,1.0,0.9097112090625777,0.7944235995480888,0.6569074306036958,1.0,0.6569074306036958
GRID_0827,INDIAN_MARINE,18.75,78.5,423.0368816070895,23.50204897817164,188.01639182537312,0.0,,,,0,0,0,263.20665375217067,424.3455736394541,0.10947471772214046,0.0,1.0,,0.5,0.30473735886107023,0.8,0.24378988708885618
GRID_0828,INDIAN_MARINE,9.75,92.0,116.91317688404484,6.495176493558047,51.96141194846437,1372.0,0.10250001,0.027499996,0.10612493,0,0,0,1350.922994443508,62.32016402367424,0.6637211585665194,1.0,1.0,0.7215404522405924,0.9071801507468641,0.7854506546566917,1.0,0.7854506546566917
GRID_0829,INDIAN_MARINE,11.0,93.5,68.29429450711451,3.794127472617473,30.353019780939785,95.0,-0.064500004,0.047,0.07980759,0,0,0,1301.2973101772088,134.57737612111816,0.7569955817378498,0.0749802683504341,1.0,0.8366112570522596,0.6371971751342311,0.6970963784360404,1.0,0.6970963784360404
GRID_0830,INDIAN_MARINE,9.75,74.5,128.52576826906645,7.14032045939258,57.12256367514064,2562.0,0.025500001,0.055500004,0.061077826,0,0,0,255.9168807083213,100.86895191707512,0.6440844378988708,1.0,1.0,0.9185058944819005,0.9728352981606334,0.8084598680297521,1.0,0.8084598680297521
GRID_0831,INDIAN_MARINE,8.75,70.5,254.43771552795545,14.135428640441967,113.08342912353577,4276.0,-0.046,-0.0855,0.09708888,0,0,0,678.2559676846895,77.1702139559483,0.41728031418753064,1.0,1.0,0.7610499750806083,0.920349991693536,0.6688151529405333,1.0,0.6688151529405333
GRID_0832,INDIAN_MARINE,15.5,81.0,3.4896729518521754,0.193870719547343,1.550965756378745,969.0,0.4795,0.26200002,0.5464103,0,0,0,303.24035233655127,26.58841888877514,0.9970544918998527,0.7647987371744278,1.0,0.0,0.5882662457248092,0.792660368812331,1.0,0.792660368812331
GRID_0833,INDIAN_MARINE,12.5,96.75,413.7819185729266,22.98788436516259,183.9030749213007,286.0,0.035,-0.13800001,0.14236924,0,0,0,1206.9333705812571,109.61827194409784,0.12812960235640647,0.22573007103393844,1.0,0.5630646366169938,0.5962649025503107,0.3621972524533586,1.0,0.3621972524533586
GRID_0834,INDIAN_MARINE,14.75,95.25,330.48731067225526,18.360406148458623,146.883249187669,77.0,0.0045000017,-0.039000005,0.039258763,0,0,0,909.1697826424086,61.726509247213,0.27049582719685816,0.06077348066298342,1.0,1.0,0.6869244935543277,0.47871016037559294,1.0,0.47871016037559294
GRID_0835,INDIAN_MARINE,16.0,89.75,440.1867697175886,24.454820539866034,195.63856431892827,2582.0,0.18050002,0.21600002,0.28148937,0,0,0,634.8036708974003,60.06392709313515,0.08149239077074133,1.0,1.0,0.0,0.6666666666666666,0.374079528718704,1.0,0.374079528718704
GRID_0836,INDIAN_MARINE,16.75,77.5,346.304891454104,19.23916063633911,153.9132850907129,0.0,,,,0,0,0,387.3672102449737,335.10874139831367,0.24398625429553267,0.0,1.0,,0.5,0.37199312714776633,0.8,0.29759450171821306
GRID_0837,INDIAN_MARINE,12.5,92.25,85.5819067694288,4.7545503760793775,38.03640300863502,731.0,0.009999998,-0.027500002,0.029261751,0,0,0,1114.3349159729903,40.36009488578129,0.7162493863524791,0.5769534333070244,1.0,1.0,0.8589844777690081,0.7876169320607436,1.0,0.7876169320607436
GRID_0838,INDIAN_MARINE,20.25,82.75,486.9897747686604,27.0549874871478,216.4398998971824,0.0,,,,0,0,0,179.65423625935983,264.72526276402704,0.016200294550810068,0.0,1.0,,0.5,0.25810014727540503,0.8,0.20648011782032405
GRID_0839,INDIAN_MARINE,16.25,75.0,186.86024642368577,10.381124801315876,83.048998410527,0.0,,,,0,0,0,105.7168189020354,171.15920837325777,0.544918998527246,0.0,1.0,,0.5,0.522459499263623,0.8,0.41796759941089845
GRID_0840,INDIAN_MARINE,20.0,76.25,388.4328961996408,21.57960534442449,172.63684275539592,0.0,,,,0,0,0,27.520690223237303,397.4725895055173,0.16887579774177708,0.0,1.0,,0.5,0.33443789887088854,0.8,0.26755031909671084
GRID_0841,INDIAN_MARINE,11.25,70.25,171.3080567462442,9.517114263680234,76.13691410944188,4311.0,0.0145,0.097500004,0.098572314,0,0,0,578.3847320608818,181.022063208829,0.570446735395189,1.0,1.0,0.7545637593663685,0.9181879197887894,0.7443173275919892,1.0,0.7443173275919892
GRID_0842,INDIAN_MARINE,8.75,92.0,226.05785912921456,12.558769951623033,100.47015961298423,1267.0,-0.025000006,-0.027500004,0.037165176,0,0,0,1390.2698237204852,91.25698309538927,0.4698085419734904,1.0,1.0,1.0,1.0,0.7349042709867453,1.0,0.7349042709867453
GRID_0843,INDIAN_MARINE,21.25,72.5,149.2785063212647,8.293250351181372,66.34600280945098,8.0,0.6075001,-0.25200003,0.6576932,0,0,0,153.96683362284588,143.02967126809793,0.6067746686303388,0.006314127861089187,1.0,0.0,0.33543804262036303,0.4711063556253509,1.0,0.4711063556253509
GRID_0844,INDIAN_MARINE,7.0,69.0,490.77445037351134,27.26524724297285,218.1219779437828,4434.0,0.15900001,0.07,0.1737268,0,0,0,911.7437445250227,31.721209738326525,0.011291114383897849,1.0,1.0,0.4259558077562451,0.8086519359187483,0.40997152515132307,1.0,0.40997152515132307
GRID_0845,INDIAN_MARINE,7.75,74.75,188.7617710644851,10.48676505913806,83.89412047310448,2795.0,0.023999996,0.00049999356,0.024005204,0,0,0,278.2217853289375,9.735591320055152,0.5395189003436427,1.0,1.0,1.0,1.0,0.7697594501718213,1.0,0.7697594501718213
GRID_0846,INDIAN_MARINE,11.75,91.0,173.40417075986866,9.633565042214926,77.0685203377194,3223.0,0.076000005,-0.004,0.07610519,0,0,0,1100.0757252763217,134.58738161811613,0.5670103092783505,1.0,1.0,0.8527997528400069,0.9509332509466689,0.7589717801125098,1.0,0.7589717801125098
GRID_0847,INDIAN_MARINE,18.25,79.75,296.1950204417053,16.455278913428074,131.6422313074246,0.0,,,,0,0,0,412.70651507883576,308.5148051187727,0.34069710358370153,0.0,1.0,,0.5,0.42034855179185077,0.8,0.33627884143348064
GRID_0848,INDIAN_MARINE,7.25,92.25,382.1688591114463,21.23160328396924,169.8528262717539,3939.0,-0.0335,-0.041,0.05294573,0,0,0,1458.2279044937588,131.56833311317342,0.18458517427589594,1.0,1.0,0.9540629390588121,0.9846876463529373,0.5846364103144166,1.0,0.5846364103144166
GRID_0849,INDIAN_MARINE,7.0,91.25,433.2008296958813,24.066712760882297,192.5337020870584,3656.0,-0.30900002,0.112500004,0.3288423,0,0,0,1358.4070981629193,129.49207953435197,0.09180166912125676,1.0,1.0,0.0,0.6666666666666666,0.3792341678939617,1.0,0.3792341678939617
GRID_0850,INDIAN_MARINE,13.25,81.5,64.04861061499592,3.5582561452775514,28.46604916222041,3384.0,-0.079500005,0.16550002,0.18360421,0,0,0,144.7958272472596,128.3065212345992,0.7707412862052038,1.0,1.0,0.38276749472176635,0.7942558315739221,0.782498558889563,1.0,0.782498558889563
GRID_0851,INDIAN_MARINE,12.25,91.25,182.1471377866727,10.119285432592926,80.95428346074341,3186.0,0.0255,0.042500004,0.04956309,0,0,0,1069.2976229719834,127.935676759271,0.5522827687776142,1.0,1.0,0.9688533056835598,0.9896177685611866,0.7709502686694003,1.0,0.7709502686694003
GRID_0852,INDIAN_MARINE,6.0,71.5,332.8220657668534,18.49011476482519,147.92091811860152,3758.0,-0.19250001,-0.0034999996,0.19253182,0,0,0,689.3281977318287,119.3793046504108,0.2670594010800197,1.0,1.0,0.3437321185118345,0.7812440395039448,0.5241517202919823,1.0,0.5241517202919823
GRID_0853,INDIAN_MARINE,8.5,79.5,263.89911481035705,14.661061933908725,117.2884954712698,1170.0,-0.08850001,0.1525,0.17631932,0,0,0,82.8346849784112,28.833342588989986,0.40353460972017674,0.9234411996842936,1.0,0.4146201878611362,0.7793537958484765,0.5914442027843266,1.0,0.5914442027843266
GRID_0854,INDIAN_MARINE,5.75,73.75,308.7859403539422,17.1547744641079,137.2381957128632,2229.0,-0.1975,0.26000002,0.32650614,0,0,0,486.7179977420275,22.258433951609103,0.3171330387825233,1.0,1.0,0.0,0.6666666666666666,0.49189985272459497,1.0,0.49189985272459497
GRID_0855,INDIAN_MARINE,12.25,97.25,462.75564744094737,25.708647080052632,205.66917664042103,45.0,-0.0315,-0.024500001,0.03990614,0,0,0,1253.950788115933,47.73767563254628,0.04614629356897393,0.035516969218626675,1.0,1.0,0.6785056564062089,0.3623259749875914,1.0,0.3623259749875914
GRID_0856,INDIAN_MARINE,22.0,75.0,344.9859818838473,19.16588788243596,153.32710305948768,0.0,,,,0,0,0,120.28866829407428,367.88168240730215,0.24693176239567993,0.0,1.0,,0.5,0.37346588119783997,0.8,0.29877270495827196
GRID_0857,INDIAN_MARINE,14.75,85.5,390.3380287204303,21.685446040023905,173.48356832019124,2984.0,0.116000004,-0.0705,0.13574332,0,0,0,536.5054332711522,19.914532807544933,0.16642120765832102,1.0,1.0,0.59203602760931,0.8640120092031033,0.5152166084307122,1.0,0.5152166084307122
GRID_0858,INDIAN_MARINE,10.0,92.5,79.14992604182008,4.397218113434449,35.17774490747559,1282.0,0.0775,0.009999998,0.0781425,0,0,1,1357.9539819115655,1.6540123536273954,0.7285223367697595,1.0,0.6666666666666666,0.8438917514481162,0.836852806038261,0.7826875714040102,1.0,0.7826875714040102
GRID_0859,INDIAN_MARINE,20.75,74.5,225.37431413455587,12.520795229697548,100.16636183758038,0.0,,,,0,0,0,94.1430235147348,233.7119285369206,0.47079037800687284,0.0,1.0,,0.5,0.4853951890034364,0.8,0.38831615120274915
GRID_0860,INDIAN_MARINE,10.75,72.25,34.478993499180056,1.9154996388433363,15.323997110746692,1333.0,0.034500003,0.065000005,0.073588386,0,0,0,393.35684040518174,18.123613603173176,0.8910162002945508,1.0,1.0,0.8638043096011849,0.9546014365337283,0.9228088184141395,1.0,0.9228088184141395
GRID_0861,INDIAN_MARINE,7.5,75.25,149.93460769476,8.329700427486666,66.63760341989332,2566.0,0.109,0.11050001,0.15521356,0,0,0,243.04604686643785,10.31450819856284,0.6062837506136476,1.0,1.0,0.5069037085118513,0.8356345695039504,0.720959160058799,1.0,0.720959160058799
GRID_0862,INDIAN_MARINE,16.5,95.5,478.7869465099744,26.59927480610969,212.79419844887752,0.0,,,,0,0,0,728.1178910325851,137.36344106844214,0.026509572901325495,0.0,1.0,,0.5,0.26325478645066275,0.8,0.21060382916053022
GRID_0863,INDIAN_MARINE,13.0,77.5,277.112372351233,15.395131797290722,123.16105437832576,0.0,,,,0,0,0,105.02942335604584,277.1842773689552,0.3760432007854688,0.0,1.0,,0.5,0.4380216003927344,0.8,0.35041728031418756
GRID_0864,INDIAN_MARINE,10.0,68.5,402.2491529283319,22.347175162685105,178.77740130148084,4485.0,-0.017,-0.040500008,0.043923236,0,0,0,812.4268474501602,30.96085627629984,0.1467844869906726,1.0,1.0,0.9935131891976345,0.9978377297325448,0.5723111083616087,1.0,0.5723111083616087
GRID_0865,INDIAN_MARINE,5.5,72.75,334.1681741863285,18.56489856590714,148.5191885272571,993.0,-0.20650001,0.1535,0.25730234,0,0,0,595.9018086487745,14.177694421375822,0.2646048109965635,0.7837411207576953,1.0,0.060527362086216153,0.6147561609479705,0.439680485972267,1.0,0.439680485972267
GRID_0866,INDIAN_MARINE,15.0,78.75,167.00385248522588,9.277991804734771,74.22393443787817,0.0,,,,0,0,0,284.9718896892892,161.8644040062079,0.5783014236622483,0.0,1.0,,0.5,0.5391507118311242,0.8,0.4313205694648994
GRID_0867,INDIAN_MARINE,16.5,84.25,249.950693765834,13.886149653657444,111.08919722925955,2989.0,0.36100003,0.275,0.45381278,0,0,0,340.6192922984846,169.81578127659006,0.4275895925380462,1.0,1.0,0.0,0.6666666666666666,0.5471281296023565,1.0,0.5471281296023565
GRID_0868,INDIAN_MARINE,7.25,69.5,429.4413811837284,23.857854510207133,190.86283608165704,4412.0,0.183,0.08250001,0.20073678,0,0,0,850.4388067608844,15.198150388188758,0.09867452135493371,1.0,1.0,0.30785648097979146,0.7692854936599305,0.4339800075074321,1.0,0.4339800075074321
GRID_0869,INDIAN_MARINE,13.75,69.25,321.8263226473481,17.879240147074896,143.03392117659916,4126.0,-0.063,0.046499997,0.0783023,0,0,0,566.7220679281534,51.18650743596459,0.29307805596465386,1.0,1.0,0.8431930366612532,0.9477310122204177,0.6204045340925357,1.0,0.6204045340925357
GRID_0870,INDIAN_MARINE,11.5,76.5,111.45329858464656,6.191849921369253,49.534799370954026,0.0,,,,0,0,0,12.85074887988281,95.89596274834273,0.6745213549337261,0.0,1.0,,0.5,0.5872606774668631,0.8,0.4698085419734905
GRID_0871,INDIAN_MARINE,16.75,76.0,302.75213590135303,16.819563105630724,134.5565048450458,0.0,,,,0,0,0,223.03705264061512,296.69243529639726,0.3269513991163475,0.0,1.0,,0.5,0.41347569955817376,0.8,0.330780559646539
GRID_0872,INDIAN_MARINE,12.5,97.0,440.27292743072536,24.45960707948474,195.67685663587795,207.0,0.015000001,-0.1105,0.11151345,0,0,0,1217.040772270917,83.34265817562274,0.08100147275405012,0.1633780584056827,1.0,0.6979795097918583,0.6204525227325136,0.35072699774328187,1.0,0.35072699774328187
GRID_0873,INDIAN_MARINE,18.75,68.0,427.3336469369482,23.74075816316379,189.92606530531032,3298.0,0.0855,-0.097,0.12930293,0,0,0,504.7716387562079,31.586670230450547,0.10112911143838976,1.0,1.0,0.6201962011147255,0.8733987337049085,0.48726392257164913,1.0,0.48726392257164913
GRID_0874,INDIAN_MARINE,7.75,82.25,376.0050075769087,20.88916708760604,167.1133367008483,3856.0,-0.10500001,-0.3025,0.32020503,0,0,0,372.87887549250553,320.2542157259416,0.19734904270986742,1.0,1.0,0.0,0.6666666666666666,0.432007854688267,1.0,0.432007854688267
GRID_0875,INDIAN_MARINE,10.0,72.75,17.00377080416899,0.944653933564944,7.557231468519551,1794.0,-0.009000001,0.09900001,0.099408254,0,0,0,394.3500446785373,51.87467205506032,0.9749631811487481,1.0,1.0,0.7509086677585439,0.9169695559195146,0.9459663685341313,1.0,0.9459663685341313
GRID_0876,INDIAN_MARINE,15.25,74.5,113.79231005917556,6.321795003287531,50.57436002630025,0.0,,,,0,0,0,43.20680907812248,66.94584773448058,0.669612174766814,0.0,1.0,,0.5,0.584806087383407,0.8,0.46784486990672564
GRID_0877,INDIAN_MARINE,10.75,71.75,60.65958290638218,3.3699768281323434,26.959814625058748,1605.0,-0.0039999997,0.034500003,0.034731112,0,0,0,443.8991960981992,36.451500835214,0.7825233186057928,1.0,1.0,1.0,1.0,0.8912616593028964,1.0,0.8912616593028964
GRID_0878,INDIAN_MARINE,15.0,91.0,268.6604643354346,14.925581351968589,119.40465081574872,2715.0,-0.038000003,-0.1115,0.117797494,0,0,0,798.2899083049161,20.447100856649868,0.39126165930289647,1.0,1.0,0.6705029486898653,0.8901676495632884,0.6407146544330924,1.0,0.6407146544330924
GRID_0879,INDIAN_MARINE,7.0,83.0,490.8074915273616,27.2670828626312,218.1366629010496,3957.0,0.12150001,-0.21550001,0.2473914,0,0,0,486.6082031702971,248.5147831116135,0.010800196367206638,1.0,1.0,0.10386228279781333,0.7012874275992711,0.35604381198323887,1.0,0.35604381198323887
GRID_0880,INDIAN_MARINE,10.25,96.25,378.09368102864187,21.005204501591216,168.04163601272973,964.0,-0.19150001,-0.06400001,0.20191151,0,0,0,1433.3953409202998,58.80065419155017,0.1919489445262641,0.760852407261247,1.0,0.3027200528097557,0.6878574866903342,0.43990321560829915,1.0,0.43990321560829915
GRID_0881,INDIAN_MARINE,14.25,81.0,51.43675384860496,2.857597436033609,22.86077948826887,2946.0,-0.038500004,0.43350002,0.4352063,0,0,0,170.03754889292287,86.47054513495948,0.8119783996072656,1.0,1.0,0.0,0.6666666666666666,0.7393225331369662,1.0,0.7393225331369662
GRID_0882,INDIAN_MARINE,17.25,72.0,77.70551231054802,4.316972906141556,34.53578324913245,83.0,-0.0065,0.011,0.012776932,0,0,0,183.22488522318685,131.00476756114438,0.7334315169366716,0.06550907655880031,1.0,1.0,0.6885030255196001,0.7109672712281359,1.0,0.7109672712281359
GRID_0883,INDIAN_MARINE,13.25,84.25,360.30588576349646,20.01699365352758,160.13594922822065,3283.0,-0.043000005,0.024,0.049244296,0,0,0,447.6061686819536,52.97008278321736,0.22140402552773686,1.0,1.0,0.9702472110763211,0.990082403692107,0.605743214609922,1.0,0.605743214609922
GRID_0884,INDIAN_MARINE,8.25,91.0,312.5111350181001,17.361729723227782,138.89383778582226,3571.0,0.031500004,-0.033,0.04562072,0,0,0,1296.2441025504952,159.3798970243158,0.3112420225822288,1.0,1.0,0.9860910542085009,0.9953636847361669,0.6533028536591978,1.0,0.6533028536591978
GRID_0885,INDIAN_MARINE,5.5,77.0,269.4793589256259,14.971075495868105,119.76860396694484,2581.0,-0.049500003,0.1005,0.112029016,0,0,0,300.2891609207892,49.069994306307606,0.3897889052528227,1.0,1.0,0.6957252320208706,0.8985750773402901,0.6441819912965564,1.0,0.6441819912965564
GRID_0886,INDIAN_MARINE,7.0,90.0,487.4482530666699,27.080458503703884,216.64366802963107,2640.0,-0.3425,0.062,0.34806645,0,0,1,1222.529545649388,2.8196663558955297,0.015709376534118857,1.0,0.6666666666666666,0.0,0.5555555555555556,0.2856324660448372,1.0,0.2856324660448372
GRID_0887,INDIAN_MARINE,14.0,94.0,172.99903341686013,9.611057412047783,76.88845929638228,1116.0,0.1805,-0.1225,0.2181433,0,0,0,965.0995855629204,22.935544279900604,0.5675012272950417,0.8808208366219415,1.0,0.23174763922867297,0.7041894919502047,0.6358453596226232,1.0,0.6358453596226232
GRID_0888,INDIAN_MARINE,14.0,89.75,324.6296276637601,18.03497931465334,144.27983451722673,2843.0,-0.0925,0.0725,0.11752659,0,0,0,809.3692890558333,38.3228584517958,0.28325969563082964,1.0,1.0,0.6716874582682155,0.8905624860894051,0.5869110908601174,1.0,0.5869110908601174
GRID_0889,INDIAN_MARINE,8.25,78.75,187.3988881391033,10.411049341061291,83.28839472849035,1471.0,-0.092,-0.026,0.09560335,0,0,0,85.27001042821774,16.788430167905098,0.5434462444771724,1.0,1.0,0.7675453554143303,0.9225151184714434,0.7329806814743078,1.0,0.7329806814743078
GRID_0890,INDIAN_MARINE,11.25,73.75,28.47165672972345,1.5817587072068582,12.654069657654864,2171.0,0.0040000007,-0.0355,0.035724644,0,0,0,219.84101722400672,38.8737696481272,0.9239077074128621,1.0,1.0,1.0,1.0,0.961953853706431,1.0,0.961953853706431
GRID_0891,INDIAN_MARINE,10.75,89.0,356.69705968474386,19.816503315819105,158.53202652655284,3287.0,-0.045,0.21350001,0.21819086,0,0,0,1005.673477490932,19.11892026896284,0.22582228767795776,1.0,1.0,0.23153968631713862,0.7438465621057129,0.4848344248918353,1.0,0.4848344248918353
GRID_0892,INDIAN_MARINE,12.75,68.25,387.1939948652664,21.5107774925148,172.08621994011838,4210.0,-0.057500005,0.029000003,0.06439915,0,0,0,711.3815267177083,17.29758093281531,0.1732940598919981,1.0,1.0,0.9039836279564725,0.9679945426521575,0.5706443012720778,1.0,0.5706443012720778
GRID_0893,INDIAN_MARINE,16.0,72.25,51.637982622897205,2.868776812383178,22.950214499065424,1418.0,-0.072500005,0.119500004,0.13977304,0,0,0,180.60485208945755,128.51583092796855,0.810505645557192,1.0,1.0,0.5744163470653922,0.8581387823551307,0.8343222139561614,1.0,0.8343222139561614
GRID_0894,INDIAN_MARINE,17.25,76.5,370.6816345511873,20.593424141732623,164.747393133861,0.0,,,,0,0,0,291.27413310367194,362.080865417546,0.20324005891016206,0.0,1.0,,0.5,0.35162002945508103,0.8,0.28129602356406486
GRID_0895,INDIAN_MARINE,19.5,74.0,148.4174947162486,8.245416373124922,65.96333098499937,0.0,,,,0,0,0,60.7569830581937,140.52634299736374,0.6082474226804124,0.0,1.0,,0.5,0.5541237113402062,0.8,0.443298969072165
GRID_0896,INDIAN_MARINE,6.25,93.5,494.4680182756282,27.470445459757123,219.76356367805695,1962.0,-0.3675,-0.17050001,0.40512532,0,0,0,1621.1044706202497,66.35510981195597,0.007854688267059373,1.0,1.0,0.0,0.6666666666666666,0.337260677466863,1.0,0.337260677466863
GRID_0897,INDIAN_MARINE,8.25,79.5,269.3270450478715,14.962613613770635,119.7009089101651,1423.0,-0.048000004,0.188,0.19403091,0,0,0,108.987245321957,51.65283831136065,0.39027982326951394,1.0,1.0,0.33717744798718713,0.7790591493290624,0.5846694862992882,1.0,0.5846694862992882
GRID_0898,INDIAN_MARINE,10.0,95.25,277.5347308307412,15.4185961572634,123.3487692581072,2650.0,-0.17150001,0.0024999995,0.17151824,0,0,0,1436.516351148751,16.53882440087935,0.3750613647520864,1.0,1.0,0.4356125882923804,0.8118708627641268,0.5934661137581065,1.0,0.5934661137581065
GRID_0899,INDIAN_MARINE,6.5,93.5,467.074248266603,25.94856934814461,207.58855478515687,1443.0,-0.23700002,-0.21150002,0.3176496,0,0,0,1614.5403981180364,44.63359782970908,0.04123711340206182,1.0,1.0,0.0,0.6666666666666666,0.3539518900343642,1.0,0.3539518900343642
GRID_0900,INDIAN_MARINE,18.5,82.0,280.5581413075238,15.586563405973545,124.69250724778834,0.0,,,,0,0,0,344.9684793793279,172.09954677527446,0.36917034855179187,0.0,1.0,,0.5,0.43458517427589594,0.8,0.3476681394207168
GRID_0901,INDIAN_MARINE,10.25,94.25,164.65410434425092,9.147450241347274,73.17960193077819,3140.0,-0.11750001,-0.1525,0.19251624,0,0,0,1392.5320725529443,113.45138021763712,0.5837015218458517,1.0,1.0,0.34380024101733714,0.781266747005779,0.6824841344258153,1.0,0.6824841344258153
GRID_0902,INDIAN_MARINE,13.5,94.5,204.03487523619108,11.33527084645506,90.68216677164048,1569.0,0.17500001,-0.16100001,0.23779406,0,0,0,1030.010357975861,34.36655854432588,0.5139911634756995,1.0,1.0,0.14582600853343883,0.7152753361778129,0.6146332498267562,1.0,0.6146332498267562
GRID_0903,INDIAN_MARINE,7.5,80.25,351.9770971906865,19.554283177260363,156.4342654180829,0.0,,,,0,0,0,221.7870327759339,164.07012132595693,0.23416789396170834,0.0,1.0,,0.5,0.36708394698085417,0.8,0.29366715758468337
GRID_0904,INDIAN_MARINE,14.25,91.5,171.50309915206765,9.527949952892648,76.22359962314118,2784.0,-0.010000002,-0.108500004,0.10895986,0,0,0,897.6982100356857,60.72009558165193,0.5694648993618066,1.0,1.0,0.7091449108718696,0.9030483036239565,0.7362566014928815,1.0,0.7362566014928815
GRID_0905,INDIAN_MARINE,12.5,70.0,195.90921671297772,10.883845372943208,87.07076298354566,4281.0,0.0185,-0.061000004,0.06374363,0,0,0,554.2140184298581,178.53482925187345,0.5267550319096711,1.0,1.0,0.9068498452098175,0.9689499484032724,0.7478524901564718,1.0,0.7478524901564718
GRID_0906,INDIAN_MARINE,13.5,70.75,180.81585938577507,10.045325521431948,80.36260417145559,2947.0,-0.0145000005,-0.11900001,0.11988016,0,0,0,423.3671144227345,177.40181540012907,0.554246440844379,1.0,1.0,0.661396631228682,0.8871322104095606,0.7206893256269697,1.0,0.7206893256269697
GRID_0907,INDIAN_MARINE,9.0,90.25,296.0351138201264,16.44639521222924,131.57116169783393,3012.0,0.119500004,0.0535,0.13092937,0,0,0,1194.0846310537852,104.20335338751478,0.34118802160039274,1.0,1.0,0.6130847012527377,0.8710282337509125,0.6061081276756526,1.0,0.6061081276756526
GRID_0908,INDIAN_MARINE,10.0,84.25,416.2335970731078,23.12408872628377,184.99270981027013,3580.0,-0.26450002,-0.048,0.26882014,0,0,0,519.8419335172989,11.759600129284578,0.12272950417280315,1.0,1.0,0.01016655374997034,0.6700555179166567,0.39639251104472994,1.0,0.39639251104472994
GRID_0909,INDIAN_MARINE,8.5,94.75,320.69378731684424,17.816321517602457,142.53057214081966,1589.0,0.105000004,-0.1185,0.1583264,0,0,0,1595.1541630830989,98.99884214603595,0.29651448208149234,1.0,1.0,0.493293024299467,0.8310976747664889,0.5638060784239907,1.0,0.5638060784239907
GRID_0910,INDIAN_MARINE,7.0,93.25,408.1638473811855,22.67576929895475,181.406154391638,1448.0,-0.11,-0.13350001,0.1729805,0,0,0,1573.0256111240285,41.7026786783992,0.1389297987236131,1.0,1.0,0.4292189544736164,0.8097396514912054,0.47433472510740926,1.0,0.47433472510740926
GRID_0911,INDIAN_MARINE,13.75,70.75,203.29871609823533,11.294373116568629,90.35498493254904,2694.0,-0.0395,-0.1575,0.16237764,0,0,0,410.63758009040856,184.18793920717988,0.5159548355424644,1.0,1.0,0.47557924899826953,0.8251930829994232,0.6705739592709438,1.0,0.6705739592709438
GRID_0912,INDIAN_MARINE,12.0,74.5,33.857461743616746,1.880970096867597,15.047760774940777,126.0,-0.0145,0.079,0.08031968,0,0,0,107.05677081787752,70.99832054918664,0.8973981345115366,0.09944751381215469,1.0,0.8343721778582373,0.6446065638901306,0.7710023492008335,1.0,0.7710023492008335
GRID_0913,INDIAN_MARINE,7.75,83.0,424.15032294018135,23.56390683001008,188.5112546400806,3859.0,-0.0405,-0.21750002,0.22123857,0,0,0,449.1918329125399,239.830706211416,0.10652920962199308,1.0,1.0,0.21821377866338004,0.7394045928877933,0.42296690125489317,1.0,0.42296690125489317
GRID_0914,INDIAN_MARINE,8.0,70.25,326.98555503989627,18.165864168883125,145.326913351065,4054.0,0.17750001,-0.014,0.17805126,0,0,0,749.23050695595,10.279797454321375,0.27835051546391754,1.0,1.0,0.407047396321964,0.8023491321073213,0.5403498237856195,1.0,0.5403498237856195
GRID_0915,INDIAN_MARINE,6.5,72.25,243.1315337786105,13.507307432145028,108.05845945716024,1746.0,-0.13250001,0.064500004,0.1473652,0,0,0,589.7065347859473,40.82703480863906,0.4413352970054001,1.0,1.0,0.5412201364506816,0.8470733788168938,0.644204337911147,1.0,0.644204337911147
GRID_0916,INDIAN_MARINE,17.5,77.75,375.0449789875594,20.835832165975525,166.6866573278042,0.0,,,,0,0,0,320.49305170255866,359.571493166878,0.19833087874324984,0.0,1.0,,0.5,0.3491654393716249,0.8,0.27933235149729996
GRID_0917,INDIAN_MARINE,8.5,75.25,106.10951791125736,5.894973217292075,47.1597857383366,2768.0,-0.109500006,-0.067,0.12837154,0,0,0,199.0735557218337,80.1923296670737,0.6838487972508591,1.0,1.0,0.6242686414484955,0.8747562138161651,0.7793025055335121,1.0,0.7793025055335121
GRID_0918,INDIAN_MARINE,15.75,71.5,135.94577161987397,7.552542867770776,60.42034294216621,2165.0,0.0010000002,-0.032500003,0.032515384,0,0,0,268.4779845961581,168.9923700503683,0.6254295532646048,1.0,1.0,1.0,1.0,0.8127147766323024,1.0,0.8127147766323024
GRID_0919,INDIAN_MARINE,10.75,77.0,132.32839895499515,7.351577719721953,58.81262175777562,0.0,,,,0,0,0,33.83532363146122,110.55897638079132,0.6342660775650466,0.0,1.0,,0.5,0.5671330387825233,0.8,0.45370643102601865
GRID_0920,INDIAN_MARINE,19.25,80.5,365.89029772410015,20.32723876245001,162.61791009960007,0.0,,,,0,0,0,432.834915121661,356.7704778790506,0.21109474717722143,0.0,1.0,,0.5,0.3555473735886107,0.8,0.2844378988708886
GRID_0921,INDIAN_MARINE,6.25,78.5,254.2490797791631,14.124948876620174,112.9995910129614,2726.0,0.034999996,-0.056,0.06603787,0,0,0,241.95466960327963,43.36150691753639,0.41777123220422185,1.0,1.0,0.896818434617747,0.9656061448725823,0.6916886885384022,1.0,0.6916886885384022
GRID_0922,INDIAN_MARINE,15.25,70.75,232.681782618882,12.926765701049,103.414125608392,2890.0,0.049500003,0.035000004,0.060623843,0,0,0,365.276140208109,76.44671480910593,0.45753559155621015,1.0,1.0,0.9204909047139685,0.9734969682379895,0.7155162798970998,1.0,0.7155162798970998
GRID_0923,INDIAN_MARINE,9.0,79.25,229.8611109626905,12.770061720149473,102.16049376119578,67.0,-0.011500001,0.07000001,0.07093836,0,0,0,20.08988236994398,17.017319133967487,0.4634266077565047,0.05288082083662194,1.0,0.8753913706260393,0.6427573971542204,0.5530920024553625,1.0,0.5530920024553625
GRID_0924,INDIAN_MARINE,16.75,84.25,259.68254930925684,14.426808294958713,115.4144663596697,2922.0,0.328,0.27550003,0.42835063,0,0,0,312.47177062392274,148.91087931998874,0.4108983799705449,1.0,1.0,0.0,0.6666666666666666,0.5387825233186058,1.0,0.5387825233186058
GRID_0925,INDIAN_MARINE,15.25,71.0,209.38718922333013,11.63262162351834,93.06097298814672,2588.0,0.0485,0.0165,0.051229876,0,0,0,339.2075022596948,104.27583749780304,0.5017182130584192,1.0,1.0,0.9615653956414043,0.9871884652138014,0.7444533391361103,1.0,0.7444533391361103
GRID_0926,INDIAN_MARINE,18.0,83.5,283.67697157439613,15.75983175413312,126.07865403306496,0.0,,,,0,0,0,226.37891493029665,16.588261841167327,0.364752086401571,0.0,1.0,,0.5,0.4323760432007855,0.8,0.3459008345606284
GRID_0927,INDIAN_MARINE,19.25,71.75,64.07351748133664,3.559639860074258,28.477118880594062,71.0,0.066,-0.12850001,0.14445849,0,0,0,131.50864532201632,106.62900343221726,0.7702503681885126,0.056037884767166535,1.0,0.553929531057208,0.5366558052747915,0.653453086731652,1.0,0.653453086731652
GRID_0928,INDIAN_MARINE,16.5,70.5,229.28740504389984,12.738189169105546,101.90551335284437,3117.0,0.087000005,-0.025000002,0.090520725,0,0,0,362.7434302856258,75.3520848479325,0.4644084437898871,1.0,1.0,0.7897687924830424,0.9299229308276807,0.6971656873087839,1.0,0.6971656873087839
GRID_0929,INDIAN_MARINE,9.75,95.25,286.19468196849976,15.899704553805542,127.19763643044432,2592.0,-0.112500004,-0.016,0.11363208,0,0,0,1464.309506536714,28.451977416928045,0.3578792341678939,1.0,1.0,0.6887159421517344,0.8962386473839115,0.6270589407759026,1.0,0.6270589407759026
GRID_0930,INDIAN_MARINE,20.0,80.25,452.897838014786,25.160991000821443,201.28792800657155,0.0,,,,0,0,0,405.6267807669622,435.0473938077257,0.06283750613647521,0.0,1.0,,0.5,0.2814187530682376,0.8,0.2251350024545901
GRID_0931,INDIAN_MARINE,16.25,84.75,295.34168495763566,16.407871386535316,131.26297109228253,2961.0,0.16800001,0.1645,0.23512603,0,0,0,360.8456496145953,158.76968903806883,0.3426607756504664,1.0,1.0,0.15749179084128873,0.7191639302804296,0.530912352965448,1.0,0.530912352965448
GRID_0932,INDIAN_MARINE,15.0,70.5,269.8248883012071,14.990271572289284,119.92217257831427,3276.0,0.026500002,0.005000001,0.026967576,0,0,0,401.592192356199,56.18759592887767,0.3888070692194403,1.0,1.0,1.0,1.0,0.6944035346097202,1.0,0.6944035346097202
GRID_0933,INDIAN_MARINE,12.0,68.75,329.0135356492114,18.278529758289523,146.22823806631618,4300.0,-0.0065,0.065500006,0.06582173,0,0,0,701.9036768580295,47.96389018994068,0.27491408934707906,1.0,1.0,0.8977634922775255,0.9659211640925085,0.6204176267197938,1.0,0.6204176267197938
GRID_0934,INDIAN_MARINE,18.0,76.5,399.0548639060714,22.16971466144841,177.35771729158728,0.0,,,,0,0,0,230.9644805769484,377.38284981935686,0.15267550319096712,0.0,1.0,,0.5,0.32633775159548356,0.8,0.26107020127638686
GRID_0935,INDIAN_MARINE,16.5,77.0,381.6238397825791,21.201324432365507,169.61059545892405,0.0,,,,0,0,0,328.9977654517507,376.0461745250421,0.18605792832596957,0.0,1.0,,0.5,0.3430289641629848,0.8,0.27442317133038785
GRID_0936,INDIAN_MARINE,13.75,90.0,291.8543812086677,16.214132289370426,129.7130583149634,2880.0,-0.1245,0.060500003,0.13842146,0,0,0,848.8597290971269,72.75317889020357,0.35002454590083454,1.0,1.0,0.5803260400042436,0.8601086800014145,0.6050666129511245,1.0,0.6050666129511245
GRID_0937,INDIAN_MARINE,8.5,71.0,228.79638295139,12.710910163966112,101.6872813117289,3911.0,0.07000001,0.11500001,0.13462913,0,0,0,652.3678569419048,57.81309488972837,0.46588119783996074,1.0,1.0,0.5969077486880022,0.865635916229334,0.6657585570346474,1.0,0.6657585570346474
GRID_0938,INDIAN_MARINE,9.5,81.5,168.96661312182772,9.387034062323762,75.0962724985901,3715.0,-0.0375,0.023500003,0.044254944,0,0,0,241.45382116482853,143.18997793578194,0.5738831615120275,1.0,1.0,0.9920628182056396,0.9973542727352132,0.7856187171236203,1.0,0.7856187171236203
GRID_0939,INDIAN_MARINE,7.75,79.75,297.80856807311983,16.54492044850666,132.35936358805327,10.0,,,,0,0,0,171.3526908990768,103.75575564672084,0.3387334315169367,0.007892659826361484,1.0,,0.5039463299131808,0.42133988071505873,0.8,0.337071904572047
GRID_0940,INDIAN_MARINE,19.0,82.0,334.57571840436475,18.5875399113536,148.7003192908288,0.0,,,,0,0,0,332.65979420225034,213.59316145910464,0.2636229749631811,0.0,1.0,,0.5,0.38181148748159055,0.8,0.3054491899852725
GRID_0941,INDIAN_MARINE,9.75,90.5,224.320300749523,12.462238930529056,99.69791144423245,3360.0,0.0009999946,0.051500008,0.051509716,0,0,0,1197.305127517856,151.4664150693929,0.4737358861070201,1.0,1.0,0.9603418140021317,0.9867806046673772,0.7302582453871986,1.0,0.7302582453871986
GRID_0942,INDIAN_MARINE,12.0,91.0,189.61550451427703,10.534194695237613,84.2735575619009,3168.0,0.076000005,0.026500002,0.08048758,0,0,0,1076.4520164318023,141.3833623916412,0.5385370643102602,1.0,1.0,0.8336380463644055,0.9445460154548018,0.7415415398825309,1.0,0.7415415398825309
GRID_0943,INDIAN_MARINE,12.0,70.5,141.5881661996292,7.866009233312734,62.92807386650187,3571.0,0.09650001,-0.0715,0.12010205,0,0,0,520.0756113777215,136.1211235975244,0.6195385370643103,1.0,1.0,0.6604264320793888,0.8868088106931296,0.7531736738787199,1.0,0.7531736738787199
GRID_0944,INDIAN_MARINE,7.75,91.25,353.40629765242346,19.63368320291241,157.06946562329932,3523.0,-0.029,-0.0275,0.039965607,0,0,0,1336.75042547326,163.57349246901455,0.23171330387825229,1.0,1.0,1.0,1.0,0.6158566519391262,1.0,0.6158566519391262
GRID_0945,INDIAN_MARINE,10.5,96.5,396.1031549713387,22.00573083174104,176.04584665392832,621.0,-0.12150001,-0.16750002,0.20692633,0,0,0,1413.6752813799767,83.87334430864483,0.1561119293078056,0.49013417521704816,1.0,0.28079308855783497,0.5903090879249611,0.37321050861638333,1.0,0.37321050861638333
GRID_0946,INDIAN_MARINE,14.75,81.25,67.9634015216734,3.775744528981856,30.205956231854845,2793.0,0.11050001,0.23700002,0.26149428,0,0,0,233.77461806573527,116.86110413700132,0.7584683357879234,1.0,1.0,0.04219838546767415,0.6807327951558914,0.7196005654719073,1.0,0.7196005654719073
GRID_0947,INDIAN_MARINE,8.75,83.5,391.3860467253919,21.74366926252177,173.9493541001742,3745.0,-0.199,-0.072500005,0.21179532,0,0,0,476.1094277675167,146.0853693715634,0.1649484536082474,1.0,1.0,0.25950375620433874,0.7531679187347795,0.45905818617151345,1.0,0.45905818617151345
GRID_0948,INDIAN_MARINE,16.75,81.5,79.4175333444555,4.412085185803083,35.29668148642467,0.0,,,,0,0,0,458.0822710362485,57.39094008209275,0.7275405007363771,0.0,1.0,,0.5,0.6137702503681886,0.8,0.49101620029455084
GRID_0949,INDIAN_MARINE,15.5,70.5,245.9210221861377,13.662279010340985,109.29823208272786,3488.0,0.0715,-0.013500001,0.07276332,0,0,0,383.48479420542776,54.02491510190651,0.43544428080510555,1.0,1.0,0.8674118553730122,0.955803951791004,0.6956241162980548,1.0,0.6956241162980548
GRID_0950,INDIAN_MARINE,17.75,69.75,238.01005807552173,13.222781004195651,105.7822480335652,3141.0,-0.0225,0.117000006,0.11914383,0,0,0,385.5320236661729,34.99532807731075,0.4506627393225331,1.0,1.0,0.6646161847894513,0.888205394929817,0.669434067126175,1.0,0.669434067126175
GRID_0951,INDIAN_MARINE,22.0,70.25,316.7733844410267,17.598521357834816,140.78817086267853,0.0,,,,0,0,0,61.87678774689478,151.29246138551568,0.3028964162984782,0.0,1.0,,0.5,0.4014482081492391,0.8,0.3211585665193913
GRID_0952,INDIAN_MARINE,18.5,83.0,306.82674528322343,17.045930293512413,136.3674423480993,0.0,,,,0,0,0,240.26092926589925,97.23750651088407,0.3205694648993618,0.0,1.0,,0.5,0.4102847324496809,0.8,0.3282277859597447
GRID_0953,INDIAN_MARINE,19.75,72.0,23.79848387701181,1.3221379931673232,10.577103945338584,33.0,-0.0025000013,-0.0625,0.06254998,0,0,0,127.64118215148598,41.367527944893325,0.9459990181639666,0.026045777426992895,1.0,0.9120689998114393,0.6460382590794774,0.7960186386217221,1.0,0.7960186386217221
GRID_0954,INDIAN_MARINE,14.25,93.5,151.38942808200736,8.410523782333742,67.28419025866994,122.0,0.17400001,0.020500004,0.17520347,0,0,0,931.1277347914232,15.682133629844438,0.6033382425135003,0.0962904498816101,1.0,0.4194991671785406,0.5052632056867169,0.5543007241001086,1.0,0.5543007241001086
GRID_0955,INDIAN_MARINE,20.0,76.0,362.3675265124191,20.13152925068995,161.0522340055196,0.0,,,,0,0,0,55.30179880435567,370.2289402370002,0.21698576337751596,0.0,1.0,,0.5,0.358492881688758,0.8,0.2867943053510064
GRID_0956,INDIAN_MARINE,8.5,93.0,239.64400125927787,13.313555625515438,106.5084450041235,167.0,-0.13,-0.09950001,0.16370782,0,0,1,1505.0490668390432,1.3299870610255782,0.44820814923907704,0.13180741910023677,0.6666666666666666,0.4697631261247426,0.4227457372972153,0.4354769432681462,1.0,0.4354769432681462
GRID_0957,INDIAN_MARINE,8.5,75.5,82.77572499614081,4.598651388674489,36.78921110939592,1560.0,-0.123,0.00049999356,0.12300102,0,0,0,171.71774767514114,95.66552554973757,0.7216494845360825,1.0,1.0,0.6477508801039658,0.8825836267013218,0.8021165556187022,1.0,0.8021165556187022
GRID_0958,INDIAN_MARINE,12.75,94.75,219.4484211008746,12.191578950048587,97.53263160038873,661.0,0.23250002,-0.07350001,0.24384116,0,0,0,1119.3057857693689,94.01414735626052,0.4830633284241531,0.5217048145224941,1.0,0.11938546918650512,0.5470300945696663,0.5150467114969097,1.0,0.5150467114969097
GRID_0959,INDIAN_MARINE,8.5,80.0,246.130955235748,13.673941957541553,109.39153566033242,0.0,,,,0,0,0,116.69176484940274,72.38598774108223,0.43446244477172313,0.0,1.0,,0.5,0.46723122238586157,0.8,0.37378497790868925
GRID_0960,INDIAN_MARINE,11.5,77.0,164.55352470908267,9.141862483837926,73.1348998707034,0.0,,,,0,0,0,52.03147172544597,144.98440204055802,0.5841924398625429,0.0,1.0,,0.5,0.5420962199312714,0.8,0.4336769759450172
GRID_0961,INDIAN_MARINE,5.25,78.0,326.3534547792633,18.13074748773685,145.0459799018948,2899.0,0.1395,0.0375,0.14445242,0,0,0,329.6273260113676,57.02383003708026,0.27933235149729996,1.0,1.0,0.5539560717252697,0.8513186905750898,0.5653255210361949,1.0,0.5653255210361949
GRID_0962,INDIAN_MARINE,13.5,85.25,425.2850608555823,23.626947825310125,189.015582602481,3158.0,-0.027999999,0.072000004,0.077252835,0,0,0,561.2526560029411,95.60168941086889,0.10407461953853703,1.0,1.0,0.847781752016668,0.9492605840055559,0.5266676017720464,1.0,0.5266676017720464
GRID_0963,INDIAN_MARINE,20.25,75.75,337.8122851303244,18.76734917390691,150.1387933912553,0.0,,,,0,0,0,88.91759934012225,348.7574086625577,0.2601865488463426,0.0,1.0,,0.5,0.3800932744231713,0.8,0.3040746195385371
GRID_0964,INDIAN_MARINE,17.75,81.75,193.4909413708645,10.749496742825803,85.99597394260644,0.0,,,,0,0,0,403.7929983527569,137.0380982839346,0.5301914580265096,0.0,1.0,,0.5,0.5150957290132547,0.8,0.4120765832106038
GRID_0965,INDIAN_MARINE,8.75,75.0,113.71998723092594,6.317777068384775,50.5422165470782,2630.0,-0.1395,-0.08500001,0.16335621,0,0,0,215.51522167458972,100.56666862829,0.6701030927835052,1.0,1.0,0.47130051727748945,0.8237668390924964,0.7469349659380008,1.0,0.7469349659380008
GRID_0966,INDIAN_MARINE,12.75,73.25,54.47644889435184,3.026469383019547,24.21175506415637,2047.0,0.018,0.033999998,0.038470767,0,0,0,203.52899841097,127.77703482257876,0.7982326951399117,1.0,1.0,1.0,1.0,0.8991163475699558,1.0,0.8991163475699558
GRID_0967,INDIAN_MARINE,19.0,79.5,380.1470418288853,21.11928010160474,168.95424081283792,0.0,,,,0,0,0,350.98215237019144,397.92713115287984,0.18851251840942562,0.0,1.0,,0.5,0.3442562592047128,0.8,0.27540500736377027
GRID_0968,INDIAN_MARINE,15.25,69.75,331.1612716241765,18.39784842356536,147.18278738852288,3718.0,0.0315,-0.045500003,0.05533986,0,0,0,471.56803428320126,20.252270239739445,0.2685321551300933,1.0,1.0,0.9435947661384578,0.9811982553794859,0.6248652052547896,1.0,0.6248652052547896
GRID_0969,INDIAN_MARINE,13.0,72.5,113.24103728756612,6.291168738198118,50.32934990558494,504.0,-0.0145,0.072000004,0.073445566,0,0,0,274.8512689527793,96.55854452192024,0.6720667648502701,0.39779005524861877,1.0,0.8644287804764026,0.7540729452416737,0.7130698550459719,1.0,0.7130698550459719
GRID_0970,INDIAN_MARINE,14.75,81.5,94.16093369047876,5.231162982804375,41.849303862435,2904.0,0.08850001,0.055000003,0.10419814,0,0,0,248.46831295228685,128.38046719014065,0.6985763377515954,1.0,1.0,0.729965212341844,0.9099884041139479,0.8042823709327717,1.0,0.8042823709327717
GRID_0971,INDIAN_MARINE,6.25,72.0,280.3746631764195,15.576370176467751,124.610961411742,2585.0,-0.17600001,0.0345,0.17934953,0,0,0,627.027095164714,61.8312701466953,0.3696612665684831,1.0,1.0,0.4013707977841618,0.8004569325947206,0.5850590995816018,1.0,0.5850590995816018
GRID_0972,INDIAN_MARINE,16.0,93.25,320.765881233069,17.8203267351705,142.562613881364,2352.0,-0.0605,-0.14400001,0.156193,0,0,0,728.0060192393836,104.44037094324544,0.2960235640648011,1.0,1.0,0.5026211727743969,0.8342070575914655,0.5651153108281333,1.0,0.5651153108281333
GRID_0973,INDIAN_MARINE,15.25,96.25,450.2530871953993,25.014060399744405,200.11248319795524,21.0,0.079500005,0.120000005,0.1439453,0,0,0,894.2040936268734,31.49158598141145,0.06529209621993126,0.016574585635359115,1.0,0.5561734199274851,0.5242493351876147,0.294770715703773,1.0,0.294770715703773
GRID_0974,INDIAN_MARINE,21.75,68.5,442.333261346985,24.574070074832505,196.59256059866,80.0,0.041,-0.041500002,0.058337383,0,0,0,201.5877039680988,82.72514816507328,0.07756504663721153,0.06314127861089187,1.0,0.9304882977776173,0.6645431921295031,0.3710541193833573,1.0,0.3710541193833573
GRID_0975,INDIAN_MARINE,10.5,77.5,176.1739576248034,9.787442090266856,78.29953672213485,0.0,,,,0,0,0,33.72074720147355,153.9254376529362,0.5621011291114384,0.0,1.0,,0.5,0.5310505645557192,0.8,0.4248404516445754
GRID_0976,INDIAN_MARINE,8.75,78.75,201.84270112201156,11.213483395667309,89.70786716533846,804.0,-0.059000004,-0.0040000044,0.05913544,0,0,0,42.038738395049,41.157878400059886,0.5179185076092292,0.6345698500394633,1.0,0.9269988470475822,0.8538562323623484,0.6858873699857888,1.0,0.6858873699857888
GRID_0977,INDIAN_MARINE,18.75,70.0,225.0062908977185,12.500349494317694,100.00279595454155,1329.0,0.0325,0.098500006,0.1037232,0,0,0,327.08265821203395,147.97121167590026,0.47128129602356406,1.0,1.0,0.7320418556514356,0.9106806185504785,0.6909809572870214,1.0,0.6909809572870214
GRID_0978,INDIAN_MARINE,15.5,84.25,240.8696753300106,13.381648629445031,107.05318903556028,3035.0,0.1485,0.11250001,0.18630217,0,0,0,453.9763962643765,141.97848070906394,0.44477172312223856,1.0,1.0,0.37097084549545073,0.7903236151651503,0.6175476691436944,1.0,0.6175476691436944
GRID_0979,INDIAN_MARINE,13.25,70.0,224.23907368948568,12.457726316082535,99.6618105286603,4407.0,-0.0825,-0.034,0.08923145,0,0,0,510.6756548834272,151.32278288162374,0.4742268041237113,1.0,1.0,0.7954060609863776,0.9318020203287924,0.7030144122262518,1.0,0.7030144122262518
GRID_0980,INDIAN_MARINE,21.0,69.0,361.2957837674073,20.07198798707818,160.57590389662545,823.0,0.011000001,-0.0014999993,0.011101803,0,0,0,218.83913393155603,157.08511010608362,0.21944035346097202,0.6495659037095501,1.0,1.0,0.88318863456985,0.551314494015411,1.0,0.551314494015411
GRID_0981,INDIAN_MARINE,9.25,75.5,50.39290963117018,2.799606090620566,22.396848724964528,1196.0,-0.165,-0.034500003,0.16856824,0,0,0,149.92363135448016,95.03928916835694,0.8163966617574865,0.9439621152328335,1.0,0.44851126552170584,0.7974911269181797,0.8069438943378331,1.0,0.8069438943378331
GRID_0982,INDIAN_MARINE,14.25,81.25,72.7177758273507,4.039876434852817,32.31901147882254,3071.0,-0.012499999,0.24900001,0.24931356,0,0,0,185.60629001808795,114.23045877642308,0.7437407952871871,1.0,1.0,0.09545776706116245,0.6984859223537208,0.7211133588204539,1.0,0.7211133588204539
GRID_0983,INDIAN_MARINE,8.25,83.25,403.4322963106448,22.412905350591373,179.30324280473098,3813.0,-0.13700001,-0.1525,0.20500062,0,0,0,458.5813180183636,196.4539605328285,0.14383897889052533,1.0,1.0,0.2892131264314907,0.7630710421438303,0.4534550105171778,1.0,0.4534550105171778
GRID_0984,INDIAN_MARINE,5.0,74.75,378.1819629832743,21.010109054626348,168.08087243701078,2679.0,-0.21450001,0.3445,0.4058208,0,0,0,460.67869909886497,118.3270803686128,0.1914580265095729,1.0,1.0,0.0,0.6666666666666666,0.42906234658811976,1.0,0.42906234658811976
GRID_0985,INDIAN_MARINE,5.25,72.0,381.9368431742013,21.218713509677848,169.74970807742278,3284.0,-0.1745,0.043000005,0.17971992,0,0,0,682.3331021175088,71.48675162086077,0.18556701030927836,1.0,1.0,0.39975129234044315,0.7999170974468144,0.49274205387804637,1.0,0.49274205387804637
GRID_0986,INDIAN_MARINE,21.0,72.25,123.01482638420887,6.834157021344938,54.6732561707595,10.0,0.120000005,0.0575,0.13306484,0,0,0,194.74993390742452,103.91856270924406,0.6509572901325479,0.007892659826361484,1.0,0.6037475018415825,0.537213387222648,0.5940853386775979,1.0,0.5940853386775979
GRID_0987,INDIAN_MARINE,18.25,84.75,393.874783709268,21.881932428292664,175.05545942634132,1403.0,0.40800002,0.20400001,0.4561579,0,0,0,129.25057039532308,56.43856236344678,0.1610211094747177,1.0,1.0,0.0,0.6666666666666666,0.41384388807069217,1.0,0.41384388807069217
GRID_0988,INDIAN_MARINE,16.75,80.5,118.41001404569728,6.5783341136498485,52.62667290919879,0.0,,,,0,0,0,436.69365675814913,116.63082746182008,0.6617574864997545,0.0,1.0,,0.5,0.5808787432498772,0.8,0.4647029945999018
GRID_0989,INDIAN_MARINE,7.0,75.75,133.03353325775723,7.3907518476531795,59.12601478122544,1860.0,-0.032,0.20750001,0.20995298,0,0,0,224.0167658667238,38.70974515025186,0.632793323514973,1.0,1.0,0.26755926434219485,0.7558530881140649,0.694323205814519,1.0,0.694323205814519
GRID_0990,INDIAN_MARINE,14.75,92.0,188.33739088390516,10.463188382439174,83.7055070595134,2726.0,-0.050000004,-0.16500002,0.17240942,0,0,0,864.5700803392049,18.08698303427883,0.5405007363770251,1.0,1.0,0.4317159634878955,0.8105719878292985,0.6755363621031618,1.0,0.6755363621031618
GRID_0991,INDIAN_MARINE,5.0,79.75,449.6892192518989,24.982734402883278,199.8618752230662,4187.0,0.15050001,0.08250001,0.17162898,0,0,0,434.94105824774687,233.85383929614213,0.0667648502700049,1.0,1.0,0.43512838506649043,0.8117094616888301,0.4392371559794175,1.0,0.4392371559794175
GRID_0992,INDIAN_MARINE,10.5,69.0,328.5493055842421,18.25273919912456,146.0219135929965,4449.0,0.0555,-0.058000002,0.08027609,0,0,0,740.8676420701054,37.43240885382274,0.2758959253804615,1.0,1.0,0.8345627722109242,0.9448542574036414,0.6103750913920514,1.0,0.6103750913920514
GRID_0993,INDIAN_MARINE,15.25,68.5,459.7084410479093,25.53935783599496,204.31486268795967,3751.0,-0.019500002,0.22250001,0.22335288,0,0,0,606.9398781094571,115.70456443899756,0.05203730976926857,1.0,1.0,0.20896909993363924,0.7363230333112131,0.3941801715402408,1.0,0.3941801715402408
GRID_0994,INDIAN_MARINE,13.0,94.0,148.2704913472067,8.23724951928926,65.89799615431409,1223.0,0.12100001,0.040999997,0.1277576,0,0,0,1078.7868695601535,74.299505111988,0.6092292587137949,0.9652722967640095,1.0,0.6269530529394014,0.8640751165678036,0.7366521876407992,1.0,0.7366521876407992
GRID_0995,INDIAN_MARINE,17.0,70.25,214.8996642511323,11.938870236174017,95.51096188939214,3430.0,-0.0215,-0.1125,0.11453602,0,0,0,379.0124017374097,60.922148776198064,0.4899361806578302,1.0,1.0,0.6847635251026913,0.8949211750342304,0.6924286778460302,1.0,0.6924286778460302
GRID_0996,INDIAN_MARINE,11.25,84.25,396.0282556700612,22.001569759447843,176.01255807558277,3468.0,-0.041,-0.1535,0.15888125,0,0,0,484.65415203379854,65.01111482621297,0.1566028473244968,1.0,1.0,0.49086697987211403,0.8302889932907046,0.4934459203076007,1.0,0.4934459203076007
GRID_0997,INDIAN_MARINE,12.75,79.0,156.5053557717451,8.694741987319171,69.55793589855337,0.0,,,,0,0,0,94.57264079660074,125.9934042246149,0.593519882179676,0.0,1.0,,0.5,0.546759941089838,0.8,0.43740795287187045
GRID_0998,INDIAN_MARINE,13.25,72.25,125.00694875937482,6.944830486631934,55.55864389305548,964.0,-0.025500001,0.0915,0.09498684,0,0,0,298.24751772063115,105.45085952302502,0.6480117820324005,0.760852407261247,1.0,0.7702410040579409,0.8436978037730626,0.7458547929027315,1.0,0.7458547929027315
GRID_0999,INDIAN_MARINE,12.75,94.5,196.6225918931157,10.923477327395316,87.38781861916253,1166.0,0.22100002,-0.031,0.22316363,0,0,0,1114.5776654605004,117.69011843541524,0.5257731958762887,0.920284135753749,1.0,0.20979658287114766,0.7100269062082989,0.6179000510422938,1.0,0.6179000510422938
GRID_1000,INDIAN_MARINE,7.75,89.5,452.9506423328067,25.163924574044817,201.31139659235853,3596.0,-0.11800001,0.055,0.13018833,0,0,0,1147.9237475223,16.225517456078386,0.062346588119784,1.0,1.0,0.6163248489727443,0.8721082829909147,0.46722743555534935,1.0,0.46722743555534935
GRID_1001,INDIAN_MARINE,19.25,73.25,67.14400396129668,3.73022244229426,29.84177953835408,0.0,,,,0,0,0,30.145855621168742,54.09186399521496,0.7594501718213058,0.0,1.0,,0.5,0.6297250859106529,0.8,0.5037800687285223
GRID_1002,INDIAN_MARINE,8.75,81.5,238.72507978499092,13.262504432499496,106.10003545999598,2616.0,,,,0,0,0,256.093361516767,213.8203394523604,0.44918998527245946,1.0,1.0,,1.0,0.7245949926362297,0.8,0.5796759941089838
GRID_1003,INDIAN_MARINE,16.75,91.25,423.9378279363452,23.552101552019177,188.41681241615345,2314.0,0.12550001,0.116500005,0.17123815,0,0,0,619.3782412326091,59.753622822158015,0.10702012763868429,1.0,1.0,0.4368372630398928,0.8122790876799642,0.4596496076593242,1.0,0.4596496076593242
GRID_1004,INDIAN_MARINE,11.25,79.25,97.2374350959245,5.402079727551361,43.21663782041089,0.0,,,,0,0,0,60.72548411436824,67.02332831532968,0.695139911634757,0.0,1.0,,0.5,0.5975699558173785,0.8,0.4780559646539028
GRID_1005,INDIAN_MARINE,18.0,82.5,237.52723638543284,13.19595757696849,105.56766061574793,0.0,,,,0,0,0,316.4384959642526,91.79869349149617,0.4516445753559155,0.0,1.0,,0.5,0.47582228767795776,0.8,0.3806578301423662
GRID_1006,INDIAN_MARINE,8.0,95.5,417.9655607322843,23.22030892957135,185.7624714365708,1930.0,0.07700001,-0.0064999983,0.07727387,0,0,0,1663.3161806724142,19.1692965369571,0.12174766813942073,1.0,1.0,0.8476897778893736,0.9492299259631245,0.5354887970512726,1.0,0.5354887970512726
GRID_1007,INDIAN_MARINE,11.5,85.25,491.72757578913047,27.318198654951694,218.54558923961355,3397.0,-0.08850001,-0.030000003,0.093446516,0,0,0,580.4674177642821,172.08065673770508,0.009327442317133006,1.0,1.0,0.7769759674832236,0.9256586558277411,0.46749304907243705,1.0,0.46749304907243705
GRID_1008,INDIAN_MARINE,12.0,94.75,190.66349386375344,10.59241632576408,84.73933060611265,1307.0,-0.063,-0.064500004,0.09016235,0,0,0,1203.455486741323,79.01710163499162,0.5365733922434953,1.0,1.0,0.7913357631447575,0.9304452543815858,0.7335093233125405,1.0,0.7335093233125405
GRID_1009,INDIAN_MARINE,21.25,72.25,150.61690359395277,8.367605755219598,66.94084604175679,19.0,0.666,-0.3,0.73044914,0,0,0,174.71237526525482,130.62666304614504,0.604810996563574,0.01499605367008682,1.0,0.0,0.3383320178900289,0.4715715072268014,1.0,0.4715715072268014
GRID_1010,INDIAN_MARINE,13.75,85.5,433.4817080989756,24.08231711660976,192.6585369328781,3107.0,-0.0335,0.023000002,0.04063558,0,0,0,592.7882640231878,95.06467066307182,0.09081983308787434,1.0,1.0,1.0,1.0,0.5454099165439372,1.0,0.5454099165439372
GRID_1011,INDIAN_MARINE,19.5,80.0,407.7732947278184,22.654071929323244,181.23257543458595,0.0,,,,0,0,0,391.45394814214256,418.38453373798274,0.13942071674030432,0.0,1.0,,0.5,0.31971035837015216,0.8,0.2557682866961217
GRID_1012,INDIAN_MARINE,14.5,88.75,443.3564735472472,24.63091519706929,197.0473215765543,2896.0,0.19900002,-0.026500002,0.20075671,0,0,0,700.6560646954503,85.39756108966748,0.07412862052037306,1.0,1.0,0.30776933839091675,0.7692564461303055,0.4216925333253393,1.0,0.4216925333253393
GRID_1013,INDIAN_MARINE,11.75,89.5,320.20585422968395,17.789214123871332,142.31371299097066,3153.0,0.16,0.05,0.16763054,0,0,0,1010.9032823849128,77.61786493452388,0.29700540009818366,1.0,1.0,0.4526112959074478,0.8175370986358159,0.5572712493669998,1.0,0.5572712493669998
GRID_1014,INDIAN_MARINE,11.75,90.75,196.8861465670361,10.938119253724228,87.50495402979382,3209.0,0.09900001,0.0195,0.100902185,0,0,0,1084.9983984885318,162.19208171818488,0.5252822778595975,1.0,1.0,0.7443765546155326,0.9147921848718441,0.7200372313657208,1.0,0.7200372313657208
GRID_1015,INDIAN_MARINE,14.25,69.5,333.5376076513828,18.52986709174349,148.23893673394792,4008.0,-0.007000001,0.028500002,0.029347064,0,0,0,524.9106320716727,43.44647180488848,0.26558664702994594,1.0,1.0,1.0,1.0,0.632793323514973,1.0,0.632793323514973
GRID_1016,INDIAN_MARINE,12.25,81.0,35.4807929719059,1.9711551651058832,15.769241320847064,3324.0,0.106000006,0.28250003,0.30173212,0,0,0,111.90072855561117,96.83024660527695,0.8851251840942562,1.0,1.0,0.0,0.6666666666666666,0.7758959253804614,1.0,0.7758959253804614
GRID_1017,INDIAN_MARINE,19.75,82.25,421.4367239862687,23.41315133257048,187.30521066056383,0.0,,,,0,0,0,258.7089896320666,263.8719608850312,0.11389297987236136,0.0,1.0,,0.5,0.3069464899361807,0.8,0.24555719194894454
GRID_1018,INDIAN_MARINE,9.0,95.5,348.2281922612332,19.34601068117962,154.76808544943697,2532.0,0.086500004,-0.078999996,0.117146276,0,0,0,1552.57066722295,13.343473658099008,0.23907707412862056,1.0,1.0,0.6733503557366202,0.8911167852455399,0.5650969296870803,1.0,0.5650969296870803
GRID_1019,INDIAN_MARINE,16.25,68.25,442.810225657406,24.600568092078117,196.8045447366249,3486.0,-0.120500006,0.0935,0.1525205,0,0,0,614.2598055114244,175.73017906695728,0.07560137457044669,1.0,1.0,0.5186789328166674,0.8395596442722224,0.45758050942133455,1.0,0.45758050942133455
GRID_1020,INDIAN_MARINE,9.0,80.25,186.4407744930241,10.357820805168004,82.86256644134404,0.0,,,,0,0,0,114.1384867161088,80.54486823025329,0.5463917525773196,0.0,1.0,,0.5,0.5231958762886598,0.8,0.4185567010309279
GRID_1021,INDIAN_MARINE,5.5,71.5,380.045367329425,21.11363151830139,168.9090521464111,3852.0,-0.16000001,0.0225,0.16157429,0,0,0,716.2375727516948,124.40826371611836,0.18949435444280804,1.0,1.0,0.47909184301595714,0.8263639476719857,0.5079291510573969,1.0,0.5079291510573969
GRID_1022,INDIAN_MARINE,12.0,71.25,62.93615033471353,3.496452796372974,27.97162237098379,2075.0,0.1715,-0.023000002,0.1730354,0,0,0,441.8749843549198,52.73288091781948,0.7761413843888071,1.0,1.0,0.4289789079041622,0.809659635968054,0.7929005101784306,1.0,0.7929005101784306
GRID_1023,INDIAN_MARINE,8.5,94.5,303.04649881951644,16.835916601084246,134.68733280867397,2313.0,0.054500002,-0.1395,0.14976816,0,0,0,1591.8400467031656,126.79838906409891,0.3259695630829651,1.0,1.0,0.5307133549472984,0.8435711183157661,0.5847703406993656,1.0,0.5847703406993656
GRID_1024,INDIAN_MARINE,8.0,73.0,57.29400025666509,3.183000014259172,25.46400011407337,2014.0,-0.16300002,0.24200001,0.2917756,0,0,0,453.45063360964286,31.06919877514365,0.7889052528227786,1.0,1.0,0.0,0.6666666666666666,0.7277859597447226,1.0,0.7277859597447226
GRID_1025,INDIAN_MARINE,20.25,68.5,392.20328387144417,21.789071326191344,174.31257060953075,3057.0,0.028500002,0.054000005,0.061059404,0,0,0,323.90431754799624,194.94692637687345,0.16347569955817376,1.0,1.0,0.918586443441873,0.9728621478139576,0.5681689236860656,1.0,0.5681689236860656
GRID_1026,INDIAN_MARINE,6.0,72.5,285.581985786505,15.865665877028055,126.92532701622446,1280.0,-0.20750001,0.14250001,0.25171912,0,0,0,592.029356457445,8.510538140414504,0.3622974963181149,1.0,1.0,0.08493961723208561,0.6949798724106951,0.5286386843644051,1.0,0.5286386843644051
GRID_1027,INDIAN_MARINE,20.5,73.5,120.98995104598367,6.721663946999093,53.77331157599274,0.0,,,,0,0,0,82.76283621672806,123.75666549005632,0.65586647029946,0.0,1.0,,0.5,0.5779332351497299,0.8,0.46234658811978396
GRID_1028,INDIAN_MARINE,18.75,69.25,299.6084200115544,16.644912222864132,133.15929778291306,2998.0,0.066,0.034500003,0.07447315,0,0,0,410.1027787356754,112.88944085500282,0.3357879234167894,1.0,1.0,0.8599357383265657,0.9533119127755219,0.6445499180961556,1.0,0.6445499180961556
GRID_1029,INDIAN_MARINE,11.5,95.25,242.12238279836893,13.451243488798276,107.6099479103862,2973.0,-0.164,-0.123500004,0.2053004,0,0,0,1269.712653297286,18.67625121838969,0.44329896907216493,1.0,1.0,0.2879023584790137,0.7626341194930045,0.6029665442825847,1.0,0.6029665442825847
GRID_1030,INDIAN_MARINE,15.75,95.0,381.5072524941314,21.19484736078508,169.55877888628063,0.0,,,,0,0,0,790.665361049853,36.398823825943104,0.187039764359352,0.0,1.0,,0.5,0.343519882179676,0.8,0.2748159057437408
GRID_1031,INDIAN_MARINE,7.75,90.5,387.5873974554409,21.53263319196894,172.26106553575153,2958.0,-0.091500014,0.036000002,0.09832728,0,0,0,1255.601315682995,86.56396444701043,0.17182130584192434,1.0,1.0,0.7556351541040669,0.9185450513680222,0.5451831786049732,1.0,0.5451831786049732
GRID_1032,INDIAN_MARINE,14.5,84.0,251.10765063436577,13.950425035242542,111.60340028194034,3122.0,0.036500003,0.109500006,0.11542314,0,0,0,454.8040972801708,82.08584727619241,0.4241531664212077,1.0,1.0,0.6808846523760206,0.8936282174586735,0.6588906919399407,1.0,0.6588906919399407
GRID_1033,INDIAN_MARINE,7.0,93.0,405.7279694509571,22.5404427472754,180.3235419782032,1538.0,-0.083000004,-0.136,0.15932672,0,0,0,1546.0742525626645,67.05892730345585,0.14138438880706927,1.0,1.0,0.4889191921618267,0.8296397307206089,0.4855120597638391,1.0,0.4855120597638391
GRID_1034,INDIAN_MARINE,11.5,96.5,378.0164012169965,21.000911178722028,168.00728942977622,825.0,-0.09,-0.079500005,0.120084345,0,0,0,1305.2597378180842,108.94872011988184,0.19293078055964652,0.6511444356748224,1.0,0.6605038460049296,0.7705494272265839,0.4817401038931152,1.0,0.4817401038931152
GRID_1035,INDIAN_MARINE,7.0,78.0,154.95135536992453,8.608408631662474,68.8672690532998,2193.0,-0.14400001,-0.062,0.15678011,0,0,0,141.7356065987547,45.42942162062946,0.5974472263132057,1.0,1.0,0.5000540736597836,0.8333513578865945,0.7153992920999002,1.0,0.7153992920999002
GRID_1036,INDIAN_MARINE,12.75,71.25,82.62457641642631,4.590254245357017,36.72203396285614,2050.0,-0.014500001,-0.027,0.030647187,0,0,0,416.89882783339743,79.81821219857665,0.7231222385861561,1.0,1.0,1.0,1.0,0.8615611192930781,1.0,0.8615611192930781
GRID_1037,INDIAN_MARINE,16.5,94.25,407.3750939206471,22.63194966225817,181.05559729806535,12.0,,,,0,0,1,685.2806914033722,1.7600925665174012,0.13991163475699553,0.009471191791633781,0.6666666666666666,,0.3380689292291502,0.23899028199307287,0.8,0.1911922255944583
GRID_1038,INDIAN_MARINE,5.0,78.0,352.7756815542268,19.59864897523482,156.78919180187856,2823.0,0.078,0.09300001,0.12137958,0,0,0,357.12678587888564,73.653406689425,0.23318605792832592,1.0,1.0,0.6548405178011583,0.8849468392670528,0.5590664485976893,1.0,0.5590664485976893
GRID_1039,INDIAN_MARINE,8.0,76.25,35.25285058249801,1.9584916990276675,15.667933592221338,1325.0,0.128,0.2675,0.29654723,0,0,0,118.51784220712806,134.76497835260298,0.8856161021109474,1.0,1.0,0.0,0.6666666666666666,0.776141384388807,1.0,0.776141384388807
GRID_1040,INDIAN_MARINE,17.0,77.25,383.1082359925472,21.283790888474844,170.27032710779875,0.0,,,,0,0,0,357.23238996682085,373.0656898737921,0.1826215022091311,0.0,1.0,,0.5,0.34131075110456555,0.8,0.27304860088365246
GRID_1041,INDIAN_MARINE,17.0,94.0,448.9339437534687,24.94077465297049,199.5261972237639,771.0,-0.030500002,-0.057000004,0.06464712,0,0,0,622.6871309192023,24.95140692911622,0.06774668630338732,0.6085240726124704,1.0,0.9028993957556062,0.8371411561226921,0.4524439212130397,1.0,0.4524439212130397
GRID_1042,INDIAN_MARINE,5.5,74.5,349.4744995416963,19.41524997453868,155.32199979630946,2693.0,-0.1835,0.291,0.34402508,0,0,0,438.7961924717778,94.81795010128398,0.23760432007854693,1.0,1.0,0.0,0.6666666666666666,0.4521354933726068,1.0,0.4521354933726068
GRID_1043,INDIAN_MARINE,15.0,71.5,175.94882443929356,9.774934691071865,78.19947752857492,2064.0,-0.014000001,-0.083500005,0.08466552,0,0,0,291.08587618260503,162.3959775269699,0.5625920471281296,1.0,1.0,0.8153702838072909,0.9384567612690969,0.7505244041986132,1.0,0.7505244041986132
GRID_1044,INDIAN_MARINE,11.5,71.5,34.6132355912514,1.9229575328473,15.3836602627784,1737.0,0.1885,0.009500001,0.18873924,0,0,0,442.2494532769355,40.24029154519248,0.8905252822778595,1.0,1.0,0.3603149203038329,0.7867716401012776,0.8386484611895686,1.0,0.8386484611895686
GRID_1045,INDIAN_MARINE,13.25,73.0,56.87210663646705,3.1595614798037253,25.2764918384298,1895.0,-0.045500003,0.07300001,0.0860189,0,0,0,215.22880613750505,154.0548578161659,0.7908689248895434,1.0,1.0,0.809452720489113,0.9364842401630376,0.8636765825262904,1.0,0.8636765825262904
GRID_1046,INDIAN_MARINE,21.75,74.0,255.2490778193567,14.180504323297594,113.44403458638077,0.0,,,,0,0,0,74.65637541325063,273.1981488316159,0.4162984781541482,0.0,1.0,,0.5,0.4581492390770741,0.8,0.36651939126165933
GRID_1047,INDIAN_MARINE,15.75,85.25,345.1960507116192,19.177558372867733,153.42046698294186,2906.0,-0.043000005,0.019500002,0.04721494,0,0,0,419.0381998608716,78.73524224038552,0.2459499263622975,1.0,1.0,0.979120434136455,0.9930401447121516,0.6194950355372246,1.0,0.6194950355372246
GRID_1048,INDIAN_MARINE,14.5,74.0,16.0057811695937,0.8892100649774277,7.113680519819422,48.0,0.053500004,-0.0040000007,0.05364933,0,0,0,85.10629088530729,25.0859453298223,0.9788905252822778,0.037884767166535126,1.0,0.950986495228794,0.6629570874651096,0.8209238063736937,1.0,0.8209238063736937
GRID_1049,INDIAN_MARINE,8.25,70.75,267.9111504909428,14.88395280505238,119.07162244041903,4084.0,0.1525,0.041,0.15791532,0,0,0,689.2663567707082,25.778465409905845,0.39518900343642616,1.0,1.0,0.4950904440402912,0.831696814680097,0.6134429090582616,1.0,0.6134429090582616
GRID_1050,INDIAN_MARINE,8.25,81.25,279.9648401451292,15.553602230284952,124.4288178422796,0.0,,,,0,0,0,248.1783166793136,209.18459346612352,0.3706431026018655,0.0,1.0,,0.5,0.43532155130093275,0.8,0.34825724104074623
GRID_1051,INDIAN_MARINE,17.0,84.0,249.1361915793831,13.84089953218795,110.7271962575036,2763.0,0.16600001,0.08500001,0.18649666,0,0,0,293.5522981425695,108.75686328356332,0.429553264604811,1.0,1.0,0.3701204510092366,0.7900401503364122,0.6097967074706117,1.0,0.6097967074706117
GRID_1052,INDIAN_MARINE,5.5,76.75,266.3944131773408,14.79968962096338,118.39751696770703,2554.0,-0.066,0.12250001,0.13914831,0,0,0,306.1986389207866,30.03414990838841,0.3981345115365734,1.0,1.0,0.5771479371079266,0.8590493123693088,0.6285919119529411,1.0,0.6285919119529411
GRID_1053,INDIAN_MARINE,14.25,83.25,206.0027113064471,11.444595072580396,91.55676058064316,3239.0,0.079,-0.1365,0.15771256,0,0,0,366.74688376624505,100.81235271462148,0.5095729013254786,1.0,1.0,0.4959769985470769,0.8319923328490255,0.6707826170872521,1.0,0.6707826170872521
GRID_1054,INDIAN_MARINE,13.5,70.25,218.31354798788604,12.128530443771446,97.02824355017157,3446.0,-0.075500004,-0.047000002,0.088933975,0,0,0,473.1755095367531,161.6800628323549,0.48453608247422686,1.0,1.0,0.7967067504808838,0.9322355834936279,0.7083858329839274,1.0,0.7083858329839274
GRID_1055,INDIAN_MARINE,17.75,82.5,210.85834421613205,11.71435245645178,93.71481965161423,0.0,,,,0,0,0,331.8430592371791,73.02585075085064,0.49828178694158076,0.0,1.0,,0.5,0.4991408934707904,0.8,0.3993127147766323
GRID_1056,INDIAN_MARINE,12.25,89.5,342.5851055129771,19.032505861832064,152.2600468946565,3077.0,0.11750001,0.037,0.12318788,0,0,0,961.9757251347024,69.37214074852388,0.2498772704958272,1.0,1.0,0.6469338472812296,0.8823112824270765,0.5660942764614518,1.0,0.5660942764614518
GRID_1057,INDIAN_MARINE,15.75,82.0,5.512721485125489,0.3062623047291938,2.450098437833551,1500.0,0.5325,0.015000004,0.53271127,0,0,0,375.5600468027876,70.97177895408238,0.9950908198330879,1.0,1.0,0.0,0.6666666666666666,0.8308787432498772,1.0,0.8308787432498772
GRID_1058,INDIAN_MARINE,14.0,76.25,234.466116082862,13.025895337936776,104.20716270349422,0.0,,,,0,0,0,128.51764045801673,190.93649464143937,0.4550810014727541,0.0,1.0,,0.5,0.47754050073637705,0.8,0.38203240058910165
GRID_1059,INDIAN_MARINE,21.25,70.0,281.8872411344182,15.660402285245455,125.28321828196366,0.0,,,,0,0,0,150.61515398612863,113.24014702275538,0.36769759450171824,0.0,1.0,,0.5,0.4338487972508591,0.8,0.34707903780068733
GRID_1060,INDIAN_MARINE,13.75,90.75,213.72514037158857,11.873618909532698,94.9889512762616,2886.0,-0.053500004,-0.042500004,0.06832643,0,0,0,900.0578024597261,153.09232589426833,0.49239077074128623,1.0,1.0,0.8868118594448843,0.9622706198149613,0.7273306952781238,1.0,0.7273306952781238
GRID_1061,INDIAN_MARINE,11.5,79.25,89.81083340124027,4.989490744513349,39.91592595610679,0.0,,,,0,0,0,58.20530870637587,62.481206721718486,0.7083946980854197,0.0,1.0,,0.5,0.6041973490427098,0.8,0.4833578792341679
GRID_1062,INDIAN_MARINE,10.5,75.75,17.65137991833576,0.98063221768532,7.845057741482559,38.0,0.071,-0.1375,0.15474899,0,0,0,94.68708684677291,29.50962074717425,0.9734904270986745,0.02999210734017364,1.0,0.5089350096916573,0.5129757056772769,0.7432330663879757,1.0,0.7432330663879757
GRID_1063,INDIAN_MARINE,10.25,88.75,388.8645242967572,21.60358468315318,172.82867746522544,3361.0,0.0060000047,0.19750002,0.19759114,0,0,0,994.529426741948,16.671487121479807,0.16838487972508587,1.0,1.0,0.32161058099323403,0.7738701936644113,0.4711275366947486,1.0,0.4711275366947486
GRID_1064,INDIAN_MARINE,9.25,88.0,497.3462995572283,27.63034997540157,221.04279980321255,3509.0,0.171,0.0775,0.18774252,0,0,0,944.300558038024,130.57868251335947,0.0034364261168384758,1.0,1.0,0.3646730116828205,0.7882243372276068,0.3958303816722226,1.0,0.3958303816722226
GRID_1065,INDIAN_MARINE,12.75,68.0,413.9646917541932,22.99803843078851,183.9843074463081,4203.0,-0.0505,0.0375,0.06290072,0,0,0,736.9574730744841,44.50477052857036,0.12665684830633284,1.0,1.0,0.9105354126753669,0.9701784708917889,0.5484176595990609,1.0,0.5484176595990609
GRID_1066,INDIAN_MARINE,20.0,73.5,102.02632709976596,5.668129283320331,45.34503426656265,0.0,,,,0,0,0,62.35903256560653,97.83741595720744,0.6887579774177712,0.0,1.0,,0.5,0.5943789887088856,0.8,0.4755031909671085
GRID_1067,INDIAN_MARINE,14.75,79.0,146.51269542193336,8.13959419010741,65.11675352085928,0.0,,,,0,0,0,245.5091031442645,133.57540945726677,0.6121747668139421,0.0,1.0,,0.5,0.5560873834069711,0.8,0.44486990672557686
GRID_1068,INDIAN_MARINE,11.25,77.5,205.1817498971431,11.39898610539684,91.19188884317472,0.0,,,,0,0,0,16.101240339607305,183.0422639364132,0.5125184094256259,0.0,1.0,,0.5,0.5062592047128129,0.8,0.4050073637702504
GRID_1069,INDIAN_MARINE,9.25,73.25,85.9628947675833,4.77571637597685,38.2057310078148,2208.0,0.0425,0.103,0.11142374,0,0,0,400.21181424191735,14.182104369792182,0.7152675503190967,1.0,1.0,0.6983717607526186,0.8994572535842061,0.8073624019516514,1.0,0.8073624019516514
GRID_1070,INDIAN_MARINE,8.0,81.25,306.6144851092552,17.03413806162529,136.2731044930023,0.0,,,,0,0,0,261.81685043610025,220.54847498263,0.3215513009327442,0.0,1.0,,0.5,0.4107756504663721,0.8,0.3286205203730977
GRID_1071,INDIAN_MARINE,10.5,93.0,27.57977325139984,1.5322096250777688,12.25767700062215,1189.0,0.028,-0.008500002,0.029261751,0,0,0,1345.3796241515367,65.52717271243996,0.9273441335297006,0.9384372533543804,1.0,1.0,0.97947908445146,0.9534116089905803,1.0,0.9534116089905803
GRID_1072,INDIAN_MARINE,21.5,71.75,188.55400747105412,10.475222637280789,83.8017810982463,0.0,,,,0,0,0,207.76702602296584,132.57410405772973,0.5400098183603339,0.0,1.0,,0.5,0.520004909180167,0.8,0.4160039273441336
GRID_1073,INDIAN_MARINE,15.75,73.25,2.940280302850353,0.1633489057139085,1.306791245711268,59.0,0.0225,-0.090500005,0.093255036,0,0,0,90.18050545036796,27.76647430185859,0.997545409916544,0.04656669297553275,1.0,0.7778132009462307,0.6081266313072545,0.8028360206118992,1.0,0.8028360206118992
GRID_1074,INDIAN_MARINE,16.0,70.0,286.1165740323305,15.89536522401836,127.16292179214688,3699.0,0.079500005,-0.124000005,0.14729647,0,0,0,428.4765717238126,12.346058861985966,0.35886107020127633,1.0,1.0,0.54152065376796,0.8471735512559866,0.6030173107286314,1.0,0.6030173107286314
GRID_1075,INDIAN_MARINE,16.5,93.75,388.0112327315534,21.55617959619741,172.44943676957928,1046.0,-0.1515,-0.1225,0.19482942,0,0,0,675.4483731030227,52.44711042605079,0.1703485517918507,0.8255722178374112,1.0,0.33368601654502145,0.7197527447941442,0.44505064829299745,1.0,0.44505064829299745
GRID_1076,INDIAN_MARINE,20.0,77.25,491.4078466201752,27.300435923343063,218.40348738674453,0.0,,,,0,0,0,81.36828896217007,507.084273640149,0.009818360333824216,0.0,1.0,,0.5,0.2549091801669121,0.8,0.2039273441335297
GRID_1077,INDIAN_MARINE,13.0,85.5,480.2922858691124,26.682904770506244,213.46323816404995,3200.0,-0.10250001,0.0195,0.10433839,0,0,0,585.2619415523919,156.8130217055069,0.02405498281786944,1.0,1.0,0.7293519786193311,0.9097839928731103,0.46691948784548987,1.0,0.46691948784548987
GRID_1078,INDIAN_MARINE,18.75,68.25,401.59966309584206,22.311092394213446,178.48873915370757,3357.0,0.061500005,-0.111,0.12689859,0,0,0,492.3758347989732,49.69861133674871,0.147766323024055,1.0,1.0,0.6307090165755922,0.8769030055251974,0.5123346642746263,1.0,0.5123346642746263
GRID_1079,INDIAN_MARINE,9.5,94.75,248.87536760589435,13.826409311438574,110.6112744915086,1673.0,-0.0034999996,-0.20200002,0.20203035,0,0,0,1483.437902841153,90.8451313871888,0.43004418262150224,1.0,1.0,0.3022004328768971,0.767400144292299,0.5987221634569007,1.0,0.5987221634569007
GRID_1080,INDIAN_MARINE,10.0,75.0,93.6534906097275,5.202971700540417,41.62377360432333,2198.0,-0.017,0.026000002,0.03106445,0,0,0,194.6298980279305,127.5910978514305,0.7010309278350515,1.0,1.0,1.0,1.0,0.8505154639175257,1.0,0.8505154639175257
GRID_1081,INDIAN_MARINE,14.25,77.0,312.332421008002,17.35180116711122,138.81440933688975,0.0,,,,0,0,0,211.12857484076707,279.180981944323,0.3122238586156112,0.0,1.0,,0.5,0.4061119293078056,0.8,0.3248895434462445
GRID_1082,INDIAN_MARINE,15.75,75.5,224.40278903255947,12.46682161291997,99.73457290335976,0.0,,,,0,0,0,165.46940278389368,192.3566616444048,0.4732449680903289,0.0,1.0,,0.5,0.48662248404516445,0.8,0.38929798723613157
GRID_1083,INDIAN_MARINE,19.5,77.25,486.43892539027513,27.02438474390417,216.1950779512334,0.0,,,,0,0,0,98.39667675021732,500.1212901511361,0.01718213058419249,0.0,1.0,,0.5,0.25859106529209624,0.8,0.20687285223367702
GRID_1084,INDIAN_MARINE,20.0,71.0,131.10874402671183,7.283819112595101,58.27055290076081,71.0,0.056500003,-0.093,0.10881751,0,0,0,239.34214362082528,64.48844020575388,0.6372115856651939,0.056037884767166535,1.0,0.7097673267035967,0.588601737156921,0.6129066614110574,1.0,0.6129066614110574
GRID_1085,INDIAN_MARINE,10.0,71.25,133.15066055039586,7.397258919466436,59.17807135573149,3474.0,-0.18800001,0.0785,0.20373084,0,0,0,531.472139389456,107.70117528672438,0.6323024054982818,1.0,1.0,0.2947651543542883,0.7649217181180961,0.6986120618081889,1.0,0.6986120618081889
GRID_1086,INDIAN_MARINE,11.5,69.75,219.7494430887301,12.208302393818338,97.6664191505467,4389.0,-0.0545,0.081,0.097628124,0,0,0,618.0290213312038,152.64830025736606,0.4815905743740795,1.0,1.0,0.758692166842015,0.919564055614005,0.7005773149940422,1.0,0.7005773149940422
GRID_1087,INDIAN_MARINE,14.0,70.25,257.698831889267,14.316601771625946,114.53281417300757,3395.0,-0.042000003,-0.048,0.063780874,0,0,0,451.9857357515565,125.2075173780227,0.41237113402061853,1.0,1.0,0.9066869983166891,0.968895666105563,0.6906334000630907,1.0,0.6906334000630907
GRID_1088,INDIAN_MARINE,10.0,97.0,464.9099437971918,25.828330210955095,206.6266416876408,289.0,-0.058000006,-0.0635,0.086001456,0,0,0,1484.1053520222904,32.12160762412542,0.044182621502209085,0.2280978689818469,1.0,0.8095289932096514,0.6792089540638327,0.3616957877830209,1.0,0.3616957877830209
GRID_1089,INDIAN_MARINE,22.0,68.5,455.7448366440831,25.319157591337948,202.5532607307036,68.0,0.053000003,-0.069000006,0.08700576,0,0,0,190.05954220138148,60.90403695277889,0.05645557191948947,0.05367008681925809,1.0,0.8051377412991022,0.6196026093727868,0.3380290906461381,1.0,0.3380290906461381
GRID_1090,INDIAN_MARINE,14.5,94.25,227.39898340230448,12.633276855683585,101.06621484546866,106.0,0.22950003,-0.12900001,0.26327032,0,0,0,912.2481083713328,80.36246312579512,0.4678448699067256,0.08366219415943173,1.0,0.034432769635005994,0.37269832126481256,0.4202715955857691,1.0,0.4202715955857691
GRID_1091,INDIAN_MARINE,8.0,90.75,349.86805820947825,19.43711434497101,155.49691475976812,3196.0,-0.0064999983,-0.0030000005,0.007158909,0,0,0,1276.23581299039,123.18818558244102,0.2366224840451645,1.0,1.0,1.0,1.0,0.6183112420225823,1.0,0.6183112420225823
GRID_1092,INDIAN_MARINE,19.75,71.0,128.12972907330283,7.118318281850157,56.946546254801255,68.0,0.071,-0.034,0.07872103,0,0,0,227.65091538681,90.97956083270203,0.6455571919489445,0.05367008681925809,1.0,0.841362167808292,0.6316774182091833,0.6386173050790639,1.0,0.6386173050790639
GRID_1093,INDIAN_MARINE,7.0,74.5,217.81596384062897,12.100886880034942,96.80709504027952,2770.0,-0.14050001,0.133,0.19346641,0,0,0,343.3566891702665,89.88585882546718,0.48502700049091807,1.0,1.0,0.33964568639259535,0.7798818954641984,0.6324544479775582,1.0,0.6324544479775582
GRID_1094,INDIAN_MARINE,10.75,89.25,329.43457110983286,18.301920617212936,146.4153649377035,3281.0,-0.06400001,0.162,0.17418382,0,0,0,1032.6720614353922,46.85685553644349,0.272459499263623,1.0,1.0,0.42395751844528023,0.8079858394817601,0.5402226693726915,1.0,0.5402226693726915
GRID_1095,INDIAN_MARINE,9.0,89.5,361.7067984551251,20.09482213639584,160.75857709116673,3343.0,0.08850001,0.008499999,0.088907264,0,0,0,1112.9830291953824,23.11876637442148,0.21796759941089838,1.0,1.0,0.7968235425376542,0.932274514179218,0.5751210567950582,1.0,0.5751210567950582
GRID_1096,INDIAN_MARINE,16.25,90.0,442.7479774592636,24.59710985884798,196.77687887078383,2507.0,0.16,0.19800001,0.2545663,0,0,0,630.2437070979042,43.08584413858694,0.07658321060382911,1.0,1.0,0.07249051355961404,0.690830171186538,0.38370669089518356,1.0,0.38370669089518356
GRID_1097,INDIAN_MARINE,8.25,90.75,325.707208343514,18.094844907973,144.758759263784,3451.0,0.042000003,-0.0075000003,0.04266439,0,0,0,1269.5210899919673,133.77486938464935,0.2803141875306824,1.0,1.0,0.9990174089384575,0.9996724696461524,0.6399933285884174,1.0,0.6399933285884174
GRID_1098,INDIAN_MARINE,12.75,95.75,317.4860136329846,17.638111868499145,141.10489494799316,2414.0,0.15450001,-0.20700002,0.25830072,0,0,0,1144.8073013387434,12.251792869623875,0.30093274423171334,1.0,1.0,0.05616201246851664,0.6853873374895055,0.49316004086060944,1.0,0.49316004086060944
GRID_1099,INDIAN_MARINE,11.25,70.75,119.94380755891189,6.663544864383994,53.30835891507195,3588.0,0.06700001,0.0745,0.10019606,0,0,0,528.892330865373,128.42271399576438,0.658321060382916,1.0,1.0,0.7474640388387724,0.9158213462795908,0.7870712033312535,1.0,0.7870712033312535
GRID_1100,INDIAN_MARINE,19.0,79.25,394.13411396124906,21.896339664513835,175.17071731611068,0.0,,,,0,0,0,324.79393429515846,412.7276830728695,0.1605301914580265,0.0,1.0,,0.5,0.33026509572901325,0.8,0.2642120765832106
GRID_1101,INDIAN_MARINE,12.5,83.0,232.5163861862653,12.917577010348072,103.34061608278458,3399.0,0.0685,-0.06050001,0.09139202,0,0,0,310.6781144528442,73.63360207498972,0.4590083456062838,1.0,1.0,0.785959113507949,0.928653037835983,0.6938306917211334,1.0,0.6938306917211334
GRID_1102,INDIAN_MARINE,18.5,83.25,317.5122555422202,17.639569752345565,141.11655801876452,0.0,,,,0,0,0,215.12400794737752,79.45020554849602,0.30044182621502213,0.0,1.0,,0.5,0.40022091310751107,0.8,0.32017673048600886
GRID_1103,INDIAN_MARINE,19.5,72.25,14.79244857795385,0.821802698775214,6.574421590201712,28.0,0.0050000004,-0.048000004,0.048259716,0,0,0,88.52154495191395,50.28977194887141,0.9833087874324987,0.022099447513812154,1.0,0.9745522211191852,0.6655505562109991,0.824429671821749,1.0,0.824429671821749
GRID_1104,INDIAN_MARINE,17.5,84.5,323.6416994265164,17.980094412584243,143.84075530067395,2609.0,0.05700001,0.317,0.32208383,0,0,0,220.932469714926,99.50795578298134,0.2857142857142857,1.0,1.0,0.0,0.6666666666666666,0.47619047619047616,1.0,0.47619047619047616
GRID_1105,INDIAN_MARINE,8.25,95.5,398.7879821303629,22.154887896131275,177.2391031690502,2271.0,0.16250001,-0.041500002,0.16771553,0,0,0,1635.633435026495,16.913050496341192,0.15316642120765833,1.0,1.0,0.4522396828302544,0.8174132276100847,0.48528982440887153,1.0,0.48528982440887153
GRID_1106,INDIAN_MARINE,17.0,85.0,343.4761126890093,19.08200626050052,152.65605008400414,2763.0,0.1385,0.3125,0.34181648,0,0,0,272.8793327335478,179.90606713311567,0.24889543446244478,1.0,1.0,0.0,0.6666666666666666,0.4577810505645557,1.0,0.4577810505645557
GRID_1107,INDIAN_MARINE,19.25,68.75,366.675465693246,20.37085920518033,162.96687364144267,3145.0,-0.0069999993,-0.097,0.09725225,0,0,0,416.2823933764949,130.53707959219307,0.2096219931271478,1.0,1.0,0.7603356507080813,0.9201118835693604,0.5648669383482541,1.0,0.5648669383482541
GRID_1108,INDIAN_MARINE,5.0,73.5,387.4078049003228,21.52265582779571,172.18124662236568,1275.0,-0.2115,0.284,0.35410205,0,0,0,559.3271631067194,20.48331526658333,0.17280314187530688,1.0,1.0,0.0,0.6666666666666666,0.41973490427098675,1.0,0.41973490427098675
GRID_1109,INDIAN_MARINE,16.0,89.25,479.078429526228,26.615468307012662,212.92374645610133,2621.0,0.18650001,0.1805,0.25954288,0,0,0,595.3982377318273,106.96306171723704,0.026018654884634285,1.0,1.0,0.050730751144049215,0.6835769170480164,0.35479778596632533,1.0,0.35479778596632533
GRID_1110,INDIAN_MARINE,7.5,90.0,440.5800126184841,24.47666736769356,195.8133389415485,2753.0,-0.18650001,0.087500006,0.20600608,0,0,0,1209.1008494701723,24.29516445029249,0.08051055473735891,1.0,1.0,0.2848168199884406,0.7616056066628135,0.4210580807000862,1.0,0.4210580807000862
GRID_1111,INDIAN_MARINE,9.0,74.25,129.04978972169994,7.169432762316664,57.35546209853331,2739.0,0.031000003,-0.060500003,0.06797978,0,0,0,291.20363877281665,100.41090713775716,0.642120765832106,1.0,1.0,0.8883275633301541,0.9627758544433846,0.8024483101377453,1.0,0.8024483101377453
GRID_1112,INDIAN_MARINE,9.5,79.0,208.92091741679045,11.606717634266136,92.85374107412908,6.0,,,,0,0,0,31.34289920726402,36.154098916822726,0.5027000490918017,0.004735595895816891,1.0,,0.5023677979479084,0.502533923519855,0.8,0.40202713881588403
GRID_1113,INDIAN_MARINE,18.25,81.25,244.2975311076512,13.572085061536178,108.57668049228944,0.0,,,,0,0,0,433.36634624571815,217.28524928474351,0.43888070692194403,0.0,1.0,,0.5,0.469440353460972,0.8,0.3755522827687776
GRID_1114,INDIAN_MARINE,9.0,73.0,61.97912964051128,3.4432849800284044,27.54627984022724,1791.0,-0.0425,0.22250001,0.22652264,0,0,0,429.57152276928537,31.840610516426505,0.780559646539028,1.0,1.0,0.19510953683722337,0.7317031789457411,0.7561314127423846,1.0,0.7561314127423846
GRID_1115,INDIAN_MARINE,19.25,85.0,489.6388745531116,27.20215969739509,217.6172775791607,26.0,,,,0,0,0,9.779737354848104,16.988988788012662,0.012763868433971481,0.020520915548539857,1.0,,0.51026045777427,0.26151216310412073,0.8,0.2092097304832966
GRID_1116,INDIAN_MARINE,9.25,79.5,191.26780004318613,10.625988891288118,85.00791113030495,9.0,0.051,0.062000006,0.080280766,0,0,1,27.829872698312627,3.1294908897899085,0.5346097201767305,0.007103393843725336,0.6666666666666666,0.8345423267144074,0.5027707957415998,0.5186902579591651,1.0,0.5186902579591651
GRID_1117,INDIAN_MARINE,11.75,71.25,56.257275107296,3.125404172627556,25.003233381020447,2029.0,0.185,0.0075,0.18515196,0,0,0,453.440269735473,57.37915657295766,0.7928325969563083,1.0,1.0,0.3760000616093295,0.7920000205364431,0.7924163087463757,1.0,0.7924163087463757
GRID_1118,INDIAN_MARINE,15.25,96.0,427.4873780109595,23.74929877838664,189.9943902270931,24.0,0.0785,0.034,0.08554678,0,0,0,883.0333468212452,21.664999623174182,0.10063819342169855,0.018942383583267563,1.0,0.8115170335377603,0.6101531390403425,0.35539566623102053,1.0,0.35539566623102053
GRID_1119,INDIAN_MARINE,7.5,92.75,349.6596266991516,19.42553481661953,155.40427853295623,1599.0,0.0555,-0.11600001,0.12859336,0,0,0,1505.771994631992,69.29007757128903,0.23711340206185572,1.0,1.0,0.6232987483695095,0.8744329161231698,0.5557731590925128,1.0,0.5557731590925128
GRID_1120,INDIAN_MARINE,7.0,72.25,194.4460109878313,10.802556165990628,86.42044932792503,2024.0,-0.016500004,0.052,0.054555018,0,0,0,567.4718945821379,56.36098984788474,0.5282277859597447,1.0,1.0,0.9470264351669385,0.9823421450556461,0.7552849655076954,1.0,0.7552849655076954
GRID_1121,INDIAN_MARINE,13.0,68.5,365.6866130911581,20.315922949508785,162.52738359607028,4196.0,-0.0395,0.032500006,0.05115174,0,0,1,674.6019621098218,2.1504672484229483,0.21158566519391264,1.0,0.6666666666666666,0.961907040063096,0.8761912355765875,0.5438884503852501,1.0,0.5438884503852501
GRID_1122,INDIAN_MARINE,9.5,88.25,462.1757475793863,25.67643042107701,205.4114433686161,3467.0,0.128,0.123500004,0.17786583,0,0,0,964.4546267307836,94.31602223435948,0.04712812960235646,1.0,1.0,0.40785817656556866,0.8026193921885229,0.42487376089543966,1.0,0.42487376089543966
GRID_1123,INDIAN_MARINE,11.75,82.75,223.70072109172412,12.42781783842912,99.42254270743295,3515.0,0.12450001,-0.0029999986,0.12453614,0,0,0,308.8492293120697,46.915275254282456,0.47569955817378495,1.0,1.0,0.6410386708198023,0.8803462236066006,0.6780228908901929,1.0,0.6780228908901929
GRID_1124,INDIAN_MARINE,12.5,79.75,71.59737304715983,3.977631835953324,31.821054687626592,0.0,,,,0,0,0,12.609125458811713,40.14582416847376,0.748159057437408,0.0,1.0,,0.5,0.624079528718704,0.8,0.4992636229749632
GRID_1125,INDIAN_MARINE,11.5,72.5,18.80447371251055,1.044692984028364,8.35754387222691,1781.0,0.0805,0.099,0.127598,0,0,0,336.6927026734025,35.10755664511175,0.9690721649484536,1.0,1.0,0.6276508932396727,0.8758836310798909,0.9224778980141722,1.0,0.9224778980141722
GRID_1126,INDIAN_MARINE,14.25,84.25,288.7199993850514,16.039999965836188,128.3199997266895,3241.0,-0.040500004,0.085,0.09415546,0,0,0,470.8291243225909,42.282345788442456,0.3539518900343642,1.0,1.0,0.7738761573714721,0.9246253857904907,0.6392886379124274,1.0,0.6392886379124274
GRID_1127,INDIAN_MARINE,8.0,93.0,294.9533298196235,16.386296101090196,131.09036880872156,793.0,-0.034500003,-0.117000006,0.12198053,0,0,0,1518.3746428454058,20.78214673270504,0.3446244477172312,0.6258879242304657,1.0,0.652212904214391,0.7593669428149522,0.5519956952660917,1.0,0.5519956952660917
GRID_1128,INDIAN_MARINE,8.75,78.0,130.22901513695746,7.234945285386526,57.879562283092206,0.0,,,,0,0,0,22.619140328863253,24.01196892414501,0.6401570937653411,0.0,1.0,,0.5,0.5700785468826706,0.8,0.45606283750613646
GRID_1129,INDIAN_MARINE,12.75,90.0,289.62616186014344,16.090342325563526,128.7227386045082,3009.0,0.0195,0.058500003,0.061664417,0,0,0,944.1695531627232,101.90730715290148,0.3524791359842906,1.0,1.0,0.9159410646599929,0.9719803548866642,0.6622297454354774,1.0,0.6622297454354774
GRID_1130,INDIAN_MARINE,10.0,96.25,384.144854330153,21.34138079611961,170.7310463689569,1004.0,-0.21300001,-0.061499998,0.22170083,0,0,0,1460.722277262145,30.805337110539337,0.18016691212567504,0.7924230465666929,1.0,0.21619257780370954,0.6695385414568008,0.4248527267912379,1.0,0.4248527267912379
GRID_1131,INDIAN_MARINE,10.0,80.75,78.2328800336848,4.346271112982489,34.77016890385991,139.0,0.0705,0.2195,0.23054393,0,0,0,142.20745471026956,50.28363638516741,0.7324496809032892,0.10970797158642462,1.0,0.1775267159031506,0.4290782291631917,0.5807639550332404,1.0,0.5807639550332404
GRID_1132,INDIAN_MARINE,15.5,73.75,48.31004350224325,2.6838913056801807,21.47113044544145,13.0,0.013,-0.0665,0.06775877,0,0,0,49.50292087721108,7.477499725378408,0.8262150220913107,0.010260457774269928,1.0,0.8892939147384432,0.6331847908375711,0.7296999064644409,1.0,0.7296999064644409
GRID_1133,INDIAN_MARINE,8.25,69.5,377.4196109795031,20.96775616552795,167.7420493242236,4648.0,-0.0185,-0.068,0.07047163,0,0,0,801.5735212057544,16.80468125354951,0.19391261659302894,1.0,1.0,0.877432116261037,0.9591440387536789,0.5765283276733539,1.0,0.5765283276733539
GRID_1134,INDIAN_MARINE,13.0,93.25,68.59975003030868,3.811097223906038,30.488777791248303,633.0,,,,0,0,0,1072.698695893362,62.47734141737923,0.7560137457044673,0.4996053670086819,1.0,,0.749802683504341,0.7529082146044042,0.8,0.6023265716835233
GRID_1135,INDIAN_MARINE,19.0,75.0,252.26006934396585,14.014448296886991,112.11558637509592,0.0,,,,0,0,0,152.468855592963,245.18784783560167,0.4207167403043691,0.0,1.0,,0.5,0.46035837015218456,0.8,0.3682866961217477
GRID_1136,INDIAN_MARINE,11.5,70.0,192.68030456172417,10.704461364540231,85.63569091632185,4270.0,-0.026000002,0.092,0.095603354,0,0,0,592.1898429630647,179.57283955112334,0.5316642120765832,1.0,1.0,0.7675453379245984,0.9225151126415327,0.7270896623590579,1.0,0.7270896623590579
GRID_1137,INDIAN_MARINE,13.25,91.5,123.5188188086678,6.862156600481544,54.89725280385235,3034.0,0.057000004,0.0064999983,0.057369422,0,0,0,997.9232768249766,133.33758392964182,0.6504663721158567,1.0,1.0,0.9347206423571343,0.9782402141190447,0.8143532931174506,1.0,0.8143532931174506
GRID_1138,INDIAN_MARINE,16.25,83.75,191.20427260742977,10.622459589301654,84.97967671441323,3034.0,0.29450002,0.222,0.36880112,0,0,0,384.8576605352863,145.76296027052393,0.5351006381934217,1.0,1.0,0.0,0.6666666666666666,0.6008836524300442,1.0,0.6008836524300442
GRID_1139,INDIAN_MARINE,17.0,82.5,133.5192097604895,7.41773387558275,59.341871004662,40.0,,,,0,0,0,387.5665012311802,16.862821816727042,0.6298478154148257,0.03157063930544594,1.0,,0.515785319652723,0.5728165675337744,0.8,0.45825325402701955
GRID_1140,INDIAN_MARINE,7.75,75.25,140.86290200688578,7.825716778160321,62.60573422528257,2624.0,0.11850001,0.06750001,0.13637632,0,0,0,228.57415926268973,24.28272914690437,0.6205203730976927,1.0,1.0,0.5892682775462039,0.8630894258487346,0.7418048994732136,1.0,0.7418048994732136
GRID_1141,INDIAN_MARINE,15.5,92.5,259.03409987232004,14.390783326240005,115.12626660992002,2629.0,-0.1655,-0.07100001,0.18008679,0,0,0,786.2999061836464,120.90857326029942,0.4113892979872361,1.0,1.0,0.3981471778607406,0.7993823926202468,0.6053858453037415,1.0,0.6053858453037415
GRID_1142,INDIAN_MARINE,16.0,71.0,180.09234246885052,10.005130137158362,80.0410410972669,2664.0,0.080000006,0.0815,0.11420267,0,0,0,317.80898987025154,121.30781450035462,0.5547373588610702,1.0,1.0,0.6862210756296052,0.8954070252098684,0.7250721920354692,1.0,0.7250721920354692
GRID_1143,INDIAN_MARINE,6.5,72.5,232.60289716817337,12.922383176009632,103.37906540807704,1259.0,-0.127,0.124000005,0.1774965,0,0,0,564.7199759989574,14.087370113604845,0.4585174275895926,0.9936858721389108,1.0,0.40947304723035066,0.8010529731230871,0.6297852003563398,1.0,0.6297852003563398
GRID_1144,INDIAN_MARINE,16.25,77.25,346.99549470779823,19.27752748376657,154.22021987013255,0.0,,,,0,0,0,356.0690990170982,341.1387645291836,0.24349533627884146,0.0,1.0,,0.5,0.37174766813942073,0.8,0.29739813451153657
GRID_1145,INDIAN_MARINE,13.5,79.0,166.8747368527906,9.27081871404392,74.16654971235137,0.0,,,,0,0,0,138.536646011217,143.39747921665457,0.5787923416789396,0.0,1.0,,0.5,0.5393961708394698,0.8,0.43151693667157587
GRID_1146,INDIAN_MARINE,12.25,80.5,8.038304176644521,0.4465724542580289,3.5725796340642315,883.0,0.105000004,0.213,0.2374742,0,0,0,77.69458595718304,45.350295937353415,0.9901816396661758,0.696921862667719,1.0,0.14722457493973445,0.6147154792024845,0.8024485594343301,1.0,0.8024485594343301
GRID_1147,INDIAN_MARINE,13.0,95.5,303.7361909554276,16.87423283085709,134.9938626468567,2118.0,0.2965,-0.15600002,0.3350347,0,0,0,1109.8650995063565,10.237328059548828,0.3254786450662739,1.0,1.0,0.0,0.6666666666666666,0.49607265586647026,1.0,0.49607265586647026
GRID_1148,INDIAN_MARINE,15.5,89.0,467.4252760313896,25.96807089063276,207.74456712506205,2741.0,0.16250002,0.0625,0.17410488,0,0,0,620.9401101046998,102.02454059248836,0.04074619538537061,1.0,1.0,0.42430267830307106,0.8081008927676903,0.42442354407653043,1.0,0.42442354407653043
GRID_1149,INDIAN_MARINE,11.25,96.5,380.0764994607837,21.11536108115465,168.9228886492372,869.0,-0.042000003,-0.1115,0.119148016,0,0,0,1332.3205445722797,115.05725786507658,0.18900343642611683,0.6858721389108129,1.0,0.6645978817850846,0.7834900068986325,0.48624672166237465,1.0,0.48624672166237465
GRID_1150,INDIAN_MARINE,20.5,74.75,240.43826635469856,13.35768146414992,106.86145171319936,0.0,,,,0,0,0,87.4383358678068,247.82207601769537,0.4462444771723122,0.0,1.0,,0.5,0.4731222385861561,0.8,0.3784977908689249
GRID_1151,INDIAN_MARINE,18.0,82.75,245.64804669533785,13.647113705296547,109.17690964237238,0.0,,,,0,0,0,292.5548480783198,70.54913981212079,0.436426116838488,0.0,1.0,,0.5,0.468213058419244,0.8,0.3745704467353952
GRID_1152,INDIAN_MARINE,19.75,77.25,488.1455574589907,27.119197636610597,216.95358109288475,0.0,,,,0,0,0,85.37320068054606,503.10319775288,0.013745704467353903,0.0,1.0,,0.5,0.25687285223367695,0.8,0.20549828178694157
GRID_1153,INDIAN_MARINE,12.75,83.75,309.8461688374891,17.21367604652717,137.70940837221735,3360.0,-0.018000001,-0.033500005,0.0380296,0,0,1,390.88914957639753,3.185834528772551,0.31418753068237604,1.0,0.6666666666666666,1.0,0.8888888888888888,0.6015382097856324,1.0,0.6015382097856324
GRID_1154,INDIAN_MARINE,6.0,79.25,331.14870989702354,18.39715054983464,147.17720439867713,3184.0,0.153,0.183,0.238533,0,0,0,312.430159265896,129.88072857706032,0.26902307314678453,1.0,1.0,0.14259504292264638,0.7141983476408821,0.4916107103938333,1.0,0.4916107103938333
GRID_1155,INDIAN_MARINE,15.25,72.75,43.78268259286559,2.4323712551591994,19.458970041273595,823.0,0.0045,0.08450001,0.084619746,0,0,0,150.635026801247,104.1869773540567,0.8458517427589592,0.6495659037095501,1.0,0.8155704275535605,0.8217121104210369,0.8337819265899981,1.0,0.8337819265899981
GRID_1156,INDIAN_MARINE,16.5,95.25,462.3296043296279,25.684978018312663,205.4798241465013,0.0,,,,0,0,0,717.599891769389,112.55502904084646,0.04663721158566514,0.0,1.0,,0.5,0.27331860579283257,0.8,0.21865488463426608
GRID_1157,INDIAN_MARINE,15.0,72.25,103.72644156266564,5.762580086814758,46.10064069451806,1935.0,-0.0015000002,0.13250001,0.1325085,0,0,0,208.12119140761743,166.8601308206179,0.6867943053510064,1.0,1.0,0.6061800611940446,0.8687266870646815,0.7777604962078439,1.0,0.7777604962078439
GRID_1158,INDIAN_MARINE,5.25,78.5,347.95539946539424,19.330855525855235,154.64684420684188,3819.0,0.26700002,0.0335,0.2690934,0,0,0,344.2659403953299,101.75261952458476,0.24005891016200298,1.0,1.0,0.008971742719568488,0.6696572475731895,0.4548580788675962,1.0,0.4548580788675962
GRID_1159,INDIAN_MARINE,12.5,94.75,206.89669877136768,11.49426104285376,91.95408834283008,659.0,0.1435,-0.08850001,0.16859567,0,0,0,1147.3608365761156,85.74473759169975,0.5066273932253313,0.5201262825572218,1.0,0.44839132968563794,0.6561725374142866,0.581399965319809,1.0,0.581399965319809
GRID_1160,INDIAN_MARINE,12.75,70.0,202.01292879073915,11.222940488374398,89.78352390699519,4249.0,-0.013,-0.037,0.039217345,0,0,0,538.6006865497401,170.06227202993773,0.517427589592538,1.0,1.0,1.0,1.0,0.758713794796269,1.0,0.758713794796269
GRID_1161,INDIAN_MARINE,13.25,96.5,412.9743017394253,22.943016763301404,183.54413410641124,137.0,0.1345,0.0325,0.13837089,0,0,0,1116.988119235045,99.23199805723382,0.1291114383897889,0.10812943962115233,1.0,0.5805471539389849,0.5628921978533791,0.346001818121584,1.0,0.346001818121584
GRID_1162,INDIAN_MARINE,15.25,84.5,272.5036967800067,15.139094265555928,121.11275412444742,3043.0,0.1465,0.028500006,0.14924645,0,0,0,478.5574990240576,102.06878528782576,0.383406971035837,1.0,1.0,0.5329944969463871,0.844331498982129,0.6138692350089829,1.0,0.6138692350089829
GRID_1163,INDIAN_MARINE,19.75,81.5,410.9417114246957,22.83009507914976,182.64076063319808,0.0,,,,0,0,0,310.86872311024115,317.2338637721954,0.13500245459008342,0.0,1.0,,0.5,0.3175012272950417,0.8,0.25400098183603337
GRID_1164,INDIAN_MARINE,14.0,88.25,481.7312061217682,26.76284478454268,214.10275827634143,2976.0,0.0985,-0.1615,0.18916792,0,0,0,718.825756523774,123.66094702325732,0.020618556701030966,1.0,1.0,0.35844054574292883,0.7861468485809763,0.4033827026410036,1.0,0.4033827026410036
GRID_1165,INDIAN_MARINE,13.5,78.75,193.4195729871828,10.745531832621266,85.96425466097013,0.0,,,,0,0,0,158.57686109264822,170.67518770001578,0.5306823760432008,0.0,1.0,,0.5,0.5153411880216003,0.8,0.4122729504172803
GRID_1166,INDIAN_MARINE,19.75,79.25,465.1190742079135,25.839948567106305,206.71958853685044,0.0,,,,0,0,0,305.10439383695467,487.67652540826793,0.043200785468826663,0.0,1.0,,0.5,0.27160039273441333,0.8,0.2172803141875307
GRID_1167,INDIAN_MARINE,13.5,77.0,267.9025522511093,14.883475125061628,119.06780100049302,0.0,,,,0,0,0,127.3987339002223,252.26580044470228,0.39567992145311737,0.0,1.0,,0.5,0.4478399607265587,0.8,0.358271968581247
GRID_1168,INDIAN_MARINE,13.75,84.0,302.2924420412331,16.79402455784628,134.35219646277025,3224.0,-0.052500002,0.007000003,0.052964617,0,0,0,428.7757550812313,10.546273656556467,0.32842415316642126,1.0,1.0,0.9539803569175137,0.9846601189725045,0.6565421360694629,1.0,0.6565421360694629
GRID_1169,INDIAN_MARINE,21.25,71.25,187.7299730899417,10.429442949441205,83.43554359552964,0.0,,,,0,0,0,192.79591599065924,81.01463015833632,0.5419734904270987,0.0,1.0,,0.5,0.5209867452135494,0.8,0.41678939617083954
GRID_1170,INDIAN_MARINE,14.0,85.75,444.7989900578664,24.7110550032148,197.6884400257184,3068.0,0.001500003,-0.049000002,0.049022958,0,0,0,625.2902233517805,97.20228945492092,0.07314678448699063,1.0,1.0,0.9712149966426208,0.9904049988808735,0.5317758916839321,1.0,0.5317758916839321
GRID_1171,INDIAN_MARINE,5.5,77.75,291.74293534009144,16.207940852227303,129.66352681781842,2669.0,0.104,0.008499999,0.10434678,0,0,0,297.8496219824334,18.02318992494917,0.35100638193421696,1.0,1.0,0.7293152939068043,0.9097717646356014,0.6303890732849091,1.0,0.6303890732849091
GRID_1172,INDIAN_MARINE,18.0,76.75,424.4439390273482,23.58021883485268,188.64175067882144,0.0,,,,0,0,0,232.46208645526107,404.56958119512666,0.10603829160530187,0.0,1.0,,0.5,0.30301914580265094,0.8,0.24241531664212077
GRID_1173,INDIAN_MARINE,11.0,70.25,181.08435566025372,10.060241981125207,80.48193584900167,4203.0,0.027000003,0.118,0.121049576,0,0,0,591.3409216082714,187.53446144249423,0.5537555228276878,1.0,1.0,0.6562834381673909,0.8854278127224635,0.7195916677750757,1.0,0.7195916677750757
GRID_1174,INDIAN_MARINE,17.25,93.75,467.8794703374643,25.993303907636903,207.94643126109523,2125.0,0.09,-0.008000001,0.09035485,0,0,0,589.1414553748671,58.13446432809441,0.0402552773686794,1.0,1.0,0.790494069800132,0.9301646899333773,0.48520998365102835,1.0,0.48520998365102835
GRID_1175,INDIAN_MARINE,13.25,79.5,113.49229026829276,6.305127237127376,50.44101789701901,0.0,,,,0,0,0,82.88969642329592,92.2737821154152,0.6710849288168876,0.0,1.0,,0.5,0.5855424644084438,0.8,0.4684339715267551
GRID_1176,INDIAN_MARINE,9.0,76.75,57.63082947896464,3.2017127488313686,25.61370199065095,0.0,,,,0,0,0,24.87685723164256,74.9756856173996,0.7879234167893961,0.0,1.0,,0.5,0.643961708394698,0.8,0.5151693667157584
GRID_1177,INDIAN_MARINE,12.75,76.0,138.02944813181807,7.668302673989893,61.34642139191914,0.0,,,,0,0,0,33.83548265650892,116.46088552414253,0.6224840451644575,0.0,1.0,,0.5,0.5612420225822288,0.8,0.44899361806578303
GRID_1178,INDIAN_MARINE,10.0,93.25,87.40080421435663,4.855600234130924,38.84480187304739,3037.0,0.049500003,-0.08850001,0.10140267,0,0,0,1407.142613219975,79.59537519337363,0.7128129602356407,1.0,1.0,0.7421882175060007,0.9140627391686669,0.8134378497021537,1.0,0.8134378497021537
GRID_1179,INDIAN_MARINE,15.25,94.75,323.01253781797425,17.94514098988746,143.56112791909968,34.0,0.023000002,0.0675,0.071310945,0,0,0,838.8761158500284,27.467932168012773,0.28767795778105054,0.026835043409629045,1.0,0.8737622676919755,0.6335324370338682,0.46060519740745937,1.0,0.46060519740745937
GRID_1180,INDIAN_MARINE,13.5,74.75,90.10984240230675,5.0061023556837085,40.04881884546967,0.0,,,,0,0,0,18.807581260447925,15.155168811165815,0.7079037800687284,0.0,1.0,,0.5,0.6039518900343642,0.8,0.4831615120274914
GRID_1181,INDIAN_MARINE,10.0,89.75,288.4756566497175,16.02642536942875,128.21140295543,3347.0,-0.0915,-0.0295,0.096137926,0,0,0,1109.1861930278142,81.77204447240976,0.35493372606774665,1.0,1.0,0.76520795769279,0.9217359858975966,0.6383348559826716,1.0,0.6383348559826716
GRID_1182,INDIAN_MARINE,18.0,72.75,44.05606510483678,2.447559172490932,19.580473379927454,35.0,0.0375,0.0055,0.03790119,0,0,0,96.74233952604882,27.43066884949413,0.8409425625920471,0.027624309392265192,1.0,1.0,0.6758747697974217,0.7584086661947345,1.0,0.7584086661947345
GRID_1183,INDIAN_MARINE,19.25,76.25,381.5110615331759,21.19505897406533,169.56047179252263,0.0,,,,0,0,0,89.04727688684484,386.97859982644,0.18654884634266078,0.0,1.0,,0.5,0.3432744231713304,0.8,0.27461953853706433
GRID_1184,INDIAN_MARINE,17.5,79.0,292.5129228146402,16.250717934146678,130.00574347317342,0.0,,,,0,0,0,400.4582201686383,269.0088759493225,0.3495336278841433,0.0,1.0,,0.5,0.42476681394207166,0.8,0.33981345115365735
GRID_1185,INDIAN_MARINE,14.75,81.0,42.56826567332028,2.3649036485177937,18.91922918814235,2714.0,0.13000001,0.44250003,0.4612009,0,0,0,221.6159858652235,89.03482484874952,0.8497790868924889,1.0,1.0,0.0,0.6666666666666666,0.7582228767795778,1.0,0.7582228767795778
GRID_1186,INDIAN_MARINE,6.25,78.0,223.89131945990565,12.438406636661425,99.5072530932914,2768.0,0.022500005,-0.116000004,0.11816197,0,0,1,220.62931426799287,4.801816630230573,0.47520864015709374,1.0,0.6666666666666666,0.6689093018146667,0.7785253228271111,0.6268669814921024,1.0,0.6268669814921024
GRID_1187,INDIAN_MARINE,6.75,71.5,267.9843475791724,14.88801930995402,119.10415447963216,4012.0,-0.040000007,0.017,0.043462634,0,0,0,655.4776546530178,127.99232059830923,0.39420716740304373,1.0,1.0,0.9955271405634589,0.9985090468544863,0.696358107128765,1.0,0.696358107128765
GRID_1188,INDIAN_MARINE,13.75,77.5,323.9539679759605,17.997442665331143,143.97954132264914,0.0,,,,0,0,0,174.4094900925463,306.2331181022419,0.2847324496809033,0.0,1.0,,0.5,0.39236622484045164,0.8,0.3138929798723613
GRID_1189,INDIAN_MARINE,16.0,79.5,126.87345320543838,7.04852517807991,56.38820142463928,0.0,,,,0,0,0,357.8425259819603,98.44411353840758,0.6470299459990181,0.0,1.0,,0.5,0.573514972999509,0.8,0.45881197839960725
GRID_1190,INDIAN_MARINE,7.0,79.25,267.5206675982267,14.862259311012592,118.89807448810076,2046.0,-0.14850001,0.29250002,0.32803735,0,0,0,233.0007215781285,77.7222754763154,0.3966617574864998,1.0,1.0,0.0,0.6666666666666666,0.5316642120765832,1.0,0.5316642120765832
GRID_1191,INDIAN_MARINE,15.25,89.25,430.2451047804425,23.90250582113569,191.22004656908555,2733.0,0.17650001,0.19250001,0.2611676,0,0,0,660.83827711557,64.47890106291436,0.09572901325478644,1.0,1.0,0.04362677186675088,0.6812089239555836,0.38846896860518504,1.0,0.38846896860518504
GRID_1192,INDIAN_MARINE,7.0,91.5,426.8795419010339,23.715530105612995,189.724240844904,3715.0,-0.268,0.10650001,0.2883856,0,0,0,1385.095952543599,154.76706348143367,0.10211094747177218,1.0,1.0,0.0,0.6666666666666666,0.3843888070692194,1.0,0.3843888070692194
GRID_1193,INDIAN_MARINE,8.75,88.25,494.7772136982184,27.48762298323436,219.90098386587485,3562.0,0.14,0.060500003,0.15251312,0,0,0,986.5077869860978,118.7119301738153,0.007363770250368162,1.0,1.0,0.5187112013719055,0.8395704004573018,0.423467085353835,1.0,0.423467085353835
GRID_1194,INDIAN_MARINE,8.0,78.5,158.58016301915794,8.810009056619885,70.48007245295908,1263.0,-0.089,-0.064500004,0.10991474,0,0,0,96.29393344125428,38.1907613806387,0.5900834560628375,0.9968429360694554,1.0,0.7049697620878905,0.9006042327191153,0.7453438443909763,1.0,0.7453438443909763
GRID_1195,INDIAN_MARINE,15.75,77.5,306.3040183545381,17.016889908585448,136.13511926868358,0.0,,,,0,0,0,363.8299395037272,303.3799993846691,0.3225331369661266,0.0,1.0,,0.5,0.4112665684830633,0.8,0.32901325478645066
GRID_1196,INDIAN_MARINE,10.75,96.0,336.45939377813147,18.692188543229527,149.53750834583622,2372.0,-0.1115,-0.042000003,0.119148016,0,0,0,1371.5710879427515,70.32902008005357,0.26215022091310747,1.0,1.0,0.6645978817850846,0.8881992939283615,0.5751747574207344,1.0,0.5751747574207344
GRID_1197,INDIAN_MARINE,5.0,77.0,324.3733727326436,18.02074292959131,144.1659434367305,3116.0,-0.008499999,0.12150001,0.12179697,0,0,0,355.51241911669865,14.440054260141116,0.28375061364752086,1.0,1.0,0.6530155080083622,0.884338502669454,0.5840445581584874,1.0,0.5840445581584874
GRID_1198,INDIAN_MARINE,15.25,95.25,362.49100772288335,20.138389317937964,161.1071145435037,43.0,0.079,-0.044000003,0.09042677,0,0,0,854.0975968757901,7.814759451537599,0.21649484536082475,0.03393843725335438,1.0,0.7901796044217141,0.6080393472250227,0.41226709629292374,1.0,0.41226709629292374
GRID_1199,INDIAN_MARINE,9.0,84.0,425.5259515801933,23.640330643344072,189.12264514675255,3711.0,-0.1835,-0.0050000027,0.1835681,0,0,0,520.9809430166054,83.86791885865716,0.1030927835051546,1.0,1.0,0.38292538327591913,0.7943084610919731,0.44870062229856383,1.0,0.44870062229856383
GRID_1200,INDIAN_MARINE,19.25,76.0,355.31282089073125,19.73960116059618,157.91680928476944,0.0,,,,0,0,0,101.3713994934456,359.21146191802274,0.22925871379479623,0.0,1.0,,0.5,0.3646293568973981,0.8,0.2917034855179185
GRID_1201,INDIAN_MARINE,12.75,75.25,62.04171825697625,3.4467621253875698,27.57409700310056,0.0,,,,0,0,0,30.76837658858104,39.518591871398215,0.7781050564555719,0.0,1.0,,0.5,0.6390525282277859,0.8,0.5112420225822287
GRID_1202,INDIAN_MARINE,12.0,79.0,120.45190536826657,6.691772520459254,53.53418016367403,0.0,,,,0,0,0,105.36070478948224,93.388130137303,0.6563573883161512,0.0,1.0,,0.5,0.5781786941580755,0.8,0.46254295532646045
GRID_1203,INDIAN_MARINE,10.5,91.75,64.2036766085826,3.5668709226990334,28.534967381592267,1685.0,-0.030000001,-0.013000004,0.032695565,0,0,0,1264.4567375438835,67.43940439745887,0.7697594501718213,1.0,1.0,1.0,1.0,0.8848797250859106,1.0,0.8848797250859106
GRID_1204,INDIAN_MARINE,15.5,69.0,400.9109692404399,22.27283162446888,178.18265299575106,3780.0,-0.042000003,0.135,0.14138246,0,0,0,546.7376557098188,95.725209140512,0.14874815905743743,1.0,1.0,0.5673792660123681,0.8557930886707893,0.5022706238641134,1.0,0.5022706238641134
GRID_1205,INDIAN_MARINE,14.0,92.25,101.23791429671488,5.624328572039715,44.99462857631772,2830.0,0.17400001,0.07,0.18755268,0,0,0,954.7297043112832,37.7236726417956,0.6892488954344624,1.0,1.0,0.3655030743557748,0.7885010247852582,0.7388749601098603,1.0,0.7388749601098603
GRID_1206,INDIAN_MARINE,18.25,75.0,251.56027255548497,13.975570697526942,111.80456558021554,0.0,,,,0,0,0,140.97440019988622,221.178195413746,0.4226804123711341,0.0,1.0,,0.5,0.46134020618556704,0.8,0.36907216494845363
GRID_1207,INDIAN_MARINE,13.0,73.25,37.72696368330146,2.095942426850081,16.767539414800652,1951.0,-0.018000001,0.051000003,0.054083273,0,0,0,193.74430190207585,149.7741246190869,0.872852233676976,1.0,1.0,0.9490891085532261,0.9830297028510753,0.9279409682640256,1.0,0.9279409682640256
GRID_1208,INDIAN_MARINE,14.0,82.5,181.91380716990284,10.106322620550158,80.85058096440126,3308.0,-0.04,-0.11750001,0.12412193,0,0,0,278.85321217269967,150.83403251291156,0.5527736867943054,1.0,1.0,0.6428497762757884,0.8809499254252627,0.716861806109784,1.0,0.716861806109784
GRID_1209,INDIAN_MARINE,18.25,75.75,327.3789717062934,18.187720650349632,145.50176520279706,0.0,,,,0,0,0,218.786840832908,301.89635638213235,0.2768777614138439,0.0,1.0,,0.5,0.38843888070692195,0.8,0.31075110456553756
GRID_1210,INDIAN_MARINE,17.5,79.25,271.6924993294106,15.094027740522812,120.75222192418248,0.0,,,,0,0,0,420.15063186647166,256.17886242662,0.38537064310260183,0.0,1.0,,0.5,0.4426853215513009,0.8,0.35414825724104076
GRID_1211,INDIAN_MARINE,7.5,75.75,98.6412911684692,5.480071731581622,43.84057385265297,1773.0,0.141,0.1975,0.24266696,0,0,0,196.11841901786028,59.76493791440507,0.6917034855179185,1.0,1.0,0.12451957996707265,0.7081731933223575,0.699938339420138,1.0,0.699938339420138
GRID_1212,INDIAN_MARINE,14.25,83.75,244.95829104077532,13.608793946709742,108.87035157367794,3201.0,0.04,0.026500002,0.04798177,0,0,0,418.3224393619088,74.10875700834127,0.4383897889052528,1.0,1.0,0.9757675213704333,0.9919225071234777,0.7151561480143653,1.0,0.7151561480143653
GRID_1213,INDIAN_MARINE,16.5,84.5,275.3502579740358,15.2972365541131,122.3778924329048,2955.0,0.291,0.2815,0.40487438,0,0,0,335.14108237218005,189.03554226077048,0.3789887088856161,1.0,1.0,0.0,0.6666666666666666,0.5228276877761413,1.0,0.5228276877761413
GRID_1214,INDIAN_MARINE,13.75,75.0,107.60125759499228,5.977847644166237,47.8227811533299,0.0,,,,0,0,0,15.68069604737752,53.06746890573467,0.6818851251840943,0.0,1.0,,0.5,0.5909425625920471,0.8,0.47275405007363774
GRID_1215,INDIAN_MARINE,9.25,90.25,278.2819750932115,15.460109727400638,123.68087781920512,2859.0,0.097500004,0.052500002,0.11073618,0,0,0,1187.9398530476449,110.94367978418076,0.374079528718704,1.0,1.0,0.7013780707579729,0.9004593569193242,0.6372694428190141,1.0,0.6372694428190141
GRID_1216,INDIAN_MARINE,13.0,75.5,99.98627465822804,5.554793036568224,44.43834429254579,0.0,,,,0,0,0,13.590774184723506,76.03725271936439,0.6902307314678449,0.0,1.0,,0.5,0.5951153657339224,0.8,0.476092292587138
GRID_1217,INDIAN_MARINE,17.25,81.5,134.16525082276198,7.453625045708999,59.62900036567199,0.0,,,,0,0,0,456.98332737781175,111.36129425829267,0.6283750613647521,0.0,1.0,,0.5,0.564187530682376,0.8,0.45135002454590084
GRID_1218,INDIAN_MARINE,21.5,68.25,453.34965643958753,25.18609202442153,201.48873619537224,126.0,0.0365,-0.072500005,0.08116958,0,0,0,240.30332858922444,123.37809895858246,0.060873834069710364,0.09944751381215469,1.0,0.8306560470863038,0.6433678536328195,0.3521208438512649,1.0,0.3521208438512649
GRID_1219,INDIAN_MARINE,16.75,92.75,397.5202791291345,22.084459951618584,176.67567961294867,2455.0,0.043500006,0.014499996,0.04585303,0,0,0,640.3375346151608,163.76320263160295,0.15513009327442318,1.0,1.0,0.9850752943077737,0.9950250981025912,0.5750775956885072,1.0,0.5750775956885072
GRID_1220,INDIAN_MARINE,6.0,77.5,230.12371209029268,12.784650671682927,102.27720537346342,2373.0,0.015000001,-0.045000006,0.04743417,0,0,0,240.13089015192648,37.63499174472295,0.46293568973981347,1.0,1.0,0.9781618656588329,0.9927206218862776,0.7278281558130455,1.0,0.7278281558130455
GRID_1221,INDIAN_MARINE,6.5,94.25,487.6492293136014,27.09162385075563,216.73299080604505,1391.0,-0.16900001,-0.27500004,0.32277858,0,0,0,1694.95535819065,27.79776800814643,0.015218458517427536,1.0,1.0,0.0,0.6666666666666666,0.3409425625920471,1.0,0.3409425625920471
GRID_1222,INDIAN_MARINE,8.0,92.75,294.1671462264837,16.342619234804648,130.74095387843718,1642.0,-0.016499996,-0.1365,0.13749364,0,0,0,1491.4773050713486,46.138395357761695,0.34560628375061364,1.0,1.0,0.5843828707523496,0.8614609569174498,0.6035336203340318,1.0,0.6035336203340318
GRID_1223,INDIAN_MARINE,16.0,85.5,372.0939790069042,20.67188772260579,165.3751017808463,2855.0,-0.046000004,0.0485,0.06684497,0,0,0,393.37199218997534,83.65549435715701,0.20029455081001468,1.0,1.0,0.8932894439764627,0.9644298146588208,0.5823621827344178,1.0,0.5823621827344178
GRID_1224,INDIAN_MARINE,6.75,80.75,431.31703096099375,23.962057275610764,191.6964582048861,0.0,,,,0,0,0,322.65537547884406,240.49659738405103,0.09474717722140402,0.0,1.0,,0.5,0.297373588610702,0.8,0.23789887088856163
GRID_1225,INDIAN_MARINE,16.75,85.5,384.8318669405601,21.37954816336445,171.0363853069156,2747.0,0.06250001,0.12900001,0.14334312,0,0,0,307.6000097267448,151.12623670648162,0.1782032400589102,1.0,1.0,0.558806411606792,0.8529354705355973,0.5155693552972538,1.0,0.5155693552972538
GRID_1226,INDIAN_MARINE,12.0,69.0,302.04643028772153,16.78035723820675,134.242857905654,4316.0,-0.018000001,0.076500006,0.07858913,0,0,0,678.4223598036732,75.79320456034776,0.3303878252331861,1.0,1.0,0.8419388917155963,0.9473129639051987,0.6388503945691923,1.0,0.6388503945691923
GRID_1227,INDIAN_MARINE,14.0,77.75,295.1608242848401,16.397823571380005,131.18258857104004,0.0,,,,0,0,0,212.8904131390657,276.4418738801557,0.3436426116838488,0.0,1.0,,0.5,0.4218213058419244,0.8,0.33745704467353954
GRID_1228,INDIAN_MARINE,14.0,82.25,155.4060639086262,8.6336702171459,69.0693617371672,3259.0,-0.040500004,-0.044999998,0.06054131,0,0,0,253.92377682140025,177.08208260968414,0.595974472263132,1.0,1.0,0.9208517747233814,0.9736172582411271,0.7847958652521296,1.0,0.7847958652521296
GRID_1229,INDIAN_MARINE,15.75,69.0,395.76306490352624,21.986836939084792,175.89469551267834,3756.0,-0.023500001,0.1005,0.10321095,0,0,0,542.3193638895011,102.38187470690224,0.15856651939126165,1.0,1.0,0.7342816344347314,0.9114272114782438,0.5349968654347528,1.0,0.5349968654347528
GRID_1230,INDIAN_MARINE,12.75,88.5,450.65995662243535,25.036664256801963,200.2933140544157,3089.0,-0.074,-0.10350001,0.12723306,0,0,0,857.6056699383184,53.179747666685415,0.06431026018654884,1.0,1.0,0.6292465689237642,0.876415522974588,0.47036289158056843,1.0,0.47036289158056843
GRID_1231,INDIAN_MARINE,16.75,94.0,422.816704055906,23.489816891994774,187.91853513595825,213.0,-0.14050001,-0.0375,0.14541838,0,0,0,651.2466343173335,24.89348449082583,0.11045655375552288,0.1681136543014996,1.0,0.5497324763841037,0.5726153768952011,0.341535965325362,1.0,0.341535965325362
GRID_1232,INDIAN_MARINE,11.25,70.5,145.34692944021765,8.074829413345425,64.5986353067634,4146.0,0.039,0.0745,0.084090725,0,0,0,553.4920922201761,154.72238860229672,0.6146293568973982,1.0,1.0,0.8178835364100129,0.9392945121366709,0.7769619345170345,1.0,0.7769619345170345
GRID_1233,INDIAN_MARINE,11.5,91.25,135.98328294589916,7.554626830327731,60.43701464262185,3304.0,0.023500003,-0.034500003,0.041743267,0,0,0,1139.1430957782452,105.62082092355838,0.6249386352479136,1.0,1.0,1.0,1.0,0.8124693176239568,1.0,0.8124693176239568
GRID_1234,INDIAN_MARINE,14.25,79.5,109.18561674608316,6.06586759700462,48.52694077603696,0.0,,,,0,0,0,167.5025538917214,80.08893671382225,0.6794305351006382,0.0,1.0,,0.5,0.5897152675503191,0.8,0.4717722140402553
GRID_1235,INDIAN_MARINE,7.75,71.25,229.01772986765323,12.723207214869625,101.785657718957,3941.0,0.24900001,0.164,0.298156,0,0,0,647.7021082824315,21.311063280095222,0.4653902798232695,1.0,1.0,0.0,0.6666666666666666,0.5660284732449681,1.0,0.5660284732449681
GRID_1236,INDIAN_MARINE,9.5,78.25,203.39807982991076,11.299893323883929,90.39914659107144,0.0,,,,0,0,0,29.29429157766614,58.111315611536135,0.5149729995090819,0.0,1.0,,0.5,0.507486499754541,0.8,0.4059891998036328
GRID_1237,INDIAN_MARINE,12.25,94.5,171.63834987570138,9.53546388198341,76.28371105586729,1036.0,0.0069999998,-0.012499999,0.014326548,0,0,0,1170.9095365688815,109.72699033267116,0.5689739813451153,0.8176795580110497,1.0,1.0,0.9392265193370165,0.7541002503410659,1.0,0.7541002503410659
GRID_1238,INDIAN_MARINE,9.25,96.0,383.6336192320591,21.312978846225505,170.50383076980404,1232.0,-0.0665,-0.0075000003,0.0669216,0,0,0,1536.3339771180167,43.36852336754806,0.18163966617574867,0.9723756906077348,1.0,0.8929543844388075,0.955110025015514,0.5683748455956313,1.0,0.5683748455956313
GRID_1239,INDIAN_MARINE,5.25,75.5,315.8443693764939,17.546909409805217,140.37527527844173,2149.0,-0.1155,0.29000002,0.31215423,0,0,0,388.98297340714544,98.46715582559952,0.30535100638193424,1.0,1.0,0.0,0.6666666666666666,0.48600883652430044,1.0,0.48600883652430044
GRID_1240,INDIAN_MARINE,10.5,83.5,322.53038344336005,17.918354635742226,143.3468370859378,3580.0,-0.24450001,-0.068500005,0.25391436,0,0,0,423.9111258363216,52.25292840793956,0.2891507118311242,1.0,1.0,0.07534107750296547,0.6917803591676551,0.49046553549938965,1.0,0.49046553549938965
GRID_1241,INDIAN_MARINE,15.5,68.25,479.75270127966405,26.652927848870224,213.2234227909618,3339.0,-0.0695,0.15100001,0.1662265,0,0,0,629.0602989178822,155.6406000635058,0.024545900834560652,1.0,1.0,0.4587503666793333,0.8195834555597777,0.4220646781971692,1.0,0.4220646781971692
GRID_1242,INDIAN_MARINE,18.5,85.25,451.7159528677432,25.095330714874624,200.762645718997,1733.0,0.545,0.133,0.5609938,0,0,0,102.29953414132105,71.72768412928302,0.06381934216985763,1.0,1.0,0.0,0.6666666666666666,0.36524300441826213,1.0,0.36524300441826213
GRID_1243,INDIAN_MARINE,11.25,93.5,58.14904242733642,3.2305023570742453,25.84401885659396,34.0,-0.048,0.078999996,0.09243917,0,0,0,1272.9701028075986,144.2102922992474,0.7869415807560137,0.026835043409629045,1.0,0.7813805203348344,0.6027385212481544,0.694840051002084,1.0,0.694840051002084
GRID_1244,INDIAN_MARINE,21.75,75.5,368.8117064109866,20.48953924505481,163.9163139604385,0.0,,,,0,0,0,118.23350706898032,391.39796357079166,0.20618556701030932,0.0,1.0,,0.5,0.35309278350515466,0.8,0.28247422680412376
GRID_1245,INDIAN_MARINE,13.25,82.5,171.43176261688498,9.523986812049166,76.19189449639333,3397.0,-0.10700001,-0.055500004,0.12053735,0,0,0,253.9955993650072,141.19068467959906,0.5699558173784978,1.0,1.0,0.6585231120122955,0.8861743706707651,0.7280650940246314,1.0,0.7280650940246314
GRID_1246,INDIAN_MARINE,19.25,71.5,89.66908849366556,4.981616027425864,39.85292821940691,66.0,0.054500002,-0.082,0.098459385,0,0,0,159.0688615197274,119.03201165416893,0.7088856161021109,0.05209155485398579,1.0,0.7550575338480059,0.6023830295673306,0.6556343228347208,1.0,0.6556343228347208
GRID_1247,INDIAN_MARINE,13.0,90.5,232.25226663092369,12.902903701717982,103.22322961374384,2965.0,-0.037500005,0.040500004,0.055195116,0,0,0,951.0486045831012,142.46185613483073,0.4599901816396662,1.0,1.0,0.9442276495746889,0.9814092165248962,0.7206996990822812,1.0,0.7206996990822812
GRID_1248,INDIAN_MARINE,17.25,70.25,201.8191678498735,11.21217599165964,89.69740793327712,3275.0,-0.105000004,-0.08400001,0.13446562,0,0,0,365.75162212302007,69.92438374870149,0.5184094256259204,1.0,1.0,0.5976226852011436,0.8658742284003811,0.6921418270131507,1.0,0.6921418270131507
GRID_1249,INDIAN_MARINE,13.25,79.0,167.3744629322067,9.298581274011484,74.38865019209187,0.0,,,,0,0,0,118.90861697904433,147.08032456532464,0.5778105056455571,0.0,1.0,,0.5,0.5389052528227786,0.8,0.4311242022582229
GRID_1250,INDIAN_MARINE,9.75,97.25,497.1324294130721,27.618468300726228,220.94774640580985,343.0,0.0535,0.148,0.15737297,0,0,0,1519.618967432545,6.406177358430217,0.004418262150220897,0.27071823204419887,1.0,0.49746183305565544,0.5893933550332847,0.2969058085917528,1.0,0.2969058085917528
GRID_1251,INDIAN_MARINE,16.25,69.0,372.5817922074688,20.69898845597049,165.59190764776392,3651.0,-0.038999997,0.048500005,0.062235445,0,0,0,532.1522463352434,93.9612743808542,0.19980363279332347,1.0,1.0,0.9134442830122278,0.9711480943374092,0.5854758635653663,1.0,0.5854758635653663
GRID_1252,INDIAN_MARINE,12.0,73.25,84.14430796410852,4.674683775783807,37.397470206270455,2092.0,0.10450001,0.021500003,0.10668881,0,0,0,243.24010176224272,61.91417135363551,0.7177221404025528,1.0,1.0,0.7190749247436188,0.9063583082478729,0.8120402243252128,1.0,0.8120402243252128
GRID_1253,INDIAN_MARINE,15.0,79.5,87.40013849559386,4.855563249755215,38.84450599804172,0.0,,,,0,0,0,246.66876432844023,78.38556614145064,0.7133038782523319,0.0,1.0,,0.5,0.606651939126166,0.8,0.4853215513009328
GRID_1254,INDIAN_MARINE,13.75,81.25,44.95893527901536,2.4977186266119644,19.981749012895715,3208.0,-0.07,0.28950003,0.29784268,0,0,0,144.5063129876581,107.7348073730466,0.8399607265586647,1.0,1.0,0.0,0.6666666666666666,0.7533136966126657,1.0,0.7533136966126657
GRID_1255,INDIAN_MARINE,7.75,90.25,402.1080536787668,22.33933631548705,178.71469052389637,2897.0,-0.10350001,0.060000002,0.11963382,0,0,0,1228.6210664996931,61.0539375513079,0.1472754050073638,1.0,1.0,0.6624737363638251,0.8874912454546083,0.5173833252309861,1.0,0.5173833252309861
GRID_1256,INDIAN_MARINE,14.25,88.75,435.3557337150336,24.1864296508352,193.4914372066816,2931.0,0.14850001,-0.041500002,0.15418983,0,0,0,724.952318812372,76.54602941907352,0.08738340697103586,1.0,1.0,0.511379899305064,0.837126633101688,0.46225502003636193,1.0,0.46225502003636193
GRID_1257,INDIAN_MARINE,18.25,76.75,430.06193163785815,23.892329535436563,191.1386362834925,0.0,,,,0,0,0,203.3955484445296,410.2351648951566,0.09720176730486008,0.0,1.0,,0.5,0.29860088365243004,0.8,0.23888070692194405
GRID_1258,INDIAN_MARINE,18.0,77.5,432.5993606511702,24.033297813953897,192.2663825116312,0.0,,,,0,0,0,255.7630435869301,419.4494144090374,0.09278350515463918,0.0,1.0,,0.5,0.2963917525773196,0.8,0.2371134020618557
GRID_1259,INDIAN_MARINE,20.25,68.75,366.45243578677344,20.358468654820747,162.86774923856598,3003.0,0.023,0.107,0.109444045,0,0,0,309.27587941061563,215.9251400524793,0.210112911143839,1.0,1.0,0.7070278444195711,0.9023426148065237,0.5562277629751813,1.0,0.5562277629751813
GRID_1260,INDIAN_MARINE,11.25,81.75,124.37701986156678,6.90983443675371,55.27867549402968,3598.0,-0.04,0.030499998,0.05030159,0,0,0,216.9266276748268,29.17260997085133,0.6485027000490918,1.0,1.0,0.9656242639432693,0.988541421314423,0.8185220606817574,1.0,0.8185220606817574
GRID_1261,INDIAN_MARINE,7.25,77.0,80.7996539953612,4.488869666408956,35.910957331271646,189.0,-0.10400001,0.065000005,0.122641765,0,0,0,112.00610444066533,111.32145187205504,0.7250859106529209,0.14917127071823205,1.0,0.6493216985066849,0.5994976564083057,0.6622917835306132,1.0,0.6622917835306132
GRID_1262,INDIAN_MARINE,13.5,81.5,74.20094177087462,4.122274542826368,32.97819634261094,3351.0,-0.101500005,0.1855,0.2114533,0,0,0,153.80143565120864,129.99649949822162,0.7417771232204222,1.0,1.0,0.26099921572500784,0.7536664052416693,0.7477217642310457,1.0,0.7477217642310457
GRID_1263,INDIAN_MARINE,11.75,96.5,377.9809074075137,20.99893930041743,167.99151440333944,914.0,-0.076000005,-0.050500005,0.091248296,0,0,0,1278.2325262437168,104.44909988598198,0.19342169857633773,0.7213891081294396,1.0,0.7865875370625618,0.8359922150640005,0.5147069568201691,1.0,0.5147069568201691
GRID_1264,INDIAN_MARINE,12.0,78.0,226.902914871422,12.605717492856778,100.84573994285422,0.0,,,,0,0,0,92.89442948548091,201.31455659098685,0.4693176239567992,0.0,1.0,,0.5,0.4846588119783996,0.8,0.3877270495827197
GRID_1265,INDIAN_MARINE,9.5,84.25,430.09347630503663,23.89408201694648,191.15265613557185,3636.0,-0.2195,-0.019500002,0.22036448,0,0,0,533.3017842204106,33.88157565120432,0.09621993127147765,1.0,1.0,0.22203567858859397,0.7406785595295313,0.4184492454005045,1.0,0.4184492454005045
GRID_1266,INDIAN_MARINE,17.75,80.75,198.69937846289625,11.038854359049791,88.31083487239833,0.0,,,,0,0,0,505.2789286408721,199.75171236074155,0.5213549337260677,0.0,1.0,,0.5,0.5106774668630338,0.8,0.4085419734904271
GRID_1267,INDIAN_MARINE,8.0,79.75,295.9559730500696,16.441998502781644,131.53598802225315,1.0,,,,0,0,0,145.57514168115154,89.9897335354207,0.34167893961708395,0.0007892659826361484,1.0,,0.500394632991318,0.421036786304201,0.8,0.33682942904336083
GRID_1268,INDIAN_MARINE,8.25,69.75,353.9701963002645,19.66501090557025,157.320087244562,4609.0,0.0055,-0.0775,0.077694915,0,0,0,778.8749124364996,28.663860117181898,0.23073146784486986,1.0,1.0,0.8458487868541121,0.948616262284704,0.5896738650647869,1.0,0.5896738650647869
GRID_1269,INDIAN_MARINE,16.0,76.5,325.1120085431029,18.061778252394603,144.49422601915683,0.0,,,,0,0,0,274.6682631075218,302.52067017227813,0.28276877761413843,0.0,1.0,,0.5,0.3913843888070692,0.8,0.3131075110456554
GRID_1270,INDIAN_MARINE,19.5,82.0,389.0100392106788,21.611668845037716,172.8933507603017,0.0,,,,0,0,0,298.6262438420037,258.9356572348856,0.16789396170839466,0.0,1.0,,0.5,0.33394698085419733,0.8,0.2671575846833579
GRID_1271,INDIAN_MARINE,12.25,83.75,315.6632195360361,17.536845529779782,140.29476423823826,3411.0,0.1035,-0.08400001,0.1332976,0,0,0,397.8719571837223,13.711250957466945,0.3068237604320079,1.0,1.0,0.6027297743460239,0.8675765914486746,0.5872001759403412,1.0,0.5872001759403412
GRID_1272,INDIAN_MARINE,16.75,90.25,471.6298220675678,26.201656781531543,209.61325425225235,2442.0,0.10150001,0.1585,0.18821397,0,0,0,580.3515732195762,42.19687776745641,0.03436426116838487,1.0,1.0,0.36261162816425585,0.7875372093880852,0.41095073527823506,1.0,0.41095073527823506
GRID_1273,INDIAN_MARINE,15.0,73.75,34.085540260327384,1.8936411255737435,15.149129004589948,45.0,0.0405,-0.090500005,0.099148884,0,0,0,47.89008693103968,20.50287944590847,0.8929798723613157,0.035516969218626675,1.0,0.7520427456951441,0.5958532383045901,0.7444165553329529,1.0,0.7444165553329529
GRID_1274,INDIAN_MARINE,6.25,69.75,453.7780272781527,25.209890404341817,201.67912323473453,4596.0,-0.044,0.12900001,0.13629748,0,0,0,857.6937920290044,60.55184103971918,0.05940108001963673,1.0,1.0,0.5896130001606988,0.8632043333868995,0.4613027067032681,1.0,0.4613027067032681
GRID_1275,INDIAN_MARINE,10.5,91.0,141.8753790998944,7.881965505549688,63.05572404439751,3378.0,-0.076000005,-0.024999999,0.08000626,0,0,0,1219.2985601239895,145.118190458243,0.6185567010309279,1.0,1.0,0.8357425857962764,0.9452475285987587,0.7819021148148433,1.0,0.7819021148148433
GRID_1276,INDIAN_MARINE,8.75,88.5,470.4886959795609,26.138260887753383,209.10608710202703,3553.0,0.11400001,0.051000003,0.12488796,0,0,0,1013.4627714825295,91.6952210207826,0.03534609720176729,1.0,1.0,0.6395003614561341,0.8798334538187114,0.4575897755102393,1.0,0.4575897755102393
GRID_1277,INDIAN_MARINE,7.5,69.5,421.2391468564496,23.402174825358312,187.2173986028665,4529.0,0.17700002,0.046000004,0.18287976,0,0,0,843.1438244594855,7.600469274009712,0.11487481590574378,1.0,1.0,0.3859351037789815,0.7953117012596604,0.4550932585827021,1.0,0.4550932585827021
GRID_1278,INDIAN_MARINE,13.25,71.75,114.51480147890484,6.361933415494714,50.89546732395771,1618.0,-0.0030000005,0.061,0.061073728,0,0,0,347.3594529052355,98.03605483771464,0.6681394207167404,1.0,1.0,0.9185238127121669,0.9728412709040556,0.820490345810398,1.0,0.820490345810398
GRID_1279,INDIAN_MARINE,5.25,71.0,432.87697564277,24.04872086904278,192.38976695234223,3950.0,-0.148,0.030000001,0.15100993,0,0,0,778.3778098609023,182.3555181308571,0.09229258713794797,1.0,1.0,0.5252837988716852,0.8417612662905617,0.46702692671425483,1.0,0.46702692671425483
GRID_1280,INDIAN_MARINE,14.0,91.0,199.22829515421788,11.068238619678771,88.54590895743017,2830.0,-0.06650001,-0.0495,0.08290055,0,0,0,896.8355439412426,115.679536306757,0.5208640157093765,1.0,1.0,0.8230874968071019,0.9410291656023673,0.7309465906558719,1.0,0.7309465906558719
GRID_1281,INDIAN_MARINE,15.5,79.75,70.21329319577336,3.9007385108762977,31.205908087010386,0.0,,,,0,0,0,295.56313675095026,51.48635138966287,0.750613647520864,0.0,1.0,,0.5,0.625306823760432,0.8,0.5002454590083456
GRID_1282,INDIAN_MARINE,11.5,94.25,133.51061762683662,7.417256534824257,59.338052278594056,1562.0,-0.17450002,0.067,0.18692045,0,0,0,1251.7283794146376,129.74538995368357,0.6303387334315169,1.0,1.0,0.36826745764550245,0.7894224858818342,0.7098806096566755,1.0,0.7098806096566755
GRID_1283,INDIAN_MARINE,19.5,82.5,400.6330595511429,22.257392197285714,178.0591375782857,0.0,,,,0,0,0,256.08021382969,223.36105531011063,0.14972999509081986,0.0,1.0,,0.5,0.32486499754540993,0.8,0.25989199803632795
GRID_1284,INDIAN_MARINE,18.5,80.0,306.33951895794115,17.018862164330063,136.1508973146405,0.0,,,,0,0,0,424.3992210536466,318.5483677054367,0.3220422189494354,0.0,1.0,,0.5,0.4110211094747177,0.8,0.3288168875797742
GRID_1285,INDIAN_MARINE,9.0,90.5,276.121929082547,15.340107171252612,122.7208573700209,2825.0,0.116500005,0.06300001,0.1324434,0,0,0,1221.1900238389544,131.22613207304892,0.37702503681885124,1.0,1.0,0.6064647065796815,0.8688215688598938,0.6229233028393726,1.0,0.6229233028393726
GRID_1286,INDIAN_MARINE,18.75,81.0,301.74865855872736,16.763814364373744,134.11051491498995,0.0,,,,0,0,0,435.9284668611968,276.30326116295976,0.33235149729995095,0.0,1.0,,0.5,0.4161757486499755,0.8,0.3329405989199804
GRID_1287,INDIAN_MARINE,8.75,74.0,92.9865902585002,5.165921681027789,41.32737344822231,2698.0,-0.021500003,-0.06750001,0.07084138,0,0,0,323.3397571455534,82.59187671452999,0.7025036818851251,1.0,1.0,0.8758154091744123,0.9586051363914707,0.8305544091382979,1.0,0.8305544091382979
GRID_1288,INDIAN_MARINE,7.75,81.5,341.26983250564035,18.95943513920224,151.67548111361793,0.0,,,,0,0,0,300.4081248586104,258.4395693689043,0.2533136966126657,0.0,1.0,,0.5,0.37665684830633284,0.8,0.3013254786450663
GRID_1289,INDIAN_MARINE,17.25,71.75,86.41695164721995,4.800941758178886,38.407534065431086,364.0,-0.0185,0.019000001,0.026518863,0,0,0,209.92566964771413,158.37992899096693,0.7142857142857143,0.287292817679558,1.0,1.0,0.7624309392265193,0.7383583267561168,1.0,0.7383583267561168
GRID_1290,INDIAN_MARINE,15.25,92.75,231.1480206117622,12.841556700653456,102.73245360522763,2744.0,-0.104,0.028500006,0.10783437,0,0,0,813.9921323128896,101.09601580960576,0.46146293568973984,1.0,1.0,0.7140660404429997,0.9046886801476666,0.6830758079187031,1.0,0.6830758079187031
GRID_1291,INDIAN_MARINE,7.75,69.5,408.5342033716509,22.696344631758382,181.57075705406703,4654.0,0.127,0.006,0.12714165,0,0,1,834.9063055238565,0.0079366302670649,0.1384388807069219,1.0,0.6666666666666666,0.629646253020555,0.7654376398957405,0.4519382603013312,1.0,0.4519382603013312
GRID_1292,INDIAN_MARINE,14.75,80.75,21.10405936253202,1.17244774236289,9.37958193890312,2485.0,0.132,0.4745,0.49251828,0,0,0,212.42687004098505,61.20854556049772,0.9558173784977909,1.0,1.0,0.0,0.6666666666666666,0.8112420225822288,1.0,0.8112420225822288
GRID_1293,INDIAN_MARINE,15.0,95.25,345.7486336270539,19.20825742372521,153.66605938980172,50.0,0.027500004,-0.021499999,0.03490702,0,0,0,881.609107119323,34.78639214383076,0.2449680903289151,0.03946329913180742,1.0,1.0,0.6798210997106025,0.46239459501975877,1.0,0.46239459501975877
GRID_1294,INDIAN_MARINE,10.5,82.25,191.59203667711031,10.64400203761724,85.15201630093792,3652.0,-0.18400002,0.044,0.18918775,0,0,0,290.94448809626874,70.91913452283603,0.5341188021600393,1.0,1.0,0.35835384039734997,0.7861179467991166,0.660118374479578,1.0,0.660118374479578
GRID_1295,INDIAN_MARINE,21.5,69.5,339.9406221517344,18.8855901195408,151.08472095632638,29.0,0.056500003,-0.0925,0.1083905,0,0,0,138.54562827651574,115.89734920948814,0.2557682866961217,0.022888713496448304,1.0,0.7116343993014591,0.5781743709326358,0.41697132881437876,1.0,0.41697132881437876
GRID_1296,INDIAN_MARINE,15.75,74.25,107.29883737866776,5.9610465210370975,47.68837216829678,0.0,,,,0,0,0,59.66685347745525,70.18356335440163,0.6828669612174767,0.0,1.0,,0.5,0.5914334806087383,0.8,0.4731467844869907
GRID_1297,INDIAN_MARINE,8.25,79.75,280.09052885305664,15.560584936280923,124.4846794902474,2.0,,,,0,0,0,120.82045178564852,68.34710937337903,0.3701521845851743,0.0015785319652722968,1.0,,0.5007892659826362,0.43547072528390524,0.8,0.3483765802271242
GRID_1298,INDIAN_MARINE,9.25,69.75,308.07723898822843,17.11540216601269,136.92321732810152,4604.0,-0.10050001,-0.055500004,0.11480637,0,0,0,718.5780052758962,86.33593827278709,0.31909671084928815,1.0,1.0,0.6835814378522006,0.8945271459507335,0.6068119284000109,1.0,0.6068119284000109
GRID_1299,INDIAN_MARINE,5.5,73.25,330.52043973691974,18.3622466520511,146.8979732164088,1143.0,-0.2275,0.23850001,0.32960355,0,0,0,548.5518464624497,38.69193166362542,0.27000490918016695,0.9021310181531176,1.0,0.0,0.6340436727177059,0.4520242909489364,1.0,0.4520242909489364
GRID_1300,INDIAN_MARINE,18.75,79.0,387.7249797155384,21.540276650863245,172.32221320690596,0.0,,,,0,0,0,311.3317643452688,402.4249289126219,0.17133038782523313,0.0,1.0,,0.5,0.33566519391261657,0.8,0.26853215513009326
GRID_1301,INDIAN_MARINE,12.5,76.25,135.09780148218852,7.50543341567714,60.04346732541712,0.0,,,,0,0,0,38.49473734390961,128.8923664012322,0.6269023073146784,0.0,1.0,,0.5,0.5634511536573392,0.8,0.4507609229258714
GRID_1302,INDIAN_MARINE,8.0,94.0,322.4174856138688,17.91208253410382,143.29666027283056,1635.0,0.016999999,-0.052500006,0.055183787,0,0,0,1626.277839207091,80.64284776752156,0.2901325478645066,1.0,1.0,0.9442771848676824,0.9814257282892274,0.6357791380768669,1.0,0.6357791380768669
GRID_1303,INDIAN_MARINE,16.5,85.5,378.6110644421767,21.03394802456537,168.27158419652298,2806.0,0.03450001,0.11400001,0.119106054,0,0,0,336.1561110798381,128.63167484238798,0.19047619047619047,1.0,1.0,0.6647813578169139,0.8882604526056379,0.5393683215409142,1.0,0.5393683215409142
GRID_1304,INDIAN_MARINE,18.0,75.0,244.23698949644785,13.568721638691548,108.54977310953238,0.0,,,,0,0,0,130.5479389827126,213.7134641365587,0.43986254295532645,0.0,1.0,,0.5,0.4699312714776632,0.8,0.3759450171821306
GRID_1305,INDIAN_MARINE,17.75,68.0,422.3306781045381,23.46281545025212,187.70252360201687,3458.0,-0.036000006,-0.080000006,0.087726854,0,0,0,569.1995192692046,60.50732840368519,0.11094747177221409,1.0,1.0,0.8019848061268975,0.9339949353756325,0.5224712035739233,1.0,0.5224712035739233
GRID_1306,INDIAN_MARINE,12.0,78.75,146.77331135447434,8.154072853026353,65.23258282421082,0.0,,,,0,0,0,129.11360773893452,119.7889367535625,0.6111929307805597,0.0,1.0,,0.5,0.5555964653902798,0.8,0.4444771723122239
GRID_1307,INDIAN_MARINE,10.75,92.5,24.60219649339364,1.3667886940774243,10.934309552619396,0.0,-0.024,-0.043500002,0.04968149,0,0,0,1289.0661049458615,20.61822078644218,0.944526264113893,0.0,1.0,0.9683356096212031,0.6561118698737343,0.8003190669938136,1.0,0.8003190669938136
GRID_1308,INDIAN_MARINE,9.5,81.75,187.8292654276582,10.434959190425456,83.47967352340365,3710.0,-0.085,-0.0109999925,0.08570881,0,0,0,266.67776077793195,154.73648379815452,0.5414825724104075,1.0,1.0,0.8108085682253984,0.936936189408466,0.7392093809094368,1.0,0.7392093809094368
GRID_1309,INDIAN_MARINE,19.5,75.0,251.8407520461184,13.991152891451025,111.92922313160818,0.0,,,,0,0,0,112.52799965581288,250.90025338964105,0.42218949435444286,0.0,1.0,,0.5,0.46109474717722143,0.8,0.36887579774177714
GRID_1310,INDIAN_MARINE,6.5,81.25,469.1934904025282,26.06630502236268,208.53044017890144,0.0,,,,0,0,0,377.6126908861704,302.7070479344383,0.037800687285223344,0.0,1.0,,0.5,0.26890034364261167,0.8,0.21512027491408936
GRID_1311,INDIAN_MARINE,16.0,84.5,265.6707522724096,14.759486237356088,118.0758898988487,2979.0,0.18,0.1435,0.23020045,0,0,0,392.5042662073807,158.5576766536784,0.4005891016200295,1.0,1.0,0.17902855917594004,0.7263428530586467,0.563465977339338,1.0,0.563465977339338
GRID_1312,INDIAN_MARINE,19.25,84.0,427.90029381083104,23.772238545046168,190.17790836036932,0.0,,,,0,0,0,108.65366321067911,82.10034786690808,0.10014727540500734,0.0,1.0,,0.5,0.30007363770250367,0.8,0.24005891016200295
GRID_1313,INDIAN_MARINE,13.25,69.25,296.81850660924545,16.489917033846968,131.91933627077574,4206.0,-0.087500006,0.054000005,0.102821454,0,0,0,586.5453783531035,73.34236199015379,0.3392243495336279,1.0,1.0,0.7359846795825664,0.9119948931941888,0.6256096213639084,1.0,0.6256096213639084
GRID_1314,INDIAN_MARINE,6.5,93.0,461.1558126016874,25.619767366760414,204.9581389340833,1318.0,-0.33350003,-0.098000005,0.34760073,0,0,0,1560.9496427356537,91.91889641647872,0.049582719685812515,1.0,1.0,0.0,0.6666666666666666,0.3581246931762396,1.0,0.3581246931762396
GRID_1315,INDIAN_MARINE,12.0,85.0,453.9920696720236,25.221781648445752,201.774253187566,3368.0,-0.105500005,-0.018,0.107024536,0,0,0,539.8999749877557,155.7289043943482,0.05891016200294552,1.0,1.0,0.7176069853159942,0.9058689951053314,0.48238957855413844,1.0,0.48238957855413844
GRID_1316,INDIAN_MARINE,6.5,92.5,461.7927749444417,25.655154163580093,205.24123330864077,4339.0,-0.36800003,0.0040000007,0.36802176,0,0,0,1506.4101019460686,140.87175721929603,0.048600883652430094,1.0,1.0,0.0,0.6666666666666666,0.35763377515954836,1.0,0.35763377515954836
GRID_1317,INDIAN_MARINE,8.0,91.75,312.6332059107592,17.36851143948662,138.94809151589297,3821.0,0.009000003,-0.044,0.044911023,0,0,0,1384.256684960887,148.7555782201059,0.31075110456553756,1.0,1.0,0.9891941567622705,0.9963980522540901,0.6535745784098138,1.0,0.6535745784098138
GRID_1318,INDIAN_MARINE,13.5,73.0,65.17422150614529,3.620790083674738,28.966320669397906,1805.0,-0.057,0.086500004,0.103591755,0,0,0,213.55187027338243,158.438950471936,0.7653411880216003,1.0,1.0,0.7326165901017437,0.9108721967005812,0.8381066923610907,1.0,0.8381066923610907
GRID_1319,INDIAN_MARINE,16.0,84.0,212.5632459649728,11.809069220276264,94.47255376221013,3048.0,0.28900003,0.231,0.36997572,0,0,0,403.7480860690876,185.69871839166453,0.4953362788414335,1.0,1.0,0.0,0.6666666666666666,0.58100147275405,1.0,0.58100147275405
GRID_1320,INDIAN_MARINE,19.75,84.25,488.6644895882688,27.148027199348263,217.1842175947861,0.0,,,,0,0,0,85.9428545133922,112.62197387751009,0.013254786450662692,0.0,1.0,,0.5,0.25662739322533135,0.8,0.2053019145802651
GRID_1321,INDIAN_MARINE,14.75,84.75,313.1223566997339,17.395686483318553,139.16549186654842,3154.0,0.09600001,-0.033,0.10151355,0,0,0,533.8566463453988,43.39675942157279,0.30976926853215514,1.0,1.0,0.7417034021394965,0.9139011340464988,0.6118352012893269,1.0,0.6118352012893269
GRID_1322,INDIAN_MARINE,18.25,76.5,404.25928904149913,22.458849391194395,179.67079512955516,0.0,,,,0,0,0,201.68222226090552,382.9960979041578,0.1428571428571429,0.0,1.0,,0.5,0.32142857142857145,0.8,0.2571428571428572
GRID_1323,INDIAN_MARINE,7.75,89.75,434.9264692968642,24.162581627603565,193.3006530208285,3270.0,-0.111499995,0.078,0.13607442,0,0,0,1174.779493410246,9.31838334163688,0.08836524300441828,1.0,1.0,0.5905883150565542,0.8635294383521847,0.47594734067830147,1.0,0.47594734067830147
GRID_1324,INDIAN_MARINE,6.5,73.5,221.97443876518184,12.331913264732323,98.6553061178586,1474.0,-0.1825,0.16350001,0.24502756,0,0,0,467.8119897000778,16.75884853323291,0.4786450662739322,1.0,1.0,0.1141980147238367,0.7047326715746122,0.5916888689242722,1.0,0.5916888689242722
GRID_1325,INDIAN_MARINE,6.0,72.75,279.3956864535506,15.52198258075281,124.17586064602249,625.0,-0.2095,0.17500001,0.27297482,0,0,0,568.0839832959168,19.20665348708341,0.37211585665193914,0.49329123914759276,1.0,0.0,0.4977637463825309,0.434939801517235,1.0,0.434939801517235
GRID_1326,INDIAN_MARINE,11.25,71.25,73.16155798848209,4.064530999360116,32.51624799488093,2332.0,0.10750002,0.0555,0.12098142,0,0,0,478.470962852818,75.82336478270068,0.7432498772704959,1.0,1.0,0.6565814457081508,0.8855271485693835,0.8143885129199397,1.0,0.8143885129199397
GRID_1327,INDIAN_MARINE,13.75,70.0,256.7338148729021,14.262989715161227,114.10391772128982,3771.0,-0.081,-0.04,0.09033825,0,0,0,487.7786853686766,122.4531575674065,0.41335297005400096,1.0,1.0,0.790566652187253,0.9301888840624176,0.6717709270582093,1.0,0.6717709270582093
GRID_1328,INDIAN_MARINE,16.5,78.25,264.3904406634687,14.68835781463715,117.5068625170972,0.0,,,,0,0,0,449.5228950205091,247.486944269875,0.40304369170348553,0.0,1.0,,0.5,0.45152184585174276,0.8,0.36121747668139426
GRID_1329,INDIAN_MARINE,7.25,78.5,181.21530689477856,10.06751704970992,80.54013639767936,2341.0,-0.125,0.0069999993,0.12519585,0,0,0,153.48631800556905,9.225200543481854,0.5532646048109966,1.0,1.0,0.6381541330723589,0.8793847110241195,0.7163246579175581,1.0,0.7163246579175581
GRID_1330,INDIAN_MARINE,12.5,75.5,77.73460288619829,4.318589049233238,34.548712393865905,0.0,,,,0,0,0,7.8651138711201884,53.9629109301943,0.7329405989199804,0.0,1.0,,0.5,0.6164702994599902,0.8,0.49317623956799217
GRID_1331,INDIAN_MARINE,17.0,80.0,175.61989098957466,9.756660610531926,78.0532848842554,0.0,,,,0,0,0,465.3954427427585,173.20459489998353,0.5640648011782032,0.0,1.0,,0.5,0.5320324005891016,0.8,0.42562592047128134
GRID_1332,INDIAN_MARINE,17.0,75.0,216.3425742597167,12.019031903317597,96.15225522654076,0.0,,,,0,0,0,125.3714541106952,192.9078330997546,0.4874815905743741,0.0,1.0,,0.5,0.49374079528718706,0.8,0.39499263622974967
GRID_1333,INDIAN_MARINE,16.5,78.0,286.7357888387872,15.929766046599289,127.43812837279432,0.0,,,,0,0,0,438.2724963122951,272.3673399741559,0.3568973981345115,0.0,1.0,,0.5,0.42844869906725574,0.8,0.3427589592538046
GRID_1334,INDIAN_MARINE,7.5,93.75,364.9687689074255,20.276042717079196,162.20834173663354,710.0,-0.059500005,-0.072,0.09340369,0,0,0,1613.7474273357243,32.13491692893758,0.21256750122729506,0.5603788476716653,1.0,0.7771632212971298,0.779180689656265,0.49587409544178,1.0,0.49587409544178
GRID_1335,INDIAN_MARINE,9.25,69.0,388.0578153139148,21.55876751743971,172.47014013951767,4582.0,-0.011500001,-0.011500001,0.016263457,0,0,0,792.8576811625136,5.852274142382375,0.1698576337751595,1.0,1.0,1.0,1.0,0.5849288168875797,1.0,0.5849288168875797
GRID_1336,INDIAN_MARINE,17.5,86.0,461.9163277036091,25.662018205756063,205.2961456460485,2554.0,0.17850001,-0.0315,0.18125811,0,0,0,243.0843986421167,175.21304384305148,0.04810996563573888,1.0,1.0,0.3930256596870953,0.7976752198956985,0.42289259276571867,1.0,0.42289259276571867
GRID_1337,INDIAN_MARINE,17.75,74.0,135.30845776647283,7.517136542581824,60.13709234065459,0.0,,,,0,0,0,15.48611316605912,98.63339162372822,0.6264113892979872,0.0,1.0,,0.5,0.5632056946489936,0.8,0.4505645557191949
GRID_1338,INDIAN_MARINE,11.75,73.75,83.57455197730091,4.643030665405607,37.14424532324485,2075.0,0.082,0.0015000002,0.08201372,0,0,0,195.2515865544689,79.18525494663305,0.7201767304860088,1.0,1.0,0.8269651015282147,0.9423217005094049,0.8312492154977069,1.0,0.8312492154977069
GRID_1339,INDIAN_MARINE,12.0,73.0,61.135429011237264,3.396412722846515,27.17130178277212,2063.0,0.064,0.09650001,0.11579401,0,0,0,269.8181546288661,44.17564465457976,0.7810505645557192,1.0,1.0,0.6792630481644816,0.8930876827214937,0.8370691236386065,1.0,0.8370691236386065
GRID_1340,INDIAN_MARINE,8.25,80.0,273.25434706886284,15.18079705938127,121.44637647505016,0.0,,,,0,0,0,137.3533659045791,89.88870323883336,0.38193421698576335,0.0,1.0,,0.5,0.4409671084928817,0.8,0.3527736867943054
GRID_1341,INDIAN_MARINE,7.0,72.0,210.53503433954205,11.696390796641223,93.5711263731298,2942.0,-0.010000002,0.0115,0.015239752,0,0,0,593.552604270482,83.10065454291717,0.4992636229749632,1.0,1.0,1.0,1.0,0.7496318114874816,1.0,0.7496318114874816
GRID_1342,INDIAN_MARINE,15.5,85.25,347.1391092205979,19.285506067811,154.28404854248797,2936.0,-0.030500002,-0.042000003,0.051906172,0,0,0,447.8624357643192,57.54182135984697,0.24251350024545903,1.0,1.0,0.9586083367209013,0.9862027789069671,0.614358139576213,1.0,0.614358139576213
GRID_1343,INDIAN_MARINE,16.5,91.0,408.753365842675,22.708520324593056,181.66816259674445,2385.0,0.11700001,0.106000006,0.15787655,0,0,0,634.8826597953954,43.48498076425038,0.13745704467353947,1.0,1.0,0.49525996326611516,0.831753321088705,0.48460518288112225,1.0,0.48460518288112225
GRID_1344,INDIAN_MARINE,12.25,95.75,302.27650052856904,16.793138918253835,134.34511134603068,2687.0,0.047000002,-0.21300001,0.21812384,0,0,0,1199.7206040087292,28.62701799404052,0.3289150711831125,1.0,1.0,0.23183272677405695,0.7439442422580189,0.5364296567205658,1.0,0.5364296567205658
GRID_1345,INDIAN_MARINE,19.25,70.25,212.9167410670852,11.82870783706029,94.62966269648231,78.0,0.006000001,0.029000001,0.029614186,0,0,0,297.62367461456006,181.04705276392977,0.4948453608247423,0.06156274664561957,1.0,1.0,0.6871875822152065,0.5910164715199744,1.0,0.5910164715199744
GRID_1346,INDIAN_MARINE,9.0,90.0,317.0689088625732,17.614939381254068,140.91951505003254,3067.0,0.119,0.034500003,0.12390017,0,0,0,1167.0133424870255,77.1807067298205,0.30191458026509577,1.0,1.0,0.643819407008797,0.881273135669599,0.5915938579673474,1.0,0.5915938579673474
GRID_1347,INDIAN_MARINE,12.5,69.75,222.69739068978708,12.372077260543726,98.9766180843498,4299.0,-0.0085,-0.024,0.025460755,0,0,0,577.3817636055354,151.7316718624731,0.4771723122238586,1.0,1.0,1.0,1.0,0.7385861561119293,1.0,0.7385861561119293
GRID_1348,INDIAN_MARINE,17.5,74.25,156.19376276617922,8.677431264787735,69.41945011830188,0.0,,,,0,0,0,44.22683683919258,120.2138166104786,0.5945017182130584,0.0,1.0,,0.5,0.5472508591065293,0.8,0.4378006872852234
GRID_1349,INDIAN_MARINE,9.5,84.0,404.0650600802974,22.448058893349856,179.58447114679885,3659.0,-0.22750002,-0.039499998,0.23090367,0,0,0,506.0764387272098,60.09979701609216,0.14334806087383412,1.0,1.0,0.17595377687044636,0.7253179256234821,0.4343329932486581,1.0,0.4343329932486581
GRID_1350,INDIAN_MARINE,9.5,96.0,373.021030083041,20.723390560168944,165.78712448135155,1546.0,-0.1385,-0.0175,0.13960123,0,0,0,1508.851687405002,21.250067346814056,0.19931271477663226,1.0,1.0,0.575167574772094,0.8583891915906979,0.5288509531836652,1.0,0.5288509531836652
GRID_1351,INDIAN_MARINE,13.5,97.0,471.9793278341289,26.22107376856272,209.76859014850172,93.0,0.056500003,-0.016999997,0.05900212,0,0,0,1111.8592664359014,84.28201480523498,0.03387334315169366,0.0734017363851618,1.0,0.9275817798096885,0.6669945053982834,0.35043392427498854,1.0,0.35043392427498854
GRID_1352,INDIAN_MARINE,13.0,82.25,145.08260965305263,8.060144980725147,64.48115984580117,3473.0,-0.031499997,-0.068,0.07494164,0,0,0,223.57944911786143,166.20984551498253,0.6151202749140894,1.0,1.0,0.8578872972095599,0.9526290990698533,0.7838746869919713,1.0,0.7838746869919713
GRID_1353,INDIAN_MARINE,17.5,83.75,260.3472458372191,14.463735879845505,115.70988703876404,574.0,0.06850001,0.065,0.0944312,0,0,0,254.0945466509192,46.14605289581829,0.4099165439371625,0.4530386740331492,1.0,0.7726705027073316,0.7419030589134936,0.5759098014253281,1.0,0.5759098014253281
GRID_1354,INDIAN_MARINE,13.75,91.75,115.56241288243343,6.42013404902408,51.36107239219264,2930.0,0.048,0.011,0.04924429,0,0,0,961.0480930148884,92.63469670490178,0.6656848306332843,1.0,1.0,0.9702472373109188,0.9900824124369729,0.8278836215351286,1.0,0.8278836215351286
GRID_1355,INDIAN_MARINE,17.5,83.0,208.17220746112588,11.565122636729216,92.52098109383373,0.0,,,,0,0,0,307.0145823253667,11.604378387540416,0.5046637211585665,0.0,1.0,,0.5,0.5023318605792833,0.8,0.4018654884634266
GRID_1356,INDIAN_MARINE,21.5,70.25,278.1482378474641,15.45267988041467,123.62143904331737,0.0,,,,0,0,0,120.99610046890946,115.71647313091351,0.3745704467353952,0.0,1.0,,0.5,0.4372852233676976,0.8,0.3498281786941581
GRID_1357,INDIAN_MARINE,15.5,75.25,186.05592257827985,10.33644014323777,82.69152114590216,0.0,,,,0,0,0,130.25512510988895,154.41422418774022,0.5478645066273933,0.0,1.0,,0.5,0.5239322533136966,0.8,0.41914580265095736
GRID_1358,INDIAN_MARINE,20.5,69.0,345.6798432354581,19.20443573530323,153.63548588242583,1721.0,0.0025000004,0.068500005,0.06854561,0,0,0,269.89591035409745,204.04188779875545,0.2454590083456063,1.0,1.0,0.8858535095889101,0.9619511698629699,0.6037050891042881,1.0,0.6037050891042881
GRID_1359,INDIAN_MARINE,17.5,84.25,301.79740319361605,16.766522399645336,134.13217919716269,2544.0,0.0140000135,0.19150001,0.19201107,0,0,0,229.1573986731845,81.72065482059327,0.33186057928325974,1.0,1.0,0.34600906297528233,0.7820030209917608,0.5569318001375103,1.0,0.5569318001375103
GRID_1360,INDIAN_MARINE,11.0,81.5,97.51411651167284,5.417450917315158,43.33960733852126,3616.0,-0.0655,0.0695,0.09550131,0,0,0,194.17698243221852,13.164548656936947,0.6941580756013745,1.0,1.0,0.7679915184734761,0.9226638394911586,0.8084109575462666,1.0,0.8084109575462666
GRID_1361,INDIAN_MARINE,11.25,91.0,148.3010399491401,8.238946663841116,65.91157331072893,3340.0,-0.028000005,-0.034,0.044045433,0,0,0,1147.9131600583762,134.02941174283342,0.6087383406971036,1.0,1.0,0.9929788910073323,0.9976596303357774,0.8031989855164405,1.0,0.8031989855164405
GRID_1362,INDIAN_MARINE,9.75,81.0,114.87661497820432,6.382034165455796,51.056273323646366,2409.0,0.028500002,0.14950001,0.15219232,0,0,0,179.0493725216653,89.31663701050992,0.667157584683358,1.0,1.0,0.5201138778651827,0.8400379592883942,0.7535977719858761,1.0,0.7535977719858761
GRID_1363,INDIAN_MARINE,16.0,81.25,8.062015854179139,0.4478897696766188,3.5831181574129505,15.0,,,,0,0,1,366.7212018601143,2.256790038678612,0.9896907216494846,0.011838989739542225,0.6666666666666666,,0.3392528282031045,0.6644717749262945,0.8,0.5315774199410356
GRID_1364,INDIAN_MARINE,15.25,72.0,116.3059650035425,6.461442500196806,51.691540001574445,2061.0,0.033,0.043500002,0.054600827,0,0,0,234.12271681028045,178.06101525799755,0.6647029945999019,1.0,1.0,0.9468261383855155,0.9822753794618384,0.8234891870308702,1.0,0.8234891870308702
GRID_1365,INDIAN_MARINE,15.25,95.0,342.2742025497958,19.01523347498865,152.12186779990924,32.0,0.024,0.0485,0.054113306,0,0,0,846.0639521252783,17.641345809774855,0.25135002454590083,0.025256511444356748,1.0,0.9489577912741657,0.6580714342395074,0.4547107293927041,1.0,0.4547107293927041
GRID_1366,INDIAN_MARINE,14.5,92.25,153.44236162828852,8.524575646016029,68.19660516812823,2867.0,0.09,-0.022000004,0.09264988,0,0,0,902.184008397433,9.861385691383386,0.5994108983799705,1.0,1.0,0.7804592049860238,0.9268197349953412,0.7631153166876559,1.0,0.7631153166876559
GRID_1367,INDIAN_MARINE,12.25,81.5,76.87554925194254,4.2708638473301415,34.16691077864113,3515.0,0.109500006,0.10100001,0.14896728,0,0,0,158.75488002178813,144.383504231299,0.7373588610702013,1.0,1.0,0.5342151490555772,0.8447383830185257,0.7910486220443635,1.0,0.7910486220443635
GRID_1368,INDIAN_MARINE,8.75,91.25,250.523268199426,13.917959344412557,111.34367475530046,3676.0,0.046,-0.0055000037,0.04632764,0,0,0,1308.8980952315817,169.67195737404708,0.42660775650466376,1.0,1.0,0.9830000939010585,0.994333364633686,0.7104705605691749,1.0,0.7104705605691749
GRID_1369,INDIAN_MARINE,10.0,83.75,362.5609949500482,20.1422774972249,161.1382199777992,3609.0,-0.2615,-0.045,0.26534364,0,0,0,467.17706799129513,60.24875887394528,0.21600392734413354,1.0,1.0,0.025367316932258514,0.6751224389774194,0.4455631831607765,1.0,0.4455631831607765
GRID_1370,INDIAN_MARINE,12.5,79.0,144.30684087317644,8.01704671517647,64.13637372141176,0.0,,,,0,0,0,93.76299843818492,114.51615364814948,0.6156111929307806,0.0,1.0,,0.5,0.5578055964653903,0.8,0.44624447717231225
GRID_1371,INDIAN_MARINE,19.5,73.5,97.67716049753405,5.426508916529669,43.41207133223735,0.0,,,,0,0,0,67.98297730455849,85.7247897936545,0.6936671575846833,0.0,1.0,,0.5,0.5968335787923417,0.8,0.47746686303387337
GRID_1372,INDIAN_MARINE,16.25,71.0,178.06747233626243,9.89263735201458,79.14109881611664,2662.0,0.058500003,0.119,0.13260186,0,0,0,315.48629491712,126.82995855927612,0.5586647029945999,1.0,1.0,0.6057718508529836,0.8685906169509945,0.7136276599727972,1.0,0.7136276599727972
GRID_1373,INDIAN_MARINE,16.0,89.0,499.5264609050681,27.75147005028156,222.0117604022525,2653.0,0.21550001,0.102000006,0.23842034,0,0,0,576.5388194009868,130.30867322895222,0.0,1.0,1.0,0.14308764121981776,0.7143625470732725,0.35718127353663626,1.0,0.35718127353663626
GRID_1374,INDIAN_MARINE,9.25,78.25,185.20187864941224,10.28899325830068,82.31194606640544,0.0,,,,0,0,0,26.600631501870467,38.03601595760266,0.5488463426607757,0.0,1.0,,0.5,0.5244231713303878,0.8,0.4195385370643103
GRID_1375,INDIAN_MARINE,5.25,77.75,317.7216241477716,17.651201341542865,141.20961073234292,2578.0,0.091000006,0.07300001,0.11666191,0,0,0,325.6454088615103,34.659435293328,0.2994599901816397,1.0,1.0,0.6754682135992844,0.8918227378664281,0.5956413640240339,1.0,0.5956413640240339
GRID_1376,INDIAN_MARINE,16.75,85.0,334.0579739379218,18.558776329884545,148.47021063907636,2822.0,0.13200001,0.26900002,0.2996415,0,0,0,301.959842936614,186.28306218901992,0.26509572901325473,1.0,1.0,0.0,0.6666666666666666,0.4658811978399607,1.0,0.4658811978399607
GRID_1377,INDIAN_MARINE,9.25,81.5,191.0236043148094,10.612422461933855,84.89937969547084,3750.0,0.058000002,-0.04,0.07045566,0,0,0,250.46885428486016,167.33070991284296,0.5360824742268041,1.0,1.0,0.8775019440153938,0.9591673146717978,0.7476248944493009,1.0,0.7476248944493009
GRID_1378,INDIAN_MARINE,15.5,77.5,301.8914340978725,16.771746338770694,134.17397071016555,0.0,,,,0,0,0,344.7916841821836,301.92286498393094,0.3308787432498773,0.0,1.0,,0.5,0.41543937162493866,0.8,0.33235149729995095
GRID_1379,INDIAN_MARINE,17.0,69.5,286.13384585135043,15.896324769519468,127.17059815615576,3559.0,0.13450001,-0.156,0.20597635,0,0,0,451.3606458323596,18.489978764994618,0.3583701521845851,1.0,1.0,0.28494681242031444,0.7616489374734381,0.5600095448290117,1.0,0.5600095448290117
GRID_1380,INDIAN_MARINE,14.25,84.5,311.7800262954257,17.321112571968097,138.56890057574478,3278.0,-0.063,0.05200001,0.081688434,0,0,0,497.33969303880457,24.20679289874396,0.3132056946489936,1.0,1.0,0.8283873927557464,0.9427957975852488,0.6280007461171212,1.0,0.6280007461171212
GRID_1381,INDIAN_MARINE,12.0,92.0,106.20917838652576,5.900509910362542,47.20407928290034,1084.0,0.0069999993,-0.015000001,0.016552946,0,0,0,1142.8120083576184,40.41569324959879,0.6833578792341679,0.8555643251775849,1.0,1.0,0.9518547750591949,0.8176063271466814,1.0,0.8176063271466814
GRID_1382,INDIAN_MARINE,12.0,95.0,217.42779255515933,12.079321808619962,96.6345744689597,2110.0,-0.0465,-0.119500004,0.12822832,0,0,0,1208.476802388035,51.3462999696478,0.4855179185076093,1.0,1.0,0.6248948612968969,0.8749649537656322,0.6802414361366207,1.0,0.6802414361366207
GRID_1383,INDIAN_MARINE,8.0,91.25,327.1895499969368,18.177197222052044,145.41757777641635,3569.0,-0.0014999956,-0.054500002,0.05452064,0,0,0,1330.6268869895375,174.34881326641948,0.2773686794305351,1.0,1.0,0.9471767506672063,0.9823922502224021,0.6298804648264686,1.0,0.6298804648264686
GRID_1384,INDIAN_MARINE,18.5,70.75,141.73233596049894,7.874018664472164,62.99214931577731,77.0,0.030000001,0.016999999,0.03448188,0,0,0,250.7170574685548,176.7378199891239,0.6190476190476191,0.06077348066298342,1.0,1.0,0.6869244935543277,0.6529860563009734,1.0,0.6529860563009734
GRID_1385,INDIAN_MARINE,12.75,91.25,157.57937060676045,8.754409478153358,70.03527582522686,3060.0,0.012499999,0.054,0.055427883,0,0,0,1023.931887418876,152.91932644716462,0.5915562101129112,1.0,1.0,0.9432098914720994,0.9810699638240331,0.7863130869684721,1.0,0.7863130869684721
GRID_1386,INDIAN_MARINE,13.25,93.75,120.2261567188318,6.679230928823989,53.43384743059191,1833.0,0.030000001,-0.013000004,0.032695565,0,0,0,1047.57376982775,37.5583469779972,0.6568483063328424,1.0,1.0,1.0,1.0,0.8284241531664212,1.0,0.8284241531664212
GRID_1387,INDIAN_MARINE,6.25,74.5,285.8990084851823,15.883278249176795,127.06622599341436,2747.0,-0.15250002,0.2185,0.26645544,0,0,0,386.2063001005956,117.2586989400713,0.3608247422680413,1.0,1.0,0.02050604596833849,0.6735020153227794,0.5171633787954104,1.0,0.5171633787954104
GRID_1388,INDIAN_MARINE,5.5,72.5,339.3665239693268,18.85369577607371,150.82956620858968,1970.0,-0.19200002,0.11000001,0.22127813,0,0,0,620.0946618387004,13.53949720612209,0.25675012272950415,1.0,1.0,0.21804080521551833,0.7393469350718394,0.49804852890067175,1.0,0.49804852890067175
GRID_1389,INDIAN_MARINE,11.0,92.5,19.2003197307812,1.0666844294878444,8.533475435902755,26.0,0.0085,-0.016000003,0.018117674,0,0,0,1266.498380319443,31.00566137340664,0.9646539027982327,0.020520915548539857,1.0,1.0,0.6735069718495132,0.8190804373238729,1.0,0.8190804373238729
GRID_1390,INDIAN_MARINE,21.0,70.0,267.75909912969604,14.875505507205336,119.00404405764267,32.0,0.10700001,-0.012,0.10767081,0,0,0,180.3520667448753,98.63994302163216,0.3961708394698086,0.025256511444356748,1.0,0.7147811955777891,0.5800125690073819,0.4880917042385952,1.0,0.4880917042385952
GRID_1391,INDIAN_MARINE,15.75,81.75,10.61825454812299,0.5899030304512772,4.719224243610218,1558.0,0.6305,0.0435,0.63199884,0,0,0,361.74771734914776,56.36031005681255,0.9872361315660285,1.0,1.0,0.0,0.6666666666666666,0.8269513991163475,1.0,0.8269513991163475
GRID_1392,INDIAN_MARINE,12.0,75.0,19.245720047896583,1.069206669327588,8.553653354620703,40.0,-0.004999999,-0.037,0.03733631,0,0,0,56.7656551858089,20.556210943954287,0.9641629847815415,0.03157063930544594,1.0,1.0,0.6771902131018153,0.8206765989416784,1.0,0.8206765989416784
GRID_1393,INDIAN_MARINE,14.25,96.0,380.8059355945255,21.15588531080697,169.24708248645575,147.0,0.082,0.017499998,0.08384659,0,0,0,990.130134801913,86.03477554418338,0.1875306823760432,0.11602209944751381,1.0,0.8189510003304812,0.6449910332593316,0.4162608578176874,1.0,0.4162608578176874
GRID_1394,INDIAN_MARINE,13.75,83.75,283.51193220761473,15.75066290042304,126.00530320338432,3240.0,-0.030500002,-0.0275,0.04106702,0,0,0,401.6780815652689,23.644487268209662,0.3652430044182622,1.0,1.0,1.0,1.0,0.6826215022091311,1.0,0.6826215022091311
GRID_1395,INDIAN_MARINE,8.5,81.25,253.55089082691052,14.086160601495031,112.68928481196023,182.0,,,,0,0,0,237.09611505868168,200.4696903154656,0.4192439862542955,0.143646408839779,1.0,,0.5718232044198895,0.4955335953370925,0.8,0.39642687626967404
GRID_1396,INDIAN_MARINE,10.5,81.75,137.383318388741,7.632406577152277,61.05925261721822,3652.0,-0.146,0.040500008,0.1515132,0,0,0,239.6904883980269,49.77204267916228,0.6239567992145312,1.0,1.0,0.5230832845363622,0.8410277615121207,0.7324922803633259,1.0,0.7324922803633259
GRID_1397,INDIAN_MARINE,18.25,70.75,133.40261672590614,7.411256484772563,59.290051878180506,90.0,0.012500001,-0.0020000003,0.01265899,0,0,0,260.19784629829536,160.57843056018416,0.6308296514482081,0.07103393843725335,1.0,1.0,0.6903446461457511,0.6605871487969797,1.0,0.6605871487969797
GRID_1398,INDIAN_MARINE,16.5,76.25,322.47387567607336,17.91521531533741,143.32172252269928,0.0,,,,0,0,0,245.78266975984604,307.1060191075092,0.2896416298478154,0.0,1.0,,0.5,0.3948208149239077,0.8,0.31585665193912615
GRID_1399,INDIAN_MARINE,10.25,88.25,442.9502645442541,24.60834803023634,196.8667842418907,3396.0,0.038000003,0.15050001,0.15522325,0,0,0,941.6840831821872,71.22455521085917,0.07511045655375548,1.0,1.0,0.5068613396364777,0.8356204465454925,0.455365451549624,1.0,0.455365451549624
GRID_1400,INDIAN_MARINE,8.5,70.25,292.670445722006,16.25946920677811,130.07575365422488,3951.0,0.016000003,-0.105500005,0.10670638,0,0,0,717.3686076564434,45.687027378129805,0.3490427098674521,1.0,1.0,0.7189981010965275,0.9063327003655091,0.6276877051164806,1.0,0.6276877051164806
GRID_1401,INDIAN_MARINE,17.5,68.75,347.0193323876201,19.27885179931223,154.23081439449783,3534.0,0.162,-0.054,0.170763,0,0,0,499.4926607926683,42.85510255134224,0.24300441826215025,1.0,1.0,0.43891482456040604,0.8129716081868019,0.5279880132244761,1.0,0.5279880132244761
GRID_1402,INDIAN_MARINE,15.5,91.0,312.4994087606366,17.36107826447981,138.8886261158385,2614.0,0.046000004,-0.066,0.08044875,0,0,0,743.4467592012722,27.334448848685327,0.31173294059892,1.0,1.0,0.8338078279362071,0.944602609312069,0.6281677749554945,1.0,0.6281677749554945
GRID_1403,INDIAN_MARINE,14.25,68.0,465.4278497144427,25.85710276191348,206.85682209530785,4048.0,0.09900001,0.1135,0.1506096,0,0,0,688.8684345437534,98.92816877210242,0.04221894943544424,1.0,1.0,0.5270342149581989,0.8423447383193996,0.4422818438774219,1.0,0.4422818438774219
GRID_1404,INDIAN_MARINE,9.75,89.5,323.53151653669056,17.973973140927253,143.79178512741802,3399.0,-0.043000005,-0.0055,0.043350324,0,0,0,1091.6460103698178,45.37090904569804,0.2866961217476681,1.0,1.0,0.9960182085090947,0.9986727361696982,0.6426844289586832,1.0,0.6426844289586832
GRID_1405,INDIAN_MARINE,6.75,94.0,452.68254062940383,25.14903003496688,201.19224027973505,1610.0,-0.16100001,-0.176,0.23853093,0,0,0,1660.8658216069227,18.096276653349168,0.06332842415316642,1.0,1.0,0.14260409385887166,0.7142013646196238,0.3887648943863951,1.0,0.3887648943863951
GRID_1406,INDIAN_MARINE,10.75,75.25,19.49118884817351,1.0828438248985284,8.662750599188227,470.0,0.027,-0.0715,0.07642807,0,0,0,128.45162271824557,66.93326139929155,0.9636720667648503,0.3709550118389897,1.0,0.8513879816861747,0.7407809978417215,0.8522265323032858,1.0,0.8522265323032858
GRID_1407,INDIAN_MARINE,12.25,83.25,261.7596088861009,14.542200493672274,116.3376039493782,3405.0,0.14950001,-0.0785,0.16885646,0,0,0,343.42738872807087,40.9670001143006,0.40795287187039764,1.0,1.0,0.4472510428942359,0.8157503476314119,0.6118516097509048,1.0,0.6118516097509048
GRID_1408,INDIAN_MARINE,20.5,75.25,290.7542070545367,16.153011503029816,129.22409202423853,0.0,,,,0,0,0,134.98794457923918,301.1624717769226,0.35149729995090817,0.0,1.0,,0.5,0.4257486499754541,0.8,0.3405989199803633
GRID_1409,INDIAN_MARINE,10.0,78.5,224.4506531951001,12.469480733061117,99.75584586448892,0.0,,,,0,0,0,71.92268107022943,101.49546594642524,0.4722631320569465,0.0,1.0,,0.5,0.48613156602847324,0.8,0.3889052528227786
GRID_1410,INDIAN_MARINE,22.0,69.0,412.9187855953318,22.93993253307399,183.5194602645919,39.0,0.14950001,-0.094500005,0.17686296,0,0,0,138.4042021854611,38.004133838269645,0.1296023564064801,0.030781373322809787,1.0,0.4122431584072546,0.48100817724335476,0.30530526682491743,1.0,0.30530526682491743
GRID_1411,INDIAN_MARINE,15.75,82.5,51.62300580256958,2.867944766809421,22.943558134475367,2460.0,0.391,-0.024500001,0.39176682,0,0,0,407.50488970725854,93.83145564052356,0.8109965635738832,1.0,1.0,0.0,0.6666666666666666,0.738831615120275,1.0,0.738831615120275
GRID_1412,INDIAN_MARINE,10.75,75.75,8.683102788608117,0.4823945993671176,3.859156794936941,37.0,0.068,-0.1365,0.1525,0,0,0,77.24373568806448,17.844822107077896,0.9887088856161022,0.02920284135753749,1.0,0.5187685676923288,0.5159904696832888,0.7523496776496954,1.0,0.7523496776496954
GRID_1413,INDIAN_MARINE,8.5,93.5,250.74419365309024,13.930232980727236,111.44186384581788,378.0,-0.135,-0.1525,0.20366947,0,0,0,1558.564849227247,52.91152231067099,0.42611683848797255,0.2983425414364641,1.0,0.2950334905649879,0.531125344000484,0.47862109124422825,1.0,0.47862109124422825
GRID_1414,INDIAN_MARINE,18.0,70.0,209.72771731968996,11.651539851093885,93.21231880875108,2691.0,0.0045,0.081,0.0811249,0,0,0,348.6048326163775,74.94853710085343,0.501227295041728,1.0,1.0,0.8308514073909161,0.943617135796972,0.72242221541935,1.0,0.72242221541935
GRID_1415,INDIAN_MARINE,21.0,71.75,137.26492856394376,7.625829364663541,61.00663491730833,16.0,,,,0,0,0,237.09028675451304,79.11254626533992,0.6244477172312224,0.012628255722178374,1.0,,0.5063141278610892,0.5653809225461558,0.8,0.45230473803692467
GRID_1416,INDIAN_MARINE,8.25,92.25,273.0948627064315,15.171936817023973,121.37549453619178,1132.0,-0.031500004,-0.098000005,0.1029381,0,0,0,1430.4924694460326,86.61152166409782,0.38242513500245456,0.89344909234412,1.0,0.7354746527676199,0.8763079150372466,0.6293665250198506,1.0,0.6293665250198506
GRID_1417,INDIAN_MARINE,19.25,81.0,356.9050582058455,19.82805878921364,158.6244703137091,0.0,,,,0,0,0,391.9913382096186,314.095646190327,0.22533136966126655,0.0,1.0,,0.5,0.3626656848306333,0.8,0.29013254786450665
GRID_1418,INDIAN_MARINE,15.75,89.75,421.1155098145464,23.39530610080813,187.16244880646505,2615.0,0.16700001,0.21600002,0.27302933,0,0,0,654.9423142803181,44.679811631968285,0.11536573392243499,1.0,1.0,0.0,0.6666666666666666,0.3910162002945508,1.0,0.3910162002945508
GRID_1419,INDIAN_MARINE,7.5,82.25,400.1586407531101,22.231035597395007,177.84828477916005,3879.0,-0.0825,-0.2675,0.27993304,0,0,0,386.1881338617168,327.8933207967951,0.1512027491408935,1.0,1.0,0.0,0.6666666666666666,0.40893470790378006,1.0,0.40893470790378006
GRID_1420,INDIAN_MARINE,9.75,80.0,115.07900548046769,6.393278082248205,51.14622465798564,0.0,0.1185,0.097,0.15313801,0,0,0,93.0412599138274,34.62649161761089,0.6666666666666667,0.0,1.0,0.5159789117400977,0.5053263039133659,0.5859964852900164,1.0,0.5859964852900164
GRID_1421,INDIAN_MARINE,7.25,69.75,403.429407894932,22.41274488305178,179.30195906441423,4513.0,0.21400002,0.09,0.23215513,0,0,0,823.7203083199556,41.9876293506904,0.14432989690721654,1.0,1.0,0.17048185191945942,0.7234939506398198,0.43391192377351817,1.0,0.43391192377351817
GRID_1422,INDIAN_MARINE,10.75,71.0,132.2475788014116,7.347087711189534,58.77670168951627,3726.0,0.005999999,0.073,0.07324616,0,0,0,521.6697826377498,118.31417249279566,0.6347569955817378,1.0,1.0,0.8653006698430437,0.9551002232810145,0.7949286094313761,1.0,0.7949286094313761
GRID_1423,INDIAN_MARINE,6.75,95.0,496.2606712693251,27.57003729274028,220.56029834192225,2645.0,-0.15900001,-0.1875,0.2458399,0,0,0,1768.8440497894476,25.76729521015485,0.004909180166912108,1.0,1.0,0.11064611253384678,0.7035487041779489,0.3542289421724305,1.0,0.3542289421724305
GRID_1424,INDIAN_MARINE,18.5,69.25,293.4753816801537,16.30418787111965,130.4335029689572,3224.0,0.072500005,0.012500003,0.0735697,0,0,0,413.91393827975634,86.71110476373326,0.3475699558173785,1.0,1.0,0.8638860128834586,0.9546286709611528,0.6510993133892656,1.0,0.6510993133892656
GRID_1425,INDIAN_MARINE,13.5,72.5,115.2078169028516,6.400434272380645,51.20347417904516,182.0,-0.021500003,0.0755,0.07850159,0,0,0,267.6134963651556,143.30896569897234,0.6661757486499755,0.143646408839779,1.0,0.8423216544968354,0.6619893544455381,0.6640825515477569,1.0,0.6640825515477569
GRID_1426,INDIAN_MARINE,9.75,93.25,111.42388813421152,6.190216007456196,49.52172805964957,1986.0,0.072500005,-0.097,0.12110017,0,0,0,1429.662004468982,73.0954818879911,0.6750122729504173,1.0,1.0,0.6560622192942585,0.8853540730980861,0.7801831730242517,1.0,0.7801831730242517
GRID_1427,INDIAN_MARINE,11.0,78.75,158.17302581646544,8.787390323136968,70.29912258509574,0.0,,,,0,0,0,70.51551004142152,123.90028438046724,0.5910652920962199,0.0,1.0,,0.5,0.54553264604811,0.8,0.43642611683848803
GRID_1428,INDIAN_MARINE,7.75,96.25,497.71759224707057,27.65097734705948,221.20781877647585,682.0,-0.035000004,0.089,0.09563472,0,0,0,1707.158195224753,40.219103940221146,0.002945508100147265,0.5382794001578532,1.0,0.7674081921924035,0.768562530783419,0.3857540194417831,1.0,0.3857540194417831
GRID_1429,INDIAN_MARINE,12.0,88.5,431.6196437678454,23.978869098213632,191.83095278570903,3192.0,0.055,0.021500006,0.059052944,0,0,0,925.1641499363324,35.670720155243984,0.0937653411880216,1.0,1.0,0.9273595552769754,0.9757865184256584,0.53477592980684,1.0,0.53477592980684
GRID_1430,INDIAN_MARINE,8.5,95.25,359.6923485018079,19.98290825010044,159.8632660008035,2707.0,0.186,-0.0855,0.20471016,0,0,0,1603.2117621557609,43.399748309908205,0.22189494354442807,1.0,1.0,0.29048314330878894,0.7634943811029296,0.4926946623236788,1.0,0.4926946623236788
GRID_1431,INDIAN_MARINE,11.0,94.25,144.28572093595608,8.015873385330893,64.12698708264715,3101.0,-0.241,-0.030000001,0.24286003,0,0,0,1308.0978044302997,125.94148703762929,0.6161021109474718,1.0,1.0,0.12367539433566041,0.7078917981118867,0.6619969545296793,1.0,0.6619969545296793
GRID_1432,INDIAN_MARINE,13.5,76.0,176.74227129754215,9.819015072085676,78.5521205766854,0.0,,,,0,0,0,75.86466291478969,149.48297423985116,0.5606283750613648,0.0,1.0,,0.5,0.5303141875306824,0.8,0.42425135002454595
GRID_1433,INDIAN_MARINE,13.0,85.0,438.6978249253031,24.37210138473906,194.9768110779125,3243.0,-0.049500003,0.064500004,0.08130498,0,0,0,529.609069448139,122.22610334531744,0.08296514482081496,1.0,1.0,0.8300640196636426,0.9433546732212141,0.5131599090210146,1.0,0.5131599090210146
GRID_1434,INDIAN_MARINE,14.25,82.75,175.09110826331124,9.72728379240618,77.81827033924944,3282.0,0.086500004,-0.1665,0.18762863,0,0,0,316.54436065718403,140.11577195435996,0.5645557191948944,1.0,1.0,0.3651709880725317,0.7883903293575105,0.6764730242762025,1.0,0.6764730242762025
GRID_1435,INDIAN_MARINE,7.5,73.0,110.65189059773304,6.147327255429613,49.178618043436906,1215.0,-0.06650001,0.23600002,0.24519025,0,0,0,470.0015209540371,20.885320099793997,0.6774668630338734,0.9589581689029203,1.0,0.11348666360572182,0.6908149441695474,0.6841409036017103,1.0,0.6841409036017103
GRID_1436,INDIAN_MARINE,11.0,92.25,14.332011578749112,0.7962228654860618,6.369782923888494,260.0,0.008000001,-0.040999997,0.041773196,0,0,1,1249.711586310766,4.506327048645784,0.9837997054491899,0.2052091554853986,0.6666666666666666,1.0,0.6239586073840218,0.8038791564166059,1.0,0.8038791564166059
GRID_1437,INDIAN_MARINE,18.5,70.5,166.2288325244118,9.2349351402451,73.87948112196081,110.0,0.056,0.030000003,0.06352952,0,0,0,277.60847918100706,155.58533098354178,0.579774177712322,0.08681925808997633,1.0,0.907786026830689,0.6648684283068884,0.6223213030096052,1.0,0.6223213030096052
GRID_1438,INDIAN_MARINE,8.75,73.25,30.79873404940968,1.71104078052276,13.68832624418208,2426.0,-0.087000005,0.17950001,0.19947244,0,0,1,405.44897670080616,3.1482445836733786,0.917034855179185,1.0,0.6666666666666666,0.31338472286729163,0.6600171298446528,0.7885259925119189,1.0,0.7885259925119189
GRID_1439,INDIAN_MARINE,19.25,83.0,385.24616872038047,21.402564928910024,171.2205194312802,0.0,,,,0,0,0,219.77146789728036,165.09793285754353,0.17722140402552777,0.0,1.0,,0.5,0.3386107020127639,0.8,0.27088856161021113
GRID_1440,INDIAN_MARINE,18.25,68.75,342.370449436989,19.020580524277168,152.16464419421737,3380.0,0.065500006,-0.079500005,0.10300729,0,0,0,474.05446605238456,34.21387729189979,0.2508591065292096,1.0,1.0,0.7351721241311803,0.91172404137706,0.5812915739531348,1.0,0.5812915739531348
GRID_1441,INDIAN_MARINE,16.25,76.5,341.1801931689988,18.95445517605549,151.6356414084439,0.0,,,,0,0,0,272.5945428474379,317.8323520748835,0.2538046146293569,0.0,1.0,,0.5,0.37690230731467844,0.8,0.3015218458517428
GRID_1442,INDIAN_MARINE,7.5,92.5,351.1573465005452,19.50874147225251,156.06993177802008,1361.0,0.0495,-0.11600001,0.12611999,0,0,0,1478.6432109270409,94.64632619634736,0.23465881197839966,1.0,1.0,0.6341133928775423,0.8780377976258473,0.5563483048021235,1.0,0.5563483048021235
GRID_1443,INDIAN_MARINE,16.75,73.5,69.64544556461153,3.869191420256196,30.95353136204957,0.0,,,,0,0,0,45.96193419248042,23.73908502762308,0.7535591556210113,0.0,1.0,,0.5,0.6267795778105056,0.8,0.5014236622484045
GRID_1444,INDIAN_MARINE,17.25,70.75,154.99843921549655,8.61102440086092,68.88819520688736,2512.0,-0.1215,0.1,0.15736026,0,0,0,318.6668101843962,122.45632351691934,0.5969563082965145,1.0,1.0,0.49751740667856553,0.8325058022261884,0.7147310552613515,1.0,0.7147310552613515
GRID_1445,INDIAN_MARINE,12.25,88.5,440.8354277540344,24.490857097446355,195.92685677957084,3174.0,0.031500004,-0.0405,0.051307894,0,0,0,908.682714980734,39.66692240667801,0.0800196367206677,1.0,1.0,0.9612242671668019,0.9870747557222672,0.5335471962214675,1.0,0.5335471962214675
GRID_1446,INDIAN_MARINE,10.25,88.0,470.0389708344034,26.113276157466856,208.90620925973485,3407.0,0.028,0.1075,0.11108668,0,0,0,915.3634613967188,98.59760377166562,0.03632793323514971,1.0,1.0,0.6998455330058108,0.8999485110019368,0.4681382221185433,1.0,0.4681382221185433
GRID_1447,INDIAN_MARINE,10.5,92.5,36.556558460024455,2.030919914445803,16.247359315566424,18.0,-0.0045,-0.036000002,0.036280163,0,0,0,1311.8388336266376,11.360914347772017,0.8787432498772705,0.014206787687450671,1.0,1.0,0.6714022625624835,0.7750727562198769,1.0,0.7750727562198769
GRID_1448,INDIAN_MARINE,18.5,81.25,272.02765264961187,15.11264736942288,120.90117895538305,0.0,,,,0,0,0,425.7067571615033,236.1117943083613,0.3838978890525282,0.0,1.0,,0.5,0.4419489445262641,0.8,0.3535591556210113
GRID_1449,INDIAN_MARINE,10.75,81.75,130.71213771482385,7.261785428601325,58.0942834288106,3645.0,-0.101500005,0.034999996,0.10736504,0,0,0,228.96917296889805,23.479128045847357,0.6386843397152675,1.0,1.0,0.7161181544036911,0.9053727181345637,0.7720285289249156,1.0,0.7720285289249156
GRID_1450,INDIAN_MARINE,16.75,77.25,369.3870030306105,20.52150016836725,164.172001346938,0.0,,,,0,0,0,359.8094982726607,360.3873745687364,0.2052037309769269,0.0,1.0,,0.5,0.35260186548846345,0.8,0.2820814923907708
GRID_1451,INDIAN_MARINE,5.25,79.0,376.49470582852473,20.91637254602915,167.3309803682332,4141.0,0.3545,0.07300001,0.36193818,0,0,0,366.85121260007,147.60382524601087,0.1968581246931762,1.0,1.0,0.0,0.6666666666666666,0.4317623956799214,1.0,0.4317623956799214
GRID_1452,INDIAN_MARINE,18.25,69.0,316.1140261082041,17.56189033934467,140.49512271475737,3367.0,0.026500002,-0.010499999,0.028504387,0,0,0,446.8559252785627,48.000093614831925,0.30486008836524303,1.0,1.0,1.0,1.0,0.6524300441826215,1.0,0.6524300441826215
GRID_1453,INDIAN_MARINE,14.0,94.75,245.1786460884781,13.62103589380434,108.96828715043472,525.0,0.178,-0.22350001,0.2857206,0,0,0,979.0078693797652,22.935544279900604,0.4374079528718704,0.4143646408839779,1.0,0.0,0.47145488029465926,0.4544314165832648,1.0,0.4544314165832648
GRID_1454,INDIAN_MARINE,20.75,71.0,165.81276528026584,9.211820293348104,73.69456234678482,0.0,,,,0,0,0,230.3319581221548,15.240118071179158,0.5812469317623956,0.0,1.0,,0.5,0.5406234658811978,0.8,0.4324987727049583
GRID_1455,INDIAN_MARINE,18.0,68.75,341.6865253517511,18.982584741763947,151.86067793411158,3408.0,0.07700001,-0.09150001,0.11958784,0,0,0,480.9236364343389,8.977356550068128,0.25282277859597446,1.0,1.0,0.6626747808312843,0.8875582602770947,0.5701905194365346,1.0,0.5701905194365346
GRID_1456,INDIAN_MARINE,14.75,80.0,54.16171022546743,3.008983901414857,24.071871211318857,0.0,,,,0,0,0,205.84153690302264,22.270292304257698,0.7987236131566029,0.0,1.0,,0.5,0.6493618065783014,0.8,0.5194894452626412
GRID_1457,INDIAN_MARINE,10.25,84.5,435.4331564012329,24.190730911179607,193.52584728943685,3557.0,-0.21350002,-0.090500005,0.23188901,0,0,0,538.7697012115937,26.102594796382917,0.08689248895434465,1.0,1.0,0.17164544377853327,0.7238818145928444,0.4053871517735945,1.0,0.4053871517735945
GRID_1458,INDIAN_MARINE,15.75,90.5,366.4386153843156,20.3577008546842,162.8616068374736,2544.0,0.13000001,0.086500004,0.15614818,0,0,0,699.534572488582,20.07700298507379,0.21060382916053022,1.0,1.0,0.5028171452196235,0.8342723817398745,0.5224381054502023,1.0,0.5224381054502023
GRID_1459,INDIAN_MARINE,11.0,90.75,167.68484959631425,9.315824977573014,74.52659982058411,3270.0,-0.083000004,-0.0345,0.08988465,0,0,0,1156.7020379694916,162.43749537660156,0.5768286696121747,1.0,1.0,0.7925499877774976,0.9308499959258325,0.7538393327690036,1.0,0.7538393327690036
GRID_1460,INDIAN_MARINE,17.0,76.5,361.3716755836391,20.07620419909106,160.60963359272847,0.0,,,,0,0,0,284.3567906646521,358.42688452341804,0.2184585174275896,0.0,1.0,,0.5,0.3592292587137948,0.8,0.28738340697103587
GRID_1461,INDIAN_MARINE,13.25,92.75,14.79349681318418,0.8218609340657879,6.574887472526303,34.0,,,,0,0,1,1043.6638117334066,0.4713456980820149,0.9828178694158075,0.026835043409629045,0.6666666666666666,,0.34675085503814784,0.6647843622269777,0.8,0.5318274897815821
GRID_1462,INDIAN_MARINE,8.5,83.5,407.2711550132271,22.626175278512616,181.00940222810087,3773.0,-0.17050001,-0.076000005,0.18667151,0,0,0,480.0806974009193,159.47284952934305,0.14040255277368674,1.0,1.0,0.3693559311063391,0.7897853103687796,0.4650939315712332,1.0,0.4650939315712332
GRID_1463,INDIAN_MARINE,8.5,92.25,246.0949397210865,13.671941095615916,109.37552876492732,1340.0,-0.0555,-0.06250001,0.08358529,0,0,0,1423.7094826545328,76.04231581344426,0.43495336278841434,1.0,1.0,0.8200935170626923,0.9400311723542307,0.6874922675713225,1.0,0.6874922675713225
GRID_1464,INDIAN_MARINE,20.25,69.5,289.50481662817384,16.083600923787436,128.6688073902995,106.0,0.0005000001,0.050000004,0.050002504,0,0,0,277.773791663278,156.14046342450172,0.3529700540009818,0.08366219415943173,1.0,0.9669319974272728,0.6835313971955681,0.5182507255982749,1.0,0.5182507255982749
GRID_1465,INDIAN_MARINE,8.0,90.5,363.7999828840019,20.21111016022233,161.68888128177863,3078.0,-0.008500002,0.020000003,0.021731317,0,0,0,1249.0821929690387,97.21519005387732,0.2145311732940599,1.0,1.0,1.0,1.0,0.60726558664703,1.0,0.60726558664703
GRID_1466,INDIAN_MARINE,14.75,95.75,377.0577077671679,20.94765043150933,167.58120345207465,103.0,0.029000003,-0.057500005,0.06439915,0,0,0,926.5803328069117,42.07333653073847,0.19489445262641136,0.08129439621152329,1.0,0.9039836279564725,0.6617593413893319,0.42832689700787163,1.0,0.42832689700787163
GRID_1467,INDIAN_MARINE,10.0,84.75,469.0601852981905,26.058899183232807,208.47119346586248,3575.0,-0.22100002,-0.050000004,0.22658554,0,0,0,573.069864483497,38.52844408682043,0.038782523318605766,1.0,1.0,0.19483451080409636,0.7316115036013654,0.3851970134599856,1.0,0.3851970134599856
GRID_1468,INDIAN_MARINE,5.5,73.5,332.1451828353807,18.45251015752115,147.6200812601692,11.0,-0.22850001,0.261,0.34689084,0,0,0,525.4880731794187,11.781926168827326,0.2680412371134021,0.008681925808997633,1.0,0.0,0.3362273086029992,0.30213427285820066,1.0,0.30213427285820066
GRID_1469,INDIAN_MARINE,13.0,81.75,91.5417872848626,5.085654849159033,40.68523879327226,3445.0,-0.029000007,0.056,0.063063465,0,0,0,167.97645855575723,159.3399952390611,0.7049582719685812,1.0,1.0,0.9098238210734393,0.9699412736911464,0.8374497728298638,1.0,0.8374497728298638
GRID_1470,INDIAN_MARINE,16.5,95.0,446.85151581377016,24.82508421187612,198.60067369500896,0.0,,,,0,0,0,708.0201619459344,84.7348710447598,0.06971035837015216,0.0,1.0,,0.5,0.2848551791850761,0.8,0.22788414334806087
GRID_1471,INDIAN_MARINE,17.0,78.75,262.7603032520182,14.597794625112122,116.78235700089698,0.0,,,,0,0,0,427.6637491041682,238.59152598371412,0.4054982817869416,0.0,1.0,,0.5,0.4527491408934708,0.8,0.3621993127147767
GRID_1472,INDIAN_MARINE,19.25,74.5,198.1246525846464,11.006925143591468,88.05540114873173,0.0,,,,0,0,0,97.96280214646048,192.6104141112488,0.5233186057928325,0.0,1.0,,0.5,0.5116593028964163,0.8,0.40932744231713303
GRID_1473,INDIAN_MARINE,9.0,81.0,192.29861870034603,10.683256594463668,85.46605275570934,19.0,,,,0,0,0,196.43358680529693,159.1252338728446,0.5321551300932744,0.01499605367008682,1.0,,0.5074980268350434,0.5198265784641589,0.8,0.4158612627713272
GRID_1474,INDIAN_MARINE,7.5,79.25,248.49312511791345,13.805173617661858,110.44138894129486,2110.0,-0.0435,0.26850003,0.27200094,0,0,0,185.8087902492128,55.23192192379979,0.43151693667157587,1.0,1.0,0.0,0.6666666666666666,0.5490918016691213,1.0,0.5490918016691213
GRID_1475,INDIAN_MARINE,9.5,82.0,208.58600252761067,11.588111251533926,92.7048900122714,3719.0,-0.131,-0.028499998,0.13406435,0,0,0,292.36756426391986,165.0654556122891,0.5031909671084929,1.0,1.0,0.5993772113746391,0.8664590704582129,0.6848250187833529,1.0,0.6848250187833529
GRID_1476,INDIAN_MARINE,7.25,92.75,377.4066941230342,20.967038562390787,167.7363084991263,2005.0,0.0235,-0.119500004,0.121788755,0,0,0,1512.220738162938,80.85583586305843,0.19440353460972015,1.0,1.0,0.6530514275451212,0.8843504758483737,0.539377005229047,1.0,0.539377005229047
GRID_1477,INDIAN_MARINE,7.25,81.0,382.5844539305321,21.25469188502956,170.0375350802365,0.0,,,,0,0,0,295.3571208772461,247.04285575505816,0.18360333824251351,0.0,1.0,,0.5,0.34180166912125676,0.8,0.27344133529700543
GRID_1478,INDIAN_MARINE,9.25,91.75,177.9909060241397,9.88838366800776,79.10706934406208,2459.0,0.07300001,0.028500006,0.07836613,0,0,0,1347.040334960534,102.38859599197365,0.5591556210112911,1.0,1.0,0.8429139442654742,0.9476379814218246,0.7533968012165579,1.0,0.7533968012165579
GRID_1479,INDIAN_MARINE,10.5,95.75,317.2915197605358,17.6273066533631,141.0184532269048,2533.0,-0.17300001,0.0205,0.17421037,0,0,0,1392.447315601555,49.57174560721075,0.30142366224840456,1.0,1.0,0.4238414303502162,0.807947143450072,0.5546854028492383,1.0,0.5546854028492383
GRID_1480,INDIAN_MARINE,5.25,73.0,358.89373360677814,19.93854075593212,159.50832604745696,25.0,-0.20650001,0.21650001,0.29918975,0,0,0,587.2024852023303,39.38201488913551,0.22238586156111928,0.01973164956590371,1.0,0.0,0.3399105498553012,0.28114820570821025,1.0,0.28114820570821025
GRID_1481,INDIAN_MARINE,17.75,85.5,427.1376870311966,23.729871501733143,189.83897201386517,2503.0,0.2105,0.0835,0.22645639,0,0,0,194.45168841607355,158.20982061126054,0.10162002945508097,1.0,1.0,0.19539921052076326,0.7317997368402543,0.41670988314766766,1.0,0.41670988314766766
GRID_1482,INDIAN_MARINE,14.0,70.75,226.94942254013017,12.608301252229454,100.86641001783563,2659.0,-0.0535,-0.157,0.16586517,0,0,0,399.54585861954286,161.52735696899086,0.468826705940108,1.0,1.0,0.46033025788044246,0.8201100859601475,0.6444683959501277,1.0,0.6444683959501277
GRID_1483,INDIAN_MARINE,11.75,80.25,14.993217607107706,0.8329565337282059,6.663652269825647,1434.0,0.0385,0.1365,0.1418256,0,0,0,60.46453834054454,46.387512998126894,0.9823269513991163,1.0,1.0,0.5654416660708754,0.8551472220236251,0.9187370867113707,1.0,0.9187370867113707
GRID_1484,INDIAN_MARINE,7.75,93.25,325.68016659960585,18.093342588866992,144.74674071093594,381.0,0.0020000003,-0.090500005,0.0905221,0,0,0,1552.5664905089145,7.005176226783366,0.2812960235640648,0.3007103393843725,1.0,0.7897627803877236,0.6968243732573653,0.4890601984107151,1.0,0.4890601984107151
GRID_1485,INDIAN_MARINE,16.0,94.25,357.99288299708303,19.888493499837946,159.10794799870357,0.0,-0.1365,0.0255,0.13886143,0,0,0,741.993929961064,6.785117544188353,0.2238586156111929,0.0,1.0,0.5784023006752312,0.526134100225077,0.37499635791813496,1.0,0.37499635791813496
GRID_1486,INDIAN_MARINE,10.5,73.25,34.44453242633313,1.913585134796285,15.30868107837028,1758.0,0.0295,-0.005000001,0.029920729,0,0,0,315.26689781722973,48.39534335993475,0.891507118311242,1.0,1.0,1.0,1.0,0.945753559155621,1.0,0.945753559155621
GRID_1487,INDIAN_MARINE,9.75,69.5,325.49952415694173,18.083306897607876,144.66645518086298,4564.0,-0.0165,0.0355,0.03914716,0,0,0,718.6994536811989,72.1287256106405,0.281786941580756,1.0,1.0,1.0,1.0,0.640893470790378,1.0,0.640893470790378
GRID_1488,INDIAN_MARINE,10.25,92.0,64.7496219231471,3.597201217952617,28.777609743620932,1164.0,0.042500004,0.013999999,0.04474651,0,0,0,1303.3707572833175,49.31537463083584,0.76926853215513,0.9187056037884768,1.0,0.9899134788256698,0.9695396942047154,0.8694041131799227,1.0,0.8694041131799227
GRID_1489,INDIAN_MARINE,6.0,75.5,240.3427855326564,13.352376974036464,106.81901579229172,2065.0,-0.08850001,0.2655,0.2798616,0,0,0,321.3203552293437,48.58530416724886,0.4467353951890034,1.0,1.0,0.0,0.6666666666666666,0.5567010309278351,1.0,0.5567010309278351
GRID_1490,INDIAN_MARINE,13.75,96.5,421.0970169707401,23.394278720596677,187.1542297647734,152.0,0.17050001,0.087500006,0.1916416,0,0,0,1063.7080069303413,120.05054815497536,0.1158566519391262,0.11996842936069456,1.0,0.34762454578067864,0.4891976583804577,0.30252715515979195,1.0,0.30252715515979195
GRID_1491,INDIAN_MARINE,13.5,81.25,51.94324429435812,2.8857357941310067,23.085886353048053,3187.0,-0.068,0.26250002,0.27116466,0,0,0,128.7317161059401,102.4982255492407,0.8100147275405007,1.0,1.0,0.0,0.6666666666666666,0.7383406971035837,1.0,0.7383406971035837
GRID_1492,INDIAN_MARINE,14.5,80.5,18.10620971328217,1.0059005396267873,8.047204317014298,1655.0,,,,0,0,0,178.14764023675016,32.98651424336765,0.9695630829651448,1.0,1.0,,1.0,0.9847815414825725,0.8,0.787825233186058
GRID_1493,INDIAN_MARINE,8.0,79.5,268.47885547728026,14.915491970960014,119.32393576768013,1428.0,0.0020000003,0.2565,0.2565078,0,0,0,135.91453177886297,70.64743802152024,0.3917525773195877,1.0,1.0,0.06400143496953427,0.688000478323178,0.5398765278213828,1.0,0.5398765278213828
GRID_1494,INDIAN_MARINE,15.5,85.75,400.412351015668,22.245130611981555,177.96104489585244,2878.0,-0.0785,0.017,0.08031968,0,0,0,455.1003035245949,21.225752057084467,0.15022091310751107,1.0,1.0,0.8343721778582373,0.9447907259527457,0.5475058195301283,1.0,0.5475058195301283
GRID_1495,INDIAN_MARINE,7.5,79.0,221.87987767937508,12.326659871076394,98.61327896861116,2379.0,-0.05350001,0.17300001,0.18108356,0,0,0,170.44576967294705,28.324721961789308,0.47913598429062343,1.0,1.0,0.39378886786010503,0.797929622620035,0.6385328034553293,1.0,0.6385328034553293
GRID_1496,INDIAN_MARINE,22.0,76.0,426.5966773547123,23.69981540859513,189.59852326876103,0.0,,,,0,0,0,86.0639068174516,454.1971679473933,0.1026018654884634,0.0,1.0,,0.5,0.3013009327442317,0.8,0.24104074619538537
GRID_1497,INDIAN_MARINE,15.5,71.75,127.52311685159292,7.084617602866273,56.676940822930185,2031.0,-0.0039999997,-0.0335,0.03373796,0,0,0,250.9600774036695,190.06952811089067,0.6460481099656357,1.0,1.0,1.0,1.0,0.8230240549828178,1.0,0.8230240549828178
GRID_1498,INDIAN_MARINE,14.25,71.75,184.60697056868565,10.255942809371426,82.04754247497141,1655.0,-0.007000001,0.045,0.04554119,0,0,0,285.5986782072655,212.10586409550933,0.5498281786941581,1.0,1.0,0.9864387938017375,0.9954795979339124,0.7726538883140353,1.0,0.7726538883140353
GRID_1499,INDIAN_MARINE,15.25,84.0,220.39844421819612,12.244358012122008,97.95486409697608,3085.0,0.149,0.11850001,0.19037661,0,0,0,487.8218915604525,144.26189583054398,0.48060873834069706,1.0,1.0,0.35315562974960213,0.784385209916534,0.6324969741286155,1.0,0.6324969741286155
GRID_1500,INDIAN_MARINE,10.0,76.25,38.754851723566425,2.1530473179759126,17.2243785438073,0.0,,,,0,0,1,75.5778780149426,3.934504872875859,0.8699067255768287,0.0,0.6666666666666666,,0.3333333333333333,0.601620029455081,0.8,0.4812960235640648
GRID_1501,INDIAN_MARINE,10.25,79.75,93.07310902766376,5.170728279314654,41.36582623451723,1.0,,,,0,0,0,31.06699514482651,15.04360958959749,0.7020127638684339,0.0007892659826361484,1.0,,0.500394632991318,0.601203698429876,0.8,0.4809629587439008
GRID_1502,INDIAN_MARINE,7.5,90.5,411.8692281785912,22.88162378769951,183.05299030159608,2883.0,-0.17350002,0.0545,0.18185848,0,0,0,1262.7057212021823,75.71680336550816,0.13205694648993616,1.0,1.0,0.39040058211144446,0.7968001940371481,0.4644285702635421,1.0,0.4644285702635421
GRID_1503,INDIAN_MARINE,12.5,78.75,167.75917538026684,9.319954187792602,74.55963350234082,0.0,,,,0,0,0,121.4283875669959,140.35864143640262,0.5763377515954835,0.0,1.0,,0.5,0.5381688757977418,0.8,0.43053510063819345
GRID_1504,INDIAN_MARINE,16.25,94.75,409.1534400779223,22.73074667099569,181.84597336796548,0.0,,,,0,0,0,727.2158376575403,62.55071993447628,0.13647520864015705,0.0,1.0,,0.5,0.3182376043200785,0.8,0.2545900834560628
GRID_1505,INDIAN_MARINE,19.5,83.0,411.8065739756241,22.87814299864578,183.02514398916625,0.0,,,,0,0,0,206.8164551417268,186.88965648880915,0.13254786450662737,0.0,1.0,,0.5,0.3162739322533137,0.8,0.25301914580265095
GRID_1506,INDIAN_MARINE,12.25,75.0,16.97132701602702,0.94285150089039,7.542812007123119,23.0,0.028500002,-0.060500003,0.066876754,0,0,0,46.40380672909552,8.523407299186216,0.9774177712322042,0.018153117600631413,1.0,0.893150470567291,0.6371011960559742,0.8072594836440892,1.0,0.8072594836440892
GRID_1507,INDIAN_MARINE,15.0,96.75,485.1893289296452,26.954962718313624,215.639701746509,36.0,0.040500004,0.105000004,0.11254,0,0,0,944.3018710315428,24.173126005592817,0.0176730486008837,0.028413575374901343,1.0,0.6934909887377011,0.5739681880375341,0.2958206183192089,1.0,0.2958206183192089
GRID_1508,INDIAN_MARINE,5.5,79.5,389.97075866836167,21.665042148242318,173.3203371859385,3925.0,0.33350003,0.17300001,0.37570104,0,0,0,373.5046984558911,181.7565038333545,0.16691212567501224,1.0,1.0,0.0,0.6666666666666666,0.41678939617083943,1.0,0.41678939617083943
GRID_1509,INDIAN_MARINE,12.75,68.5,360.4673672897911,20.02596484943284,160.2077187954627,4231.0,-0.058500007,0.0275,0.06464133,0,0,0,685.9810781784839,9.816914704569012,0.22091310751104565,1.0,1.0,0.9029247121424393,0.9676415707141464,0.594277339112596,1.0,0.594277339112596
GRID_1510,INDIAN_MARINE,16.0,76.0,282.528705980687,15.696039221149276,125.56831376919422,0.0,,,,0,0,0,219.44390882778524,255.08625166028503,0.3662248404516446,0.0,1.0,,0.5,0.4331124202258223,0.8,0.3464899361806579
GRID_1511,INDIAN_MARINE,15.25,93.25,239.90603502054464,13.328113056696925,106.6249044535754,2553.0,0.012,0.0025000125,0.012257653,0,0,0,814.6016044026302,56.28339379525601,0.4477172312223858,1.0,1.0,1.0,1.0,0.7238586156111929,1.0,0.7238586156111929
GRID_1512,INDIAN_MARINE,17.25,73.25,48.31491756572915,2.6841620869849527,21.473296695879625,0.0,,,,0,0,0,47.99532717018221,5.22859852041016,0.8257241040746195,0.0,1.0,,0.5,0.6628620520373097,0.8,0.5302896416298478
GRID_1513,INDIAN_MARINE,13.0,75.75,122.69803656431314,6.816557586906286,54.532460695250286,0.0,,,,0,0,0,34.925608873190484,101.8268924952843,0.6529209621993127,0.0,1.0,,0.5,0.5764604810996563,0.8,0.46116838487972506
GRID_1514,INDIAN_MARINE,9.0,92.0,198.57907992804573,11.032171107113651,88.25736885690921,2205.0,-0.004000008,-0.000500001,0.004031137,0,0,0,1382.3453267311984,81.79113736419494,0.5218458517427589,1.0,1.0,1.0,1.0,0.7609229258713794,1.0,0.7609229258713794
GRID_1515,INDIAN_MARINE,12.25,85.25,477.8260597398537,26.54589220776965,212.3671376621572,3317.0,-0.14350002,-0.0055000037,0.14360537,0,0,0,562.6342953984365,177.74435581143186,0.027982326951399128,1.0,1.0,0.5576597410632697,0.8525532470210898,0.44026778698624447,1.0,0.44026778698624447
GRID_1516,INDIAN_MARINE,18.25,85.25,435.14948934423455,24.17497163023525,193.399773041882,2316.0,0.50400007,0.15650001,0.52773887,0,0,0,130.56010967923507,96.04191844322966,0.08787432498772707,1.0,1.0,0.0,0.6666666666666666,0.37727049582719685,1.0,0.37727049582719685
GRID_1517,INDIAN_MARINE,15.75,80.25,60.1725889896415,3.3429216105356385,26.743372884285108,0.0,,,,0,0,0,319.6876035704089,26.65803446871269,0.7835051546391752,0.0,1.0,,0.5,0.6417525773195876,0.8,0.51340206185567
GRID_1518,INDIAN_MARINE,13.25,91.25,150.47312878307326,8.359618265726292,66.87694612581033,2961.0,0.044,0.0045000017,0.044229515,0,0,0,979.6978016469844,160.83483262111957,0.6053019145802652,1.0,1.0,0.9921740048033564,0.9973913349344521,0.8013466247573586,1.0,0.8013466247573586
GRID_1519,INDIAN_MARINE,5.75,71.75,342.397694347265,19.02209413040361,152.17675304322887,3331.0,-0.1685,0.021000002,0.16980357,0,0,0,678.0961954746878,94.17714494372323,0.2503681885125184,1.0,1.0,0.4431098679143491,0.8143699559714497,0.532369072241984,1.0,0.532369072241984
GRID_1520,INDIAN_MARINE,20.75,76.5,422.9677215789614,23.498206754386743,187.98565403509397,0.0,,,,0,0,0,90.69216927163193,443.325541539911,0.10996563573883167,0.0,1.0,,0.5,0.30498281786941583,0.8,0.24398625429553267
GRID_1521,INDIAN_MARINE,14.25,75.25,130.78321753372387,7.265734307429104,58.12587445943283,0.0,,,,0,0,0,74.46045453609239,95.07374310478248,0.6381934216985763,0.0,1.0,,0.5,0.5690967108492881,0.8,0.4552773686794305
GRID_1522,INDIAN_MARINE,21.25,73.0,157.47457531512282,8.748587517506824,69.98870014005459,0.0,,,,0,0,0,121.30762676892827,167.8356877120017,0.5920471281296024,0.0,1.0,,0.5,0.5460235640648012,0.8,0.436818851251841
GRID_1523,INDIAN_MARINE,11.5,91.75,92.00245534157796,5.111247518976553,40.88998015181242,2193.0,-0.009000003,-0.039499998,0.040512342,0,0,0,1171.017576316592,49.97288011514073,0.70446735395189,1.0,1.0,1.0,1.0,0.852233676975945,1.0,0.852233676975945
GRID_1524,INDIAN_MARINE,10.75,93.75,104.37634828759258,5.798686015977365,46.38948812781892,2102.0,-0.12100001,-0.0365,0.12638533,0,0,0,1331.2428738590625,153.2918576522508,0.6863033873343152,1.0,1.0,0.6329532115161765,0.8776510705053922,0.7819772289198537,1.0,0.7819772289198537
GRID_1525,INDIAN_MARINE,11.0,96.5,384.128604526379,21.340478029243275,170.7238242339462,708.0,-0.0515,-0.10650001,0.11829836,0,0,0,1359.4119193780457,121.16049616856068,0.18065783014236625,0.5588003157063931,1.0,0.6683129456833761,0.7423710871299231,0.46151445863614465,1.0,0.46151445863614465
GRID_1526,INDIAN_MARINE,7.25,73.0,137.96601325879178,7.664778514377321,61.31822811501857,1784.0,-0.038,0.21300001,0.21636313,0,0,0,479.4841625720296,18.782619402949035,0.6229749631811488,1.0,1.0,0.2395313132094624,0.7465104377364874,0.684742700458818,1.0,0.684742700458818
GRID_1527,INDIAN_MARINE,5.25,75.75,306.74084270387795,17.04115792799322,136.32926342394575,2145.0,-0.113000005,0.2865,0.30797932,0,0,0,374.8031123888939,76.09093308008353,0.321060382916053,1.0,1.0,0.0,0.6666666666666666,0.4938635247913598,1.0,0.4938635247913598
GRID_1528,INDIAN_MARINE,14.5,78.5,206.5489083921218,11.474939355117876,91.79951484094302,0.0,,,,0,0,0,259.79407864263203,189.1455253970636,0.5085910652920962,0.0,1.0,,0.5,0.5042955326460481,0.8,0.4034364261168385
GRID_1529,INDIAN_MARINE,18.5,71.75,56.2343413409412,3.1241300744967333,24.993040595973863,84.0,0.024000004,-0.060500003,0.065086484,0,0,0,146.69485322866083,120.75500698699688,0.7933235149729996,0.06629834254143646,1.0,0.9009783061209671,0.6557588828874679,0.7245411989302337,1.0,0.7245411989302337
GRID_1530,INDIAN_MARINE,17.75,74.75,213.2323950984009,11.846244172133384,94.76995337706708,0.0,,,,0,0,0,98.27380241562813,180.6287810837055,0.4943544428080511,0.0,1.0,,0.5,0.49717722140402554,0.8,0.39774177712322045
GRID_1531,INDIAN_MARINE,16.5,83.5,175.9075071802041,9.772639287789117,78.18111430231293,2827.0,0.184,0.1045,0.211604,0,0,0,369.3526710824602,105.80353374350464,0.5630829651448208,1.0,1.0,0.2603402900780726,0.7534467633593575,0.6582648642520892,1.0,0.6582648642520892
GRID_1532,INDIAN_MARINE,15.25,91.5,261.1573299951996,14.508740555288863,116.06992444231092,2592.0,-0.057500005,-0.181,0.1899138,0,0,0,789.8686660819795,34.62083875378146,0.40893470790378006,1.0,1.0,0.3551792354474002,0.7850597451491333,0.5969972265264567,1.0,0.5969972265264567
GRID_1533,INDIAN_MARINE,17.75,83.75,279.4731337219209,15.526285206773382,124.21028165418706,52.0,0.0785,0.032000005,0.08477176,0,0,0,229.967256978114,23.68824058260451,0.3716249386352479,0.04104183109707971,1.0,0.8149057565297168,0.6186491958755989,0.4951370672554234,1.0,0.4951370672554234
GRID_1534,INDIAN_MARINE,9.0,83.75,401.0001775392718,22.277787641070656,178.22230112856525,3725.0,-0.19050002,-0.036000006,0.19387175,0,0,0,494.6402671489881,107.61432807806626,0.14825724104074622,1.0,1.0,0.3378733644169564,0.7792911214723188,0.4637741812565325,1.0,0.4637741812565325
GRID_1535,INDIAN_MARINE,5.5,80.0,430.050394095485,23.89168856086028,191.13350848688225,4130.0,0.1955,0.22050002,0.29468715,0,0,0,409.8272600605163,229.9293794743064,0.09769268532155129,1.0,1.0,0.0,0.6666666666666666,0.38217967599410896,1.0,0.38217967599410896
GRID_1536,INDIAN_MARINE,20.25,72.0,52.42436482851368,2.912464712695204,23.299717701561637,29.0,-0.13300002,0.094000004,0.162865,0,0,0,166.47423070702362,11.65681803242635,0.8065783014236623,0.022888713496448304,1.0,0.47344830007132566,0.4987790045225913,0.6526786529731268,1.0,0.6526786529731268
GRID_1537,INDIAN_MARINE,20.0,72.5,10.719122511249694,0.5955068061805385,4.764054449444308,34.0,-0.1715,0.041,0.17633279,0,0,0,109.93233836552515,9.9296091259598,0.9867452135493373,0.026835043409629045,1.0,0.4145612911891773,0.48046544486626874,0.7336053292078031,1.0,0.7336053292078031
GRID_1538,INDIAN_MARINE,13.75,94.5,210.58587884860856,11.699215491589364,93.59372393271492,1680.0,0.1815,-0.20650001,0.27492636,0,0,0,1001.8069301955998,5.730802548468811,0.498772704958272,1.0,1.0,0.0,0.6666666666666666,0.5827196858124692,1.0,0.5827196858124692
GRID_1539,INDIAN_MARINE,13.25,75.0,80.13170752365382,4.451761529091879,35.61409223273503,0.0,,,,0,0,0,9.452755188330864,35.913169345626905,0.7255768286696122,0.0,1.0,,0.5,0.6127884143348061,0.8,0.4902307314678449
GRID_1540,INDIAN_MARINE,9.0,83.5,376.8718412980806,20.937324516560032,167.49859613248026,3743.0,-0.19100001,-0.071,0.20376949,0,0,0,468.4718224320229,131.97616092707895,0.19538537064310257,1.0,1.0,0.29459615982041937,0.7648653866068065,0.4801253786249545,1.0,0.4801253786249545
GRID_1541,INDIAN_MARINE,7.25,93.0,378.0219514188587,21.001219523269928,168.00975618615942,2054.0,0.0084999995,-0.13000001,0.1302776,0,0,0,1539.2616853921145,55.49958723800178,0.1924398625429553,1.0,1.0,0.615934521882486,0.8719781739608286,0.5322090182518919,1.0,0.5322090182518919
GRID_1542,INDIAN_MARINE,11.5,70.5,138.68738273007202,7.704854596115112,61.638836768920896,3749.0,0.0545,0.034500003,0.06450194,0,0,0,541.1041478283738,145.5325421023809,0.6219931271477663,1.0,1.0,0.9035341855726075,0.9678447285242024,0.7949189278359844,1.0,0.7949189278359844
GRID_1543,INDIAN_MARINE,7.25,82.25,424.7503385462164,23.59724103034536,188.77792824276287,3844.0,-0.0705,-0.18450001,0.19751076,0,0,0,401.0155872548256,331.1163201494072,0.10554737358861066,1.0,1.0,0.32196203715448596,0.773987345718162,0.4397673596533863,1.0,0.4397673596533863
GRID_1544,INDIAN_MARINE,8.25,71.5,188.2915138166222,10.46063965647901,83.68511725183208,3754.0,0.1305,0.25750002,0.28868064,0,0,0,607.270222204307,38.47411207966953,0.5409916543937163,1.0,1.0,0.0,0.6666666666666666,0.6038291605301915,1.0,0.6038291605301915
GRID_1545,INDIAN_MARINE,18.0,71.75,24.99041830519605,1.388356572510892,11.106852580087136,102.0,0.035,-0.016,0.038483765,0,0,0,180.64610351575712,133.4889445929578,0.9430535100638193,0.08050513022888714,1.0,1.0,0.6935017100762957,0.8182776100700575,1.0,0.8182776100700575
GRID_1546,INDIAN_MARINE,9.5,77.0,90.6826669774424,5.037925943191244,40.30340754552995,0.0,,,,0,1,0,2.4090851351458213,76.44249560315448,0.7059401080019636,0.0,0.6666666666666666,,0.3333333333333333,0.5196367206676484,0.8,0.41570937653411877
GRID_1547,INDIAN_MARINE,16.5,68.0,455.5936896782506,25.31076053768059,202.48608430144472,3089.0,-0.0705,0.0915,0.11550974,0,0,0,624.8782587717274,184.49480146799587,0.05743740795287189,1.0,1.0,0.6805059996817631,0.893501999893921,0.47546970392339644,1.0,0.47546970392339644
GRID_1548,INDIAN_MARINE,14.0,80.25,26.16402703904023,1.4535570577244572,11.628456461795658,11.0,,,,0,0,1,118.13319002844509,1.1572625344823737,0.9356897398134512,0.008681925808997633,0.6666666666666666,,0.33767429623783213,0.6366820180256416,0.8,0.5093456144205133
GRID_1549,INDIAN_MARINE,19.0,82.25,340.9643167685913,18.94246204269952,151.53969634159614,0.0,,,,0,0,0,305.53182772732595,195.80586049671652,0.2542955326460481,0.0,1.0,,0.5,0.37714776632302405,0.8,0.3017182130584193
GRID_1550,INDIAN_MARINE,15.0,86.0,435.8679973733337,24.214888742962984,193.71910994370387,2926.0,0.028,0.010500003,0.029904015,0,0,0,517.2889737670755,41.10119646316781,0.08591065292096223,1.0,1.0,1.0,1.0,0.5429553264604812,1.0,0.5429553264604812
GRID_1551,INDIAN_MARINE,7.75,82.0,362.7158095518805,20.150878308437807,161.20702646750246,1865.0,,,,0,0,0,348.17397096458825,307.9247473103986,0.21551300932744233,1.0,1.0,,1.0,0.6077565046637212,0.8,0.486205203730977
GRID_1552,INDIAN_MARINE,16.75,94.75,456.2580425426424,25.3476690301468,202.7813522411744,0.0,,,,0,0,0,671.6845726173402,58.42834639364042,0.055473735886107045,0.0,1.0,,0.5,0.2777368679430535,0.8,0.22218949435444282
GRID_1553,INDIAN_MARINE,12.5,90.0,295.63890342307263,16.424383523504034,131.39506818803227,3065.0,0.055,0.019000001,0.058189347,0,0,0,968.5798805761776,113.73787295023077,0.34216985763377517,1.0,1.0,0.9311355752631496,0.9770451917543832,0.6596075246940791,1.0,0.6596075246940791
GRID_1554,INDIAN_MARINE,7.75,74.5,164.32751430112637,9.129306350062576,73.03445080050061,2827.0,-0.027500002,-0.0045000017,0.027865753,0,0,0,303.6412724427024,6.558502344214177,0.5851742758959253,1.0,1.0,1.0,1.0,0.7925871379479626,1.0,0.7925871379479626
GRID_1555,INDIAN_MARINE,7.5,74.5,179.6596664213053,9.981092578961404,79.84874063169124,2747.0,-0.030000001,0.056500003,0.0639707,0,0,0,315.42638083237904,34.39718045161616,0.5557191948944527,1.0,1.0,0.9058569968577962,0.9686189989525986,0.7621690969235256,1.0,0.7621690969235256
GRID_1556,INDIAN_MARINE,10.25,95.25,271.4426879215696,15.080149328976084,120.64119463180867,2522.0,-0.21100001,0.013499999,0.21143144,0,0,1,1408.7199363961015,4.6692572617295856,0.38586156111929304,1.0,0.6666666666666666,0.2610947971094937,0.6425871545920534,0.5142243578556732,1.0,0.5142243578556732
GRID_1557,INDIAN_MARINE,12.0,89.5,330.42359864252506,18.356866591251396,146.85493273001114,3093.0,0.144,0.036500003,0.14855385,0,0,0,986.3438817279748,74.77885788365278,0.2709867452135494,1.0,1.0,0.5360228440138552,0.8453409480046183,0.5581638466090839,1.0,0.5581638466090839
GRID_1558,INDIAN_MARINE,11.0,95.5,277.3692415644909,15.409402309138386,123.27521847310707,2990.0,-0.206,-0.078,0.22027256,0,0,0,1331.0429116547828,12.89493638148762,0.3755522827687776,1.0,1.0,0.2224375926261938,0.7408125308753979,0.5581824068220878,1.0,0.5581824068220878
GRID_1559,INDIAN_MARINE,12.75,94.25,175.00967785352992,9.722759880751662,77.7820790460133,1082.0,0.18450001,0.0465,0.19026956,0,0,0,1110.527039859356,113.16811386607924,0.5650466372115857,0.8539857932123125,1.0,0.3536236986978731,0.7358698306367285,0.6504582339241571,1.0,0.6504582339241571
GRID_1560,INDIAN_MARINE,14.25,85.25,383.9664889926057,21.33147161070032,170.65177288560255,3074.0,-0.011500001,-0.056500003,0.05765848,0,0,0,577.6165769171217,36.29932989626722,0.18114874815905746,1.0,1.0,0.9334567556308446,0.9778189185436148,0.5794838333513361,1.0,0.5794838333513361
GRID_1561,INDIAN_MARINE,16.5,68.75,382.362240704257,21.242346705792052,169.93877364633644,3656.0,-0.033,0.091000006,0.09679876,0,0,0,553.0058181578918,115.11623703177924,0.18409425625920472,1.0,1.0,0.7623185053307006,0.9207728351102334,0.5524335456847191,1.0,0.5524335456847191
GRID_1562,INDIAN_MARINE,6.5,80.25,391.1893457175629,21.732741428753496,173.86193143002797,0.0,,,,0,0,0,322.22946993167744,202.3358249244897,0.1654393716249386,0.0,1.0,,0.5,0.3327196858124693,0.8,0.26617574864997545
GRID_1563,INDIAN_MARINE,15.0,91.75,224.41180966405545,12.467322759114191,99.73858207291352,2660.0,-0.091000006,-0.2125,0.23116499,0,0,0,827.1363518492554,26.339961349158227,0.4727540500736377,1.0,1.0,0.17481117268957616,0.724937057563192,0.5988455538184149,1.0,0.5988455538184149
GRID_1564,INDIAN_MARINE,12.25,75.75,77.68026691682674,4.3155703842681525,34.52456307414522,0.0,,,,0,0,0,10.449577748224076,66.58228179166862,0.7339224349533628,0.0,1.0,,0.5,0.6169612174766814,0.8,0.49356897398134514
GRID_1565,INDIAN_MARINE,6.5,69.25,487.65690113105967,27.09205006283665,216.7364005026932,4886.0,0.052000005,0.112500004,0.12393648,0,0,1,901.9223225438524,3.763967848330384,0.014727540500736325,1.0,0.6666666666666666,0.6436606439680522,0.7701091035449062,0.3924183220228213,1.0,0.3924183220228213
GRID_1566,INDIAN_MARINE,18.25,75.25,276.670861141494,15.370603396749669,122.96482717399734,0.0,,,,0,0,0,166.3808424418483,248.0842490698748,0.37653411880216003,0.0,1.0,,0.5,0.43826705940108,0.8,0.35061364752086405
GRID_1567,INDIAN_MARINE,9.5,69.25,355.9837201122691,19.776873339570507,158.21498671656406,4565.0,-0.024500001,0.013499998,0.027973201,0,0,0,755.6533085251863,39.073684982855966,0.22876779577810502,1.0,1.0,1.0,1.0,0.6143838978890526,1.0,0.6143838978890526
GRID_1568,INDIAN_MARINE,9.75,84.25,422.31320912005225,23.461844951114013,187.6947596089121,3603.0,-0.2585,-0.041500002,0.26181006,0,0,0,528.3255320934288,23.77340628109652,0.1114383897889053,1.0,1.0,0.040817658587851684,0.6802725528626172,0.39585547132576127,1.0,0.39585547132576127
GRID_1569,INDIAN_MARINE,11.5,74.5,57.47231469969362,3.192906372205201,25.54325097764161,1520.0,-0.0145000005,0.046000004,0.048231218,0,0,0,135.81818951835265,96.63597143032338,0.7884143348060874,1.0,1.0,0.9746768267136535,0.9915589422378844,0.8899866385219859,1.0,0.8899866385219859
GRID_1570,INDIAN_MARINE,14.0,96.0,373.3882965537573,20.74379425298652,165.95035402389215,188.0,0.165,0.056500006,0.17440543,0,0,0,1017.101695273444,101.1876391515842,0.19882179675994105,0.1483820047355959,1.0,0.4229885435772155,0.5237901827709371,0.3613059897654391,1.0,0.3613059897654391
GRID_1571,INDIAN_MARINE,10.75,73.5,43.09825856723791,2.394347698179884,19.15478158543907,1753.0,-0.035000004,0.014,0.037696157,0,0,0,275.7624637074608,20.973874882465477,0.8463426607756505,1.0,1.0,1.0,1.0,0.9231713303878253,1.0,0.9231713303878253
GRID_1572,INDIAN_MARINE,16.75,73.0,20.403865174876223,1.1335480652709014,9.06838452216721,55.0,0.0075000003,-0.023500001,0.024667794,0,0,0,89.17706899035483,31.580692372049317,0.9587628865979382,0.043409629044988164,1.0,1.0,0.681136543014996,0.8199497148064672,1.0,0.8199497148064672
GRID_1573,INDIAN_MARINE,19.5,84.25,465.0033923146669,25.833521795259276,206.66817436207415,0.0,,,,0,0,0,82.90412237873369,88.1243929199457,0.043691703485517874,0.0,1.0,,0.5,0.27184585174275894,0.8,0.21747668139420717
GRID_1574,INDIAN_MARINE,12.75,92.5,49.0605947889865,2.725588599388139,21.80470879510511,67.0,-0.072500005,0.034500003,0.08029011,0,0,0,1097.5396495679315,17.422116381948268,0.8217967599410898,0.05288082083662194,1.0,0.8345014707008377,0.6291274305124865,0.7254620952267882,1.0,0.7254620952267882
GRID_1575,INDIAN_MARINE,10.5,80.5,17.88459247769604,0.9935884709831132,7.948707767864906,288.0,-0.12850001,0.1985,0.23646249,0,0,0,105.00333326196645,12.107484655280546,0.9729995090819833,0.22730860299921074,1.0,0.15164820908877882,0.4596522706959965,0.7163258898889899,1.0,0.7163258898889899
GRID_1576,INDIAN_MARINE,8.25,95.75,419.6271972977282,23.31262207209601,186.5009765767681,1355.0,0.19950001,-0.010499999,0.19977613,0,0,0,1640.7482494292697,10.88649642172176,0.11929307805596467,1.0,1.0,0.31205685870194455,0.7706856195673149,0.44498934881163976,1.0,0.44498934881163976
GRID_1577,INDIAN_MARINE,17.0,72.0,81.62030844669317,4.534461580371843,36.27569264297475,180.0,-0.008,0.0375,0.03834384,0,0,0,188.71242052763876,136.9277864656951,0.7241040746195385,0.1420678768745067,1.0,1.0,0.7140226256248355,0.719063350122187,1.0,0.719063350122187
GRID_1578,INDIAN_MARINE,20.75,69.75,279.2393962558754,15.51329979199308,124.10639833594465,76.0,0.10250001,-0.0025,0.10253049,0,0,0,213.6481634554606,119.51092532600542,0.37309769268532156,0.05998421468034728,1.0,0.737256900166076,0.5990803716154744,0.486089032150398,1.0,0.486089032150398
GRID_1579,INDIAN_MARINE,6.5,74.5,262.2354070819309,14.568633726773935,116.5490698141915,2733.0,-0.176,0.18650001,0.25643373,0,0,0,371.2331926294123,110.71772661766605,0.406480117820324,1.0,1.0,0.06432530107881423,0.6881084336929381,0.547294275756631,1.0,0.547294275756631
GRID_1580,INDIAN_MARINE,10.0,96.5,411.0193621389144,22.834409007717465,182.6752720617397,401.0,-0.194,-0.105000004,0.22059238,0,0,0,1468.030880603326,27.31808809791893,0.134020618556701,0.3164956590370955,1.0,0.22103920111721656,0.5125116200514374,0.3232661193040692,1.0,0.3232661193040692
GRID_1581,INDIAN_MARINE,18.75,77.75,480.3998801506251,26.688882230590284,213.51105784472227,0.0,,,,0,0,0,198.46695169558944,467.83726526332754,0.02356406480117823,0.0,1.0,,0.5,0.2617820324005891,0.8,0.20942562592047131
GRID_1582,INDIAN_MARINE,6.5,75.25,211.2584027372152,11.73657792984529,93.89262343876231,2512.0,-0.15100001,0.23300001,0.2776509,0,0,0,302.2944078506194,39.15213077354945,0.49779086892488955,1.0,1.0,0.0,0.6666666666666666,0.582228767795778,1.0,0.582228767795778
GRID_1583,INDIAN_MARINE,5.25,77.25,301.8708105105278,16.77060058391821,134.16480467134568,2799.0,-0.0065,0.119,0.11917739,0,0,0,324.75974406288407,10.06935419417651,0.3313696612665685,1.0,1.0,0.6644694459393442,0.8881564819797814,0.609763071623175,1.0,0.609763071623175
GRID_1584,INDIAN_MARINE,17.25,73.5,72.18605563646443,4.010336424248024,32.08269139398419,0.0,,,,0,0,0,20.52894377904347,32.40825001765149,0.7447226313205695,0.0,1.0,,0.5,0.6223613156602847,0.8,0.4978890525282278
GRID_1585,INDIAN_MARINE,7.75,91.0,363.0792652573479,20.17107029207488,161.36856233659904,3392.0,-0.055,-0.029000001,0.062177166,0,0,0,1309.6684895909102,137.88501728024588,0.21502209131075112,1.0,1.0,0.9136991040326508,0.9712330346775502,0.5931275629941506,1.0,0.5931275629941506
GRID_1586,INDIAN_MARINE,13.0,71.75,86.78462378088919,4.821367987827177,38.570943902617415,1699.0,-0.031,0.0535,0.061832435,0,0,0,357.02541998727213,69.86680591313761,0.7137947962690231,1.0,1.0,0.915206417219072,0.9717354724063573,0.8427651343376902,1.0,0.8427651343376902
GRID_1587,INDIAN_MARINE,15.25,78.75,166.27476156914042,9.237486753841134,73.89989403072907,0.0,,,,0,0,0,309.0437059783697,162.32766056907062,0.5792832596956308,0.0,1.0,,0.5,0.5396416298478154,0.8,0.43171330387825235
GRID_1588,INDIAN_MARINE,15.5,76.25,274.1929760031685,15.232943111287138,121.8635448902971,0.0,,,,0,0,0,239.9175247258925,247.42477895493812,0.3804614629356897,0.0,1.0,,0.5,0.44023073146784486,0.8,0.3521845851742759
GRID_1589,INDIAN_MARINE,10.75,68.5,370.3235751721379,20.573531954007663,164.5882556320613,4433.0,0.076000005,-0.052000005,0.09208692,0,0,0,779.1192252262053,5.434914037570463,0.20373097692685327,1.0,1.0,0.782920709844675,0.9276402366148916,0.5656856067708724,1.0,0.5656856067708724
GRID_1590,INDIAN_MARINE,11.5,88.75,391.4708820694668,21.7483823371926,173.98705869754082,3216.0,0.035500005,0.1215,0.12658001,0,0,0,960.7628194434355,5.612964357243628,0.16445753559155618,1.0,1.0,0.6321019862677002,0.8773673287559001,0.5209124321737282,1.0,0.5209124321737282
GRID_1591,INDIAN_MARINE,5.75,75.75,254.09546569287772,14.11641476071543,112.93131808572345,2146.0,-0.0895,0.24900001,0.2645964,0,0,0,326.9239412543122,42.84356475531226,0.41826215022091306,1.0,1.0,0.02863457373661139,0.6762115245788705,0.5472368373998917,1.0,0.5472368373998917
GRID_1592,INDIAN_MARINE,7.75,96.0,477.0760412190684,26.504224512170467,212.03379609736373,633.0,-0.0445,0.0735,0.085921474,0,0,0,1701.332716442253,25.200084770734836,0.02896416298478155,0.4996053670086819,1.0,0.8098787091425856,0.7698280253837558,0.3993960941842687,1.0,0.3993960941842687
GRID_1593,INDIAN_MARINE,18.75,71.0,133.3363539013248,7.407575216740266,59.26060173392213,81.0,0.00049999915,0.021000002,0.021005953,0,0,0,216.95041908574743,196.53565194526905,0.6313205694648993,0.06393054459352802,1.0,1.0,0.6879768481978427,0.659648708831371,1.0,0.659648708831371
GRID_1594,INDIAN_MARINE,14.0,71.0,215.0109243840655,11.945051354670303,95.56041083736244,2245.0,-0.06650001,-0.16100001,0.17419316,0,0,0,373.6753838451472,177.1068891273229,0.48846342660775655,1.0,1.0,0.42391667992144216,0.8079722266404807,0.6482178266241186,1.0,0.6482178266241186
GRID_1595,INDIAN_MARINE,19.25,79.75,392.3172718165693,21.795403989809405,174.36323191847524,0.0,,,,0,0,0,369.5574080024108,408.0712904686642,0.16298478154148255,0.0,1.0,,0.5,0.3314923907707413,0.8,0.26519391261659303
GRID_1596,INDIAN_MARINE,10.75,81.0,55.20286624686919,3.066825902603844,24.53460722083075,3529.0,-0.16600001,0.30550003,0.34768704,0,0,0,152.47511927674248,7.6838090567327715,0.7962690230731468,1.0,1.0,0.0,0.6666666666666666,0.7314678448699068,1.0,0.7314678448699068
GRID_1597,INDIAN_MARINE,5.75,80.5,457.0927297155849,25.39404053975472,203.15232431803773,2152.0,0.062000006,0.21150002,0.22040023,0,0,0,410.5806222237983,266.0564680346802,0.05400098183603341,1.0,1.0,0.22187936411030637,0.7406264547034354,0.3973137182697344,1.0,0.3973137182697344
GRID_1598,INDIAN_MARINE,13.25,85.5,463.559755224711,25.753319734706167,206.0265578776493,3171.0,-0.056,0.0345,0.06577423,0,0,0,586.385700282629,135.49740413150496,0.04565537555228272,1.0,1.0,0.8979711828430824,0.9659903942810274,0.5058228849166551,1.0,0.5058228849166551
GRID_1599,INDIAN_MARINE,6.75,78.0,176.5672759410129,9.80929310783405,78.4743448626724,2555.0,-0.1275,-0.079,0.14999083,0,0,0,167.49017066956853,32.37995699979901,0.561119293078056,1.0,1.0,0.5297397453002972,0.8432465817667657,0.7021829374224109,1.0,0.7021829374224109
GRID_1600,INDIAN_MARINE,13.25,73.5,5.234487335681097,0.2908048519822832,2.3264388158582654,786.0,-0.042500004,0.0465,0.06299604,0,0,0,160.15381477161313,121.46691349424007,0.9955817378497791,0.6203630623520127,1.0,0.9101186323657061,0.8434938982392395,0.9195378180445093,1.0,0.9195378180445093
GRID_1601,INDIAN_MARINE,8.25,70.25,309.061183212888,17.170065734049334,137.36052587239467,4093.0,0.09650001,-0.0635,0.115518406,0,0,0,734.5373909876453,17.558227097672127,0.31516936671575846,1.0,1.0,0.6804681081777395,0.8934893693925798,0.6043293680541691,1.0,0.6043293680541691
GRID_1602,INDIAN_MARINE,13.25,94.0,147.17759269608214,8.17653292756012,65.41226342048095,1298.0,0.059500005,-0.0165,0.06174545,0,0,0,1050.3931940269326,50.9894105831442,0.6107020127638685,1.0,1.0,0.9155867533000187,0.9718622511000061,0.7912821319319373,1.0,0.7912821319319373
GRID_1603,INDIAN_MARINE,15.0,85.25,357.4965970481949,19.860922058233047,158.88737646586438,2985.0,0.1315,-0.11400001,0.1740352,0,0,0,505.4320976218059,19.95972572604705,0.22434953362788412,1.0,1.0,0.4246073494316606,0.8082024498105536,0.5162759917192188,1.0,0.5162759917192188
GRID_1604,INDIAN_MARINE,10.0,95.5,304.0072952526989,16.889294180705495,135.11435344564396,2644.0,-0.17650001,0.042500004,0.18154477,0,0,0,1441.8003702723738,8.71923228951784,0.3249877270495827,1.0,1.0,0.3917722580550416,0.7972574193516805,0.5611225732006315,1.0,0.5611225732006315
GRID_1605,INDIAN_MARINE,6.75,78.5,213.68771303475984,11.871539613042213,94.9723169043377,2522.0,-0.1365,0.0069999993,0.13667937,0,0,0,194.72442722917043,16.880721838978275,0.49288168875797744,1.0,1.0,0.5879432117379506,0.8626477372459835,0.6777647130019805,1.0,0.6777647130019805
GRID_1606,INDIAN_MARINE,11.25,82.0,151.4586842023828,8.414371344576823,67.31497075661458,3599.0,-0.028500002,0.0335,0.043982953,0,0,0,244.65811111662737,17.793775464132604,0.6028473244968091,1.0,1.0,0.9932520806186164,0.9977506935395387,0.8002990090181739,1.0,0.8002990090181739
GRID_1607,INDIAN_MARINE,9.25,78.75,229.1680250724321,12.73155694846845,101.8524555877476,0.0,,,,0,0,0,8.075554598710301,13.25062135579556,0.4648993618065783,0.0,1.0,,0.5,0.48244968090328916,0.8,0.38595974472263134
GRID_1608,INDIAN_MARINE,12.75,78.0,252.05650685568045,14.003139269760023,112.0251141580802,0.0,,,,0,0,0,139.88180512266706,228.47001983097329,0.42120765832106033,0.0,1.0,,0.5,0.46060382916053016,0.8,0.3684830633284242
GRID_1609,INDIAN_MARINE,9.5,90.0,285.73157865546864,15.87397659197048,126.99181273576384,3288.0,0.041500002,0.0035000003,0.04164733,0,0,0,1153.49201823262,90.66839646611622,0.3613156602847325,1.0,1.0,1.0,1.0,0.6806578301423662,1.0,0.6806578301423662
GRID_1610,INDIAN_MARINE,19.5,80.5,392.8491018188688,21.824950101048262,174.5996008083861,0.0,,,,0,0,0,414.3951435589559,375.7097020492591,0.16249386352479134,0.0,1.0,,0.5,0.33124693176239567,0.8,0.26499754540991655
GRID_1611,INDIAN_MARINE,20.0,70.25,208.19739482991577,11.56652193499532,92.53217547996256,74.0,0.051000003,-0.014,0.052886676,0,0,0,299.05601529528514,103.73476893730036,0.5041728031418753,0.05840568271507498,1.0,0.9543211487147785,0.6709089438099511,0.5875408734759132,1.0,0.5875408734759132
GRID_1612,INDIAN_MARINE,12.75,74.5,2.7154864859550227,0.1508603603308346,1.2068828826466769,52.0,0.039,0.017,0.042544097,0,0,0,82.77325363862585,37.778496462005954,0.9985272459499264,0.04104183109707971,1.0,0.9995433820164057,0.6801950710378285,0.8393611584938774,1.0,0.8393611584938774
GRID_1613,INDIAN_MARINE,12.75,96.0,342.95784381773814,19.053213545429895,152.42570836343918,2086.0,0.105000004,-0.165,0.19557609,0,0,0,1152.7747235100132,38.81827792609453,0.249386352479136,1.0,1.0,0.33042125202745515,0.7768070840091517,0.5130967182441438,1.0,0.5130967182441438
GRID_1614,INDIAN_MARINE,14.75,93.25,187.165391978762,10.398077332153443,83.18461865722755,763.0,0.0785,0.076500006,0.10961068,0,0,0,872.1703844481966,33.64576075273817,0.5439371624938636,0.6022099447513812,1.0,0.7062992440534325,0.7695030629349379,0.6567201127144007,1.0,0.6567201127144007
GRID_1615,INDIAN_MARINE,16.5,90.75,420.80527510366767,23.378070839092647,187.0245667127412,2433.0,0.13250001,0.094500005,0.16274674,0,0,0,624.9357913819254,19.72286629021614,0.11683848797250862,1.0,1.0,0.4739653839930681,0.8246551279976893,0.47074680798509894,1.0,0.47074680798509894
GRID_1616,INDIAN_MARINE,14.0,80.5,3.993875527800709,0.221881973766706,1.7750557901336483,815.0,,,,0,0,0,121.95275175167713,28.917176175945997,0.9965635738831615,0.6432517758484609,1.0,,0.8216258879242304,0.909094730903696,0.8,0.7272757847229568
GRID_1617,INDIAN_MARINE,8.0,93.75,312.16774631278787,17.34265257293266,138.74122058346128,1355.0,0.015000001,-0.08250001,0.08385256,0,0,0,1599.2581377900904,55.2865991424649,0.3127147766323024,1.0,1.0,0.8189248969057153,0.939641632301905,0.6261782044671037,1.0,0.6261782044671037
GRID_1618,INDIAN_MARINE,12.0,68.5,356.0074673798435,19.77819263221353,158.22554105770823,4297.0,0.0,0.036,0.036,0,0,0,725.6925302914918,20.13436572889611,0.2282768777614138,1.0,1.0,1.0,1.0,0.614138438880707,1.0,0.614138438880707
GRID_1619,INDIAN_MARINE,9.0,78.25,168.89357524671348,9.382976402595194,75.06381122076155,0.0,,,,0,1,0,3.1424533749545693,18.34579767826356,0.5743740795287187,0.0,0.6666666666666666,,0.3333333333333333,0.45385370643102596,0.8,0.3630829651448208
GRID_1620,INDIAN_MARINE,6.0,70.5,405.4093498003087,22.522741655572705,180.18193324458164,4001.0,-0.16400002,0.056,0.17329745,0,0,0,790.2189428966005,142.47604476080826,0.14187530682376048,1.0,1.0,0.42783311184723183,0.8092777039490773,0.4755765053864189,1.0,0.4755765053864189
GRID_1621,INDIAN_MARINE,12.5,77.75,266.1904827484676,14.788360152692642,118.30688122154112,0.0,,,,0,0,0,105.95613417199436,243.72860278911224,0.39862542955326463,0.0,1.0,,0.5,0.4493127147766323,0.8,0.3594501718213059
GRID_1622,INDIAN_MARINE,8.25,91.25,301.24682085585414,16.735934491991898,133.8874759359352,3701.0,0.0075000003,-0.038000003,0.03873306,0,0,0,1323.0127559809446,185.2055111374294,0.33284241531664216,1.0,1.0,1.0,1.0,0.6664212076583211,1.0,0.6664212076583211
GRID_1623,INDIAN_MARINE,18.25,71.0,107.79365099023164,5.98853616612398,47.90828932899184,90.0,-0.0050000004,-0.0040000007,0.006403125,0,0,0,234.61563894928204,185.3750193182201,0.6813942071674031,0.07103393843725335,1.0,1.0,0.6903446461457511,0.685869426656577,1.0,0.685869426656577
GRID_1624,INDIAN_MARINE,5.25,71.5,404.4436346924512,22.469090816247288,179.7527265299783,3945.0,-0.137,0.0225,0.13883533,0,0,0,730.5500627971138,126.92113487585756,0.1423662248404517,1.0,1.0,0.5785164211754635,0.8595054737251544,0.5009358492828031,1.0,0.5009358492828031
GRID_1625,INDIAN_MARINE,9.25,70.25,255.5289641975978,14.19605356653321,113.56842853226568,4449.0,-0.1645,-0.098000005,0.19147912,0,0,0,670.2636788624741,130.18855451186553,0.4148257241040746,1.0,1.0,0.34833497868787205,0.7827783262292907,0.5988020251666826,1.0,0.5988020251666826
GRID_1626,INDIAN_MARINE,8.75,80.25,213.92648326064764,11.884804625591537,95.07843700473228,0.0,,,,0,0,0,123.4552221522415,85.80236545081164,0.4909180166912126,0.0,1.0,,0.5,0.4954590083456063,0.8,0.39636720667648506
GRID_1627,INDIAN_MARINE,15.5,95.75,421.3229449551535,23.406830275286303,187.25464220229043,18.0,0.11900001,-0.053500004,0.1304732,0,0,0,845.7542278414345,38.84215008504416,0.11438389788905257,0.014206787687450671,1.0,0.6150792739956873,0.5430953538943792,0.3287396258917159,1.0,0.3287396258917159
GRID_1628,INDIAN_MARINE,12.75,71.75,59.073061402420734,3.28183674457893,26.25469395663144,1710.0,-0.042000003,0.0575,0.07120569,0,0,0,362.5515975095471,42.27517669383331,0.7849779086892489,1.0,1.0,0.874222488123085,0.958074162707695,0.871526035698472,1.0,0.871526035698472
GRID_1629,INDIAN_MARINE,18.25,69.75,237.47469593341955,13.193038662967751,105.544309303742,2460.0,0.080000006,0.1435,0.16429318,0,0,0,365.823236305639,83.01700237806027,0.4521354933726067,1.0,1.0,0.46720367876780766,0.8224012262559358,0.6372683598142712,1.0,0.6372683598142712
GRID_1630,INDIAN_MARINE,18.0,78.5,367.6389495778074,20.424386087655968,163.39508870124774,0.0,,,,0,0,0,319.752120957031,347.99868216451193,0.20814923907707417,0.0,1.0,,0.5,0.3540746195385371,0.8,0.2832596956308297
GRID_1631,INDIAN_MARINE,15.75,69.75,316.55085973942494,17.586158874412497,140.68927099529998,3758.0,0.024,-0.0825,0.08592003,0,0,0,459.62651099039766,20.759309016025327,0.3033873343151694,1.0,1.0,0.8098850229357787,0.9366283409785928,0.6200078376468812,1.0,0.6200078376468812
GRID_1632,INDIAN_MARINE,8.5,92.5,240.85628858912995,13.380904921618331,107.04723937294663,1032.0,-0.106000006,-0.071,0.12758136,0,0,0,1450.795536330271,50.25154818862156,0.44526264113892977,0.8145224940805051,1.0,0.6277236505241119,0.814082048201539,0.6296723446702344,1.0,0.6296723446702344
GRID_1633,INDIAN_MARINE,20.75,76.25,397.711404466666,22.09507802592589,176.76062420740712,0.0,,,,0,0,0,94.9696197256703,416.3850253079139,0.15463917525773196,0.0,1.0,,0.5,0.327319587628866,0.8,0.2618556701030928
GRID_1634,INDIAN_MARINE,6.5,75.75,178.39580767504285,9.910878204169046,79.28702563335237,2073.0,-0.1195,0.2315,0.26052353,0,0,0,261.097959203865,7.083100656379193,0.5581737849779087,1.0,1.0,0.04644292476271415,0.6821476415875714,0.62016071328274,1.0,0.62016071328274
GRID_1635,INDIAN_MARINE,14.75,86.25,468.66252262523614,26.03680681251312,208.29445450010496,2939.0,0.012499999,-0.035499997,0.037636418,0,0,0,551.9146552443301,81.00572900989039,0.03976435935198819,1.0,1.0,1.0,1.0,0.519882179675994,1.0,0.519882179675994
GRID_1636,INDIAN_MARINE,9.75,70.75,189.37906816455344,10.52105934247519,84.16847473980152,4215.0,-0.252,0.0075000008,0.25211158,0,0,0,593.8426034174444,167.82578370309415,0.5390279823269514,1.0,1.0,0.08322361219295989,0.6944078707309866,0.6167179265289691,1.0,0.6167179265289691
GRID_1637,INDIAN_MARINE,6.5,71.5,288.55116989046684,16.03062054947038,128.24496439576305,3875.0,-0.12550001,0.0009999992,0.12550399,0,0,0,665.8480015943895,121.11947056008518,0.35444280805105544,1.0,1.0,0.6368068115803438,0.8789356038601146,0.6166892059555851,1.0,0.6166892059555851
GRID_1638,INDIAN_MARINE,11.75,77.0,170.21820638505815,9.45656702139212,75.65253617113696,0.0,,,,0,0,0,65.90203626596609,158.37717841575403,0.5724104074619538,0.0,1.0,,0.5,0.5362052037309769,0.8,0.42896416298478157
GRID_1639,INDIAN_MARINE,11.75,73.5,74.61398136231122,4.145221186795068,33.16176949436054,1988.0,0.097500004,-0.009,0.09791451,0,0,0,221.84026836063305,59.57918082614896,0.741286205203731,1.0,1.0,0.7574399632565919,0.9191466544188639,0.8302164298112975,1.0,0.8302164298112975
GRID_1640,INDIAN_MARINE,21.25,68.5,419.1542463053634,23.286347016964637,186.29077613571707,272.0,0.0065,-0.029500002,0.030207615,0,0,0,234.55675544638336,135.89790633393085,0.11978399607265589,0.21468034727703236,1.0,1.0,0.7382267824256774,0.42900538924916665,1.0,0.42900538924916665
GRID_1641,INDIAN_MARINE,15.5,76.0,250.7894342012317,13.932746344512871,111.46197075610296,0.0,,,,0,0,0,212.3403487844285,224.20373505230933,0.4251350024545901,0.0,1.0,,0.5,0.46256750122729506,0.8,0.37005400098183605
GRID_1642,INDIAN_MARINE,10.75,89.5,302.17217455507296,16.787343030837388,134.2987442466991,3244.0,-0.091000006,0.086500004,0.12555179,0,0,0,1059.7136562480232,74.58030438721727,0.3294059891998037,1.0,1.0,0.6365978092848992,0.8788659364282997,0.6041359628140517,1.0,0.6041359628140517
GRID_1643,INDIAN_MARINE,21.25,76.25,413.1747944878187,22.95415524932326,183.6332419945861,0.0,,,,0,0,0,153.01236658765282,435.6356610558907,0.12862052037309768,0.0,1.0,,0.5,0.31431026018654884,0.8,0.25144820814923907
GRID_1644,INDIAN_MARINE,10.5,95.25,265.7748360680197,14.765268670445538,118.1221493635643,2837.0,-0.23650001,-0.0055,0.23656395,0,0,1,1380.9208383891894,2.9427119476504977,0.39960726558664705,1.0,0.6666666666666666,0.15120458204074924,0.605957082902472,0.5027821742445595,1.0,0.5027821742445595
GRID_1645,INDIAN_MARINE,21.0,73.5,158.19900650970038,8.788833694983355,70.31066955986684,0.0,,,,0,0,0,129.89256158976485,167.76378288789735,0.5905743740795287,0.0,1.0,,0.5,0.5452871870397644,0.8,0.43622974963181155
GRID_1646,INDIAN_MARINE,11.0,74.25,48.669232025888064,2.703846223660448,21.630769789283583,2058.0,-0.0009999992,0.02,0.020024985,0,0,0,195.7280342015472,64.49790186747677,0.8252331860579283,1.0,1.0,1.0,1.0,0.9126165930289641,1.0,0.9126165930289641
GRID_1647,INDIAN_MARINE,12.75,72.25,77.54270346740002,4.307927970411112,34.463423763288894,1496.0,-0.0505,0.1355,0.14460464,0,0,0,308.6326791914598,56.82292802635513,0.7353951890034365,1.0,1.0,0.5532904999802365,0.8510968333267455,0.793246011165091,1.0,0.793246011165091
GRID_1648,INDIAN_MARINE,12.25,92.25,93.13185979530462,5.1739922108502565,41.39193768680205,572.0,0.016499996,-0.026500002,0.031216983,0,0,0,1138.7992640386838,27.8743119015738,0.7015218458517427,0.4514601420678769,1.0,1.0,0.8171533806892922,0.7593376132705174,1.0,0.7593376132705174
GRID_1649,INDIAN_MARINE,13.75,79.75,82.81360347751489,4.600755748750827,36.806045990006616,0.0,,,,0,0,0,103.84618551008776,56.39389532906743,0.7211585665193913,0.0,1.0,,0.5,0.6105792832596957,0.8,0.48846342660775655
GRID_1650,INDIAN_MARINE,13.25,77.25,271.1001129266524,15.061117384814022,120.48893907851216,0.0,,,,0,0,0,110.77775800088746,266.713870052772,0.38635247913598425,0.0,1.0,,0.5,0.4431762395679921,0.8,0.35454099165439373
GRID_1651,INDIAN_MARINE,14.5,89.25,393.0965148205305,21.83869526780725,174.709562142458,2818.0,0.1535,0.124000005,0.19732778,0,0,0,730.4615115127349,32.69214786979649,0.16200294550810013,1.0,1.0,0.32276210493734087,0.7742540349791136,0.46812849024360687,1.0,0.46812849024360687
GRID_1652,INDIAN_MARINE,13.75,80.0,55.91791510176195,3.106550838986775,24.8524067118942,0.0,,,,0,0,0,92.887357816181,28.678892658227472,0.7957781050564556,0.0,1.0,,0.5,0.6478890525282278,0.8,0.5183112420225823
GRID_1653,INDIAN_MARINE,16.75,75.0,203.23066470745448,11.29059248374747,90.32473986997977,0.0,,,,0,0,0,115.89303113554446,189.06523699203817,0.5164457535591556,0.0,1.0,,0.5,0.5082228767795778,0.8,0.40657830142366225
GRID_1654,INDIAN_MARINE,11.25,95.75,298.9329057966383,16.607383655368793,132.85906924295034,2516.0,-0.138,-0.13750002,0.19480824,0,0,0,1309.7753662604262,38.76109498115604,0.33627884143348064,1.0,1.0,0.3337786246750951,0.7779262082250317,0.5571025248292562,1.0,0.5571025248292562
GRID_1655,INDIAN_MARINE,18.25,80.25,269.8612444013094,14.992291355628302,119.9383308450264,0.0,,,,0,0,0,462.0242729419445,278.91370127879344,0.3883161512027491,0.0,1.0,,0.5,0.44415807560137455,0.8,0.35532646048109967
GRID_1656,INDIAN_MARINE,19.25,79.25,417.29429435252325,23.18301635291796,185.46413082334368,0.0,,,,0,0,0,315.64050932299864,437.67239430864345,0.12223858615611194,0.0,1.0,,0.5,0.31111929307805597,0.8,0.24889543446244478
GRID_1657,INDIAN_MARINE,6.25,79.25,312.77713768273225,17.37650764904068,139.01206119232543,2573.0,-0.018000003,0.216,0.2167487,0,0,0,291.4729130133056,116.85071194327998,0.31026018654884635,1.0,1.0,0.23784543423342475,0.7459484780778082,0.5281043323133272,1.0,0.5281043323133272
GRID_1658,INDIAN_MARINE,7.25,72.0,189.67241191590944,10.537356217550524,84.2988497404042,2827.0,0.0405,0.034,0.05287958,0,0,0,584.5788329789809,64.08048106021198,0.538046146293569,1.0,1.0,0.954352175499056,0.9847840584996853,0.7614151023966271,1.0,0.7614151023966271
GRID_1659,INDIAN_MARINE,12.75,72.5,97.32500896797856,5.406944942665476,43.255559541323805,113.0,-0.0105,0.094000004,0.09458462,0,0,0,281.90974771015345,74.56145472541208,0.6946489936180658,0.08918705603788477,1.0,0.7719996840427474,0.6203955800268773,0.6575222868224715,1.0,0.6575222868224715
GRID_1660,INDIAN_MARINE,5.5,74.25,350.2945437329214,19.4608079851623,155.6864638812984,2698.0,-0.1905,0.29000002,0.346973,0,0,0,459.4752411349687,67.4661967751268,0.2361315660284733,1.0,1.0,0.0,0.6666666666666666,0.45139911634756996,1.0,0.45139911634756996
GRID_1661,INDIAN_MARINE,12.75,77.5,263.8484713228775,14.658248406826528,117.26598725461224,0.0,,,,0,0,0,88.5475469022841,262.10017026407246,0.40402552773686795,0.0,1.0,,0.5,0.452012763868434,0.8,0.3616102110947472
GRID_1662,INDIAN_MARINE,7.75,93.0,322.6325099860081,17.924028332556006,143.39222666044805,1262.0,0.031000003,-0.11000001,0.11428474,0,0,0,1525.764300057299,32.36142485184001,0.28816887579774175,0.9960536700868192,1.0,0.6858622300566525,0.8939719667144905,0.5910704212561162,1.0,0.5910704212561162
GRID_1663,INDIAN_MARINE,10.75,83.25,290.4421657768927,16.135675876494037,129.0854070119523,3560.0,-0.21700001,-0.0925,0.23589246,0,0,0,390.5132254394614,59.73093115490298,0.3519882179675994,1.0,1.0,0.15414062704845083,0.7180468756828169,0.5350175468252081,1.0,0.5350175468252081
GRID_1664,INDIAN_MARINE,19.5,84.5,479.23104589425634,26.62394699412535,212.9915759530028,0.0,,,,0,0,0,56.31078892793048,72.56584419062267,0.025036818851251863,0.0,1.0,,0.5,0.26251840942562593,0.8,0.21001472754050077
GRID_1665,INDIAN_MARINE,9.5,72.75,53.5770544584137,2.976503025467428,23.812024203739423,1721.0,-0.042500004,0.18250002,0.18738332,0,0,0,433.6467141005278,29.106950634058524,0.801178203240059,1.0,1.0,0.36624358960172687,0.7887478632005755,0.7949630332203173,1.0,0.7949630332203173
GRID_1666,INDIAN_MARINE,14.75,74.5,71.04322420485443,3.946845789158579,31.574766313268636,0.0,,,,0,0,0,70.55830627375344,37.20879713952685,0.7486499754540992,0.0,1.0,,0.5,0.6243249877270496,0.8,0.49945999018163967
GRID_1667,INDIAN_MARINE,13.75,73.25,51.01207268126111,2.8340040378478397,22.672032302782718,878.0,-0.050000004,0.051500004,0.07177918,0,0,0,188.14362108639745,123.09406238305132,0.8124693176239568,0.6929755327545383,1.0,0.8717149415453745,0.8548968247666375,0.8336830711952972,1.0,0.8336830711952972
GRID_1668,INDIAN_MARINE,18.0,83.25,269.01613508039736,14.945340837799854,119.56272670239883,0.0,,,,0,0,0,247.2759285344601,34.37556280355541,0.39077074128620526,0.0,1.0,,0.5,0.44538537064310263,0.8,0.35630829651448215
GRID_1669,INDIAN_MARINE,9.0,70.25,265.6013968956476,14.755633160869312,118.0450652869545,4145.0,-0.11450001,-0.119,0.16514009,0,0,0,685.1781408408499,102.00201368366146,0.4010800196367207,1.0,1.0,0.463500621570422,0.8211668738568073,0.611123446746764,1.0,0.611123446746764
GRID_1670,INDIAN_MARINE,16.0,90.0,421.9279397462549,23.44044109701416,187.52352877611327,2537.0,0.16250001,0.1825,0.24436143,0,0,0,655.3743382822863,33.45290153058724,0.11242022582228772,1.0,1.0,0.11711062349087764,0.7057035411636259,0.4090618834929568,1.0,0.4090618834929568
GRID_1671,INDIAN_MARINE,12.0,77.0,179.18089248288996,9.95449402682722,79.63595221461776,0.0,,,,0,0,0,45.83342633019496,171.7821152845185,0.5567010309278351,0.0,1.0,,0.5,0.5283505154639175,0.8,0.4226804123711341
GRID_1672,INDIAN_MARINE,17.5,71.75,60.38760776361822,3.35486709797879,26.83893678383032,72.0,0.0035000006,0.012,0.0125,0,0,0,204.19308971689443,151.01565225145984,0.783014236622484,0.056827150749802685,1.0,1.0,0.6856090502499342,0.7343116434362091,1.0,0.7343116434362091
GRID_1673,INDIAN_MARINE,9.5,91.25,179.79917401854095,9.988843001030054,79.91074400824043,3468.0,0.0855,0.052499995,0.10033195,0,0,0,1285.4204180438817,150.06457334438517,0.5552282768777614,1.0,1.0,0.7468698689239612,0.9156232896413203,0.7354257832595409,1.0,0.7354257832595409
GRID_1674,INDIAN_MARINE,6.75,75.5,172.12841480014274,9.562689711119042,76.50151768895233,2139.0,-0.132,0.23200001,0.26692322,0,0,1,263.1067736396984,0.2253953933161842,0.5679921453117329,1.0,0.6666666666666666,0.018460709278733653,0.5617091253151334,0.5648506353134332,1.0,0.5648506353134332
GRID_1675,INDIAN_MARINE,15.75,95.75,438.5950741714892,24.36639300952718,194.93114407621744,15.0,0.139,-0.072500005,0.15677133,0,0,0,819.0054266529598,65.87858290065488,0.08394698085419738,0.011838989739542225,1.0,0.5000924636211644,0.5039771511202356,0.29396206598721647,1.0,0.29396206598721647
GRID_1676,INDIAN_MARINE,12.75,74.25,23.30416537473655,1.2946758541520305,10.357406833216244,93.0,0.014000001,0.060000002,0.06161169,0,0,0,106.77657427446226,63.34739445147568,0.9464899361806578,0.0734017363851618,1.0,0.916171609932627,0.6631911154392629,0.8048405258099603,1.0,0.8048405258099603
GRID_1677,INDIAN_MARINE,11.0,72.75,26.29103293973247,1.4606129410962485,11.684903528769986,1285.0,0.0225,0.101,0.10347585,0,0,0,330.90181314781336,59.67984474311561,0.93519882179676,1.0,1.0,0.7331233769438676,0.9110411256479558,0.9231199737223579,1.0,0.9231199737223579
GRID_1678,INDIAN_MARINE,16.75,78.25,280.7868899387574,15.599271663264298,124.7941733061144,0.0,,,,0,0,0,423.4875637261531,262.3896277932163,0.36818851251840945,0.0,1.0,,0.5,0.4340942562592047,0.8,0.3472754050073638
GRID_1679,INDIAN_MARINE,14.0,93.25,113.1134324697555,6.284079581653083,50.272636653224666,35.0,0.1395,0.09400001,0.1682149,0,0,1,958.2896453887084,1.3625507742175902,0.6725576828669613,0.027624309392265192,0.6666666666666666,0.4500562209834719,0.3814490656808012,0.5270033742738812,1.0,0.5270033742738812
GRID_1680,INDIAN_MARINE,8.5,68.25,490.675916088376,27.25977311602089,218.07818492816716,4565.0,-0.0145,-0.07000001,0.07148602,0,0,0,905.6476181156088,99.27902202704963,0.01178203240058906,1.0,1.0,0.8729967639916624,0.9576655879972207,0.48472381019890487,1.0,0.48472381019890487
GRID_1681,INDIAN_MARINE,17.75,84.75,360.7854034660394,20.04363352589108,160.34906820712865,2480.0,0.1435,0.328,0.35801712,0,0,0,187.0270121001872,95.39764002064636,0.21993127147766323,1.0,1.0,0.0,0.6666666666666666,0.44329896907216493,1.0,0.44329896907216493
GRID_1682,INDIAN_MARINE,5.0,75.25,352.1862425641298,19.56590236467388,156.52721891739102,2408.0,-0.1505,0.3345,0.36679763,0,0,0,427.5734844104021,137.45690829655393,0.23367697594501713,1.0,1.0,0.0,0.6666666666666666,0.4501718213058419,1.0,0.4501718213058419
GRID_1683,INDIAN_MARINE,6.25,72.25,268.46668207343737,14.91481567074652,119.31852536597216,1681.0,-0.16400002,0.08400001,0.1842607,0,0,0,602.3029375363409,34.01615221124082,0.3922434953362789,1.0,1.0,0.37989703620845106,0.7932990120694836,0.5927712537028813,1.0,0.5927712537028813
GRID_1684,INDIAN_MARINE,15.5,91.5,285.9188737586211,15.88438187547895,127.0750550038316,2553.0,-0.0355,-0.127,0.1318683,0,0,0,763.1661623596445,58.525823652556696,0.3603338242513501,1.0,1.0,0.6089792927744562,0.8696597642581521,0.6149967942547511,1.0,0.6149967942547511
GRID_1685,INDIAN_MARINE,7.75,69.0,453.6762250454671,25.20423472474817,201.63387779798532,4649.0,0.054,-0.030500002,0.062018145,0,0,0,879.4677431494462,53.57940800291917,0.05989199803632794,1.0,1.0,0.9143944126942387,0.9714648042314129,0.5156784011338704,1.0,0.5156784011338704
GRID_1686,INDIAN_MARINE,6.25,69.5,477.1465234579944,26.5081401921108,212.0651215368864,4494.0,-0.008500002,0.11750001,0.11780705,0,0,0,883.9734272413482,32.72248591799774,0.02847324496809034,1.0,1.0,0.6704611657205082,0.8901537219068361,0.4593134834374632,1.0,0.4593134834374632
GRID_1687,INDIAN_MARINE,17.75,75.75,315.713965262063,17.53966473678128,140.31731789425024,0.0,,,,0,0,0,209.5255672163787,289.56696496802283,0.30633284241531666,0.0,1.0,,0.5,0.40316642120765833,0.8,0.3225331369661267
GRID_1688,INDIAN_MARINE,15.0,84.5,279.1650240187309,15.509168001040605,124.07334400832484,3091.0,0.12650001,0.036,0.13152282,0,0,0,507.2213078238097,83.27272458209484,0.37358861070201277,1.0,1.0,0.6104898809131637,0.8701632936377212,0.6218759521698669,1.0,0.6218759521698669
GRID_1689,INDIAN_MARINE,16.5,68.5,406.4971105041695,22.583172805787196,180.66538244629757,3667.0,-0.0335,0.07800001,0.08488964,0,0,0,576.6156135104554,142.32922190721442,0.14089347079037806,1.0,1.0,0.814390334132499,0.9381301113774996,0.5395117910839389,1.0,0.5395117910839389
GRID_1690,INDIAN_MARINE,17.25,69.75,251.10993918300773,13.950552176833764,111.60441741467012,3466.0,0.027000003,-0.058500003,0.0644302,0,0,0,412.4020742234926,17.39776403466303,0.4236622484045165,1.0,1.0,0.9038478639130928,0.9679492879710309,0.6958057681877736,1.0,0.6958057681877736
GRID_1691,INDIAN_MARINE,16.0,95.25,419.7580953151975,23.31989418417764,186.5591534734211,0.0,,,,0,0,0,771.9435627289565,73.29513426277778,0.11880216003927346,0.0,1.0,,0.5,0.30940108001963673,0.8,0.24752086401570939
GRID_1692,INDIAN_MARINE,7.5,70.25,342.14559559494234,19.008088644163465,152.06470915330772,4175.0,0.2475,0.060500003,0.25478718,0,0,0,762.4601409202531,65.25546446897101,0.25233186057928325,1.0,1.0,0.07152473056760958,0.6905082435225365,0.47142005205090987,1.0,0.47142005205090987
GRID_1693,INDIAN_MARINE,18.75,72.25,20.249220837687336,1.124956713204852,8.999653705638815,58.0,0.061,-0.065000005,0.08914035,0,0,0,83.76340780179017,61.84580625090041,0.9592538046146294,0.04577742699289661,1.0,0.7958043896289511,0.6138606055406158,0.7865572050776226,1.0,0.7865572050776226
GRID_1694,INDIAN_MARINE,10.75,84.0,371.5648872374307,20.642493735412817,165.1399498833025,3526.0,-0.16100001,-0.097,0.18796277,0,0,0,472.6861431482537,9.30965331473471,0.20176730486008831,1.0,1.0,0.3637099833235802,0.7879033277745267,0.4948353163173075,1.0,0.4948353163173075
GRID_1695,INDIAN_MARINE,14.75,85.0,338.690677386918,18.81614874371767,150.52918994974135,3068.0,0.1285,-0.10900001,0.16850297,0,0,0,533.2906983179535,22.29696487945088,0.25773195876288657,1.0,1.0,0.4487966542209459,0.8162655514069819,0.5369987550849342,1.0,0.5369987550849342
GRID_1696,INDIAN_MARINE,17.25,76.0,322.3858624473532,17.91032569151962,143.28260553215696,0.0,,,,0,0,0,235.665044876481,306.7610880178755,0.2906234658811978,0.0,1.0,,0.5,0.3953117329405989,0.8,0.3162493863524791
GRID_1697,INDIAN_MARINE,18.0,79.75,273.9235160191017,15.217973112172318,121.74378489737856,0.0,,,,0,0,0,427.8252001600026,283.7962991186388,0.38095238095238093,0.0,1.0,,0.5,0.44047619047619047,0.8,0.3523809523809524
GRID_1698,INDIAN_MARINE,8.0,73.25,53.27198853698885,2.9595549187216026,23.67643934977282,2014.0,-0.17650001,0.23600002,0.2947003,0,0,0,427.0480956759849,38.041401287203925,0.8026509572901326,1.0,1.0,0.0,0.6666666666666666,0.7346588119783997,1.0,0.7346588119783997
GRID_1699,INDIAN_MARINE,11.25,92.0,53.17637824705075,2.954243235947264,23.63394588757811,1123.0,-0.030000005,-0.051000003,0.059169255,0,0,0,1210.3615021147552,22.73353012599998,0.8031418753068238,0.8863456985003947,1.0,0.9268509932270703,0.9377322305758216,0.8704370529413227,1.0,0.8704370529413227
GRID_1700,INDIAN_MARINE,8.5,89.5,394.91108601122,21.93950477840111,175.51603822720887,3380.0,0.063,0.047000006,0.07860026,0,0,0,1128.1391611236018,9.67242874174416,0.15954835542464407,1.0,1.0,0.8418902265367617,0.9472967421789205,0.5534225488017823,1.0,0.5534225488017823
