zone_id,region,latitude,longitude,pfz_distance_km,pfz_depth_m,water_depth_m,current_u_ms,current_v_ms,current_speed_ms,eez_boundary_distance_km,nearest_boundary_type,geofence_caution,inside_mpa,mpa_distance_km,mpa_caution,distance_km,travel_time_hr,fuel_l_proxy,route_score,routing_class,agent,data_region
PFZ0001,ANDAMAN,13.170277777777777,92.64027777777778,20.0,15.0,20.0,,,,7.999635420960683,Straight baseline,0,0,1053.0683652012335,0,20.0,1.1111111111111112,8.88888888888889,,,ROUTE_AGENT,BROADER_INDIAN_MARINE_REGION
PFZ0002,ANDAMAN,11.76,92.94694444444444,16.0,97.0,102.0,,,,66.30097940045277,Straight baseline,0,0,1213.398008376917,0,16.0,0.8888888888888888,7.111111111111111,,,ROUTE_AGENT,BROADER_INDIAN_MARINE_REGION
PFZ0003,ANDAMAN,11.745,93.00444444444445,8.0,67.0,75.0,,,,72.8019166953398,Straight baseline,0,0,1215.1362960979416,0,8.0,0.4444444444444444,3.5555555555555554,,,ROUTE_AGENT,BROADER_INDIAN_MARINE_REGION
PFZ0004,ANDAMAN,11.694444444444445,93.02194444444444,27.0,226.0,249.0,,,,77.07173582176567,Straight baseline,0,0,1220.900344701122,0,27.0,1.5,12.0,,,ROUTE_AGENT,BROADER_INDIAN_MARINE_REGION
PFZ0005,ANDAMAN,11.6325,93.02111111111113,33.0,254.0,230.0,,,,80.07387936945871,Straight baseline,0,0,1227.9401941537926,0,33.0,1.8333333333333333,14.666666666666666,,,ROUTE_AGENT,BROADER_INDIAN_MARINE_REGION
PFZ0006,ANDAMAN,11.58777777777778,93.02583333333334,34.0,466.0,453.0,-0.0295,0.051,0.058917314,82.77363252637699,Straight baseline,0,0,1233.0273423488563,0,34.0,1.8888888888888888,15.11111111111111,0.9852706714999999,GOOD,ROUTE_AGENT,BROADER_INDIAN_MARINE_REGION
PFZ0007,ANDAMAN,11.56388888888889,92.99944444444444,29.0,457.0,499.0,-0.0295,0.051,0.058917314,81.32268459913179,Straight baseline,0,0,1235.7171759852554,0,29.0,1.6111111111111112,12.88888888888889,0.9852706714999999,GOOD,ROUTE_AGENT,BROADER_INDIAN_MARINE_REGION
PFZ0008,ANDAMAN,11.535555555555556,92.97555555555556,30.0,456.0,468.0,-0.0295,0.051,0.058917314,80.34307209349296,Straight baseline,0,0,1238.9201667877685,0,30.0,1.6666666666666667,13.333333333333334,0.9852706714999999,GOOD,ROUTE_AGENT,BROADER_INDIAN_MARINE_REGION
PFZ0009,ANDAMAN,11.501944444444444,92.98388888888888,27.0,560.0,601.0,-0.0295,0.051,0.058917314,82.85025985725532,Straight baseline,0,0,1242.7435724301365,0,27.0,1.5,12.0,0.9852706714999999,GOOD,ROUTE_AGENT,BROADER_INDIAN_MARINE_REGION
PFZ0010,ANDAMAN,11.3625,92.97833333333334,45.0,1176.0,1149.0,-0.043500002,0.0555,0.07051596,86.41395642659444,Straight baseline,0,0,1258.5770631393405,0,45.0,2.5,20.0,0.9823710099999998,GOOD,ROUTE_AGENT,BROADER_INDIAN_MARINE_REGION
PFZ0011,ANDAMAN,11.3,92.95277777777778,33.0,1083.0,1066.0,-0.043500002,0.0555,0.07051596,83.42359576060554,Straight baseline,0,0,1265.661314922515,0,33.0,1.8333333333333333,14.666666666666666,0.9823710099999998,GOOD,ROUTE_AGENT,BROADER_INDIAN_MARINE_REGION
PFZ0012,ANDAMAN,11.255,92.89833333333334,18.0,954.0,933.0,-0.043500002,0.0555,0.07051596,77.25895759100025,Straight baseline,0,0,1270.766269759492,0,18.0,1.0,8.0,0.9823710099999998,GOOD,ROUTE_AGENT,BROADER_INDIAN_MARINE_REGION
PFZ0013,ANDAMAN,11.17611111111111,92.82166666666666,27.0,1092.0,1101.0,-0.017,0.026999999,0.031906113,68.54189576669565,Straight baseline,0,0,1273.166455667783,0,27.0,1.5,12.0,0.9920234717499998,GOOD,ROUTE_AGENT,BROADER_INDIAN_MARINE_REGION
PFZ0014,ANDAMAN,10.916666666666666,92.68388888888887,13.0,22.0,38.0,-0.047500003,-0.019000001,0.05115907,46.58789991380103,Straight baseline,0,0,1286.5175447384815,0,13.0,0.7222222222222222,5.777777777777778,0.8938768991666666,GOOD,ROUTE_AGENT,BROADER_INDIAN_MARINE_REGION
PFZ0015,ANDAMAN,10.913333333333334,92.3475,17.0,87.0,189.0,0.008000001,-0.040999997,0.041773196,11.609008167456842,Straight baseline,0,0,1264.0747656160006,0,17.0,0.9444444444444444,7.555555555555555,0.9895567009999999,GOOD,ROUTE_AGENT,BROADER_INDIAN_MARINE_REGION
PFZ0016,ANDAMAN,10.87527777777778,92.70972222222224,20.0,242.0,254.0,-0.047500003,-0.019000001,0.05115907,47.54368441697998,Straight baseline,0,0,1291.9847717548505,0,20.0,1.1111111111111112,8.88888888888889,0.9872102324999998,GOOD,ROUTE_AGENT,BROADER_INDIAN_MARINE_REGION
PFZ0017,ANDAMAN,10.805277777777778,92.73111111111112,17.0,448.0,372.0,-0.019000001,-0.035499997,0.040264748,46.850825285062136,Straight baseline,0,0,1299.7040697960083,0,17.0,0.9444444444444444,7.555555555555555,0.9899338129999999,GOOD,ROUTE_AGENT,BROADER_INDIAN_MARINE_REGION
PFZ0018,ANDAMAN,10.76888888888889,92.27083333333331,20.0,33.0,64.0,-0.009,0.0014999956,0.009124143,2.332438045480327,Straight baseline,1,0,1272.2032694684094,0,20.0,1.1111111111111112,8.88888888888889,0.84771896425,GOOD,ROUTE_AGENT,BROADER_INDIAN_MARINE_REGION
PFZ0019,ANDAMAN,10.727222222222222,92.74361111111112,22.0,734.0,655.0,-0.019000001,-0.035499997,0.040264748,44.90346077939952,Straight baseline,0,0,1307.5447567693286,0,22.0,1.2222222222222223,9.777777777777779,0.9899338129999999,GOOD,ROUTE_AGENT,BROADER_INDIAN_MARINE_REGION
PFZ0020,ANDAMAN,10.649722222222222,92.79833333333332,26.0,1194.0,1237.0,-0.019000001,-0.035499997,0.040264748,47.6158012077095,Straight baseline,0,0,1318.2165283021582,0,26.0,1.4444444444444444,11.555555555555555,0.9899338129999999,GOOD,ROUTE_AGENT,BROADER_INDIAN_MARINE_REGION
PFZ0021,GOA,15.530555555555557,73.04638888888888,72.0,98.0,105.0,0.035000004,-0.024,0.042438194,59.763893089539366,Straight baseline,0,0,122.35374234222388,0,72.0,4.0,32.0,0.9893904514999998,GOOD,ROUTE_AGENT,BROADER_INDIAN_MARINE_REGION
PFZ0022,GOA,15.436944444444444,73.11,75.0,92.0,88.0,0.035000004,-0.024,0.042438194,58.67116483924316,Straight baseline,0,0,112.88875784882656,0,75.0,4.166666666666667,33.333333333333336,0.9893904514999998,GOOD,ROUTE_AGENT,BROADER_INDIAN_MARINE_REGION
PFZ0023,GOA,15.349722222222224,73.17166666666667,77.0,85.0,87.0,0.046000004,-0.087000005,0.0984124,57.41614549085529,Straight baseline,0,0,104.47334163504114,0,77.0,4.277777777777778,34.22222222222222,0.9753969,GOOD,ROUTE_AGENT,BROADER_INDIAN_MARINE_REGION
PFZ0024,GOA,15.233333333333333,73.39305555555556,40.0,67.0,72.0,0.040000003,-0.1295,0.13553691,42.113374392851135,Straight baseline,0,0,79.04764835789221,0,40.0,2.2222222222222223,17.77777777777778,0.9661157725,GOOD,ROUTE_AGENT,BROADER_INDIAN_MARINE_REGION
PFZ0025,GOA,15.193333333333332,73.4238888888889,48.0,69.0,69.0,0.040000003,-0.1295,0.13553691,41.285864114776246,Straight baseline,0,0,75.79546951266532,0,48.0,2.6666666666666665,21.333333333333332,0.9661157725,GOOD,ROUTE_AGENT,BROADER_INDIAN_MARINE_REGION
PFZ0026,GOA,15.145555555555555,73.44277777777778,50.0,67.0,66.0,0.040000003,-0.1295,0.13553691,42.10312301890403,Straight baseline,0,0,74.29498187413282,0,50.0,2.7777777777777777,22.22222222222222,0.9661157725,GOOD,ROUTE_AGENT,BROADER_INDIAN_MARINE_REGION
PFZ0027,GOA,15.094444444444443,73.4475,52.0,70.0,73.0,0.043500002,-0.1365,0.14326374,44.531082264019894,Straight baseline,0,0,74.8626227992807,0,52.0,2.888888888888889,23.11111111111111,0.964184065,GOOD,ROUTE_AGENT,BROADER_INDIAN_MARINE_REGION
PFZ0028,KARNATAKA,14.746388888888887,73.52638888888889,56.0,75.0,78.0,0.0515,-0.1225,0.13288529,55.977159610731896,Straight baseline,0,0,85.485262527431,0,56.0,3.111111111111111,24.88888888888889,0.9667786775,GOOD,ROUTE_AGENT,BROADER_INDIAN_MARINE_REGION
PFZ0029,KARNATAKA,14.653055555555556,73.53861111111111,64.0,87.0,78.0,0.0515,-0.1225,0.13288529,59.662020636118406,Straight baseline,0,0,91.93631437941512,0,64.0,3.5555555555555554,28.444444444444443,0.9667786775,GOOD,ROUTE_AGENT,BROADER_INDIAN_MARINE_REGION
PFZ0030,KARNATAKA,14.568055555555556,73.50222222222222,72.0,86.0,87.0,0.047500003,-0.10050001,0.1111598,67.72450527285335,Straight baseline,0,0,101.8912594162362,0,72.0,4.0,32.0,0.9722100499999999,GOOD,ROUTE_AGENT,BROADER_INDIAN_MARINE_REGION
PFZ0031,KARNATAKA,14.493055555555555,73.4475,89.0,113.0,89.0,0.047500003,-0.10050001,0.1111598,77.10768041591416,Straight baseline,0,0,112.3964443259772,0,89.0,4.944444444444445,39.55555555555556,0.9722100499999999,GOOD,ROUTE_AGENT,BROADER_INDIAN_MARINE_REGION
PFZ0032,KARNATAKA,14.3575,73.97722222222222,41.0,48.0,47.0,0.054500002,-0.0355,0.065042295,36.22963188273639,Straight baseline,0,0,101.68016796928644,0,41.0,2.2777777777777777,18.22222222222222,0.9604060929166667,GOOD,ROUTE_AGENT,BROADER_INDIAN_MARINE_REGION
PFZ0033,KARNATAKA,14.252222222222224,73.98666666666666,44.0,50.0,52.0,0.054500002,-0.0355,0.065042295,42.01850121425767,Straight baseline,0,0,113.53234663609857,0,44.0,2.4444444444444446,19.555555555555557,0.9837394262499999,GOOD,ROUTE_AGENT,BROADER_INDIAN_MARINE_REGION
PFZ0034,KARNATAKA,14.149166666666666,74.01083333333334,45.0,45.0,54.0,0.054500002,-0.0355,0.065042295,37.50634983544003,Straight baseline,0,0,125.02718024789604,0,45.0,2.5,20.0,0.9837394262499999,GOOD,ROUTE_AGENT,BROADER_INDIAN_MARINE_REGION
PFZ0035,KARNATAKA,14.126944444444446,73.67555555555556,82.0,112.0,58.0,0.049500003,-0.0825,0.09621071,73.28192656611776,Straight baseline,0,0,135.93095786796593,0,82.0,4.555555555555555,36.44444444444444,0.9759473224999999,GOOD,ROUTE_AGENT,BROADER_INDIAN_MARINE_REGION
PFZ0036,KARNATAKA,14.079444444444444,73.74138888888889,76.0,58.0,78.0,0.021000002,-0.065500006,0.06878409,65.20476364852719,Straight baseline,0,0,138.7099327953333,0,76.0,4.222222222222222,33.77777777777778,0.9828039774999999,GOOD,ROUTE_AGENT,BROADER_INDIAN_MARINE_REGION
PFZ0037,KARNATAKA,14.051944444444445,74.05166666666666,45.0,51.0,49.0,0.0395,-0.044,0.059129097,30.556291833129553,Straight baseline,0,0,116.02394242876696,0,45.0,2.5,20.0,0.9774399479722222,GOOD,ROUTE_AGENT,BROADER_INDIAN_MARINE_REGION
PFZ0038,KARNATAKA,14.043888888888889,73.81555555555555,70.0,67.0,64.0,0.021000002,-0.065500006,0.06878409,56.595271451166525,Straight baseline,0,0,138.31033660553825,0,70.0,3.888888888888889,31.11111111111111,0.9828039774999999,GOOD,ROUTE_AGENT,BROADER_INDIAN_MARINE_REGION
PFZ0039,KARNATAKA,13.9775,73.86361111111111,67.0,63.0,61.0,0.021000002,-0.065500006,0.06878409,51.25233718671394,Straight baseline,0,0,130.12601409901418,0,67.0,3.7222222222222223,29.77777777777778,0.9828039774999999,GOOD,ROUTE_AGENT,BROADER_INDIAN_MARINE_REGION
PFZ0040,KARNATAKA,13.630833333333332,73.70694444444445,94.0,68.0,74.0,-0.0010000002,-0.041,0.041012194,80.89638521219713,Straight baseline,0,0,135.8579429551397,0,94.0,5.222222222222222,41.77777777777778,0.9897469514999999,GOOD,ROUTE_AGENT,BROADER_INDIAN_MARINE_REGION
PFZ0041,KARNATAKA,13.575833333333334,73.75277777777778,94.0,70.0,73.0,-0.010500001,-0.009500001,0.014159803,79.28218895543756,Straight baseline,0,0,130.1569050868768,0,94.0,5.222222222222222,41.77777777777778,0.99646004925,GOOD,ROUTE_AGENT,BROADER_INDIAN_MARINE_REGION
PFZ0042,KARNATAKA,13.551666666666668,73.81972222222223,89.0,59.0,58.0,-0.010500001,-0.009500001,0.014159803,73.9518927880743,Straight baseline,0,0,122.52977849966578,0,89.0,4.944444444444445,39.55555555555556,0.99646004925,GOOD,ROUTE_AGENT,BROADER_INDIAN_MARINE_REGION
PFZ0043,KARNATAKA,13.4975,73.86527777777778,86.0,71.0,66.0,-0.010500001,-0.009500001,0.014159803,72.32006881629351,Straight baseline,0,0,117.23126078909182,0,86.0,4.777777777777778,38.22222222222222,0.99646004925,GOOD,ROUTE_AGENT,BROADER_INDIAN_MARINE_REGION
PFZ0044,KARNATAKA,13.209444444444443,73.52472222222222,124.0,367.0,639.0,-0.042500004,0.0465,0.06299604,121.1691373432401,Straight baseline,0,0,158.29654669494167,0,124.0,6.888888888888889,55.111111111111114,0.9842509899999998,GOOD,ROUTE_AGENT,BROADER_INDIAN_MARINE_REGION
PFZ0045,KARNATAKA,13.16388888888889,73.57027777777778,123.0,676.0,675.0,-0.042500004,0.0465,0.06299604,119.07838641194644,Straight baseline,0,0,154.48158479328805,0,123.0,6.833333333333333,54.666666666666664,0.9842509899999998,GOOD,ROUTE_AGENT,BROADER_INDIAN_MARINE_REGION
PFZ0046,KARNATAKA,13.105833333333331,73.59805555555555,122.0,964.0,936.0,-0.0255,0.034500003,0.04290105,119.4024378132714,Straight baseline,0,0,153.1667971065927,0,122.0,6.777777777777778,54.22222222222222,0.9892747375,GOOD,ROUTE_AGENT,BROADER_INDIAN_MARINE_REGION
PFZ0047,KARNATAKA,13.054722222222225,73.64444444444445,120.0,915.0,929.0,-0.0405,0.0505,0.06473407,115.52213081381645,Straight baseline,0,0,149.95360771758493,0,120.0,6.666666666666667,53.333333333333336,0.9838164825,GOOD,ROUTE_AGENT,BROADER_INDIAN_MARINE_REGION
PFZ0048,KERALA,12.73,74.48555555555555,40.0,55.0,55.0,0.039,0.017,0.042544097,40.15702732399775,Straight baseline,0,0,85.40442188346265,0,40.0,2.2222222222222223,17.77777777777778,0.9893639757499999,GOOD,ROUTE_AGENT,BROADER_INDIAN_MARINE_REGION
PFZ0049,KERALA,12.673055555555557,74.45027777777779,46.0,58.0,67.0,0.039,0.017,0.042544097,46.27961325193,Straight baseline,0,0,92.42915620744796,0,46.0,2.5555555555555554,20.444444444444443,0.9893639757499999,GOOD,ROUTE_AGENT,BROADER_INDIAN_MARINE_REGION
PFZ0050,KERALA,12.6075,74.43583333333333,49.0,67.0,67.0,0.044,0.0435,0.06187285,50.58045840964059,Straight baseline,0,0,98.3796406664086,0,49.0,2.7222222222222223,21.77777777777778,0.9845317874999999,GOOD,ROUTE_AGENT,BROADER_INDIAN_MARINE_REGION
PFZ0051,KERALA,12.54,74.43055555555556,53.0,77.0,78.0,0.044,0.0435,0.06187285,54.01830246889198,Straight baseline,0,0,103.9571710397808,0,53.0,2.9444444444444446,23.555555555555557,0.9845317874999999,GOOD,ROUTE_AGENT,BROADER_INDIAN_MARINE_REGION
PFZ0052,KERALA,12.473888888888888,74.435,54.0,83.0,80.0,0.044,0.0435,0.06187285,56.39294631201381,Straight baseline,0,0,108.93056768120611,0,54.0,3.0,24.0,0.9845317874999999,GOOD,ROUTE_AGENT,BROADER_INDIAN_MARINE_REGION
PFZ0053,KERALA,12.470277777777778,74.69583333333334,28.0,41.0,47.0,0.0595,-0.017,0.06188094,29.640485212946267,Straight baseline,0,0,81.07791080396251,0,28.0,1.5555555555555556,12.444444444444445,0.9611964316666666,GOOD,ROUTE_AGENT,BROADER_INDIAN_MARINE_REGION
PFZ0054,KERALA,12.459722222222222,74.76027777777777,23.0,38.0,45.0,0.0595,-0.017,0.06188094,23.444763732948207,Straight baseline,0,0,73.85058984924103,0,23.0,1.2777777777777777,10.222222222222221,0.945640876111111,GOOD,ROUTE_AGENT,BROADER_INDIAN_MARINE_REGION
PFZ0055,KERALA,12.4575,74.62972222222221,35.0,55.0,54.0,0.0595,-0.017,0.06188094,37.00790007554345,Straight baseline,0,0,88.36080663994149,0,35.0,1.9444444444444444,15.555555555555555,0.984529765,GOOD,ROUTE_AGENT,BROADER_INDIAN_MARINE_REGION
PFZ0056,KERALA,12.450833333333332,74.49666666666667,48.0,75.0,76.0,0.044,0.0435,0.06187285,51.019354618667904,Straight baseline,0,0,103.14298199188254,0,48.0,2.6666666666666665,21.333333333333332,0.9845317874999999,GOOD,ROUTE_AGENT,BROADER_INDIAN_MARINE_REGION
PFZ0057,KERALA,12.445833333333333,74.56333333333333,42.0,67.0,66.0,0.044,0.0435,0.06187285,44.35633889272152,Straight baseline,0,0,95.7109562149789,0,42.0,2.3333333333333335,18.666666666666668,0.9845317874999999,GOOD,ROUTE_AGENT,BROADER_INDIAN_MARINE_REGION
PFZ0058,KERALA,12.1975,74.85305555555556,25.0,43.0,49.0,0.032,-0.0145,0.035131898,25.875609263640182,Straight baseline,0,0,63.417958622777306,0,25.0,1.3888888888888888,11.11111111111111,0.9834392477222222,GOOD,ROUTE_AGENT,BROADER_INDIAN_MARINE_REGION
PFZ0059,KERALA,12.138333333333334,74.85527777777777,27.0,53.0,52.0,0.032,-0.0145,0.035131898,28.49964244874304,Straight baseline,0,0,64.63892258493532,0,27.0,1.5,12.0,0.9912170254999999,GOOD,ROUTE_AGENT,BROADER_INDIAN_MARINE_REGION
PFZ0060,KERALA,12.080833333333333,74.8425,31.0,59.0,52.0,-0.0075000003,-0.0034999996,0.008276473,32.556101276885975,Straight baseline,0,0,68.0169551731796,0,31.0,1.7222222222222223,13.777777777777779,0.9979308817499999,GOOD,ROUTE_AGENT,BROADER_INDIAN_MARINE_REGION
PFZ0061,KERALA,12.024444444444445,74.82388888888889,35.0,58.0,65.0,-0.0075000003,-0.0034999996,0.008276473,37.14699813264149,Straight baseline,0,0,72.39787018492696,0,35.0,1.9444444444444444,15.555555555555555,0.9979308817499999,GOOD,ROUTE_AGENT,BROADER_INDIAN_MARINE_REGION
PFZ0062,KERALA,11.966944444444444,74.81,38.0,59.0,57.0,-0.0075000003,-0.0034999996,0.008276473,41.31437626642893,Straight baseline,0,0,76.71831083721831,0,38.0,2.111111111111111,16.88888888888889,0.9979308817499999,GOOD,ROUTE_AGENT,BROADER_INDIAN_MARINE_REGION
PFZ0063,KERALA,11.910555555555556,74.82194444444444,40.0,62.0,65.0,-0.0075000003,-0.0034999996,0.008276473,42.82155402347896,Straight baseline,0,0,78.87607342200884,0,40.0,2.2222222222222223,17.77777777777778,0.9979308817499999,GOOD,ROUTE_AGENT,BROADER_INDIAN_MARINE_REGION
PFZ0064,KERALA,11.875833333333334,74.86916666666666,37.0,56.0,58.0,-0.0075000003,-0.0034999996,0.008276473,39.72736063285956,Straight baseline,0,0,76.88922328863609,0,37.0,2.0555555555555554,16.444444444444443,0.9979308817499999,GOOD,ROUTE_AGENT,BROADER_INDIAN_MARINE_REGION
PFZ0065,KERALA,11.845277777777778,74.92,34.0,61.0,73.0,0.011499997,-0.050500005,0.05179286,36.21876255217904,Straight baseline,0,0,74.80804709143766,0,34.0,1.8888888888888888,15.11111111111111,0.987051785,GOOD,ROUTE_AGENT,BROADER_INDIAN_MARINE_REGION
PFZ0066,KERALA,11.808611111111112,74.96638888888889,37.0,62.0,61.0,0.011499997,-0.050500005,0.05179286,34.02269832064567,Straight baseline,0,0,74.11825942654261,0,37.0,2.0555555555555554,16.444444444444443,0.987051785,GOOD,ROUTE_AGENT,BROADER_INDIAN_MARINE_REGION
PFZ0067,KERALA,11.766666666666667,75.00805555555556,35.0,52.0,52.0,0.011499997,-0.050500005,0.05179286,32.605043259689666,Straight baseline,0,0,74.81505258727081,0,35.0,1.9444444444444444,15.555555555555555,0.987051785,GOOD,ROUTE_AGENT,BROADER_INDIAN_MARINE_REGION
PFZ0068,KERALA,11.693888888888887,75.29333333333334,17.0,32.0,37.0,-0.015000002,-0.0675,0.06914659,10.015249292927908,Straight baseline,0,0,60.69246525960105,0,17.0,0.9444444444444444,7.555555555555555,0.8816022413888889,GOOD,ROUTE_AGENT,BROADER_INDIAN_MARINE_REGION
PFZ0069,KERALA,11.692222222222222,75.3175,16.0,31.0,33.0,-0.015000002,-0.0675,0.06914659,7.831346626833138,Straight baseline,0,0,58.36297987145729,0,16.0,0.8888888888888888,7.111111111111111,0.8504911302777778,GOOD,ROUTE_AGENT,BROADER_INDIAN_MARINE_REGION
PFZ0070,KERALA,11.689444444444444,75.26944444444445,19.0,36.0,40.0,-0.015000002,-0.0675,0.06914659,12.53996732753084,Straight baseline,0,0,63.24816736789894,0,19.0,1.0555555555555556,8.444444444444445,0.9049355747222221,GOOD,ROUTE_AGENT,BROADER_INDIAN_MARINE_REGION
PFZ0071,KERALA,11.675,75.25027777777778,22.0,38.0,45.0,-0.015000002,-0.0675,0.06914659,15.219011009444792,Straight baseline,0,0,65.79150034995084,0,22.0,1.2222222222222223,9.777777777777779,0.943824463611111,GOOD,ROUTE_AGENT,BROADER_INDIAN_MARINE_REGION
PFZ0072,KERALA,11.655833333333334,75.23555555555555,27.0,43.0,47.0,-0.015000002,-0.0675,0.06914659,17.761570331742433,Straight baseline,0,0,68.3708727816345,0,27.0,1.5,12.0,0.9593800191666666,GOOD,ROUTE_AGENT,BROADER_INDIAN_MARINE_REGION
PFZ0073,KERALA,11.636388888888888,75.2213888888889,31.0,46.0,30.0,-0.015000002,-0.0675,0.06914659,20.26822577208402,Straight baseline,0,0,70.78030436845965,0,31.0,1.7222222222222223,13.777777777777779,0.8271577969444444,GOOD,ROUTE_AGENT,BROADER_INDIAN_MARINE_REGION
PFZ0074,KERALA,11.61888888888889,75.20444444444445,33.0,45.0,44.0,0.025500003,-0.1295,0.13198674,22.920566465552,Straight baseline,0,0,73.37805523026393,0,33.0,1.8333333333333333,14.666666666666666,0.9203366483333333,GOOD,ROUTE_AGENT,BROADER_INDIAN_MARINE_REGION
PFZ0075,KERALA,11.6075,75.18305555555555,37.0,30.0,60.0,0.025500003,-0.1295,0.13198674,25.625936744977967,Straight baseline,0,0,76.08807555248006,0,37.0,2.0555555555555554,16.444444444444443,0.9670033149999999,GOOD,ROUTE_AGENT,BROADER_INDIAN_MARINE_REGION
PFZ0076,KERALA,11.599166666666669,75.16027777777778,40.0,27.0,48.0,0.025500003,-0.1295,0.13198674,28.27907231231252,Straight baseline,0,0,78.59913251172108,0,40.0,2.2222222222222223,17.77777777777778,0.9514477594444444,GOOD,ROUTE_AGENT,BROADER_INDIAN_MARINE_REGION
PFZ0077,KERALA,11.59388888888889,75.13666666666667,43.0,42.0,53.0,0.025500003,-0.1295,0.13198674,30.82748358283086,Straight baseline,0,0,80.65652499604016,0,43.0,2.388888888888889,19.11111111111111,0.9670033149999999,GOOD,ROUTE_AGENT,BROADER_INDIAN_MARINE_REGION
PFZ0078,KERALA,11.48,75.19805555555556,41.0,53.0,51.0,0.025500003,-0.1295,0.13198674,31.86258261481661,Straight baseline,0,0,82.59522395204213,0,41.0,2.2777777777777777,18.22222222222222,0.9670033149999999,GOOD,ROUTE_AGENT,BROADER_INDIAN_MARINE_REGION
PFZ0079,KERALA,11.443055555555556,75.23027777777779,39.0,48.0,48.0,0.025500003,-0.1295,0.13198674,31.034499632233317,Straight baseline,0,0,82.50795844086716,0,39.0,2.1666666666666665,17.333333333333332,0.9514477594444444,GOOD,ROUTE_AGENT,BROADER_INDIAN_MARINE_REGION
PFZ0080,KERALA,11.393055555555556,75.22472222222223,41.0,48.0,53.0,0.025500003,-0.1295,0.13198674,34.55991201720213,Straight baseline,0,0,86.82100429863769,0,41.0,2.2777777777777777,18.22222222222222,0.9670033149999999,GOOD,ROUTE_AGENT,BROADER_INDIAN_MARINE_REGION
PFZ0081,KERALA,11.3675,75.43583333333333,26.0,38.0,39.0,0.0045000017,-0.16200002,0.16206251,15.673934499476967,Straight baseline,0,0,74.27698996579826,0,26.0,1.4444444444444444,11.555555555555555,0.8739288169444444,GOOD,ROUTE_AGENT,BROADER_INDIAN_MARINE_REGION
PFZ0082,KERALA,11.358611111111111,75.48555555555555,21.0,33.0,38.0,0.0045000017,-0.16200002,0.16206251,11.268106640263817,Straight baseline,0,0,72.42978752911873,0,21.0,1.1666666666666667,9.333333333333334,0.8661510391666667,GOOD,ROUTE_AGENT,BROADER_INDIAN_MARINE_REGION
PFZ0083,KERALA,11.35,75.39277777777778,30.0,42.0,46.0,0.0045000017,-0.16200002,0.16206251,20.837602818177544,Straight baseline,0,0,78.53787751819135,0,30.0,1.6666666666666667,13.333333333333334,0.9283732613888889,GOOD,ROUTE_AGENT,BROADER_INDIAN_MARINE_REGION
PFZ0084,KERALA,11.345833333333331,75.23666666666666,42.0,52.0,56.0,0.014500001,-0.109000005,0.10996023,36.264213568600425,Straight baseline,0,0,89.72233982496874,0,42.0,2.3333333333333335,18.666666666666668,0.9725099424999999,GOOD,ROUTE_AGENT,BROADER_INDIAN_MARINE_REGION
PFZ0085,KERALA,11.311944444444444,75.27333333333333,40.0,43.0,49.0,0.014500001,-0.109000005,0.10996023,34.60083877852536,Straight baseline,0,0,89.93944838907396,0,40.0,2.2222222222222223,17.77777777777778,0.9647321647222222,GOOD,ROUTE_AGENT,BROADER_INDIAN_MARINE_REGION
PFZ0086,KERALA,11.305833333333334,75.36972222222222,32.0,41.0,46.0,0.014500001,-0.109000005,0.10996023,25.464691045791735,Straight baseline,0,0,84.13515481833062,0,32.0,1.7777777777777777,14.222222222222221,0.9413988313888888,GOOD,ROUTE_AGENT,BROADER_INDIAN_MARINE_REGION
PFZ0087,KERALA,11.296944444444444,75.32083333333333,36.0,57.0,48.0,0.014500001,-0.109000005,0.10996023,30.740091665572507,Straight baseline,0,0,88.05970756797973,0,36.0,2.0,16.0,0.9569543869444443,GOOD,ROUTE_AGENT,BROADER_INDIAN_MARINE_REGION
PFZ0088,KERALA,10.8175,75.415,50.0,73.0,77.0,0.054,-0.16100001,0.16981462,47.12853150670929,Straight baseline,0,0,108.64537115333516,0,50.0,2.7777777777777777,22.22222222222222,0.9575463449999999,GOOD,ROUTE_AGENT,BROADER_INDIAN_MARINE_REGION
PFZ0089,KERALA,10.801111111111112,75.45916666666668,45.0,57.0,54.0,0.054,-0.16100001,0.16981462,43.66788082116443,Straight baseline,0,0,104.51640507974322,0,45.0,2.5,20.0,0.9575463449999999,GOOD,ROUTE_AGENT,BROADER_INDIAN_MARINE_REGION
PFZ0090,KERALA,10.781111111111112,75.67694444444444,33.0,39.0,36.0,0.068,-0.1365,0.1525,23.35547407247847,Straight baseline,0,0,82.8128077173719,0,33.0,1.8333333333333333,14.666666666666666,0.852986111111111,GOOD,ROUTE_AGENT,BROADER_INDIAN_MARINE_REGION
PFZ0091,KERALA,10.763333333333334,75.48833333333333,44.0,64.0,46.0,0.054,-0.16100001,0.16981462,42.82229634342599,Straight baseline,0,0,102.91360527996052,0,44.0,2.4444444444444446,19.555555555555557,0.9264352338888888,GOOD,ROUTE_AGENT,BROADER_INDIAN_MARINE_REGION
PFZ0092,KERALA,10.756666666666666,75.63583333333334,33.0,30.0,43.0,0.068,-0.1365,0.1525,28.69728185094679,Straight baseline,0,0,88.13496597138668,0,33.0,1.8333333333333333,14.666666666666666,0.9074305555555555,GOOD,ROUTE_AGENT,BROADER_INDIAN_MARINE_REGION
PFZ0093,KERALA,10.721388888888889,75.51166666666667,42.0,66.0,45.0,0.054,-0.16100001,0.16981462,42.77167743829775,Straight baseline,0,0,102.35567616350296,0,42.0,2.3333333333333335,18.666666666666668,0.9186574561111109,GOOD,ROUTE_AGENT,BROADER_INDIAN_MARINE_REGION
PFZ0094,KERALA,10.71111111111111,75.63222222222221,35.0,50.0,40.0,0.068,-0.1365,0.1525,31.484778923168022,Straight baseline,0,0,90.83629220060465,0,35.0,1.9444444444444444,15.555555555555555,0.8840972222222221,GOOD,ROUTE_AGENT,BROADER_INDIAN_MARINE_REGION
PFZ0095,KERALA,10.680833333333332,75.53777777777778,41.0,53.0,53.0,0.054,-0.16100001,0.16981462,42.37387175494547,Straight baseline,0,0,101.73519962070375,0,41.0,2.2777777777777777,18.22222222222222,0.9575463449999999,GOOD,ROUTE_AGENT,BROADER_INDIAN_MARINE_REGION
PFZ0096,KERALA,10.668055555555554,75.62472222222222,33.0,58.0,53.0,0.054,-0.16100001,0.16981462,34.52022201312079,Straight baseline,0,0,93.97140573570756,0,33.0,1.8333333333333333,14.666666666666666,0.9575463449999999,GOOD,ROUTE_AGENT,BROADER_INDIAN_MARINE_REGION
PFZ0097,KERALA,10.658055555555556,75.57805555555555,38.0,55.0,56.0,0.054,-0.16100001,0.16981462,39.63575140849225,Straight baseline,0,0,99.02867617639586,0,38.0,2.111111111111111,16.88888888888889,0.9575463449999999,GOOD,ROUTE_AGENT,BROADER_INDIAN_MARINE_REGION
PFZ0098,KERALA,10.344166666666668,75.78222222222222,31.0,59.0,41.0,0.0245,-0.089,0.092310615,32.57813197240345,Straight baseline,0,0,105.72640873177558,0,31.0,1.7222222222222223,13.777777777777779,0.90692234625,GOOD,ROUTE_AGENT,BROADER_INDIAN_MARINE_REGION
PFZ0099,KERALA,10.33,75.82694444444444,27.0,37.0,43.0,0.0245,-0.089,0.092310615,28.395765206508628,Straight baseline,0,0,104.15293216529965,0,27.0,1.5,12.0,0.9224779018055556,GOOD,ROUTE_AGENT,BROADER_INDIAN_MARINE_REGION
PFZ0100,KERALA,10.299722222222222,75.86361111111111,25.0,34.0,36.0,0.0245,-0.089,0.092310615,25.656085074525052,Straight baseline,0,0,104.84421079177888,0,25.0,1.3888888888888888,11.11111111111111,0.868033457361111,GOOD,ROUTE_AGENT,BROADER_INDIAN_MARINE_REGION
PFZ0101,KERALA,10.262222222222222,75.89277777777778,23.0,30.0,29.0,0.08050001,-0.072500005,0.10833514,23.9721850327706,Straight baseline,0,0,105.06658823979288,0,23.0,1.2777777777777777,10.222222222222221,0.8095828816666666,GOOD,ROUTE_AGENT,BROADER_INDIAN_MARINE_REGION
PFZ0102,KERALA,10.21861111111111,75.9113888888889,23.0,30.0,34.0,0.08050001,-0.072500005,0.10833514,23.62444797681187,Straight baseline,0,0,104.34118373372164,0,23.0,1.2777777777777777,10.222222222222221,0.8484717705555556,GOOD,ROUTE_AGENT,BROADER_INDIAN_MARINE_REGION
PFZ0103,KERALA,10.171666666666669,75.91777777777779,24.0,35.0,38.0,0.08050001,-0.072500005,0.10833514,24.68559018693668,Straight baseline,0,0,105.29506217920378,0,24.0,1.3333333333333333,10.666666666666666,0.8795828816666666,GOOD,ROUTE_AGENT,BROADER_INDIAN_MARINE_REGION
PFZ0104,KERALA,10.124166666666667,75.91527777777779,25.0,36.0,35.0,0.041500002,-0.056500003,0.070103504,26.702279663683587,Straight baseline,0,0,107.4505159490007,0,25.0,1.3888888888888888,11.11111111111111,0.8658074573333332,GOOD,ROUTE_AGENT,BROADER_INDIAN_MARINE_REGION
PFZ0105,KERALA,10.078055555555554,75.90444444444445,28.0,36.0,44.0,0.041500002,-0.056500003,0.070103504,29.54428220265285,Straight baseline,0,0,110.60706126985852,0,28.0,1.5555555555555556,12.444444444444445,0.9358074573333333,GOOD,ROUTE_AGENT,BROADER_INDIAN_MARINE_REGION
PFZ0106,KERALA,10.034166666666666,75.88555555555556,32.0,39.0,43.0,0.041500002,-0.056500003,0.070103504,33.1516384423472,Straight baseline,0,0,114.62062330076166,0,32.0,1.7777777777777777,14.222222222222221,0.9280296795555554,GOOD,ROUTE_AGENT,BROADER_INDIAN_MARINE_REGION
PFZ0107,KERALA,9.995555555555557,75.85833333333333,36.0,45.0,45.0,-0.0019999994,-0.054,0.054037027,37.44085739482714,Straight baseline,0,0,118.6466930171231,0,36.0,2.0,16.0,0.9476018543611111,GOOD,ROUTE_AGENT,BROADER_INDIAN_MARINE_REGION
PFZ0108,KERALA,9.44888888888889,75.96833333333333,36.0,54.0,59.0,-0.0605,-0.020499999,0.06387879,38.93313658920633,Straight baseline,0,0,98.38104975868202,0,36.0,2.0,16.0,0.9840303024999999,GOOD,ROUTE_AGENT,BROADER_INDIAN_MARINE_REGION
PFZ0109,KERALA,9.428888888888888,76.00111111111111,33.0,60.0,65.0,-0.0605,-0.020499999,0.06387879,35.83239704745665,Straight baseline,0,0,94.480096222071,0,33.0,1.8333333333333333,14.666666666666666,0.9840303024999999,GOOD,ROUTE_AGENT,BROADER_INDIAN_MARINE_REGION
PFZ0110,KERALA,9.398333333333332,76.02472222222222,31.0,59.0,54.0,-0.0605,-0.020499999,0.06387879,34.35327304280552,Straight baseline,0,0,91.52540041057598,0,31.0,1.7222222222222223,13.777777777777779,0.9840303024999999,GOOD,ROUTE_AGENT,BROADER_INDIAN_MARINE_REGION
PFZ0111,KERALA,9.361944444444443,76.03722222222223,31.0,58.0,59.0,-0.1275,0.026,0.13012397,34.776467051871506,Straight baseline,0,0,89.89317818939845,0,31.0,1.7222222222222223,13.777777777777779,0.9674690074999999,GOOD,ROUTE_AGENT,BROADER_INDIAN_MARINE_REGION
PFZ0112,KERALA,9.323333333333332,76.03944444444444,32.0,61.0,57.0,-0.1275,0.026,0.13012397,36.80980235954074,Straight baseline,0,0,89.590104098068,0,32.0,1.7777777777777777,14.222222222222221,0.9674690074999999,GOOD,ROUTE_AGENT,BROADER_INDIAN_MARINE_REGION
PFZ0113,KERALA,9.299444444444443,76.17027777777778,19.0,42.0,44.0,-0.08400001,0.029,0.08886507,28.238162608748723,Straight baseline,0,0,75.11224184185663,0,19.0,1.0555555555555556,8.444444444444445,0.9311170658333332,GOOD,ROUTE_AGENT,BROADER_INDIAN_MARINE_REGION
PFZ0114,KERALA,9.28888888888889,76.02388888888889,37.0,60.0,60.0,-0.1275,0.026,0.13012397,40.48359886713919,Straight baseline,0,0,91.44796224878948,0,37.0,2.0555555555555554,16.444444444444443,0.9674690074999999,GOOD,ROUTE_AGENT,BROADER_INDIAN_MARINE_REGION
PFZ0115,KERALA,9.260277777777778,75.99805555555555,41.0,63.0,66.0,-0.1275,0.026,0.13012397,44.73388152697309,Straight baseline,0,0,94.54197776575728,0,41.0,2.2777777777777777,18.22222222222222,0.9674690074999999,GOOD,ROUTE_AGENT,BROADER_INDIAN_MARINE_REGION
PFZ0116,KERALA,9.251944444444444,76.18583333333333,20.0,42.0,45.0,-0.08400001,0.029,0.08886507,31.997238162921192,Straight baseline,0,0,73.84559519014755,0,20.0,1.1111111111111112,8.88888888888889,0.9388948436111111,GOOD,ROUTE_AGENT,BROADER_INDIAN_MARINE_REGION
PFZ0117,KERALA,9.222777777777775,75.98861111111111,49.0,73.0,79.0,-0.1275,0.026,0.13012397,48.25487337470343,Straight baseline,0,0,96.03943176852316,0,49.0,2.7222222222222223,21.77777777777778,0.9674690074999999,GOOD,ROUTE_AGENT,BROADER_INDIAN_MARINE_REGION
PFZ0118,KERALA,9.2175,76.22277777777778,18.0,40.0,43.0,-0.08400001,0.029,0.08886507,34.08647214377581,Straight baseline,0,0,70.37273723275445,0,18.0,1.0,8.0,0.9233392880555555,GOOD,ROUTE_AGENT,BROADER_INDIAN_MARINE_REGION
PFZ0119,KERALA,9.186388888888889,75.9775,54.0,78.0,79.0,-0.1275,0.026,0.13012397,51.948841106344496,Straight baseline,0,0,97.8701689287927,0,54.0,3.0,24.0,0.9674690074999999,GOOD,ROUTE_AGENT,BROADER_INDIAN_MARINE_REGION
PFZ0120,KERALA,9.171388888888888,76.2388888888889,19.0,40.0,42.0,-0.08400001,0.029,0.08886507,38.66029527711267,Straight baseline,0,0,69.77117558792266,0,19.0,1.0555555555555556,8.444444444444445,0.9155615102777777,GOOD,ROUTE_AGENT,BROADER_INDIAN_MARINE_REGION
PFZ0121,KERALA,9.158611111111112,75.95055555555555,60.0,100.0,107.0,-0.1275,0.026,0.13012397,56.2824960616204,Straight baseline,0,0,101.38435154473846,0,60.0,3.3333333333333335,26.666666666666668,0.9674690074999999,GOOD,ROUTE_AGENT,BROADER_INDIAN_MARINE_REGION
PFZ0122,KERALA,9.12138888888889,76.23194444444445,22.0,47.0,48.0,-0.0635,0.056500003,0.08499706,44.334932522352965,Straight baseline,0,0,72.16716913025657,0,22.0,1.2222222222222223,9.777777777777779,0.9631951794444444,GOOD,ROUTE_AGENT,BROADER_INDIAN_MARINE_REGION
PFZ0123,KERALA,9.078888888888889,76.205,27.0,44.0,49.0,-0.0635,0.056500003,0.08499706,49.676722643449914,Straight baseline,0,0,76.6548921089732,0,27.0,1.5,12.0,0.9709729572222221,GOOD,ROUTE_AGENT,BROADER_INDIAN_MARINE_REGION
PFZ0124,KERALA,9.04,76.1725,33.0,57.0,60.0,-0.0635,0.056500003,0.08499706,54.86217586397368,Straight baseline,0,0,81.4945492245912,0,33.0,1.8333333333333333,14.666666666666666,0.978750735,GOOD,ROUTE_AGENT,BROADER_INDIAN_MARINE_REGION
PFZ0125,KERALA,8.99472222222222,76.15083333333334,37.0,58.0,54.0,-0.0635,0.056500003,0.08499706,60.447994845280974,Straight baseline,0,0,85.27889362178566,0,37.0,2.0555555555555554,16.444444444444443,0.978750735,GOOD,ROUTE_AGENT,BROADER_INDIAN_MARINE_REGION
PFZ0126,KERALA,8.945277777777777,76.14083333333333,40.0,57.0,54.0,-0.0635,0.056500003,0.08499706,66.1008144820094,Straight baseline,0,0,88.2141204553362,0,40.0,2.2222222222222223,17.77777777777778,0.978750735,GOOD,ROUTE_AGENT,BROADER_INDIAN_MARINE_REGION
PFZ0127,KERALA,8.89472222222222,76.13972222222223,41.0,51.0,66.0,-0.0635,0.056500003,0.08499706,71.60427188667157,Straight baseline,0,0,90.56045196498364,0,41.0,2.2777777777777777,18.22222222222222,0.978750735,GOOD,ROUTE_AGENT,BROADER_INDIAN_MARINE_REGION
PFZ0128,KERALA,8.684166666666666,76.33277777777778,31.0,55.0,57.0,-0.06600001,0.1575,0.17076959,92.68958701580692,Straight baseline,0,0,76.76918863791005,0,31.0,1.7222222222222223,13.777777777777779,0.9573076025,GOOD,ROUTE_AGENT,BROADER_INDIAN_MARINE_REGION
PFZ0129,KERALA,8.642222222222221,76.36222222222221,32.0,59.0,59.0,-0.06600001,0.1575,0.17076959,97.53937742707782,Straight baseline,0,0,74.53823492522683,0,32.0,1.7777777777777777,14.222222222222221,0.9573076025,GOOD,ROUTE_AGENT,BROADER_INDIAN_MARINE_REGION
PFZ0130,KERALA,8.596111111111112,76.38444444444445,35.0,64.0,64.0,0.0010000002,0.22150001,0.22150226,102.8841181036741,Straight baseline,0,0,73.60482798090659,0,35.0,1.9444444444444444,15.555555555555555,0.9446244349999999,GOOD,ROUTE_AGENT,BROADER_INDIAN_MARINE_REGION
PFZ0131,KERALA,8.546111111111111,76.39527777777778,37.0,78.0,82.0,0.0010000002,0.22150001,0.22150226,108.5917849900231,Straight baseline,0,0,74.45136759164006,0,37.0,2.0555555555555554,16.444444444444443,0.9446244349999999,GOOD,ROUTE_AGENT,BROADER_INDIAN_MARINE_REGION
PFZ0132,KERALA,8.495555555555555,76.38694444444445,41.0,138.0,177.0,0.0010000002,0.22150001,0.22150226,114.1929889943878,Straight baseline,0,0,77.66127503664117,0,41.0,2.2777777777777777,18.22222222222222,0.9446244349999999,GOOD,ROUTE_AGENT,BROADER_INDIAN_MARINE_REGION
PFZ0133,KERALA,8.446388888888889,76.37249999999999,46.0,351.0,324.0,-0.065000005,0.24900001,0.25734413,119.61365192499468,Straight baseline,0,0,81.41578083591907,0,46.0,2.5555555555555554,20.444444444444443,0.9356639675,GOOD,ROUTE_AGENT,BROADER_INDIAN_MARINE_REGION
PFZ0134,KERALA,8.395833333333332,76.36361111111111,50.0,581.0,492.0,-0.065000005,0.24900001,0.25734413,125.24645130710276,Straight baseline,0,0,84.91993446582572,0,50.0,2.7777777777777777,22.22222222222222,0.9356639675,GOOD,ROUTE_AGENT,BROADER_INDIAN_MARINE_REGION
PFZ0135,KERALA,8.348333333333334,76.37944444444443,52.0,557.0,642.0,0.071,0.23500001,0.24549136,130.67337088785,Straight baseline,0,0,86.1526749017051,0,52.0,2.888888888888889,23.11111111111111,0.93862716,GOOD,ROUTE_AGENT,BROADER_INDIAN_MARINE_REGION
PFZ0136,KERALA,8.31638888888889,76.41944444444445,50.0,573.0,590.0,0.071,0.23500001,0.24549136,129.5127363940727,Straight baseline,0,0,84.52543757985997,0,50.0,2.7777777777777777,22.22222222222222,0.93862716,GOOD,ROUTE_AGENT,BROADER_INDIAN_MARINE_REGION
PFZ0137,KERALA,8.283333333333333,76.45833333333334,49.0,586.0,589.0,0.071,0.23500001,0.24549136,124.52601577365252,Straight baseline,0,0,82.79886351164944,0,49.0,2.7222222222222223,21.77777777777778,0.93862716,GOOD,ROUTE_AGENT,BROADER_INDIAN_MARINE_REGION
PFZ0138,KERALA,8.222222222222223,76.91833333333334,16.0,52.0,41.0,0.026000002,0.17850001,0.18038362,73.00486004289692,Straight baseline,0,0,44.70531837027305,0,16.0,0.8888888888888888,7.111111111111111,0.884904095,GOOD,ROUTE_AGENT,BROADER_INDIAN_MARINE_REGION
PFZ0139,KERALA,8.196388888888889,76.92722222222223,18.0,53.0,54.0,0.026000002,0.17850001,0.18038362,71.42274365243705,Straight baseline,0,0,46.12732401918437,0,18.0,1.0,8.0,0.9549040949999998,GOOD,ROUTE_AGENT,BROADER_INDIAN_MARINE_REGION
PFZ0140,KERALA,8.171111111111111,76.9375,19.0,55.0,55.0,0.026000002,0.17850001,0.18038362,69.79675137696134,Straight baseline,0,0,47.559214699631305,0,19.0,1.0555555555555556,8.444444444444445,0.9549040949999998,GOOD,ROUTE_AGENT,BROADER_INDIAN_MARINE_REGION
PFZ0141,KERALA,8.154166666666667,76.60916666666667,46.0,304.0,351.0,0.071,0.23500001,0.24549136,105.866128220713,Straight baseline,0,0,75.52887758524483,0,46.0,2.5555555555555554,20.444444444444443,0.93862716,GOOD,ROUTE_AGENT,BROADER_INDIAN_MARINE_REGION
PFZ0142,KERALA,8.1525,76.9575,20.0,54.0,51.0,0.026000002,0.17850001,0.18038362,67.29034539888565,Straight baseline,0,0,46.33219524613675,0,20.0,1.1111111111111112,8.88888888888889,0.9549040949999998,GOOD,ROUTE_AGENT,BROADER_INDIAN_MARINE_REGION
PFZ0143,KERALA,8.135555555555555,76.97916666666667,21.0,51.0,56.0,0.026000002,0.17850001,0.18038362,64.66659916477234,Straight baseline,0,0,44.10012610103811,0,21.0,1.1666666666666667,9.333333333333334,0.9549040949999998,GOOD,ROUTE_AGENT,BROADER_INDIAN_MARINE_REGION
PFZ0144,KERALA,8.125277777777779,76.65055555555556,44.0,209.0,225.0,0.0925,0.186,0.2077312,101.03678666475582,Straight baseline,0,0,73.8348784868264,0,44.0,2.4444444444444446,19.555555555555557,0.9480671999999999,GOOD,ROUTE_AGENT,BROADER_INDIAN_MARINE_REGION
PFZ0145,KERALA,8.113333333333333,76.99472222222222,23.0,52.0,66.0,0.0010000002,0.161,0.16100311,62.716843241675214,Straight baseline,0,0,42.74559842511954,0,23.0,1.2777777777777777,10.222222222222221,0.9597492224999999,GOOD,ROUTE_AGENT,BROADER_INDIAN_MARINE_REGION
PFZ0146,KERALA,8.086944444444445,77.00277777777778,27.0,58.0,54.0,0.0010000002,0.161,0.16100311,61.67761819024096,Straight baseline,0,0,42.49331482104659,0,27.0,1.5,12.0,0.9597492224999999,GOOD,ROUTE_AGENT,BROADER_INDIAN_MARINE_REGION
PFZ0147,KERALA,8.086388888888889,76.68416666666667,45.0,189.0,171.0,0.058000002,0.23900001,0.24593699,97.1373476480772,Straight baseline,0,0,73.9434618561323,0,45.0,2.5,20.0,0.9385157524999999,GOOD,ROUTE_AGENT,BROADER_INDIAN_MARINE_REGION
PFZ0148,KERALA,8.061944444444444,77.01361111111112,32.0,52.0,50.0,0.0010000002,0.161,0.16100311,60.46622761871559,Straight baseline,0,0,42.12364906063635,0,32.0,1.7777777777777777,14.222222222222221,0.9597492224999999,GOOD,ROUTE_AGENT,BROADER_INDIAN_MARINE_REGION
PFZ0149,KERALA,8.055555555555557,77.03888888888889,34.0,49.0,56.0,0.0010000002,0.161,0.16100311,57.673404683089295,Straight baseline,0,0,39.70813557735116,0,34.0,1.8888888888888888,15.11111111111111,0.9597492224999999,GOOD,ROUTE_AGENT,BROADER_INDIAN_MARINE_REGION
PFZ0150,KERALA,8.045277777777777,76.715,47.0,172.0,170.0,0.058000002,0.23900001,0.24593699,93.74698550910172,Straight baseline,0,0,74.77164386628334,0,47.0,2.611111111111111,20.88888888888889,0.9385157524999999,GOOD,ROUTE_AGENT,BROADER_INDIAN_MARINE_REGION
PFZ0151,KERALA,8.036388888888888,77.05777777777777,37.0,50.0,52.0,0.0010000002,0.161,0.16100311,55.69116763054858,Straight baseline,0,0,38.59368957590557,0,37.0,2.0555555555555554,16.444444444444443,0.9597492224999999,GOOD,ROUTE_AGENT,BROADER_INDIAN_MARINE_REGION
PFZ0152,KERALA,7.998333333333333,76.735,51.0,136.0,159.0,0.058000002,0.23900001,0.24593699,91.85532529257112,Straight baseline,0,0,73.87307367443363,0,51.0,2.8333333333333335,22.666666666666668,0.9385157524999999,GOOD,ROUTE_AGENT,BROADER_INDIAN_MARINE_REGION
PFZ0153,KERALA,7.947777777777778,76.74194444444444,57.0,122.0,136.0,0.058000002,0.23900001,0.24593699,91.78619128319086,Straight baseline,0,0,74.91376802778264,0,57.0,3.1666666666666665,25.333333333333332,0.9385157524999999,GOOD,ROUTE_AGENT,BROADER_INDIAN_MARINE_REGION
PFZ0154,KERALA,7.916388888888889,76.70472222222223,62.0,180.0,182.0,0.058000002,0.23900001,0.24593699,96.46505394743808,Straight baseline,0,0,80.04725595903948,0,62.0,3.4444444444444446,27.555555555555557,0.9385157524999999,GOOD,ROUTE_AGENT,BROADER_INDIAN_MARINE_REGION
PFZ0155,KERALA,7.904166666666667,76.65472222222223,66.0,717.0,699.0,0.058000002,0.23900001,0.24593699,102.18891557581316,Straight baseline,0,0,85.7304544216195,0,66.0,3.6666666666666665,29.333333333333332,0.9385157524999999,GOOD,ROUTE_AGENT,BROADER_INDIAN_MARINE_REGION
PFZ0156,KERALA,7.895555555555555,76.60416666666666,69.0,940.0,909.0,0.08800001,0.28100002,0.29445714,107.89856688933652,Straight baseline,0,0,91.33509564103008,0,69.0,3.8333333333333335,30.666666666666668,0.9263857149999999,GOOD,ROUTE_AGENT,BROADER_INDIAN_MARINE_REGION
PFZ0157,KERALA,7.895277777777777,76.55277777777778,72.0,1080.0,1092.0,0.08800001,0.28100002,0.29445714,113.5306237335489,Straight baseline,0,0,96.72598411304416,0,72.0,4.0,32.0,0.9263857149999999,GOOD,ROUTE_AGENT,BROADER_INDIAN_MARINE_REGION
PFZ0158,LAKSHADWEEP,12.21888888888889,71.78472222222221,12.0,1385.0,1483.0,0.068500005,0.055,0.08784788,2.380934173597712,Straight baseline,1,0,377.34547151655175,0,12.0,0.6666666666666666,5.333333333333333,0.8280380300000001,GOOD,ROUTE_AGENT,BROADER_INDIAN_MARINE_REGION
PFZ0159,LAKSHADWEEP,11.857777777777777,72.41527777777779,36.0,1785.0,1672.0,0.0885,0.098000005,0.1320464,9.781332331952903,Straight baseline,0,0,334.242132027214,0,36.0,2.0,16.0,0.9669884,GOOD,ROUTE_AGENT,BROADER_INDIAN_MARINE_REGION
PFZ0160,LAKSHADWEEP,11.688611111111111,72.53555555555555,18.0,1529.0,1826.0,0.0885,0.098000005,0.1320464,16.069414123992672,Straight baseline,0,0,327.74433462358166,0,18.0,1.0,8.0,0.9669884,GOOD,ROUTE_AGENT,BROADER_INDIAN_MARINE_REGION
PFZ0161,LAKSHADWEEP,11.676666666666666,71.76222222222222,19.0,1358.0,1590.0,0.19350001,0.0375,0.19710024,6.089626182529825,Straight baseline,0,0,406.91553731601294,0,19.0,1.0555555555555556,8.444444444444445,0.95072494,GOOD,ROUTE_AGENT,BROADER_INDIAN_MARINE_REGION
PFZ0162,LAKSHADWEEP,11.634444444444444,71.88861111111112,21.0,1549.0,1597.0,0.165,0.0675,0.17827298,5.636893986547896,Straight baseline,0,0,397.3228227894002,0,21.0,1.1666666666666667,9.333333333333334,0.955431755,GOOD,ROUTE_AGENT,BROADER_INDIAN_MARINE_REGION
PFZ0163,LAKSHADWEEP,11.494166666666668,72.67277777777778,33.0,1822.0,1794.0,0.08400001,0.12300001,0.14894632,23.358869870049016,Straight baseline,0,0,318.3860383605633,0,33.0,1.8333333333333333,14.666666666666666,0.9627634199999999,GOOD,ROUTE_AGENT,BROADER_INDIAN_MARINE_REGION
PFZ0164,LAKSHADWEEP,11.388055555555557,72.66166666666668,20.0,1849.0,1800.0,0.08400001,0.12300001,0.14894632,33.43357799171618,Straight baseline,0,0,323.1926615683617,0,20.0,1.1111111111111112,8.88888888888889,0.9627634199999999,GOOD,ROUTE_AGENT,BROADER_INDIAN_MARINE_REGION
PFZ0165,LAKSHADWEEP,11.13277777777778,73.22805555555556,53.0,2116.0,1924.0,0.012000002,0.045,0.046572525,11.49992083386181,Straight baseline,0,0,276.7040870333556,0,53.0,2.9444444444444446,23.555555555555557,0.98835686875,GOOD,ROUTE_AGENT,BROADER_INDIAN_MARINE_REGION
PFZ0166,LAKSHADWEEP,11.085277777777778,72.34444444444443,26.0,1711.0,1717.0,0.064500004,0.0535,0.08380036,35.89962966259852,Straight baseline,0,0,368.2076187418635,0,26.0,1.4444444444444444,11.555555555555555,0.9790499099999999,GOOD,ROUTE_AGENT,BROADER_INDIAN_MARINE_REGION
PFZ0167,LAKSHADWEEP,11.081944444444444,72.52361111111111,25.0,1596.0,1678.0,0.0485,0.09200001,0.10400121,55.381429870766915,Straight baseline,0,0,349.92040458352926,0,25.0,1.3888888888888888,11.11111111111111,0.9739996975,GOOD,ROUTE_AGENT,BROADER_INDIAN_MARINE_REGION
PFZ0168,LAKSHADWEEP,11.058055555555557,72.20944444444444,18.0,1538.0,1505.0,0.064500004,0.0535,0.08380036,20.557733382466655,Straight baseline,0,0,383.3158329578651,0,18.0,1.0,8.0,0.9790499099999999,GOOD,ROUTE_AGENT,BROADER_INDIAN_MARINE_REGION
PFZ0169,LAKSHADWEEP,10.998888888888889,73.80333333333333,21.0,2384.0,2073.0,-0.0195,-0.029500004,0.03536241,22.837655646238403,Straight baseline,0,0,231.76256400195393,0,21.0,1.1666666666666667,9.333333333333334,0.9911593974999999,GOOD,ROUTE_AGENT,BROADER_INDIAN_MARINE_REGION
PFZ0170,LAKSHADWEEP,10.747777777777776,72.7825,23.0,1574.0,1585.0,0.0395,0.07700001,0.08654046,76.1966446016706,Straight baseline,0,0,341.41396466866695,0,23.0,1.2777777777777777,10.222222222222221,0.978364885,GOOD,ROUTE_AGENT,BROADER_INDIAN_MARINE_REGION
PFZ0171,LAKSHADWEEP,10.25388888888889,73.44222222222223,27.0,2166.0,1936.0,0.014,-0.011000001,0.017804494,25.511016012988993,Straight baseline,0,0,318.8046184828858,0,27.0,1.5,12.0,0.9955488765,GOOD,ROUTE_AGENT,BROADER_INDIAN_MARINE_REGION
PFZ0172,LAKSHADWEEP,9.96361111111111,72.4675,19.0,1653.0,1682.0,-0.021000002,0.1445,0.14601798,21.43751049930568,Straight baseline,0,0,421.0856655272922,0,19.0,1.0555555555555556,8.444444444444445,0.963495505,GOOD,ROUTE_AGENT,BROADER_INDIAN_MARINE_REGION
PFZ0173,LAKSHADWEEP,9.959444444444443,72.6,33.0,1635.0,1651.0,-0.021000002,0.1445,0.14601798,34.74578123806968,Straight baseline,0,0,410.000920563894,0,33.0,1.8333333333333333,14.666666666666666,0.963495505,GOOD,ROUTE_AGENT,BROADER_INDIAN_MARINE_REGION
PFZ0174,LAKSHADWEEP,8.477222222222222,73.19861111111112,27.0,1927.0,2069.0,-0.16100001,0.20650001,0.26184586,7.14965740816656,Straight baseline,0,0,417.095631948537,0,27.0,1.5,12.0,0.934538535,GOOD,ROUTE_AGENT,BROADER_INDIAN_MARINE_REGION
PFZ0175,MAHARASHTRA,19.905277777777776,72.48,19.0,21.0,27.0,-0.1715,0.041,0.17633279,1.104742580453565,Straight baseline,1,0,101.49032829815522,0,19.0,1.0555555555555556,8.444444444444445,0.6270279136111111,MODERATE,ROUTE_AGENT,BROADER_INDIAN_MARINE_REGION
PFZ0176,MAHARASHTRA,19.90361111111111,72.43194444444445,25.0,22.0,27.0,-0.1715,0.041,0.17633279,3.665516516170899,Straight baseline,1,0,104.36561502312908,0,25.0,1.3888888888888888,11.11111111111111,0.6270279136111111,MODERATE,ROUTE_AGENT,BROADER_INDIAN_MARINE_REGION
PFZ0177,MAHARASHTRA,19.90138888888889,72.5275,14.0,20.0,25.0,-0.1715,0.041,0.17633279,0.8396715651476094,Straight baseline,1,0,98.28823067180544,0,14.0,0.7777777777777778,6.222222222222222,0.6114723580555556,MODERATE,ROUTE_AGENT,BROADER_INDIAN_MARINE_REGION
PFZ0178,MAHARASHTRA,19.898888888888887,72.38444444444445,30.0,29.0,40.0,-0.1715,0.041,0.17633279,6.522558353066665,Straight baseline,0,0,107.10854928083872,0,30.0,1.6666666666666667,13.333333333333334,0.8781390247222223,GOOD,ROUTE_AGENT,BROADER_INDIAN_MARINE_REGION
PFZ0179,MAHARASHTRA,19.891666666666666,72.33749999999999,36.0,26.0,26.0,-0.11750001,0.0034999996,0.117552124,9.616963923019554,Straight baseline,0,0,109.77549670282514,0,36.0,2.0,16.0,0.7839453023333334,GOOD,ROUTE_AGENT,BROADER_INDIAN_MARINE_REGION
PFZ0180,MAHARASHTRA,19.868055555555557,72.2961111111111,41.0,26.0,27.0,-0.065500006,-0.0405,0.077009745,14.17236427634686,Straight baseline,0,0,110.79179653328784,0,41.0,2.2777777777777777,18.22222222222222,0.8018586748611112,GOOD,ROUTE_AGENT,BROADER_INDIAN_MARINE_REGION
PFZ0181,MAHARASHTRA,19.834444444444443,72.26222222222222,46.0,27.0,33.0,-0.065500006,-0.0405,0.077009745,19.41470813242084,Straight baseline,0,0,110.63712980341384,0,46.0,2.5555555555555554,20.444444444444443,0.8485253415277778,GOOD,ROUTE_AGENT,BROADER_INDIAN_MARINE_REGION
PFZ0182,MAHARASHTRA,19.793333333333337,72.23805555555556,48.0,27.0,32.0,-0.065500006,-0.0405,0.077009745,24.968302409626464,Straight baseline,0,0,109.35545643592796,0,48.0,2.6666666666666665,21.333333333333332,0.8407475637499999,GOOD,ROUTE_AGENT,BROADER_INDIAN_MARINE_REGION
PFZ0183,MAHARASHTRA,19.746944444444445,72.22777777777777,49.0,25.0,26.0,-0.065500006,-0.0405,0.077009745,30.390531898668076,Straight baseline,0,0,106.74313558762267,0,49.0,2.7222222222222223,21.77777777777778,0.7940808970833333,GOOD,ROUTE_AGENT,BROADER_INDIAN_MARINE_REGION
PFZ0184,MAHARASHTRA,19.699166666666667,72.22527777777778,50.0,22.0,24.0,-0.065500006,-0.0405,0.077009745,35.57247348468399,Straight baseline,0,0,103.56794341053832,0,50.0,2.7777777777777777,22.22222222222222,0.7785253415277777,GOOD,ROUTE_AGENT,BROADER_INDIAN_MARINE_REGION
PFZ0185,MAHARASHTRA,19.478055555555553,72.38944444444445,35.0,20.0,22.0,0.027,0.068500005,0.07362915,35.35009157938168,Straight baseline,0,0,73.81815544202179,0,35.0,1.9444444444444444,15.555555555555555,0.7638149347222223,GOOD,ROUTE_AGENT,BROADER_INDIAN_MARINE_REGION
PFZ0186,MAHARASHTRA,19.46638888888889,72.42611111111111,32.0,18.0,25.0,0.027,0.068500005,0.07362915,31.676022789887742,Straight baseline,0,0,69.62307531761014,0,32.0,1.7777777777777777,14.222222222222221,0.7871482680555555,GOOD,ROUTE_AGENT,BROADER_INDIAN_MARINE_REGION
PFZ0187,MAHARASHTRA,19.44472222222222,72.45722222222223,29.0,18.0,28.0,0.027,0.068500005,0.07362915,28.873062435775747,Straight baseline,0,0,65.33051274306106,0,29.0,1.6111111111111112,12.88888888888889,0.8104816013888889,GOOD,ROUTE_AGENT,BROADER_INDIAN_MARINE_REGION
PFZ0188,MAHARASHTRA,19.409444444444443,72.47222222222223,28.0,17.0,31.0,0.027,0.068500005,0.07362915,28.17755715656803,Straight baseline,0,0,61.758342928075734,0,28.0,1.5555555555555556,12.444444444444445,0.8338149347222221,GOOD,ROUTE_AGENT,BROADER_INDIAN_MARINE_REGION
PFZ0189,MAHARASHTRA,19.371944444444445,72.48083333333334,29.0,17.0,23.0,0.025,0.016,0.029681645,28.233703334240214,Straight baseline,0,0,58.717581733820055,0,29.0,1.6111111111111112,12.88888888888889,0.78257958875,GOOD,ROUTE_AGENT,BROADER_INDIAN_MARINE_REGION
PFZ0190,MAHARASHTRA,19.336388888888887,72.495,29.0,17.0,23.0,0.025,0.016,0.029681645,27.635528777932777,Straight baseline,0,0,55.364734408275645,0,29.0,1.6111111111111112,12.88888888888889,0.78257958875,GOOD,ROUTE_AGENT,BROADER_INDIAN_MARINE_REGION
PFZ0191,MAHARASHTRA,19.309722222222224,72.5225,26.0,15.0,21.0,0.025,0.016,0.029681645,25.355894458526905,Straight baseline,0,0,51.24445913669102,0,26.0,1.4444444444444444,11.555555555555555,0.7670240331944445,GOOD,ROUTE_AGENT,BROADER_INDIAN_MARINE_REGION
PFZ0192,MAHARASHTRA,19.289166666666667,72.55499999999999,23.0,14.0,22.0,0.025,0.016,0.029681645,22.217296553776254,Straight baseline,0,0,46.94849347466845,0,23.0,1.2777777777777777,10.222222222222221,0.7748018109722221,GOOD,ROUTE_AGENT,BROADER_INDIAN_MARINE_REGION
PFZ0193,MAHARASHTRA,19.26638888888889,72.58583333333333,19.0,13.0,19.0,0.025,0.016,0.029681645,19.179371630398386,Straight baseline,0,0,42.73450108479062,0,19.0,1.0555555555555556,8.444444444444445,0.7514684776388889,GOOD,ROUTE_AGENT,BROADER_INDIAN_MARINE_REGION
PFZ0194,MAHARASHTRA,19.23611111111111,72.60944444444443,17.0,12.0,16.0,0.025,0.016,0.029681645,17.012331801048685,Straight baseline,0,0,38.93935190925381,0,17.0,0.9444444444444444,7.555555555555555,0.7281351443055555,GOOD,ROUTE_AGENT,BROADER_INDIAN_MARINE_REGION
PFZ0195,MAHARASHTRA,19.104444444444447,72.34166666666667,46.0,31.0,36.0,0.102000006,-0.10100001,0.14354444,48.24248110778881,Straight baseline,0,0,64.16887076315605,0,46.0,2.5555555555555554,20.444444444444443,0.8552250011111111,GOOD,ROUTE_AGENT,BROADER_INDIAN_MARINE_REGION
PFZ0196,MAHARASHTRA,19.09,72.3863888888889,42.0,31.0,32.0,0.0925,-0.08050001,0.122623414,43.41251375929058,Straight baseline,0,0,59.13628711656544,0,42.0,2.3333333333333335,18.666666666666668,0.8293441465,GOOD,ROUTE_AGENT,BROADER_INDIAN_MARINE_REGION
PFZ0197,MAHARASHTRA,19.05138888888889,72.41388888888889,39.0,28.0,29.0,0.0925,-0.08050001,0.122623414,40.663316312588925,Straight baseline,0,0,56.16054901001705,0,39.0,2.1666666666666665,17.333333333333332,0.8060108131666666,GOOD,ROUTE_AGENT,BROADER_INDIAN_MARINE_REGION
PFZ0198,MAHARASHTRA,19.00888888888889,72.43472222222222,37.0,31.0,33.0,0.0925,-0.08050001,0.122623414,38.68523211271065,Straight baseline,0,0,54.384164566597704,0,37.0,2.0555555555555554,16.444444444444443,0.8371219242777777,GOOD,ROUTE_AGENT,BROADER_INDIAN_MARINE_REGION
PFZ0199,MAHARASHTRA,18.96361111111111,72.44944444444445,37.0,35.0,36.0,0.0925,-0.08050001,0.122623414,37.40775635756746,Straight baseline,0,0,53.86024914554625,0,37.0,2.0555555555555554,16.444444444444443,0.8604552576111111,GOOD,ROUTE_AGENT,BROADER_INDIAN_MARINE_REGION
PFZ0200,MAHARASHTRA,18.916944444444447,72.4588888888889,36.0,35.0,37.0,0.0925,-0.08050001,0.122623414,36.727346504193946,Straight baseline,0,0,54.49823530630712,0,36.0,2.0,16.0,0.868233035388889,GOOD,ROUTE_AGENT,BROADER_INDIAN_MARINE_REGION
PFZ0201,MAHARASHTRA,18.869722222222222,72.46194444444444,37.0,35.0,38.0,0.079,-0.020000001,0.081492335,36.90343259017541,Straight baseline,0,0,56.36094996626819,0,37.0,2.0555555555555554,16.444444444444443,0.8862935829166667,GOOD,ROUTE_AGENT,BROADER_INDIAN_MARINE_REGION
PFZ0202,MAHARASHTRA,18.822222222222223,72.45944444444444,39.0,36.0,43.0,0.079,-0.020000001,0.081492335,37.79753143226824,Straight baseline,0,0,59.15502448337064,0,39.0,2.1666666666666665,17.333333333333332,0.9251824718055555,GOOD,ROUTE_AGENT,BROADER_INDIAN_MARINE_REGION
PFZ0203,MAHARASHTRA,18.775277777777777,72.4525,42.0,38.0,39.0,0.079,-0.020000001,0.081492335,39.11934193974546,Straight baseline,0,0,62.57896539178667,0,42.0,2.3333333333333335,18.666666666666668,0.8940713606944444,GOOD,ROUTE_AGENT,BROADER_INDIAN_MARINE_REGION
PFZ0204,MAHARASHTRA,18.729166666666664,72.4413888888889,43.0,40.0,47.0,0.079,-0.020000001,0.081492335,40.892693459643645,Straight baseline,0,0,66.61515437619764,0,43.0,2.388888888888889,19.11111111111111,0.9562935829166666,GOOD,ROUTE_AGENT,BROADER_INDIAN_MARINE_REGION
PFZ0205,MAHARASHTRA,18.455555555555556,72.37055555555555,55.0,48.0,54.0,0.07000001,-0.060500003,0.09252163,54.43271658145932,Straight baseline,0,0,94.16476829077747,0,55.0,3.0555555555555554,24.444444444444443,0.9768695924999999,GOOD,ROUTE_AGENT,BROADER_INDIAN_MARINE_REGION
PFZ0206,MAHARASHTRA,18.439166666666665,72.28444444444445,65.0,39.0,40.0,0.07000001,-0.060500003,0.09252163,64.20745334037763,Straight baseline,0,0,102.11351285350705,0,65.0,3.611111111111111,28.88888888888889,0.8990918147222222,GOOD,ROUTE_AGENT,BROADER_INDIAN_MARINE_REGION
PFZ0207,MAHARASHTRA,18.35611111111111,72.26222222222222,70.0,49.0,52.0,0.0785,-0.07000001,0.10517724,68.73813736957956,Straight baseline,0,0,110.89842220482392,0,70.0,3.888888888888889,31.11111111111111,0.9737056899999998,GOOD,ROUTE_AGENT,BROADER_INDIAN_MARINE_REGION
PFZ0208,MAHARASHTRA,18.274166666666662,72.29527777777777,67.0,45.0,48.0,0.0785,-0.07000001,0.10517724,67.23287090848079,Straight baseline,0,0,115.93279277139042,0,67.0,3.7222222222222223,29.77777777777778,0.9581501344444443,GOOD,ROUTE_AGENT,BROADER_INDIAN_MARINE_REGION
PFZ0209,MAHARASHTRA,18.190277777777776,72.32222222222222,68.0,44.0,52.0,0.0785,-0.07000001,0.10517724,66.44014891544029,Straight baseline,0,0,122.127556493214,0,68.0,3.7777777777777777,30.22222222222222,0.9737056899999998,GOOD,ROUTE_AGENT,BROADER_INDIAN_MARINE_REGION
PFZ0210,MAHARASHTRA,18.101944444444445,72.30916666666667,70.0,55.0,44.0,0.050500005,-0.0555,0.07503666,70.26398706643205,Straight baseline,0,0,131.59325805530003,0,70.0,3.888888888888889,31.11111111111111,0.9345741683333333,GOOD,ROUTE_AGENT,BROADER_INDIAN_MARINE_REGION
PFZ0211,MAHARASHTRA,18.036944444444448,72.25083333333333,79.0,63.0,66.0,0.050500005,-0.0555,0.07503666,78.67871395490258,Straight baseline,0,0,141.49841116328835,0,79.0,4.388888888888889,35.111111111111114,0.9812408349999999,GOOD,ROUTE_AGENT,BROADER_INDIAN_MARINE_REGION
PFZ0212,MAHARASHTRA,18.010833333333334,72.16527777777779,88.0,65.0,76.0,0.050500005,-0.0555,0.07503666,88.67970931297407,Straight baseline,0,0,149.34787985829286,0,88.0,4.888888888888889,39.111111111111114,0.9812408349999999,GOOD,ROUTE_AGENT,BROADER_INDIAN_MARINE_REGION
PFZ0213,MAHARASHTRA,17.999722222222225,72.0761111111111,98.0,57.0,90.0,0.047000002,-0.0515,0.06972267,98.55788688381256,Straight baseline,0,0,156.29017306200797,0,98.0,5.444444444444445,43.55555555555556,0.9825693325,GOOD,ROUTE_AGENT,BROADER_INDIAN_MARINE_REGION
PFZ0214,MAHARASHTRA,17.995,71.98666666666666,108.0,53.0,103.0,0.047000002,-0.0515,0.06972267,108.24948076717337,Straight baseline,0,0,162.9565354656289,0,108.0,6.0,48.0,0.9825693325,GOOD,ROUTE_AGENT,BROADER_INDIAN_MARINE_REGION
PFZ0215,MAHARASHTRA,17.60666666666667,72.69416666666667,46.0,35.0,39.0,0.089,-0.0135,0.09001805,46.21826230060165,Straight baseline,0,0,98.36543590109198,0,46.0,2.5555555555555554,20.444444444444443,0.8919399319444443,GOOD,ROUTE_AGENT,BROADER_INDIAN_MARINE_REGION
PFZ0216,MAHARASHTRA,17.569166666666668,72.71888888888888,43.0,37.0,40.0,0.089,-0.0135,0.09001805,44.67650629571541,Straight baseline,0,0,96.36433262146096,0,43.0,2.388888888888889,19.11111111111111,0.8997177097222222,GOOD,ROUTE_AGENT,BROADER_INDIAN_MARINE_REGION
PFZ0217,MAHARASHTRA,17.52861111111111,72.73777777777778,42.0,39.0,43.0,0.089,-0.0135,0.09001805,43.85347126948206,Straight baseline,0,0,95.31937547676884,0,42.0,2.3333333333333335,18.666666666666668,0.9230510430555554,GOOD,ROUTE_AGENT,BROADER_INDIAN_MARINE_REGION
PFZ0218,MAHARASHTRA,17.485555555555557,72.75055555555555,44.0,41.0,46.0,0.089,-0.0135,0.09001805,43.76242464738013,Straight baseline,0,0,95.28264367583157,0,44.0,2.4444444444444446,19.555555555555557,0.9463843763888888,GOOD,ROUTE_AGENT,BROADER_INDIAN_MARINE_REGION
PFZ0219,MAHARASHTRA,17.441388888888888,72.75916666666667,43.0,46.0,51.0,0.089,-0.0135,0.09001805,43.85717880706706,Straight baseline,0,0,96.01162903400056,0,43.0,2.388888888888889,19.11111111111111,0.9774954874999999,GOOD,ROUTE_AGENT,BROADER_INDIAN_MARINE_REGION
PFZ0220,MAHARASHTRA,17.396944444444443,72.76527777777778,44.0,54.0,51.0,0.089,-0.0135,0.09001805,44.12152571635635,Straight baseline,0,0,97.28701769716196,0,44.0,2.4444444444444446,19.555555555555557,0.9774954874999999,GOOD,ROUTE_AGENT,BROADER_INDIAN_MARINE_REGION
PFZ0221,MAHARASHTRA,17.352222222222224,72.7675,44.0,56.0,65.0,0.036,0.0225,0.042452913,44.81731396574421,Straight baseline,0,0,99.22590286708416,0,44.0,2.4444444444444446,19.555555555555557,0.98938677175,GOOD,ROUTE_AGENT,BROADER_INDIAN_MARINE_REGION
PFZ0222,MAHARASHTRA,17.3075,72.76333333333334,47.0,59.0,60.0,0.036,0.0225,0.042452913,46.2871125517824,Straight baseline,0,0,101.30523134164324,0,47.0,2.611111111111111,20.88888888888889,0.98938677175,GOOD,ROUTE_AGENT,BROADER_INDIAN_MARINE_REGION
PFZ0223,MAHARASHTRA,17.264166666666668,72.75138888888888,49.0,61.0,62.0,0.036,0.0225,0.042452913,48.65204982946653,Straight baseline,0,0,103.24191948094554,0,49.0,2.7222222222222223,21.77777777777778,0.98938677175,GOOD,ROUTE_AGENT,BROADER_INDIAN_MARINE_REGION
PFZ0224,MAHARASHTRA,17.223611111111108,72.7325,51.0,66.0,68.0,0.036,0.0225,0.042452913,51.70415361301962,Straight baseline,0,0,105.6498721916937,0,51.0,2.8333333333333335,22.666666666666668,0.98938677175,GOOD,ROUTE_AGENT,BROADER_INDIAN_MARINE_REGION
PFZ0225,MAHARASHTRA,17.02,72.86305555555555,41.0,59.0,63.0,-0.014000001,0.0435,0.045697372,42.59724826335016,Straight baseline,0,0,93.01835124182962,0,41.0,2.2777777777777777,18.22222222222222,0.9885756569999999,GOOD,ROUTE_AGENT,BROADER_INDIAN_MARINE_REGION
PFZ0226,MAHARASHTRA,16.980277777777776,72.875,41.0,58.0,59.0,-0.016,0.031000001,0.03488553,42.29234606502584,Straight baseline,0,0,92.52957084103996,0,41.0,2.2777777777777777,18.22222222222222,0.9912786174999999,GOOD,ROUTE_AGENT,BROADER_INDIAN_MARINE_REGION
PFZ0227,MAHARASHTRA,16.938333333333333,72.87305555555555,42.0,60.0,62.0,-0.014000001,0.0435,0.045697372,43.20840448492735,Straight baseline,0,0,93.85040763588611,0,42.0,2.3333333333333335,18.666666666666668,0.9885756569999999,GOOD,ROUTE_AGENT,BROADER_INDIAN_MARINE_REGION
PFZ0228,MAHARASHTRA,16.897222222222222,72.86305555555555,44.0,60.0,64.0,-0.014000001,0.0435,0.045697372,44.84268986584692,Straight baseline,0,0,96.22991122490568,0,44.0,2.4444444444444446,19.555555555555557,0.9885756569999999,GOOD,ROUTE_AGENT,BROADER_INDIAN_MARINE_REGION
PFZ0229,MAHARASHTRA,16.859166666666667,72.84555555555555,47.0,61.0,56.0,-0.015500002,0.007500002,0.017219178,47.26743430631167,Straight baseline,0,0,99.46281698074812,0,47.0,2.611111111111111,20.88888888888889,0.9956952054999999,GOOD,ROUTE_AGENT,BROADER_INDIAN_MARINE_REGION
PFZ0230,MAHARASHTRA,16.824166666666667,72.82222222222222,50.0,62.0,67.0,-0.015500002,0.007500002,0.017219178,50.29826252119359,Straight baseline,0,0,103.29972018343356,0,50.0,2.7777777777777777,22.22222222222222,0.9956952054999999,GOOD,ROUTE_AGENT,BROADER_INDIAN_MARINE_REGION
PFZ0231,MAHARASHTRA,16.791666666666668,72.79555555555555,53.0,67.0,70.0,-0.015500002,0.007500002,0.017219178,53.665726482202935,Straight baseline,0,0,107.4493879792574,0,53.0,2.9444444444444446,23.555555555555557,0.9956952054999999,GOOD,ROUTE_AGENT,BROADER_INDIAN_MARINE_REGION
PFZ0232,MAHARASHTRA,16.764444444444443,72.76361111111112,59.0,72.0,69.0,-0.015500002,0.007500002,0.017219178,57.54933622017898,Straight baseline,0,0,111.94932846970674,0,59.0,3.2777777777777777,26.22222222222222,0.9956952054999999,GOOD,ROUTE_AGENT,BROADER_INDIAN_MARINE_REGION
PFZ0233,MAHARASHTRA,16.741944444444446,72.72916666666667,63.0,72.0,72.0,-0.015500002,0.007500002,0.017219178,61.64891587654185,Straight baseline,0,0,116.50482773470806,0,63.0,3.5,28.0,0.9956952054999999,GOOD,ROUTE_AGENT,BROADER_INDIAN_MARINE_REGION
PFZ0234,MAHARASHTRA,16.704722222222223,72.70944444444444,65.0,37.0,62.0,-0.015500002,0.007500002,0.017219178,64.30843796454137,Straight baseline,0,0,120.2816703146464,0,65.0,3.611111111111111,28.88888888888889,0.9956952054999999,GOOD,ROUTE_AGENT,BROADER_INDIAN_MARINE_REGION
PFZ0235,MAHARASHTRA,16.60388888888889,72.80722222222222,53.0,63.0,60.0,0.0035000015,-0.0205,0.020796634,54.78331038620643,Straight baseline,0,0,116.35282324954495,0,53.0,2.9444444444444446,23.555555555555557,0.9948008415,GOOD,ROUTE_AGENT,BROADER_INDIAN_MARINE_REGION
PFZ0236,MAHARASHTRA,16.56138888888889,72.83,52.0,65.0,60.0,0.0035000015,-0.0205,0.020796634,52.80795126261209,Straight baseline,0,0,113.39043697058206,0,52.0,2.888888888888889,23.11111111111111,0.9948008415,GOOD,ROUTE_AGENT,BROADER_INDIAN_MARINE_REGION
PFZ0237,MAHARASHTRA,16.5125,72.83888888888889,52.0,64.0,69.0,0.0035000015,-0.0205,0.020796634,52.450996677038134,Straight baseline,0,0,111.61439095213886,0,52.0,2.888888888888889,23.11111111111111,0.9948008415,GOOD,ROUTE_AGENT,BROADER_INDIAN_MARINE_REGION
PFZ0238,MAHARASHTRA,16.4625,72.83722222222222,54.0,59.0,69.0,0.0035000015,-0.0205,0.020796634,53.35541895114416,Straight baseline,0,0,111.27587005059954,0,54.0,3.0,24.0,0.9948008415,GOOD,ROUTE_AGENT,BROADER_INDIAN_MARINE_REGION
PFZ0239,MAHARASHTRA,16.41333333333333,72.8286111111111,55.0,59.0,64.0,0.0035000015,-0.0205,0.020796634,55.46422902980932,Straight baseline,0,0,112.01414784335785,0,55.0,3.0555555555555554,24.444444444444443,0.9948008415,GOOD,ROUTE_AGENT,BROADER_INDIAN_MARINE_REGION
PFZ0240,MAHARASHTRA,16.366666666666667,72.81166666666667,59.0,80.0,105.0,-0.0005000001,0.006500002,0.0065192045,58.45416272005265,Straight baseline,0,0,113.65387756657384,0,59.0,3.2777777777777777,26.22222222222222,0.998370198875,GOOD,ROUTE_AGENT,BROADER_INDIAN_MARINE_REGION
PFZ0241,MAHARASHTRA,16.32472222222222,72.785,62.0,102.0,106.0,-0.0005000001,0.006500002,0.0065192045,62.37922338639995,Straight baseline,0,0,116.61400838729304,0,62.0,3.4444444444444446,27.555555555555557,0.998370198875,GOOD,ROUTE_AGENT,BROADER_INDIAN_MARINE_REGION
PFZ0242,MAHARASHTRA,16.2875,72.75166666666667,67.0,88.0,89.0,-0.0005000001,0.006500002,0.0065192045,66.91449061657069,Straight baseline,0,0,120.481614313892,0,67.0,3.7222222222222223,29.77777777777778,0.998370198875,GOOD,ROUTE_AGENT,BROADER_INDIAN_MARINE_REGION
PFZ0243,MAHARASHTRA,16.255555555555556,72.71333333333334,71.0,85.0,90.0,-0.0005000001,0.006500002,0.0065192045,71.86510188367758,Straight baseline,0,0,124.9921561833808,0,71.0,3.9444444444444446,31.555555555555557,0.998370198875,GOOD,ROUTE_AGENT,BROADER_INDIAN_MARINE_REGION
PFZ0244,MAHARASHTRA,16.22972222222222,72.67083333333333,77.0,95.0,102.0,-0.0005000001,0.006500002,0.0065192045,77.12011696930253,Straight baseline,0,0,129.97905955024328,0,77.0,4.277777777777778,34.22222222222222,0.998370198875,GOOD,ROUTE_AGENT,BROADER_INDIAN_MARINE_REGION
PFZ0245,MAHARASHTRA,15.9675,73.2713888888889,20.0,42.0,40.0,-0.008,-0.056,0.056568544,18.146974390730964,Straight baseline,0,0,74.6385600051086,0,20.0,1.1111111111111112,8.88888888888889,0.9080800862222222,GOOD,ROUTE_AGENT,BROADER_INDIAN_MARINE_REGION
PFZ0246,MAHARASHTRA,15.951666666666666,73.25027777777778,23.0,39.0,50.0,-0.008,-0.056,0.056568544,20.8299057301832,Straight baseline,0,0,77.59805907599186,0,23.0,1.2777777777777777,10.222222222222221,0.985857864,GOOD,ROUTE_AGENT,BROADER_INDIAN_MARINE_REGION
PFZ0247,MAHARASHTRA,15.933055555555557,73.23138888888889,27.0,49.0,54.0,-0.008,-0.056,0.056568544,23.33855653272859,Straight baseline,0,0,80.51731625007184,0,27.0,1.5,12.0,0.985857864,GOOD,ROUTE_AGENT,BROADER_INDIAN_MARINE_REGION
PFZ0248,MAHARASHTRA,15.911666666666669,73.21583333333334,30.0,52.0,54.0,-0.008,-0.056,0.056568544,25.551983413061464,Straight baseline,0,0,83.30251880044409,0,30.0,1.6666666666666667,13.333333333333334,0.985857864,GOOD,ROUTE_AGENT,BROADER_INDIAN_MARINE_REGION
PFZ0249,MAHARASHTRA,15.887777777777778,73.20444444444445,32.0,56.0,51.0,-0.008,-0.056,0.056568544,27.37271305213173,Straight baseline,0,0,85.84092844581441,0,32.0,1.7777777777777777,14.222222222222221,0.985857864,GOOD,ROUTE_AGENT,BROADER_INDIAN_MARINE_REGION
PFZ0250,MAHARASHTRA,15.861944444444443,73.19777777777779,35.0,58.0,51.0,0.0225,-0.090500005,0.093255036,28.726746644019933,Straight baseline,0,0,87.90416954338234,0,35.0,1.9444444444444444,15.555555555555555,0.9766862409999999,GOOD,ROUTE_AGENT,BROADER_INDIAN_MARINE_REGION
PFZ0251,MAHARASHTRA,15.835833333333332,73.19500000000001,36.0,59.0,58.0,0.0225,-0.090500005,0.093255036,29.664220147649008,Straight baseline,0,0,89.66813161712683,0,36.0,2.0,16.0,0.9766862409999999,GOOD,ROUTE_AGENT,BROADER_INDIAN_MARINE_REGION
PFZ0252,MAHARASHTRA,15.809444444444445,73.19861111111112,37.0,59.0,54.0,0.0225,-0.090500005,0.093255036,30.05385289487131,Straight baseline,0,0,90.91343196804247,0,37.0,2.0555555555555554,16.444444444444443,0.9766862409999999,GOOD,ROUTE_AGENT,BROADER_INDIAN_MARINE_REGION
PFZ0253,MAHARASHTRA,15.7875,73.21305555555556,40.0,58.0,58.0,0.0225,-0.090500005,0.093255036,29.43693646586612,Straight baseline,0,0,90.95751049698866,0,40.0,2.2222222222222223,17.77777777777778,0.9766862409999999,GOOD,ROUTE_AGENT,BROADER_INDIAN_MARINE_REGION
PFZ0254,MAHARASHTRA,15.771666666666668,73.23416666666667,39.0,58.0,59.0,0.0225,-0.090500005,0.093255036,28.126534197775715,Straight baseline,0,0,90.08473736583248,0,39.0,2.1666666666666665,17.333333333333332,0.9766862409999999,GOOD,ROUTE_AGENT,BROADER_INDIAN_MARINE_REGION
PFZ0255,NORTH TAMILNADU,13.208333333333332,80.63944444444445,32.0,194.0,328.0,0.09,0.29,0.3036445,33.45531419810023,Straight baseline,0,0,53.13859718487856,0,32.0,1.7777777777777777,14.222222222222221,0.924088875,GOOD,ROUTE_AGENT,BROADER_INDIAN_MARINE_REGION
PFZ0256,NORTH TAMILNADU,13.203055555555554,80.69694444444445,39.0,564.0,391.0,0.09,0.29,0.3036445,39.86332603584111,Straight baseline,0,0,58.42349634080158,0,39.0,2.1666666666666665,17.333333333333332,0.924088875,GOOD,ROUTE_AGENT,BROADER_INDIAN_MARINE_REGION
PFZ0257,NORTH TAMILNADU,13.201944444444443,80.58222222222221,26.0,209.0,202.0,,,,27.310428947090095,Straight baseline,0,0,47.389990300925575,0,26.0,1.4444444444444444,11.555555555555555,,,ROUTE_AGENT,BROADER_INDIAN_MARINE_REGION
PFZ0258,NORTH TAMILNADU,13.189722222222224,80.75333333333333,45.0,1780.0,1696.0,0.09,0.29,0.3036445,46.310194596857016,Straight baseline,0,0,63.42342591988378,0,45.0,2.5,20.0,0.924088875,GOOD,ROUTE_AGENT,BROADER_INDIAN_MARINE_REGION
PFZ0259,NORTH TAMILNADU,13.163333333333334,80.80472222222222,51.0,2430.0,2267.0,0.09,0.29,0.3036445,52.4693237314515,Straight baseline,0,0,67.61985320537762,0,51.0,2.8333333333333335,22.666666666666668,0.924088875,GOOD,ROUTE_AGENT,BROADER_INDIAN_MARINE_REGION
PFZ0260,NORTH TAMILNADU,13.160555555555556,80.54638888888888,23.0,133.0,144.0,,,,24.207999937596888,Straight baseline,0,0,41.454867002858336,0,23.0,1.2777777777777777,10.222222222222221,,,ROUTE_AGENT,BROADER_INDIAN_MARINE_REGION
PFZ0261,NORTH TAMILNADU,13.145833333333332,80.91694444444445,64.0,2550.0,3020.0,0.007,0.30100003,0.30108142,65.1192929974678,Straight baseline,0,0,78.94982043020515,0,64.0,3.5555555555555554,28.444444444444443,0.924729645,GOOD,ROUTE_AGENT,BROADER_INDIAN_MARINE_REGION
PFZ0262,NORTH TAMILNADU,13.145833333333332,80.85944444444443,57.0,2581.0,2539.0,0.09,0.29,0.3036445,58.816540615726026,Straight baseline,0,0,72.79230918600375,0,57.0,3.1666666666666665,25.333333333333332,0.924088875,GOOD,ROUTE_AGENT,BROADER_INDIAN_MARINE_REGION
PFZ0263,NORTH TAMILNADU,13.103333333333332,80.54805555555555,25.0,136.0,139.0,,,,25.53157891669619,Straight baseline,0,0,38.531266256817275,0,25.0,1.3888888888888888,11.11111111111111,,,ROUTE_AGENT,BROADER_INDIAN_MARINE_REGION
PFZ0264,NORTH TAMILNADU,13.048055555555557,80.56444444444445,28.0,135.0,127.0,,,,28.429886124797836,Straight baseline,0,0,38.15559889451521,0,28.0,1.5555555555555556,12.444444444444445,,,ROUTE_AGENT,BROADER_INDIAN_MARINE_REGION
PFZ0265,NORTH TAMILNADU,12.778055555555556,80.5125,26.0,78.0,84.0,,,,28.11457711555444,Straight baseline,0,0,33.75859788627813,0,26.0,1.4444444444444444,11.555555555555555,,,ROUTE_AGENT,BROADER_INDIAN_MARINE_REGION
PFZ0266,NORTH TAMILNADU,12.735277777777776,80.5363888888889,29.0,83.0,80.0,,,,31.584727600934738,Straight baseline,0,0,38.07739764396256,0,29.0,1.6111111111111112,12.88888888888889,,,ROUTE_AGENT,BROADER_INDIAN_MARINE_REGION
PFZ0267,NORTH TAMILNADU,12.697222222222225,80.5675,34.0,102.0,105.0,,,,35.917621594226766,Straight baseline,0,0,43.1265741574177,0,34.0,1.8888888888888888,15.11111111111111,,,ROUTE_AGENT,BROADER_INDIAN_MARINE_REGION
PFZ0268,NORTH TAMILNADU,12.666944444444445,80.60583333333332,39.0,119.0,137.0,,,,40.93673017382893,Straight baseline,0,0,48.53364278330023,0,39.0,2.1666666666666665,17.333333333333332,,,ROUTE_AGENT,BROADER_INDIAN_MARINE_REGION
PFZ0269,NORTH TAMILNADU,12.6525,80.6525,44.0,105.0,193.0,0.1675,0.213,0.27097094,46.3815032043314,Straight baseline,0,0,53.87696869604843,0,44.0,2.4444444444444446,19.555555555555557,0.9322572649999998,GOOD,ROUTE_AGENT,BROADER_INDIAN_MARINE_REGION
PFZ0270,NORTH TAMILNADU,12.645555555555555,80.70111111111112,50.0,382.0,362.0,0.1675,0.213,0.27097094,51.812648752440346,Straight baseline,0,0,59.04454891148857,0,50.0,2.7777777777777777,22.22222222222222,0.9322572649999998,GOOD,ROUTE_AGENT,BROADER_INDIAN_MARINE_REGION
PFZ0271,NORTH TAMILNADU,12.635277777777777,80.74916666666667,56.0,1179.0,1089.0,0.1675,0.213,0.27097094,57.28300744802437,Straight baseline,0,0,64.36795278006767,0,56.0,3.111111111111111,24.88888888888889,0.9322572649999998,GOOD,ROUTE_AGENT,BROADER_INDIAN_MARINE_REGION
PFZ0272,NORTH TAMILNADU,12.609444444444444,80.78999999999999,61.0,2227.0,2830.0,0.18,0.236,0.2968097,62.438717721835744,Straight baseline,0,0,69.74132605491917,0,61.0,3.388888888888889,27.11111111111111,0.9257975749999998,GOOD,ROUTE_AGENT,BROADER_INDIAN_MARINE_REGION
PFZ0273,NORTH TAMILNADU,12.570833333333333,80.82027777777778,65.0,3084.0,3099.0,0.18,0.236,0.2968097,66.83892987028312,Straight baseline,0,0,74.74036566688585,0,65.0,3.611111111111111,28.88888888888889,0.9257975749999998,GOOD,ROUTE_AGENT,BROADER_INDIAN_MARINE_REGION
PFZ0274,NORTH TAMILNADU,12.536388888888888,80.85472222222222,69.0,3426.0,3235.0,0.18,0.236,0.2968097,71.56321191527704,Straight baseline,0,0,79.98345760883457,0,69.0,3.8333333333333335,30.666666666666668,0.9257975749999998,GOOD,ROUTE_AGENT,BROADER_INDIAN_MARINE_REGION
PFZ0275,NORTH TAMILNADU,12.409444444444444,80.49916666666667,36.0,71.0,90.0,0.116500005,0.19750002,0.22930004,38.26330559904382,Straight baseline,0,0,61.34544379638361,0,36.0,2.0,16.0,0.94267499,GOOD,ROUTE_AGENT,BROADER_INDIAN_MARINE_REGION
PFZ0276,NORTH TAMILNADU,12.35,80.48222222222222,36.0,87.0,103.0,0.105000004,0.213,0.2374742,38.914732007573846,Straight baseline,0,0,66.48867351043418,0,36.0,2.0,16.0,0.9406314499999999,GOOD,ROUTE_AGENT,BROADER_INDIAN_MARINE_REGION
PFZ0277,NORTH TAMILNADU,12.300277777777778,80.44666666666667,34.0,142.0,158.0,0.105000004,0.213,0.2374742,37.4142414887429,Straight baseline,0,0,70.1729759895534,0,34.0,1.8888888888888888,15.11111111111111,0.9406314499999999,GOOD,ROUTE_AGENT,BROADER_INDIAN_MARINE_REGION
PFZ0278,NORTH TAMILNADU,12.259722222222225,80.40027777777779,32.0,275.0,292.0,0.105000004,0.213,0.2374742,35.37272362314633,Straight baseline,0,0,68.39171116709409,0,32.0,1.7777777777777777,14.222222222222221,0.9406314499999999,GOOD,ROUTE_AGENT,BROADER_INDIAN_MARINE_REGION
PFZ0279,NORTH TAMILNADU,12.219166666666666,80.35388888888889,31.0,569.0,828.0,,,,33.60044181795253,Straight baseline,0,0,66.33344204318942,0,31.0,1.7222222222222223,13.777777777777779,,,ROUTE_AGENT,BROADER_INDIAN_MARINE_REGION
PFZ0280,NORTH TAMILNADU,12.16972222222222,80.3175,31.0,796.0,764.0,,,,33.31421061967681,Straight baseline,0,0,66.45524536090855,0,31.0,1.7222222222222223,13.777777777777779,,,ROUTE_AGENT,BROADER_INDIAN_MARINE_REGION
PFZ0281,NORTH TAMILNADU,12.110277777777778,80.30194444444444,33.0,1101.0,1238.0,0.054,0.11950001,0.13113448,35.59049914049384,Straight baseline,0,0,69.73593167189341,0,33.0,1.8333333333333333,14.666666666666666,0.96721638,GOOD,ROUTE_AGENT,BROADER_INDIAN_MARINE_REGION
PFZ0282,NORTH TAMILNADU,12.053611111111111,80.27888888888889,34.0,1291.0,1311.0,0.054,0.11950001,0.13113448,36.555391616471056,Straight baseline,0,0,72.75422189593726,0,34.0,1.8888888888888888,15.11111111111111,0.96721638,GOOD,ROUTE_AGENT,BROADER_INDIAN_MARINE_REGION
PFZ0283,NORTH TAMILNADU,12.007777777777775,80.23777777777778,33.0,974.0,1093.0,0.054,0.11950001,0.13113448,34.24172719574815,Straight baseline,0,0,74.12120665762345,0,33.0,1.8333333333333333,14.666666666666666,0.96721638,GOOD,ROUTE_AGENT,BROADER_INDIAN_MARINE_REGION
PFZ0284,NORTH TAMILNADU,11.95,80.21722222222222,35.0,907.0,855.0,0.054,0.11950001,0.13113448,34.55695090162706,Straight baseline,0,0,73.04832563551341,0,35.0,1.9444444444444444,15.555555555555555,0.96721638,GOOD,ROUTE_AGENT,BROADER_INDIAN_MARINE_REGION
PFZ0285,NORTH TAMILNADU,11.79888888888889,80.12138888888889,31.0,886.0,828.0,,,,31.029879448005804,Straight baseline,0,0,53.14777426560819,0,31.0,1.7222222222222223,13.777777777777779,,,ROUTE_AGENT,BROADER_INDIAN_MARINE_REGION
PFZ0286,NORTH TAMILNADU,11.748055555555554,80.10388888888889,31.0,852.0,797.0,,,,31.366062480880583,Straight baseline,0,0,47.66266093629567,0,31.0,1.7222222222222223,13.777777777777779,,,ROUTE_AGENT,BROADER_INDIAN_MARINE_REGION
PFZ0287,NORTH TAMILNADU,11.7075,80.06833333333333,28.0,1044.0,962.0,,,,29.40183939983532,Straight baseline,0,0,41.61784904590187,0,28.0,1.5555555555555556,12.444444444444445,,,ROUTE_AGENT,BROADER_INDIAN_MARINE_REGION
PFZ0288,NORTH TAMILNADU,11.654166666666669,80.06055555555555,29.0,788.0,748.0,,,,29.413089274612744,Straight baseline,0,0,37.044422584700975,0,29.0,1.6111111111111112,12.88888888888889,,,ROUTE_AGENT,BROADER_INDIAN_MARINE_REGION
PFZ0289,NORTH TAMILNADU,11.600833333333332,80.07027777777778,31.0,739.0,683.0,,,,29.45242382414989,Straight baseline,0,0,34.43035595121755,0,31.0,1.7222222222222223,13.777777777777779,,,ROUTE_AGENT,BROADER_INDIAN_MARINE_REGION
PFZ0290,NORTH TAMILNADU,11.55,80.08916666666666,31.0,809.0,784.0,,,,30.545761950762156,Straight baseline,0,0,33.790306515024774,0,31.0,1.7222222222222223,13.777777777777779,,,ROUTE_AGENT,BROADER_INDIAN_MARINE_REGION
PFZ0291,NORTH TAMILNADU,11.533055555555556,80.39305555555556,61.0,2180.0,1988.0,0.0245,0.22850001,0.2298097,63.55887180954313,Straight baseline,0,0,65.96105815835402,0,61.0,3.388888888888889,27.11111111111111,0.9425475749999999,GOOD,ROUTE_AGENT,BROADER_INDIAN_MARINE_REGION
PFZ0292,NORTH TAMILNADU,11.504444444444443,80.11861111111111,34.0,962.0,962.0,,,,32.89893085304595,Straight baseline,0,0,35.35323057962016,0,34.0,1.8888888888888888,15.11111111111111,,,ROUTE_AGENT,BROADER_INDIAN_MARINE_REGION
PFZ0293,NORTH TAMILNADU,11.489722222222222,80.42916666666667,64.0,2296.0,2010.0,0.0245,0.22850001,0.2298097,66.68626997388488,Straight baseline,0,0,69.31404654766683,0,64.0,3.5555555555555554,28.444444444444443,0.9425475749999999,GOOD,ROUTE_AGENT,BROADER_INDIAN_MARINE_REGION
PFZ0294,NORTH TAMILNADU,11.473611111111111,80.16250000000001,38.0,1104.0,1066.0,0.0009999997,0.1645,0.16450304,37.12033874059795,Straight baseline,0,0,39.592936161597336,0,38.0,2.111111111111111,16.88888888888889,0.9588742399999999,GOOD,ROUTE_AGENT,BROADER_INDIAN_MARINE_REGION
PFZ0295,NORTH TAMILNADU,11.450555555555557,80.21027777777778,43.0,1372.0,1320.0,0.0009999997,0.1645,0.16450304,41.91817354398828,Straight baseline,0,0,44.70354427589253,0,43.0,2.388888888888889,19.11111111111111,0.9588742399999999,GOOD,ROUTE_AGENT,BROADER_INDIAN_MARINE_REGION
PFZ0296,NORTH TAMILNADU,11.436666666666667,80.44722222222222,65.0,2297.0,2016.0,0.0245,0.22850001,0.2298097,67.66583607938644,Straight baseline,0,0,71.0437343067687,0,65.0,3.611111111111111,28.88888888888889,0.9425475749999999,GOOD,ROUTE_AGENT,BROADER_INDIAN_MARINE_REGION
PFZ0297,NORTH TAMILNADU,11.400277777777776,80.2275,43.0,1355.0,1425.0,0.0009999997,0.1645,0.16450304,42.86878965283445,Straight baseline,0,0,46.633458770582315,0,43.0,2.388888888888889,19.11111111111111,0.9588742399999999,GOOD,ROUTE_AGENT,BROADER_INDIAN_MARINE_REGION
PFZ0298,NORTH TAMILNADU,11.380277777777778,80.44083333333333,64.0,2053.0,1837.0,0.0245,0.22850001,0.2298097,66.29787116377398,Straight baseline,0,0,70.4734426525647,0,64.0,3.5555555555555554,28.444444444444443,0.9425475749999999,GOOD,ROUTE_AGENT,BROADER_INDIAN_MARINE_REGION
PFZ0299,NORTH TAMILNADU,11.324166666666668,80.43166666666667,62.0,1692.0,1659.0,-0.040999997,0.25050002,0.25383314,64.77115159128122,Straight baseline,0,0,70.1600002551093,0,62.0,3.4444444444444446,27.555555555555557,0.9365417149999999,GOOD,ROUTE_AGENT,BROADER_INDIAN_MARINE_REGION
PFZ0300,NORTH TAMILNADU,11.26888888888889,80.44055555555556,62.0,1540.0,1454.0,-0.040999997,0.25050002,0.25383314,65.25559342786511,Straight baseline,0,0,72.36282046949071,0,62.0,3.4444444444444446,27.555555555555557,0.9365417149999999,GOOD,ROUTE_AGENT,BROADER_INDIAN_MARINE_REGION
PFZ0301,NORTH TAMILNADU,11.223888888888888,80.47472222222223,65.0,1546.0,1568.0,-0.040999997,0.25050002,0.25383314,68.68280037537274,Straight baseline,0,0,77.37471455625041,0,65.0,3.611111111111111,28.88888888888889,0.9365417149999999,GOOD,ROUTE_AGENT,BROADER_INDIAN_MARINE_REGION
PFZ0302,NORTH TAMILNADU,11.187222222222225,80.51805555555555,70.0,1597.0,1532.0,-0.040999997,0.25050002,0.25383314,73.38855476125596,Straight baseline,0,0,83.18971229501717,0,70.0,3.888888888888889,31.11111111111111,0.9365417149999999,GOOD,ROUTE_AGENT,BROADER_INDIAN_MARINE_REGION
PFZ0303,NORTH TAMILNADU,11.155555555555557,80.56527777777778,75.0,1751.0,1783.0,-0.040999997,0.25050002,0.25383314,71.08222469405187,Treaty,0,0,89.30222924535472,0,75.0,4.166666666666667,33.333333333333336,0.9365417149999999,GOOD,ROUTE_AGENT,BROADER_INDIAN_MARINE_REGION
PFZ0304,NORTH TAMILNADU,11.126944444444446,80.61444444444444,80.0,2016.0,2144.0,-0.040999997,0.25050002,0.25383314,65.63431881550156,Treaty,0,0,95.53570615398948,0,80.0,4.444444444444445,35.55555555555556,0.9365417149999999,GOOD,ROUTE_AGENT,BROADER_INDIAN_MARINE_REGION
PFZ0305,NORTH TAMILNADU,11.061666666666667,80.35388888888889,52.0,819.0,790.0,-0.08250001,0.23450002,0.24858904,54.762908751904995,Straight baseline,0,0,72.5897072841757,0,52.0,2.888888888888889,23.11111111111111,0.9378527399999999,GOOD,ROUTE_AGENT,BROADER_INDIAN_MARINE_REGION
PFZ0306,NORTH TAMILNADU,11.011944444444444,80.34638888888888,51.0,755.0,714.0,-0.08250001,0.23450002,0.24858904,53.78716845360599,Straight baseline,0,0,75.11537824466483,0,51.0,2.8333333333333335,22.666666666666668,0.9378527399999999,GOOD,ROUTE_AGENT,BROADER_INDIAN_MARINE_REGION
PFZ0307,NORTH TAMILNADU,10.961666666666666,80.34388888888888,51.0,672.0,650.0,-0.08250001,0.23450002,0.24858904,53.3662989746192,Straight baseline,0,0,78.44157828462644,0,51.0,2.8333333333333335,22.666666666666668,0.9378527399999999,GOOD,ROUTE_AGENT,BROADER_INDIAN_MARINE_REGION
PFZ0308,NORTH TAMILNADU,10.911388888888888,80.34777777777778,51.0,568.0,552.0,-0.08250001,0.23450002,0.24858904,53.65643892692161,Straight baseline,0,0,82.54875178164605,0,51.0,2.8333333333333335,22.666666666666668,0.9378527399999999,GOOD,ROUTE_AGENT,BROADER_INDIAN_MARINE_REGION
PFZ0309,NORTH TAMILNADU,10.862222222222222,80.3586111111111,53.0,519.0,518.0,-0.101500005,0.20850001,0.2318933,54.72256432293911,Straight baseline,0,0,87.29146667304349,0,53.0,2.9444444444444446,23.555555555555557,0.9420266749999999,GOOD,ROUTE_AGENT,BROADER_INDIAN_MARINE_REGION
PFZ0310,NORTH TAMILNADU,10.816111111111113,80.3786111111111,55.0,455.0,437.0,-0.155,0.22950003,0.2769391,49.284325765097186,Treaty,0,0,92.5897135867536,0,55.0,3.0555555555555554,24.444444444444443,0.930765225,GOOD,ROUTE_AGENT,BROADER_INDIAN_MARINE_REGION
PFZ0311,NORTH TAMILNADU,10.778333333333334,80.41166666666668,59.0,603.0,596.0,-0.155,0.22950003,0.2769391,43.67276196178152,Treaty,0,0,98.2281794613156,0,59.0,3.2777777777777777,26.22222222222222,0.930765225,GOOD,ROUTE_AGENT,BROADER_INDIAN_MARINE_REGION
PFZ0312,NORTH TAMILNADU,10.744166666666668,80.44888888888889,63.0,686.0,699.0,-0.155,0.22950003,0.2769391,38.13702761824231,Treaty,0,0,103.88875093871928,0,63.0,3.5,28.0,0.930765225,GOOD,ROUTE_AGENT,BROADER_INDIAN_MARINE_REGION
PFZ0313,NORTH TAMILNADU,10.706944444444444,80.48277777777778,66.0,664.0,734.0,-0.155,0.22950003,0.2769391,32.52579897979493,Treaty,0,0,106.89798939535824,0,66.0,3.6666666666666665,29.333333333333332,0.930765225,GOOD,ROUTE_AGENT,BROADER_INDIAN_MARINE_REGION
PFZ0314,NORTH TAMILNADU,10.661111111111111,80.50194444444445,68.0,673.0,680.0,-0.155,0.22950003,0.2769391,27.036574415849383,Treaty,0,0,107.6991579856453,0,68.0,3.7777777777777777,30.22222222222222,0.930765225,GOOD,ROUTE_AGENT,BROADER_INDIAN_MARINE_REGION
PFZ0315,SOUTH ANDHRAPRADESH,16.050833333333333,81.34138888888889,46.0,22.0,29.0,,,,2.6813208759274976,Straight baseline,1,0,375.5480417284972,0,46.0,2.5555555555555554,20.444444444444443,,,ROUTE_AGENT,BROADER_INDIAN_MARINE_REGION
PFZ0316,SOUTH ANDHRAPRADESH,15.968333333333334,81.485,66.0,252.0,240.0,0.42350003,0.045500003,0.42593724,19.274633653044575,Straight baseline,0,0,372.23289230596305,0,66.0,3.6666666666666665,29.333333333333332,0.8935156899999999,GOOD,ROUTE_AGENT,BROADER_INDIAN_MARINE_REGION
PFZ0317,SOUTH ANDHRAPRADESH,15.932777777777778,81.2213888888889,22.0,6.0,18.0,,,,7.154369216425785,Straight baseline,0,0,358.3349500847513,0,22.0,1.2222222222222223,9.777777777777779,,,ROUTE_AGENT,BROADER_INDIAN_MARINE_REGION
PFZ0318,SOUTH ANDHRAPRADESH,15.932222222222222,81.92083333333333,79.0,1030.0,1035.0,0.3925,0.073,0.39923084,48.12029766850052,Straight baseline,0,0,389.33859463295,0,79.0,4.388888888888889,35.111111111111114,0.9001922899999999,GOOD,ROUTE_AGENT,BROADER_INDIAN_MARINE_REGION
PFZ0319,SOUTH ANDHRAPRADESH,15.796111111111111,82.01916666666666,94.0,1316.0,1406.0,0.5325,0.015000004,0.53271127,66.8233912002215,Straight baseline,0,0,381.2220381269824,0,94.0,5.222222222222222,41.77777777777778,0.8668221825,GOOD,ROUTE_AGENT,BROADER_INDIAN_MARINE_REGION
PFZ0320,SOUTH ANDHRAPRADESH,15.715,81.8425,79.0,1496.0,1774.0,0.6305,0.0435,0.63199884,65.26443548787216,Straight baseline,0,0,363.1476239337508,0,79.0,4.388888888888889,35.111111111111114,0.8420002899999999,GOOD,ROUTE_AGENT,BROADER_INDIAN_MARINE_REGION
PFZ0321,SOUTH ANDHRAPRADESH,15.640833333333331,81.98222222222222,96.0,1898.0,2024.0,0.5325,0.015000004,0.53271127,80.79828270687666,Straight baseline,0,0,363.80657137845986,0,96.0,5.333333333333333,42.666666666666664,0.8668221825,GOOD,ROUTE_AGENT,BROADER_INDIAN_MARINE_REGION
PFZ0322,SOUTH ANDHRAPRADESH,15.561388888888889,81.21472222222222,83.0,1427.0,1606.0,0.6085,0.2475,0.6569083,32.81752286158948,Straight baseline,0,0,317.4800547544846,0,83.0,4.611111111111111,36.888888888888886,0.8357729249999999,GOOD,ROUTE_AGENT,BROADER_INDIAN_MARINE_REGION
PFZ0323,SOUTH ANDHRAPRADESH,15.551388888888887,81.11277777777777,72.0,1098.0,1063.0,0.4795,0.26200002,0.5464103,27.05189764004228,Straight baseline,0,0,312.65069907998793,0,72.0,4.0,32.0,0.863397425,GOOD,ROUTE_AGENT,BROADER_INDIAN_MARINE_REGION
PFZ0324,SOUTH ANDHRAPRADESH,15.528055555555556,81.01472222222222,53.0,745.0,925.0,0.4795,0.26200002,0.5464103,24.023018252371912,Straight baseline,0,0,306.81300769037216,0,53.0,2.9444444444444446,23.555555555555557,0.863397425,GOOD,ROUTE_AGENT,BROADER_INDIAN_MARINE_REGION
PFZ0325,SOUTH ANDHRAPRADESH,15.266944444444444,80.53833333333333,41.0,205.0,232.0,0.197,0.15,0.24760655,36.327788490414086,Straight baseline,0,0,266.1449235048018,0,41.0,2.2777777777777777,18.22222222222222,0.9380983624999999,GOOD,ROUTE_AGENT,BROADER_INDIAN_MARINE_REGION
PFZ0326,SOUTH ANDHRAPRADESH,15.23,80.40916666666668,32.0,55.0,54.0,0.197,0.15,0.24760655,22.38316032329591,Straight baseline,0,0,260.4045447777609,0,32.0,1.7777777777777777,14.222222222222221,0.9380983624999999,GOOD,ROUTE_AGENT,BROADER_INDIAN_MARINE_REGION
PFZ0327,SOUTH ANDHRAPRADESH,15.15388888888889,80.29944444444445,26.0,36.0,36.0,,,,10.31159594544926,Straight baseline,0,0,250.9608691825868,0,26.0,1.4444444444444444,11.555555555555555,,,ROUTE_AGENT,BROADER_INDIAN_MARINE_REGION
PFZ0328,SOUTH ANDHRAPRADESH,14.799722222222222,80.50194444444445,38.0,1497.0,1434.0,,,,33.506706606668395,Straight baseline,0,0,212.2422176743839,0,38.0,2.111111111111111,16.88888888888889,,,ROUTE_AGENT,BROADER_INDIAN_MARINE_REGION
PFZ0329,SOUTH ANDHRAPRADESH,14.678055555555554,80.54805555555555,40.0,2071.0,2107.0,,,,38.86415580293339,Straight baseline,0,0,199.2489370074973,0,40.0,2.2222222222222223,17.77777777777778,,,ROUTE_AGENT,BROADER_INDIAN_MARINE_REGION
PFZ0330,SOUTH ANDHRAPRADESH,14.59388888888889,80.63777777777779,48.0,2359.0,2345.0,0.0425,0.46150005,0.46345285,49.0063078635855,Straight baseline,0,0,191.85977711652455,0,48.0,2.6666666666666665,21.333333333333332,0.8841367874999999,GOOD,ROUTE_AGENT,BROADER_INDIAN_MARINE_REGION
PFZ0331,SOUTH ANDHRAPRADESH,14.256666666666666,80.52194444444444,38.0,1309.0,1296.0,0.067,0.55300003,0.557044,33.44167983111489,Straight baseline,0,0,151.17879315192582,0,38.0,2.111111111111111,16.88888888888889,0.8607389999999999,GOOD,ROUTE_AGENT,BROADER_INDIAN_MARINE_REGION
PFZ0332,SOUTH ANDHRAPRADESH,14.142777777777775,80.5261111111111,42.0,1760.0,1768.0,0.067,0.55300003,0.557044,32.97764959128356,Straight baseline,0,0,138.55204311119903,0,42.0,2.3333333333333335,18.666666666666668,0.8607389999999999,GOOD,ROUTE_AGENT,BROADER_INDIAN_MARINE_REGION
PFZ0333,SOUTH ANDHRAPRADESH,14.03472222222222,80.49027777777778,39.0,860.0,956.0,,,,28.1199271127062,Straight baseline,0,0,125.5586402993538,0,39.0,2.1666666666666665,17.333333333333332,,,ROUTE_AGENT,BROADER_INDIAN_MARINE_REGION
PFZ0334,SOUTH ANDHRAPRADESH,13.826944444444443,80.62222222222222,51.0,1966.0,1976.0,,,,41.03006521565627,Straight baseline,0,0,107.58711877173842,0,51.0,2.8333333333333335,22.666666666666668,,,ROUTE_AGENT,BROADER_INDIAN_MARINE_REGION
PFZ0335,SOUTH ANDHRAPRADESH,13.799444444444443,80.73583333333333,67.0,3036.0,2972.0,-0.0125,0.41500002,0.41518822,52.79036039405684,Straight baseline,0,0,110.56683145041704,0,67.0,3.7222222222222223,29.77777777777778,0.896202945,GOOD,ROUTE_AGENT,BROADER_INDIAN_MARINE_REGION
PFZ0336,SOUTH ANDHRAPRADESH,13.790555555555557,80.51694444444445,34.0,944.0,907.0,,,,28.71285279035352,Straight baseline,0,0,99.44360067251333,0,34.0,1.8888888888888888,15.11111111111111,,,ROUTE_AGENT,BROADER_INDIAN_MARINE_REGION
PFZ0337,SOUTH ANDHRAPRADESH,13.734166666666663,80.83333333333333,81.0,3014.0,3143.0,-0.0125,0.41500002,0.41518822,61.92701123679246,Straight baseline,0,0,110.4202757555555,0,81.0,4.5,36.0,0.896202945,GOOD,ROUTE_AGENT,BROADER_INDIAN_MARINE_REGION
GRID_0001,INDIAN_MARINE,18.5,78.25,423.1247061689748,,0.0,,,,412.37024874643095,Straight baseline,0,0,258.93901743776166,0,423.1247061689748,23.5069281204986,188.0554249639888,,,ROUTE_AGENT,BROADER_INDIAN_MARINE_REGION
GRID_0002,INDIAN_MARINE,14.0,68.25,428.97409181593525,,4082.0,0.06250001,0.1495,0.16203858,61.583114170294465,200 NM,0,0,666.9754778695539,0,428.97409181593525,23.83189398977418,190.65515191819344,0.959490355,GOOD,ROUTE_AGENT,BROADER_INDIAN_MARINE_REGION
GRID_0003,INDIAN_MARINE,16.0,82.5,56.07485346225201,,2092.0,0.3405,-0.011500001,0.34069413,68.00976374401586,Straight baseline,0,0,430.5857970598795,0,56.07485346225201,3.115269636791778,24.922157094334224,0.9148264675,GOOD,ROUTE_AGENT,BROADER_INDIAN_MARINE_REGION
GRID_0004,INDIAN_MARINE,20.0,83.25,472.3286381613167,,0.0,,,,203.60686699469036,Straight baseline,0,0,156.6630866002695,0,472.3286381613167,26.24047989785093,209.92383918280743,,,ROUTE_AGENT,BROADER_INDIAN_MARINE_REGION
GRID_0005,INDIAN_MARINE,7.75,72.25,131.91505425685008,,2233.0,-0.0025000013,0.132,0.13202368,4.224511315449611,Treaty,1,0,541.5349237384446,0,131.91505425685008,7.32861412538056,58.62891300304448,0.81699408,GOOD,ROUTE_AGENT,BROADER_INDIAN_MARINE_REGION
GRID_0006,INDIAN_MARINE,19.5,78.75,469.1477946345151,,0.0,,,,492.3092223464488,Straight baseline,0,0,254.45890803555596,0,469.1477946345151,26.063766368584172,208.51013094867338,,,ROUTE_AGENT,BROADER_INDIAN_MARINE_REGION
GRID_0007,INDIAN_MARINE,10.0,79.0,175.83243642292155,,0.0,,,,55.887168360232266,Treaty,0,0,79.53580842659912,0,175.83243642292155,9.768468690162308,78.14774952129846,,,ROUTE_AGENT,BROADER_INDIAN_MARINE_REGION
GRID_0008,INDIAN_MARINE,13.25,72.5,110.80769258583356,,308.0,-0.018000001,0.065500006,0.06792828,118.94976429585006,Straight baseline,0,0,270.5424130384377,0,110.80769258583356,6.155982921435198,49.247863371481586,0.9830179299999999,GOOD,ROUTE_AGENT,BROADER_INDIAN_MARINE_REGION
GRID_0009,INDIAN_MARINE,6.25,74.75,270.03878700462417,,2755.0,-0.16100001,0.22850001,0.27952325,100.72638676117768,Treaty,0,0,363.49540736836246,0,270.03878700462417,15.002154833590232,120.01723866872186,0.9301191874999999,GOOD,ROUTE_AGENT,BROADER_INDIAN_MARINE_REGION
GRID_0010,INDIAN_MARINE,8.0,74.75,178.5662183214664,,2777.0,-0.001500003,-0.074,0.0740152,18.17623057213063,Treaty,0,0,267.48641413631304,0,178.5662183214664,9.92034546230369,79.36276369842952,0.9814961999999998,GOOD,ROUTE_AGENT,BROADER_INDIAN_MARINE_REGION
GRID_0011,INDIAN_MARINE,12.5,79.25,120.18177024381592,,0.0,,,,88.67366585989461,Straight baseline,0,0,66.23556502307896,0,120.18177024381592,6.676765013545329,53.41412010836263,,,ROUTE_AGENT,BROADER_INDIAN_MARINE_REGION
GRID_0012,INDIAN_MARINE,11.0,74.5,75.9093302887061,,1865.0,-0.027500002,0.07,0.075208046,91.24186534513676,Straight baseline,0,0,177.4488908987768,0,75.9093302887061,4.2171850160392275,33.73748012831382,0.9811979885,GOOD,ROUTE_AGENT,BROADER_INDIAN_MARINE_REGION
GRID_0013,INDIAN_MARINE,17.75,77.75,394.5634901123709,,0.0,,,,379.1227818081962,Straight baseline,0,0,294.3926611221092,0,394.5634901123709,21.920193895131717,175.36155116105374,,,ROUTE_AGENT,BROADER_INDIAN_MARINE_REGION
GRID_0014,INDIAN_MARINE,14.75,93.5,198.15079745940747,,47.0,0.1115,-0.0345,0.11671547,6.909028619434389,Straight baseline,0,0,873.7838583298927,0,198.15079745940747,11.008377636633748,88.06702109306998,0.9474877991666666,GOOD,ROUTE_AGENT,BROADER_INDIAN_MARINE_REGION
GRID_0015,INDIAN_MARINE,21.25,70.75,221.6171656663759,,0.0,,,,67.23593865871395,Straight baseline,0,0,164.57998620415353,0,221.6171656663759,12.312064759243107,98.49651807394486,,,ROUTE_AGENT,BROADER_INDIAN_MARINE_REGION
GRID_0016,INDIAN_MARINE,12.25,88.25,466.1069385901744,,3177.0,-0.024999999,-0.07700001,0.08095679,67.0979907027858,200 NM,0,0,894.6285566426271,0,466.1069385901744,25.894829921676358,207.15863937341086,0.9797608025,GOOD,ROUTE_AGENT,BROADER_INDIAN_MARINE_REGION
GRID_0017,INDIAN_MARINE,13.0,78.75,192.2086776528451,,0.0,,,,164.51443374898335,Straight baseline,0,0,129.14420369701446,0,192.2086776528451,10.678259869602506,85.42607895682005,,,ROUTE_AGENT,BROADER_INDIAN_MARINE_REGION
GRID_0018,INDIAN_MARINE,21.5,68.5,430.02817008323944,,90.0,0.02,-0.027,0.033600595,108.47191385444349,Straight baseline,0,0,216.65348159732977,0,430.02817008323944,23.890453893513303,191.12363114810643,0.9915998512499999,GOOD,ROUTE_AGENT,BROADER_INDIAN_MARINE_REGION
GRID_0019,INDIAN_MARINE,14.0,79.25,133.63701094693474,,0.0,,,,109.88239203137212,Straight baseline,0,0,160.12334544511526,0,133.63701094693474,7.424278385940819,59.39422708752655,,,ROUTE_AGENT,BROADER_INDIAN_MARINE_REGION
GRID_0020,INDIAN_MARINE,10.25,91.0,150.2861823806995,,3446.0,-0.026500002,-0.008000001,0.027681224,155.48863962657342,Straight baseline,0,0,1235.3962388230696,0,150.2861823806995,8.349232354483306,66.79385883586644,0.993079694,GOOD,ROUTE_AGENT,BROADER_INDIAN_MARINE_REGION
GRID_0021,INDIAN_MARINE,13.0,71.0,121.32877730362137,,2448.0,-0.034,-0.0575,0.06680007,118.832631819168,Straight baseline,0,0,430.4215987146947,0,121.32877730362137,6.740487627978965,53.92390102383172,0.9832999825,GOOD,ROUTE_AGENT,BROADER_INDIAN_MARINE_REGION
GRID_0022,INDIAN_MARINE,13.25,85.0,420.4051001892118,,3202.0,-0.015500002,0.072500005,0.07413839,99.3982152817888,200 NM,0,0,530.8506529222673,0,420.4051001892118,23.355838899400656,186.84671119520524,0.9814654025,GOOD,ROUTE_AGENT,BROADER_INDIAN_MARINE_REGION
GRID_0023,INDIAN_MARINE,20.75,77.0,473.7053658674533,,0.0,,,,497.50001735264294,Straight baseline,0,0,105.48765266644304,0,473.7053658674533,26.31696477041407,210.53571816331257,,,ROUTE_AGENT,BROADER_INDIAN_MARINE_REGION
GRID_0024,INDIAN_MARINE,14.75,70.75,261.2826744246212,,2812.0,0.0025000004,-0.0024999995,0.0035355338,95.33633218361636,200 NM,0,0,377.4976153777458,0,261.2826744246212,14.515704134701176,116.12563307760941,0.99911611655,GOOD,ROUTE_AGENT,BROADER_INDIAN_MARINE_REGION
GRID_0025,INDIAN_MARINE,13.75,70.5,219.25148330505647,,2999.0,-0.064500004,-0.094000004,0.1140011,165.1450031392501,200 NM,0,0,436.09153449651615,0,219.25148330505647,12.180637961392026,97.44510369113621,0.9714997249999999,GOOD,ROUTE_AGENT,BROADER_INDIAN_MARINE_REGION
GRID_0026,INDIAN_MARINE,16.0,92.0,321.44298173253486,,2444.0,-0.049999997,-0.064500004,0.08161035,137.6145273373611,Treaty,0,0,733.9592307499403,0,321.44298173253486,17.85794342958527,142.86354743668215,0.9795974125,GOOD,ROUTE_AGENT,BROADER_INDIAN_MARINE_REGION
GRID_0027,INDIAN_MARINE,5.75,77.5,256.0074672080994,,2451.0,0.021500003,-0.009500001,0.02350532,20.984441245249876,Treaty,0,0,268.10189422036774,0,256.0074672080994,14.222637067116633,113.78109653693306,0.99412367,GOOD,ROUTE_AGENT,BROADER_INDIAN_MARINE_REGION
GRID_0028,INDIAN_MARINE,20.25,73.0,62.59854068443135,,0.0,,,,62.99461120428457,Straight baseline,0,0,120.50556151245132,0,62.59854068443135,3.4776967046906306,27.821573637525045,,,ROUTE_AGENT,BROADER_INDIAN_MARINE_REGION
GRID_0029,INDIAN_MARINE,7.75,72.75,94.60719353071762,,1842.0,-0.103,0.21900001,0.24201241,4.313670731007243,Treaty,1,0,488.8866879619697,0,94.60719353071762,5.255955196150979,42.04764156920783,0.7894968975000001,GOOD,ROUTE_AGENT,BROADER_INDIAN_MARINE_REGION
GRID_0030,INDIAN_MARINE,14.0,86.25,494.4208294156887,,3053.0,-0.0029999986,-0.064500004,0.064569734,139.40819546231296,200 NM,0,0,635.5822986063904,0,494.4208294156887,27.46782385642715,219.7425908514172,0.9838575665,GOOD,ROUTE_AGENT,BROADER_INDIAN_MARINE_REGION
GRID_0031,INDIAN_MARINE,10.5,92.75,17.436285181487396,,579.0,0.054500006,-0.031,0.06269968,38.444043530106896,Straight baseline,0,0,1328.4235873516063,0,17.436285181487396,0.9686825100826331,7.7494600806610645,0.9843250799999999,GOOD,ROUTE_AGENT,BROADER_INDIAN_MARINE_REGION
GRID_0032,INDIAN_MARINE,6.25,70.25,408.6214614495954,,4053.0,-0.117000006,0.09600001,0.15134399,116.21055128316296,200 NM,0,0,805.4470146471923,0,408.6214614495954,22.701192302755302,181.60953842204242,0.9621640025,GOOD,ROUTE_AGENT,BROADER_INDIAN_MARINE_REGION
GRID_0033,INDIAN_MARINE,12.25,71.25,58.10544830330926,,2205.0,0.1075,-0.030500002,0.11174301,60.08392321787524,Straight baseline,0,0,431.8669558310463,0,58.10544830330926,3.228080461294959,25.82464369035967,0.9720642474999999,GOOD,ROUTE_AGENT,BROADER_INDIAN_MARINE_REGION
GRID_0034,INDIAN_MARINE,10.75,90.75,165.8631602168294,,3297.0,-0.110500015,-0.034,0.115612514,164.5447426638525,Straight baseline,0,0,1180.3705819994386,0,165.8631602168294,9.214620012046078,73.71696009636862,0.9710968714999999,GOOD,ROUTE_AGENT,BROADER_INDIAN_MARINE_REGION
GRID_0035,INDIAN_MARINE,21.75,71.75,214.98395212894664,,0.0,,,,159.3735840432135,Straight baseline,0,0,181.41839027864893,0,214.98395212894664,11.94355289605259,95.54842316842073,,,ROUTE_AGENT,BROADER_INDIAN_MARINE_REGION
GRID_0036,INDIAN_MARINE,8.5,81.5,263.72145619063286,,302.0,,,,227.3133893330639,Treaty,0,0,263.40292067628707,0,263.72145619063286,14.651192010590714,117.20953608472571,,,ROUTE_AGENT,BROADER_INDIAN_MARINE_REGION
GRID_0037,INDIAN_MARINE,6.5,77.75,186.84705715139984,,2417.0,-0.0925,-0.10650001,0.14106205,42.919308780582334,Treaty,0,0,187.01385196463403,0,186.84705715139984,10.380392063966658,83.04313651173327,0.9647344874999999,GOOD,ROUTE_AGENT,BROADER_INDIAN_MARINE_REGION
GRID_0038,INDIAN_MARINE,12.75,78.5,204.83838490591128,,0.0,,,,176.78504425446695,Straight baseline,0,0,149.66597580595385,0,204.83838490591128,11.379910272550626,91.03928218040501,,,ROUTE_AGENT,BROADER_INDIAN_MARINE_REGION
GRID_0039,INDIAN_MARINE,12.75,81.0,27.57358632439177,,3406.0,0.11100001,0.2585,0.28132412,82.10949941328848,Straight baseline,0,0,86.55362769513361,0,27.57358632439177,1.531865906910654,12.254927255285232,0.9296689699999998,GOOD,ROUTE_AGENT,BROADER_INDIAN_MARINE_REGION
GRID_0040,INDIAN_MARINE,11.75,90.25,245.1314483474939,,3135.0,0.16300002,0.009500001,0.16327663,160.94084029170995,200 NM,0,0,1054.969074841459,0,245.1314483474939,13.618413797082994,108.94731037666395,0.9591808424999999,GOOD,ROUTE_AGENT,BROADER_INDIAN_MARINE_REGION
GRID_0041,INDIAN_MARINE,7.0,74.75,222.0904592249633,,2759.0,-0.11900001,0.14100002,0.18450476,64.60286589781691,Treaty,0,0,319.6370284986792,0,222.0904592249633,12.338358845831294,98.70687076665035,0.9538738099999999,GOOD,ROUTE_AGENT,BROADER_INDIAN_MARINE_REGION
GRID_0042,INDIAN_MARINE,8.75,90.0,335.088811345732,,3043.0,0.124000005,0.042000003,0.13091983,70.44671684286864,200 NM,0,0,1173.939676700714,0,335.088811345732,18.616045074762887,148.9283605981031,0.9672700425,GOOD,ROUTE_AGENT,BROADER_INDIAN_MARINE_REGION
GRID_0043,INDIAN_MARINE,18.5,77.0,461.26848309283423,,0.0,,,,443.9295428659411,Straight baseline,0,0,180.6774842383141,0,461.26848309283423,25.62602683849079,205.00821470792633,,,ROUTE_AGENT,BROADER_INDIAN_MARINE_REGION
GRID_0044,INDIAN_MARINE,14.5,75.25,137.68984192143378,,0.0,,,,97.23962689895416,Straight baseline,0,0,102.3679139312254,0,137.68984192143378,7.649435662301877,61.195485298415015,,,ROUTE_AGENT,BROADER_INDIAN_MARINE_REGION
GRID_0045,INDIAN_MARINE,15.25,77.5,299.98616268694695,,0.0,,,,301.4590570103296,Straight baseline,0,0,327.197572522885,0,299.98616268694695,16.665897927052608,133.32718341642087,,,ROUTE_AGENT,BROADER_INDIAN_MARINE_REGION
GRID_0046,INDIAN_MARINE,17.5,80.25,198.05047422960996,,0.0,,,,204.62330442424553,Straight baseline,0,0,506.6119414053821,0,198.05047422960996,11.00280412386722,88.02243299093776,,,ROUTE_AGENT,BROADER_INDIAN_MARINE_REGION
GRID_0047,INDIAN_MARINE,20.0,80.0,460.1450151728148,,0.0,,,,456.35129428702817,Straight baseline,0,0,387.45113474829265,0,460.1450151728148,25.563611954045268,204.50889563236214,,,ROUTE_AGENT,BROADER_INDIAN_MARINE_REGION
GRID_0048,INDIAN_MARINE,9.5,73.75,90.21064868972007,,2416.0,0.098500006,-0.047500007,0.109354936,30.105986457913293,Straight baseline,0,0,340.9187151654949,0,90.21064868972007,5.011702704984448,40.093621639875586,0.972661266,GOOD,ROUTE_AGENT,BROADER_INDIAN_MARINE_REGION
GRID_0049,INDIAN_MARINE,11.25,80.25,16.859724374929023,,772.0,-0.052500002,0.20150001,0.20822705,43.939525606446495,Straight baseline,0,0,52.63264973445755,0,16.859724374929023,0.9366513541627235,7.493210833301788,0.9479432374999999,GOOD,ROUTE_AGENT,BROADER_INDIAN_MARINE_REGION
GRID_0050,INDIAN_MARINE,19.0,72.5,6.668419180307336,,26.0,0.0925,-0.08050001,0.122623414,31.505154896801105,Straight baseline,0,0,47.41196623286222,0,6.668419180307336,0.37046773223929647,2.9637418579143717,0.7826774798333334,GOOD,ROUTE_AGENT,BROADER_INDIAN_MARINE_REGION
GRID_0051,INDIAN_MARINE,19.5,72.5,7.594920142318141,,27.0,0.027,0.068500005,0.07362915,22.773331427456785,Straight baseline,0,0,65.00549553239156,0,7.594920142318141,0.4219400079065634,3.375520063252507,0.802703823611111,GOOD,ROUTE_AGENT,BROADER_INDIAN_MARINE_REGION
GRID_0052,INDIAN_MARINE,8.25,71.75,161.11818156842884,,3496.0,0.088,0.24600002,0.26126617,42.7059943029239,Treaty,0,0,580.0328732928757,0,161.11818156842884,8.951010087134936,71.60808069707949,0.9346834574999998,GOOD,ROUTE_AGENT,BROADER_INDIAN_MARINE_REGION
GRID_0053,INDIAN_MARINE,11.25,85.25,499.3519504010284,,3411.0,-0.089,-0.0455,0.09995624,156.50807280435154,200 NM,0,0,589.0271423663504,0,499.3519504010284,27.741775022279356,221.93420017823485,0.97501094,GOOD,ROUTE_AGENT,BROADER_INDIAN_MARINE_REGION
GRID_0054,INDIAN_MARINE,12.75,90.25,262.9499635941705,,2966.0,-0.017500002,0.053500004,0.056289434,127.080291418776,200 NM,0,0,959.0381696536448,0,262.9499635941705,14.608331310787252,116.86665048629801,0.9859276415,GOOD,ROUTE_AGENT,BROADER_INDIAN_MARINE_REGION
GRID_0055,INDIAN_MARINE,7.75,94.75,386.8811950826154,,2061.0,-0.07000001,-0.09150001,0.11520526,64.94614743774073,Treaty,0,0,1678.8351941264548,0,386.8811950826154,21.49339972681197,171.94719781449575,0.9711986849999998,GOOD,ROUTE_AGENT,BROADER_INDIAN_MARINE_REGION
GRID_0056,INDIAN_MARINE,10.0,79.25,153.05896743075365,,3.0,,,,33.357364400710345,Treaty,0,0,60.682898923041094,0,153.05896743075365,8.503275968375203,68.02620774700162,,,ROUTE_AGENT,BROADER_INDIAN_MARINE_REGION
GRID_0057,INDIAN_MARINE,13.25,75.5,118.67050196434388,,0.0,,,,87.05096532456635,Straight baseline,0,0,14.949931185230314,0,118.67050196434388,6.592805664685772,52.74244531748617,,,ROUTE_AGENT,BROADER_INDIAN_MARINE_REGION
GRID_0058,INDIAN_MARINE,13.0,76.25,171.91999465154169,,0.0,,,,153.40617204712413,Straight baseline,0,0,70.99135282871903,0,171.91999465154169,9.551110813974539,76.40888651179631,,,ROUTE_AGENT,BROADER_INDIAN_MARINE_REGION
GRID_0059,INDIAN_MARINE,13.25,84.0,333.309650411142,,3283.0,-0.0375,-0.0055,0.03790119,25.724340771233987,200 NM,0,0,419.8796395132832,0,333.309650411142,18.517202800619,148.137622404952,0.9905247024999999,GOOD,ROUTE_AGENT,BROADER_INDIAN_MARINE_REGION
GRID_0060,INDIAN_MARINE,15.0,91.5,237.05758594894093,,2645.0,-0.069000006,-0.21050002,0.22152033,10.7442739472215,Treaty,0,0,816.6861608386322,0,237.05758594894093,13.169865886052273,105.35892708841818,0.9446199174999999,GOOD,ROUTE_AGENT,BROADER_INDIAN_MARINE_REGION
GRID_0061,INDIAN_MARINE,14.5,70.75,272.0033731443328,,2768.0,-0.024500001,-0.052,0.057482608,114.86191367606952,200 NM,0,0,382.8483095297194,0,272.0033731443328,15.111298508018487,120.8903880641479,0.985629348,GOOD,ROUTE_AGENT,BROADER_INDIAN_MARINE_REGION
GRID_0062,INDIAN_MARINE,8.5,69.0,413.88307930423736,,4637.0,-0.032500003,-0.064,0.07177918,22.414298054856328,200 NM,0,0,833.0591951518719,0,413.88307930423736,22.993504405790965,183.94803524632772,0.982055205,GOOD,ROUTE_AGENT,BROADER_INDIAN_MARINE_REGION
GRID_0063,INDIAN_MARINE,18.25,82.5,264.41847970829434,,0.0,,,,110.89473220867706,Straight baseline,0,0,303.0617472665971,0,264.41847970829434,14.689915539349686,117.51932431479749,,,ROUTE_AGENT,BROADER_INDIAN_MARINE_REGION
GRID_0064,INDIAN_MARINE,13.5,77.5,309.44486932256433,,0.0,,,,303.8450799965421,Straight baseline,0,0,149.4052358397571,0,309.44486932256433,17.19138162903135,137.5310530322508,,,ROUTE_AGENT,BROADER_INDIAN_MARINE_REGION
GRID_0065,INDIAN_MARINE,10.5,82.5,217.24000761584344,,3616.0,-0.22500001,0.044500005,0.22935835,82.90744560997508,Treaty,0,0,317.12896912671056,0,217.24000761584344,12.068889311991303,96.55111449593042,0.9426604125,GOOD,ROUTE_AGENT,BROADER_INDIAN_MARINE_REGION
GRID_0066,INDIAN_MARINE,10.25,76.0,10.286872895898806,,30.0,0.08050001,-0.072500005,0.10833514,13.141593028288812,Straight baseline,0,0,93.87742236598127,0,10.286872895898806,0.5714929386610448,4.571943509288358,0.8173606594444445,GOOD,ROUTE_AGENT,BROADER_INDIAN_MARINE_REGION
GRID_0067,INDIAN_MARINE,14.25,77.25,333.52169961263087,,0.0,,,,305.4215446723378,Straight baseline,0,0,217.78277856291143,0,333.52169961263087,18.528983311812826,148.2318664945026,,,ROUTE_AGENT,BROADER_INDIAN_MARINE_REGION
GRID_0068,INDIAN_MARINE,17.75,80.5,208.52955062092855,,0.0,,,,214.55146510360433,Straight baseline,0,0,514.2651217609264,0,208.52955062092855,11.584975034496031,92.67980027596825,,,ROUTE_AGENT,BROADER_INDIAN_MARINE_REGION
GRID_0069,INDIAN_MARINE,14.75,82.0,98.90091218160434,,3235.0,0.20300001,-0.096499994,0.22476934,160.87341807682157,Straight baseline,0,0,283.82278697619154,0,98.90091218160434,5.4944951212002415,43.95596096960193,0.943807665,GOOD,ROUTE_AGENT,BROADER_INDIAN_MARINE_REGION
GRID_0070,INDIAN_MARINE,10.5,76.75,96.7097908703938,,0.0,,,,75.01007601835062,Straight baseline,0,0,7.090299652640542,0,96.7097908703938,5.372766159466322,42.98212927573058,,,ROUTE_AGENT,BROADER_INDIAN_MARINE_REGION
GRID_0071,INDIAN_MARINE,8.75,70.0,302.3707989713698,,4592.0,-0.0615,-0.126,0.14020789,78.02696684117153,Treaty,0,0,723.9019967552965,0,302.3707989713698,16.798377720631656,134.38702176505325,0.9649480275,GOOD,ROUTE_AGENT,BROADER_INDIAN_MARINE_REGION
GRID_0072,INDIAN_MARINE,19.25,78.0,498.70967363222866,,0.0,,,,502.4824325367583,Straight baseline,0,0,185.41070066313995,0,498.70967363222866,27.706092979568258,221.64874383654606,,,ROUTE_AGENT,BROADER_INDIAN_MARINE_REGION
GRID_0073,INDIAN_MARINE,10.0,92.0,90.3357952452448,,1799.0,0.06600001,0.019000001,0.06868043,55.82027071829171,Straight baseline,0,0,1327.068130818266,0,90.3357952452448,5.018655291402489,40.14924233121991,0.9828298924999999,GOOD,ROUTE_AGENT,BROADER_INDIAN_MARINE_REGION
GRID_0074,INDIAN_MARINE,11.5,95.0,214.95428418777135,,3001.0,-0.19450001,-0.082,0.2110788,46.4435359022127,Treaty,0,0,1264.3220100007002,0,214.95428418777135,11.941904677098409,95.53523741678727,0.9472303,GOOD,ROUTE_AGENT,BROADER_INDIAN_MARINE_REGION
GRID_0075,INDIAN_MARINE,19.75,82.75,432.53608708618464,,0.0,,,,227.32230497593304,Straight baseline,0,0,218.98444938018207,0,432.53608708618464,24.029782615899148,192.23826092719318,,,ROUTE_AGENT,BROADER_INDIAN_MARINE_REGION
GRID_0076,INDIAN_MARINE,22.0,74.5,308.989682043742,,0.0,,,,330.38142572393474,Straight baseline,0,0,112.22461794319771,0,308.989682043742,17.166093446874555,137.32874757499644,,,ROUTE_AGENT,BROADER_INDIAN_MARINE_REGION
GRID_0077,INDIAN_MARINE,15.0,79.25,113.80829876082528,,0.0,,,,106.21184542970244,Straight baseline,0,0,257.115275340868,0,113.80829876082528,6.322683264490293,50.581466115922346,,,ROUTE_AGENT,BROADER_INDIAN_MARINE_REGION
GRID_0078,INDIAN_MARINE,15.75,91.25,322.5772520377866,,2521.0,0.0295,-0.075,0.08059312,66.86406519088085,Treaty,0,0,725.9079577900707,0,322.5772520377866,17.9209584465437,143.3676675723496,0.9798517199999999,GOOD,ROUTE_AGENT,BROADER_INDIAN_MARINE_REGION
GRID_0079,INDIAN_MARINE,9.0,71.75,132.771703241873,,3483.0,-0.08850001,0.2775,0.2912705,95.50017103455582,Straight baseline,0,0,552.5778862617137,0,132.771703241873,7.376205735659612,59.009645885276896,0.9271823749999999,GOOD,ROUTE_AGENT,BROADER_INDIAN_MARINE_REGION
GRID_0080,INDIAN_MARINE,14.5,93.25,161.48942160835728,,789.0,0.12950002,0.08850001,0.15685186,37.35756701251385,Straight baseline,0,0,900.9075330891536,0,161.48942160835728,8.971634533797626,71.77307627038101,0.9607870349999998,GOOD,ROUTE_AGENT,BROADER_INDIAN_MARINE_REGION
GRID_0081,INDIAN_MARINE,11.25,77.0,153.15221801608857,,0.0,,,,132.07424938678295,Straight baseline,0,0,48.735477865511385,0,153.15221801608857,8.508456556449365,68.06765245159492,,,ROUTE_AGENT,BROADER_INDIAN_MARINE_REGION
GRID_0082,INDIAN_MARINE,16.75,90.5,457.8630005090796,,2410.0,0.102,0.108,0.14855303,19.095450914034984,200 NM,0,0,588.4226284224136,0,457.8630005090796,25.436833361615534,203.49466689292427,0.9628617424999999,GOOD,ROUTE_AGENT,BROADER_INDIAN_MARINE_REGION
GRID_0083,INDIAN_MARINE,8.75,79.75,227.60905070918025,,13.0,-0.026,0.08400001,0.0879318,33.48827693868858,Treaty,0,0,77.11789742857849,0,227.60905070918025,12.644947261621125,101.159578092969,0.6902392722222223,MODERATE,ROUTE_AGENT,BROADER_INDIAN_MARINE_REGION
GRID_0084,INDIAN_MARINE,8.0,81.75,325.6858942188031,,462.0,,,,271.23838509719485,Treaty,0,0,310.5320088023862,0,325.6858942188031,18.09366078993351,144.74928631946807,,,ROUTE_AGENT,BROADER_INDIAN_MARINE_REGION
GRID_0085,INDIAN_MARINE,14.0,75.25,129.19261399688466,,0.0,,,,90.99390375103744,Straight baseline,0,0,47.57106421004233,0,129.19261399688466,7.17736744427137,57.41893955417096,,,ROUTE_AGENT,BROADER_INDIAN_MARINE_REGION
GRID_0086,INDIAN_MARINE,13.0,83.0,225.8738287351513,,3375.0,-0.060999997,-0.0405,0.07322056,83.45983212923161,200 NM,0,0,307.02250152437347,0,225.8738287351513,12.548546040841739,100.38836832673391,0.98169486,GOOD,ROUTE_AGENT,BROADER_INDIAN_MARINE_REGION
GRID_0087,INDIAN_MARINE,13.5,71.5,145.48600876870765,,1679.0,0.052000005,0.0695,0.08680006,132.40230907343727,Straight baseline,0,0,351.89022978131845,0,145.48600876870765,8.082556042705981,64.66044834164785,0.978299985,GOOD,ROUTE_AGENT,BROADER_INDIAN_MARINE_REGION
GRID_0088,INDIAN_MARINE,16.5,79.25,186.5496923326184,,0.0,,,,158.12369420773976,Straight baseline,0,0,420.8333320690912,0,186.5496923326184,10.363871796256579,82.91097437005263,,,ROUTE_AGENT,BROADER_INDIAN_MARINE_REGION
GRID_0089,INDIAN_MARINE,18.25,68.5,368.64082019868937,,3408.0,0.09,-0.13250001,0.1601757,19.04977493197423,200 NM,0,0,501.32231073499264,0,368.64082019868937,20.480045566593855,163.84036453275084,0.959956075,GOOD,ROUTE_AGENT,BROADER_INDIAN_MARINE_REGION
GRID_0090,INDIAN_MARINE,10.25,81.75,143.75824076136587,,3681.0,-0.177,0.053499997,0.18490876,76.04370287713492,Treaty,0,0,245.0930189948547,0,143.75824076136587,7.9865689311869925,63.89255144949594,0.95377281,GOOD,ROUTE_AGENT,BROADER_INDIAN_MARINE_REGION
GRID_0091,INDIAN_MARINE,12.0,90.75,211.2658199760953,,3122.0,0.101500005,0.0445,0.11082645,167.8742483003992,Straight baseline,0,0,1061.0390506765275,0,211.2658199760953,11.73698999867196,93.89591998937568,0.9722933874999999,GOOD,ROUTE_AGENT,BROADER_INDIAN_MARINE_REGION
GRID_0092,INDIAN_MARINE,13.0,91.25,151.54885442041643,,3022.0,0.032,0.029500002,0.043522984,156.6525498918884,Straight baseline,0,0,1001.6629563571288,0,151.54885442041643,8.419380801134245,67.35504640907396,0.989119254,GOOD,ROUTE_AGENT,BROADER_INDIAN_MARINE_REGION
GRID_0093,INDIAN_MARINE,12.5,72.5,71.875477060992,,1605.0,-0.015000001,0.143,0.14378457,52.586072469241664,Straight baseline,0,0,291.52013750990835,0,71.875477060992,3.9930820589439997,31.944656471551998,0.9640538574999999,GOOD,ROUTE_AGENT,BROADER_INDIAN_MARINE_REGION
GRID_0094,INDIAN_MARINE,11.75,89.0,371.7633353716204,,3171.0,0.11550001,0.088,0.14520417,22.027587285726945,200 NM,0,0,983.942600523841,0,371.7633353716204,20.65351863175669,165.22814905405352,0.9636989574999999,GOOD,ROUTE_AGENT,BROADER_INDIAN_MARINE_REGION
GRID_0095,INDIAN_MARINE,18.5,75.25,285.58349974761063,,0.0,,,,255.5773023197676,Straight baseline,0,0,179.460521680353,0,285.58349974761063,15.865749985978368,126.92599988782695,,,ROUTE_AGENT,BROADER_INDIAN_MARINE_REGION
GRID_0096,INDIAN_MARINE,12.0,74.25,56.306244913958864,,826.0,0.036,0.118,0.12336936,96.2193753518024,Straight baseline,0,0,133.80606826973133,0,56.306244913958864,3.128124717442159,25.024997739537273,0.96915766,GOOD,ROUTE_AGENT,BROADER_INDIAN_MARINE_REGION
GRID_0097,INDIAN_MARINE,16.25,69.75,307.1306358041601,,3710.0,0.054500002,-0.14400001,0.15396835,11.156157787074353,200 NM,0,0,450.5529386782847,0,307.1306358041601,17.062813100231114,136.50250480184891,0.9615079124999999,GOOD,ROUTE_AGENT,BROADER_INDIAN_MARINE_REGION
GRID_0098,INDIAN_MARINE,18.75,69.75,249.58491190981695,,2148.0,0.04,0.1315,0.13744909,136.86862529672877,200 NM,0,0,354.73154584201365,0,249.58491190981695,13.865828439434274,110.9266275154742,0.9656377274999999,GOOD,ROUTE_AGENT,BROADER_INDIAN_MARINE_REGION
GRID_0099,INDIAN_MARINE,10.75,91.25,111.34365317759053,,3426.0,-0.094000004,-0.040500004,0.10235356,109.91186110443287,Straight baseline,0,0,1210.779074499712,0,111.34365317759053,6.18575850986614,49.48606807892912,0.97441161,GOOD,ROUTE_AGENT,BROADER_INDIAN_MARINE_REGION
GRID_0100,INDIAN_MARINE,13.75,92.75,65.42757363034102,,178.0,0.134,0.082,0.1570987,23.518444718096447,Straight baseline,0,0,986.4322209104848,0,65.42757363034102,3.634865201685612,29.078921613484894,0.9607253249999999,GOOD,ROUTE_AGENT,BROADER_INDIAN_MARINE_REGION
GRID_0101,INDIAN_MARINE,9.25,94.25,222.33576242417712,,3357.0,0.019500002,-0.24850002,0.24926394,151.3016882985613,Treaty,0,0,1504.8925378411905,0,222.33576242417712,12.351986801343173,98.81589441074539,0.9376840149999999,GOOD,ROUTE_AGENT,BROADER_INDIAN_MARINE_REGION
GRID_0102,INDIAN_MARINE,13.5,72.0,144.08914127419146,,1460.0,-0.0024999995,0.09600001,0.09603255,126.41743479112554,Straight baseline,0,0,307.60990128496894,0,144.08914127419146,8.004952293010637,64.0396183440851,0.9759918624999999,GOOD,ROUTE_AGENT,BROADER_INDIAN_MARINE_REGION
GRID_0103,INDIAN_MARINE,21.5,73.0,184.0333554815179,,0.0,,,,194.5891451674905,Straight baseline,0,0,95.31331077957906,0,184.0333554815179,10.224075304528773,81.79260243623018,,,ROUTE_AGENT,BROADER_INDIAN_MARINE_REGION
GRID_0104,INDIAN_MARINE,17.0,74.75,194.3438603382972,,0.0,,,,165.24794439991842,Straight baseline,0,0,97.90923268491782,0,194.3438603382972,10.7968811299054,86.3750490392432,,,ROUTE_AGENT,BROADER_INDIAN_MARINE_REGION
GRID_0105,INDIAN_MARINE,18.0,84.5,356.1108798759649,,1654.0,0.22900003,0.21900001,0.3168628,55.08897392863232,Straight baseline,0,0,164.7591047040097,0,356.1108798759649,19.783937770886936,158.2715021670955,0.9207843,GOOD,ROUTE_AGENT,BROADER_INDIAN_MARINE_REGION
GRID_0106,INDIAN_MARINE,6.75,93.25,435.7229731393277,,1591.0,-0.18650001,-0.14700001,0.23746844,53.72927605100697,Straight baseline,0,0,1580.1864824014976,0,435.7229731393277,24.20683184107376,193.6546547285901,0.9406328899999998,GOOD,ROUTE_AGENT,BROADER_INDIAN_MARINE_REGION
GRID_0107,INDIAN_MARINE,8.25,75.75,69.32244503596998,,1516.0,-0.016500004,0.1305,0.13153897,100.52792298646057,Treaty,0,0,153.60845570271542,0,69.32244503596998,3.8512469464427763,30.80997557154221,0.9671152574999999,GOOD,ROUTE_AGENT,BROADER_INDIAN_MARINE_REGION
GRID_0108,INDIAN_MARINE,13.0,81.25,39.49170008985466,,3353.0,0.021000005,0.19600001,0.1971218,104.53345278915164,Straight baseline,0,0,112.42964780367332,0,39.49170008985466,2.1939833383252587,17.55186670660207,0.9507195499999999,GOOD,ROUTE_AGENT,BROADER_INDIAN_MARINE_REGION
GRID_0109,INDIAN_MARINE,15.25,81.0,30.904409475197134,,2022.0,0.448,0.38350004,0.5897256,54.04327709744962,Straight baseline,0,0,275.67060984866157,0,30.904409475197134,1.7169116375109519,13.735293100087615,0.8525685999999999,GOOD,ROUTE_AGENT,BROADER_INDIAN_MARINE_REGION
GRID_0110,INDIAN_MARINE,16.0,77.0,364.3631107055662,,0.0,,,,348.9627579775405,Straight baseline,0,0,330.0378177904629,0,364.3631107055662,20.242395039198122,161.93916031358498,,,ROUTE_AGENT,BROADER_INDIAN_MARINE_REGION
GRID_0111,INDIAN_MARINE,22.0,73.0,237.96741346000144,,0.0,,,,248.2347982768282,Straight baseline,0,0,56.29641599638496,0,237.96741346000144,13.22041185888897,105.76329487111175,,,ROUTE_AGENT,BROADER_INDIAN_MARINE_REGION
GRID_0112,INDIAN_MARINE,17.0,68.0,437.3588680578882,,3527.0,0.050499998,0.0435,0.066652074,133.91651414474873,200 NM,0,0,599.0796746393543,0,437.3588680578882,24.2977148921049,194.3817191368392,0.9833369814999999,GOOD,ROUTE_AGENT,BROADER_INDIAN_MARINE_REGION
GRID_0113,INDIAN_MARINE,15.0,83.5,177.600051888724,,3157.0,0.15,0.032500006,0.15348046,161.56443181383648,200 NM,0,0,432.1925796171875,0,177.600051888724,9.866669549373556,78.93335639498845,0.961629885,GOOD,ROUTE_AGENT,BROADER_INDIAN_MARINE_REGION
GRID_0114,INDIAN_MARINE,12.0,72.75,39.622955876339,,2121.0,0.045500003,0.131,0.13867678,26.437117955524,Straight baseline,0,0,294.30856202923604,0,39.622955876339,2.2012753264632776,17.61020261170622,0.965330805,GOOD,ROUTE_AGENT,BROADER_INDIAN_MARINE_REGION
GRID_0115,INDIAN_MARINE,10.5,97.0,449.2495210626397,,318.0,-0.16,-0.12450001,0.20273197,75.68073297304397,Straight baseline,0,0,1430.360088773886,0,449.2495210626397,24.958306725702204,199.66645380561764,0.9493170074999999,GOOD,ROUTE_AGENT,BROADER_INDIAN_MARINE_REGION
GRID_0116,INDIAN_MARINE,17.25,74.25,148.80291561061998,,0.0,,,,113.9472045093764,Straight baseline,0,0,41.94936382034782,0,148.80291561061998,8.266828645034444,66.13462916027555,,,ROUTE_AGENT,BROADER_INDIAN_MARINE_REGION
GRID_0117,INDIAN_MARINE,14.75,71.0,236.13324700615956,,2370.0,-0.035000004,-0.0395,0.052775472,118.82073183997942,200 NM,0,0,350.0041658332444,0,236.13324700615956,13.11851372256442,104.94810978051537,0.9868061319999999,GOOD,ROUTE_AGENT,BROADER_INDIAN_MARINE_REGION
GRID_0118,INDIAN_MARINE,12.5,73.75,62.62768742306904,,1468.0,0.019000001,0.0185,0.026518863,125.74532250184556,Straight baseline,0,0,169.3141037945168,0,62.62768742306904,3.47931596794828,27.83452774358624,0.9933702842499998,GOOD,ROUTE_AGENT,BROADER_INDIAN_MARINE_REGION
GRID_0119,INDIAN_MARINE,19.75,81.75,412.8205048744386,,0.0,,,,299.4465628098073,Straight baseline,0,0,291.9185647582561,0,412.8205048744386,22.934472493024366,183.47577994419493,,,ROUTE_AGENT,BROADER_INDIAN_MARINE_REGION
GRID_0120,INDIAN_MARINE,20.25,80.5,474.2718060258125,,0.0,,,,435.14223470685016,Straight baseline,0,0,366.9921238698344,0,474.2718060258125,26.348433668100697,210.78746934480557,,,ROUTE_AGENT,BROADER_INDIAN_MARINE_REGION
GRID_0121,INDIAN_MARINE,13.5,73.75,8.422837688086387,,75.0,-0.010500001,-0.009500001,0.014159803,83.56846663970273,Straight baseline,0,0,130.0664873109139,0,8.422837688086387,0.4679354271159104,3.7434834169272833,0.99646004925,GOOD,ROUTE_AGENT,BROADER_INDIAN_MARINE_REGION
GRID_0122,INDIAN_MARINE,8.75,80.0,219.16424896138605,,0.0,,,,59.28618590490948,Treaty,0,0,99.09429436565676,0,219.16424896138605,12.175791608965891,97.40633287172713,,,ROUTE_AGENT,BROADER_INDIAN_MARINE_REGION
GRID_0123,INDIAN_MARINE,7.25,91.5,399.7125251829614,,3694.0,-0.14950001,0.0435,0.15570004,166.49008250734886,200 NM,0,0,1377.48747342095,0,399.7125251829614,22.20625139905341,177.65001119242729,0.96107499,GOOD,ROUTE_AGENT,BROADER_INDIAN_MARINE_REGION
GRID_0124,INDIAN_MARINE,15.0,70.75,247.075654160899,,2896.0,0.025000002,0.021,0.032649655,81.4701932501776,200 NM,0,0,374.2840859191684,0,247.075654160899,13.726425231161056,109.81140184928844,0.99183758625,GOOD,ROUTE_AGENT,BROADER_INDIAN_MARINE_REGION
GRID_0125,INDIAN_MARINE,12.75,82.5,176.9287465833242,,3445.0,0.033000007,-0.079500005,0.086077005,133.6454636327787,200 NM,0,0,252.01695778472748,0,176.9287465833242,9.829374810184678,78.63499848147742,0.97848074875,GOOD,ROUTE_AGENT,BROADER_INDIAN_MARINE_REGION
GRID_0126,INDIAN_MARINE,13.5,96.5,418.1962327573887,,99.0,0.153,0.066,0.16662833,113.70248773315652,Treaty,0,0,1090.3118229634483,0,418.1962327573887,23.23312404207715,185.8649923366172,0.9583429175,GOOD,ROUTE_AGENT,BROADER_INDIAN_MARINE_REGION
GRID_0127,INDIAN_MARINE,6.0,71.0,366.7656467144002,,4001.0,-0.17700002,0.0165,0.17776743,174.8136879054103,Archipelagic baseline,0,0,739.4624321772308,0,366.7656467144002,20.37586926191112,163.00695409528896,0.9555581424999999,GOOD,ROUTE_AGENT,BROADER_INDIAN_MARINE_REGION
GRID_0128,INDIAN_MARINE,19.0,71.75,63.16988521270487,,75.0,0.0335,-0.11500001,0.11978002,114.80656862206062,Straight baseline,0,0,130.30352835385125,0,63.16988521270487,3.5094380673724928,28.075504538979942,0.9700549949999999,GOOD,ROUTE_AGENT,BROADER_INDIAN_MARINE_REGION
GRID_0129,INDIAN_MARINE,17.0,70.0,238.05523826417271,,3492.0,0.0004999973,-0.142,0.14200088,34.146292332043345,200 NM,0,0,405.37291918722053,0,238.05523826417271,13.225291014676262,105.8023281174101,0.9644997799999999,GOOD,ROUTE_AGENT,BROADER_INDIAN_MARINE_REGION
GRID_0130,INDIAN_MARINE,9.75,91.75,126.63841013257898,,1677.0,0.097,0.021500006,0.09935416,89.4032932060073,Straight baseline,0,0,1330.662214551655,0,126.63841013257898,7.035467229587721,56.28373783670177,0.97516146,GOOD,ROUTE_AGENT,BROADER_INDIAN_MARINE_REGION
GRID_0131,INDIAN_MARINE,11.5,76.25,84.6180182509322,,0.0,,,,71.35174310223589,Straight baseline,0,0,19.62695473476245,0,84.6180182509322,4.701001013940678,37.60800811152542,,,ROUTE_AGENT,BROADER_INDIAN_MARINE_REGION
GRID_0132,INDIAN_MARINE,11.25,82.5,205.72903385078067,,3547.0,-0.0135,0.061000004,0.062476,3.775974693813844,Treaty,1,0,300.17545429341345,0,205.72903385078067,11.429390769487815,91.43512615590252,0.834381,GOOD,ROUTE_AGENT,BROADER_INDIAN_MARINE_REGION
GRID_0133,INDIAN_MARINE,11.0,90.0,248.7576977121615,,3205.0,-0.0555,-0.0365,0.06642665,131.65075069820688,200 NM,0,0,1107.9686146699034,0,248.7576977121615,13.819872095120083,110.55897676096066,0.9833933374999999,GOOD,ROUTE_AGENT,BROADER_INDIAN_MARINE_REGION
GRID_0134,INDIAN_MARINE,5.5,74.75,332.21295775990956,,2754.0,-0.1585,0.2915,0.33180493,122.38546990688256,Archipelagic baseline,0,0,418.9459433724475,0,332.21295775990956,18.456275431106086,147.65020344884869,0.9170487674999999,GOOD,ROUTE_AGENT,BROADER_INDIAN_MARINE_REGION
GRID_0135,INDIAN_MARINE,9.5,71.75,93.906119623449,,2858.0,-0.15,0.20600002,0.25482544,72.76567460672752,Straight baseline,0,0,516.2240239867845,0,93.906119623449,5.217006645747166,41.73605316597733,0.9362936399999999,GOOD,ROUTE_AGENT,BROADER_INDIAN_MARINE_REGION
GRID_0136,INDIAN_MARINE,15.25,78.0,246.48169262654363,,0.0,,,,245.80649843382605,Straight baseline,0,0,354.5304443691673,0,246.48169262654363,13.693427368141313,109.5474189451305,,,ROUTE_AGENT,BROADER_INDIAN_MARINE_REGION
GRID_0137,INDIAN_MARINE,11.25,68.5,358.2927611264611,,4331.0,0.096,-0.013,0.09687621,10.699496549515652,200 NM,0,0,758.3617311820259,0,358.2927611264611,19.905153395914503,159.24122716731603,0.9757809474999999,GOOD,ROUTE_AGENT,BROADER_INDIAN_MARINE_REGION
GRID_0138,INDIAN_MARINE,9.25,79.0,227.17838731428063,,5.0,,,,8.38237245621682,Straight baseline,0,0,3.1669744590293094,1,227.17838731428063,12.621021517460035,100.96817213968028,,,ROUTE_AGENT,BROADER_INDIAN_MARINE_REGION
GRID_0139,INDIAN_MARINE,13.25,68.25,398.69080912432753,,4170.0,-0.0019999994,0.043000005,0.043046493,32.92064431607034,200 NM,0,0,690.4462374723613,0,398.69080912432753,22.149489395795975,177.1959151663678,0.9892383767499999,GOOD,ROUTE_AGENT,BROADER_INDIAN_MARINE_REGION
GRID_0140,INDIAN_MARINE,15.25,73.0,21.45923419744779,,150.0,0.019000001,0.0115,0.022209233,79.69946793999185,Straight baseline,0,0,122.8063793726781,0,21.45923419744779,1.1921796776359883,9.537437421087906,0.99444769175,GOOD,ROUTE_AGENT,BROADER_INDIAN_MARINE_REGION
GRID_0141,INDIAN_MARINE,16.75,81.0,85.67160914036089,,0.0,,,,86.23724947354877,Straight baseline,0,0,444.051935443694,0,85.67160914036089,4.7595338411311605,38.076270729049284,,,ROUTE_AGENT,BROADER_INDIAN_MARINE_REGION
GRID_0142,INDIAN_MARINE,17.0,93.5,434.78451372218126,,2440.0,0.083500005,-0.076500006,0.113245316,79.80108912531637,Straight baseline,0,0,614.3762275570585,0,434.78451372218126,24.15469520678785,193.2375616543028,0.9716886709999999,GOOD,ROUTE_AGENT,BROADER_INDIAN_MARINE_REGION
GRID_0143,INDIAN_MARINE,13.5,89.5,340.91007992177856,,2940.0,-0.0955,0.038,0.10278254,23.096663516950493,200 NM,0,0,841.9907387107443,0,340.91007992177856,18.939448884543253,151.51559107634603,0.9743043649999998,GOOD,ROUTE_AGENT,BROADER_INDIAN_MARINE_REGION
GRID_0144,INDIAN_MARINE,17.0,82.75,147.62987169663432,,116.0,-0.04,-0.0555,0.06841235,4.47459402763619,Straight baseline,1,0,368.3243275736602,0,147.62987169663432,8.201659538701907,65.61327630961526,0.8328969125000001,GOOD,ROUTE_AGENT,BROADER_INDIAN_MARINE_REGION
GRID_0145,INDIAN_MARINE,8.75,95.75,386.4277148626518,,1983.0,0.19100001,-0.053500004,0.19835134,13.51305102693375,Treaty,0,0,1585.553837194425,0,386.4277148626518,21.468206381258433,171.74565105006747,0.9504121649999999,GOOD,ROUTE_AGENT,BROADER_INDIAN_MARINE_REGION
GRID_0146,INDIAN_MARINE,8.0,79.0,213.52679878958875,,1777.0,-0.042000003,0.0925,0.10158864,16.228338320439864,Treaty,0,0,124.787030576521,0,213.52679878958875,11.86259993275493,94.90079946203944,0.97460284,GOOD,ROUTE_AGENT,BROADER_INDIAN_MARINE_REGION
GRID_0147,INDIAN_MARINE,9.75,70.5,216.54011749768313,,4371.0,-0.22,-0.004,0.22003636,181.05007627390643,200 NM,0,0,618.3259688817855,0,216.54011749768313,12.030006527649062,96.2400522211925,0.94499091,GOOD,ROUTE_AGENT,BROADER_INDIAN_MARINE_REGION
GRID_0148,INDIAN_MARINE,7.5,70.5,316.1725952890088,,3981.0,0.264,0.063,0.27141297,61.758355291552434,Treaty,0,0,735.7047367472946,0,316.1725952890088,17.56514418272271,140.5211534617817,0.9321467575,GOOD,ROUTE_AGENT,BROADER_INDIAN_MARINE_REGION
GRID_0149,INDIAN_MARINE,8.75,68.5,455.6362220657366,,4605.0,0.0040000007,-0.0625,0.06262787,63.471604757851566,200 NM,0,0,867.8819145580534,0,455.6362220657366,25.313123448096476,202.5049875847718,0.9843430325,GOOD,ROUTE_AGENT,BROADER_INDIAN_MARINE_REGION
GRID_0150,INDIAN_MARINE,17.25,91.5,468.704361947364,,2239.0,0.1525,0.0029999986,0.15252951,104.25642646072012,200 NM,0,0,579.4074284865844,0,468.704361947364,26.039131219298,208.313049754384,0.9618676225,GOOD,ROUTE_AGENT,BROADER_INDIAN_MARINE_REGION
GRID_0151,INDIAN_MARINE,13.25,93.0,39.86089578860221,,0.0,,,,26.7051469903894,Straight baseline,0,0,1043.5306685169403,0,39.86089578860221,2.2144942104779,17.7159536838232,,,ROUTE_AGENT,BROADER_INDIAN_MARINE_REGION
GRID_0152,INDIAN_MARINE,6.0,76.5,210.45649510577883,,2325.0,-0.105500005,0.127,0.16510376,40.9195868148151,Treaty,0,0,262.4898900705701,0,210.45649510577883,11.692027505876602,93.53622004701282,0.95872406,GOOD,ROUTE_AGENT,BROADER_INDIAN_MARINE_REGION
GRID_0153,INDIAN_MARINE,20.0,80.75,442.67638163285824,,0.0,,,,394.4893864746661,Straight baseline,0,0,357.8101729425213,0,442.67638163285824,24.593132312936568,196.74505850349254,,,ROUTE_AGENT,BROADER_INDIAN_MARINE_REGION
GRID_0154,INDIAN_MARINE,11.25,74.25,56.04944551681411,,2026.0,-0.0095,0.020500002,0.022594249,78.52797348400583,Straight baseline,0,0,175.4914200522451,0,56.04944551681411,3.1138580842674504,24.910864674139603,0.99435143775,GOOD,ROUTE_AGENT,BROADER_INDIAN_MARINE_REGION
GRID_0155,INDIAN_MARINE,16.0,79.0,167.46549941660743,,0.0,,,,147.03255228756288,Straight baseline,0,0,374.3338724541785,0,167.46549941660743,9.303638856478191,74.42911085182553,,,ROUTE_AGENT,BROADER_INDIAN_MARINE_REGION
GRID_0156,INDIAN_MARINE,6.25,80.75,453.0937578707539,,0.0,,,,264.63274845961183,Treaty,0,0,371.0545053004942,0,453.0937578707539,25.171875437264106,201.37500349811285,,,ROUTE_AGENT,BROADER_INDIAN_MARINE_REGION
GRID_0157,INDIAN_MARINE,5.75,77.25,247.89518941558185,,2451.0,-0.029000003,0.025500003,0.03861671,43.348835989002126,Treaty,0,0,269.0067745194556,0,247.89518941558185,13.771954967532325,110.1756397402586,0.9903458224999999,GOOD,ROUTE_AGENT,BROADER_INDIAN_MARINE_REGION
GRID_0158,INDIAN_MARINE,6.5,80.5,416.1766070560547,,0.0,,,,227.2462230747534,Treaty,0,0,333.4639472352254,0,416.1766070560547,23.12092261422526,184.9673809138021,,,ROUTE_AGENT,BROADER_INDIAN_MARINE_REGION
GRID_0159,INDIAN_MARINE,9.5,95.5,322.13022223403397,,2625.0,-0.09900001,-0.0135,0.09991622,11.676421441098189,Connection line,0,0,1497.1867760900202,0,322.13022223403397,17.896123457446333,143.16898765957066,0.975020945,GOOD,ROUTE_AGENT,BROADER_INDIAN_MARINE_REGION
GRID_0160,INDIAN_MARINE,6.75,71.75,249.51013103278,,3711.0,-0.0745,0.008,0.0749283,102.07133614567977,Archipelagic baseline,0,0,629.501871002917,0,249.51013103278,13.861673946265556,110.89339157012445,0.9812679249999998,GOOD,ROUTE_AGENT,BROADER_INDIAN_MARINE_REGION
GRID_0161,INDIAN_MARINE,18.75,72.0,45.65410606447087,,76.0,0.054500002,-0.08950001,0.104787886,89.53586993998832,Straight baseline,0,0,109.223218782523,0,45.65410606447087,2.5363392258039372,20.290713806431498,0.9738030284999999,GOOD,ROUTE_AGENT,BROADER_INDIAN_MARINE_REGION
GRID_0162,INDIAN_MARINE,12.25,75.5,65.00117476130372,,0.0,,,,41.91870230604529,Straight baseline,0,0,1.388146749996278,1,65.00117476130372,3.611176375627984,28.889411005023874,,,ROUTE_AGENT,BROADER_INDIAN_MARINE_REGION
GRID_0163,INDIAN_MARINE,12.25,82.0,128.23405039332536,,3488.0,0.072000004,-0.064,0.096332766,120.62863743346712,Treaty,0,0,209.95348371823837,0,128.23405039332536,7.124113910740298,56.99291128592238,0.9759168084999998,GOOD,ROUTE_AGENT,BROADER_INDIAN_MARINE_REGION
GRID_0164,INDIAN_MARINE,17.75,73.75,109.6588466893024,,0.0,,,,71.69400791087581,Straight baseline,0,0,4.3552213744917,1,109.6588466893024,6.092158149405688,48.737265195245506,,,ROUTE_AGENT,BROADER_INDIAN_MARINE_REGION
GRID_0165,INDIAN_MARINE,19.75,79.5,453.4369607194036,,0.0,,,,472.9398656573535,Straight baseline,0,0,332.837703508452,0,453.4369607194036,25.19094226218909,201.52753809751272,,,ROUTE_AGENT,BROADER_INDIAN_MARINE_REGION
GRID_0166,INDIAN_MARINE,7.25,70.5,326.886875161375,,4039.0,0.23600002,0.086500004,0.25135285,89.49406341260492,Treaty,0,0,744.0538387731865,0,326.886875161375,18.160381953409722,145.28305562727778,0.9371617875,GOOD,ROUTE_AGENT,BROADER_INDIAN_MARINE_REGION
GRID_0167,INDIAN_MARINE,14.75,82.75,128.7243605074568,,3229.0,0.29700002,-0.1075,0.3158564,180.2222751754936,200 NM,0,0,346.9887742007905,0,128.7243605074568,7.151353361525377,57.210826892203016,0.9210358999999999,GOOD,ROUTE_AGENT,BROADER_INDIAN_MARINE_REGION
GRID_0168,INDIAN_MARINE,16.25,78.75,205.10224439498575,,0.0,,,,184.72564514632697,Straight baseline,0,0,411.7350231014962,0,205.10224439498575,11.394569133054764,91.15655306443811,,,ROUTE_AGENT,BROADER_INDIAN_MARINE_REGION
GRID_0169,INDIAN_MARINE,11.5,71.75,19.6550117595811,,1495.0,0.16950001,0.019000001,0.17056158,13.940616938661062,Straight baseline,0,0,417.74849993139094,0,19.6550117595811,1.0919450977545055,8.735560782036044,0.957359605,GOOD,ROUTE_AGENT,BROADER_INDIAN_MARINE_REGION
GRID_0170,INDIAN_MARINE,7.0,81.25,414.6561054905488,,0.0,,,,284.76067821390984,Treaty,0,0,334.8025556555469,0,414.6561054905488,23.03645030503049,184.2916024402439,,,ROUTE_AGENT,BROADER_INDIAN_MARINE_REGION
GRID_0171,INDIAN_MARINE,16.25,85.75,400.7577496290682,,2797.0,-0.050499998,0.055000003,0.074667595,88.5670914638825,200 NM,0,0,370.2504612222744,0,400.7577496290682,22.264319423837122,178.11455539069698,0.98133310125,GOOD,ROUTE_AGENT,BROADER_INDIAN_MARINE_REGION
GRID_0172,INDIAN_MARINE,5.75,71.25,371.42252867368927,,3953.0,-0.186,0.0015000002,0.18600605,149.61152819872186,Archipelagic baseline,0,0,726.8753452091224,0,371.42252867368927,20.63458492631607,165.07667941052856,0.9534984874999999,GOOD,ROUTE_AGENT,BROADER_INDIAN_MARINE_REGION
GRID_0173,INDIAN_MARINE,21.75,70.0,315.60490900883224,,0.0,,,,136.51568078282682,Straight baseline,0,0,91.18219480885784,0,315.60490900883224,17.533606056046235,140.26884844836988,,,ROUTE_AGENT,BROADER_INDIAN_MARINE_REGION
GRID_0174,INDIAN_MARINE,6.75,77.25,142.74113606767924,,2287.0,-0.11900001,-0.0165,0.120138474,105.1254422161024,Treaty,0,0,157.69984869521718,0,142.74113606767924,7.930063114871069,63.44050491896855,0.9699653815,GOOD,ROUTE_AGENT,BROADER_INDIAN_MARINE_REGION
GRID_0175,INDIAN_MARINE,5.75,80.0,412.30715248956494,,2425.0,0.15100001,0.30200002,0.33764628,216.79578919590296,Treaty,0,0,390.1078605464867,0,412.30715248956494,22.905952916086942,183.24762332869554,0.9155884299999999,GOOD,ROUTE_AGENT,BROADER_INDIAN_MARINE_REGION
GRID_0176,INDIAN_MARINE,9.5,91.0,197.97565404398597,,3524.0,0.08100001,0.063,0.102615796,177.1477025267182,Straight baseline,0,0,1258.9206404508247,0,197.97565404398597,10.998647446888109,87.98917957510487,0.9743460509999999,GOOD,ROUTE_AGENT,BROADER_INDIAN_MARINE_REGION
GRID_0177,INDIAN_MARINE,12.25,79.5,83.96783698407562,,0.0,,,,52.25749623308113,Straight baseline,0,0,51.76035393546424,0,83.96783698407562,4.664879832448645,37.31903865958916,,,ROUTE_AGENT,BROADER_INDIAN_MARINE_REGION
GRID_0178,INDIAN_MARINE,9.75,82.75,265.91252639674775,,3674.0,-0.22900002,-0.0635,0.23764104,169.46785836228915,200 NM,0,0,364.1130799446555,0,265.91252639674775,14.772918133152652,118.18334506522122,0.9405897399999998,GOOD,ROUTE_AGENT,BROADER_INDIAN_MARINE_REGION
GRID_0179,INDIAN_MARINE,11.25,72.75,18.09168519858063,,437.0,0.060000002,0.119500004,0.13371706,39.242737910674926,Straight baseline,0,0,319.349002008871,0,18.09168519858063,1.0050936221433684,8.040748977146947,0.9665707349999999,GOOD,ROUTE_AGENT,BROADER_INDIAN_MARINE_REGION
GRID_0180,INDIAN_MARINE,10.75,95.0,230.7117290081302,,3164.0,-0.2745,-0.0435,0.27792534,38.58361610798136,Treaty,0,0,1348.0626541906406,0,230.7117290081302,12.817318278229456,102.53854622583565,0.9305186649999999,GOOD,ROUTE_AGENT,BROADER_INDIAN_MARINE_REGION
GRID_0181,INDIAN_MARINE,18.25,84.0,337.97761008416256,,0.0,,,,3.5347677648159346,Straight baseline,1,0,166.76804707283807,0,337.97761008416256,18.776533893564586,150.2122711485167,,,ROUTE_AGENT,BROADER_INDIAN_MARINE_REGION
GRID_0182,INDIAN_MARINE,15.75,71.0,186.2726314650692,,2622.0,0.0915,0.056,0.107276514,114.74998235863336,200 NM,0,0,322.71813931181765,0,186.2726314650692,10.348479525837178,82.78783620669742,0.9731808714999999,GOOD,ROUTE_AGENT,BROADER_INDIAN_MARINE_REGION
GRID_0183,INDIAN_MARINE,13.75,69.0,345.0097456468982,,4112.0,-0.064,0.09400001,0.113718964,26.24946210743861,200 NM,0,0,593.3131789591727,0,345.0097456468982,19.167208091494345,153.33766473195476,0.9715702589999999,GOOD,ROUTE_AGENT,BROADER_INDIAN_MARINE_REGION
GRID_0184,INDIAN_MARINE,17.75,80.25,221.09881567784532,,0.0,,,,229.352017023594,Straight baseline,0,0,490.48468825954086,0,221.09881567784532,12.283267537658073,98.26614030126458,,,ROUTE_AGENT,BROADER_INDIAN_MARINE_REGION
GRID_0185,INDIAN_MARINE,14.0,71.25,205.9207181135693,,1979.0,-0.033,-0.07800001,0.08469357,194.79528712453657,200 NM,0,0,348.10730453757645,0,205.9207181135693,11.440039895198295,91.52031916158636,0.9788266074999998,GOOD,ROUTE_AGENT,BROADER_INDIAN_MARINE_REGION
GRID_0186,INDIAN_MARINE,16.25,92.0,348.5920197554143,,2448.0,0.009000003,-0.0695,0.07008031,155.1522255390794,200 NM,0,0,705.5785723920143,0,348.5920197554143,19.366223319745238,154.9297865579619,0.9824799224999998,GOOD,ROUTE_AGENT,BROADER_INDIAN_MARINE_REGION
GRID_0187,INDIAN_MARINE,9.0,89.25,385.01301117910634,,3469.0,0.079,0.018500004,0.08113723,3.886454600893325,200 NM,1,0,1086.0295896462649,0,385.01301117910634,21.389611732172575,171.1168938573806,0.8297156925,GOOD,ROUTE_AGENT,BROADER_INDIAN_MARINE_REGION
GRID_0188,INDIAN_MARINE,17.0,92.5,425.3598798175535,,2386.0,0.141,0.040000003,0.14656399,190.8373239816729,Straight baseline,0,0,612.7611800342942,0,425.3598798175535,23.63110443430853,189.04883547446823,0.9633590024999998,GOOD,ROUTE_AGENT,BROADER_INDIAN_MARINE_REGION
GRID_0189,INDIAN_MARINE,9.75,94.25,187.5998307865032,,3419.0,-0.0045000017,-0.23550001,0.235543,129.43148966114572,Treaty,0,0,1448.7429188170536,0,187.5998307865032,10.4222128214724,83.3777025717792,0.9411142499999998,GOOD,ROUTE_AGENT,BROADER_INDIAN_MARINE_REGION
GRID_0190,INDIAN_MARINE,21.25,74.25,232.72992524838943,,0.0,,,,245.4672849339964,Straight baseline,0,0,137.99636482887132,0,232.72992524838943,12.92944029157719,103.43552233261752,,,ROUTE_AGENT,BROADER_INDIAN_MARINE_REGION
GRID_0191,INDIAN_MARINE,10.5,74.25,73.77747689552584,,2321.0,-0.006000001,0.041500002,0.041931495,62.758681454798015,Straight baseline,0,0,235.225580617034,0,73.77747689552584,4.098748716418102,32.78998973134482,0.98951712625,GOOD,ROUTE_AGENT,BROADER_INDIAN_MARINE_REGION
GRID_0192,INDIAN_MARINE,14.75,71.25,211.3988540933135,,2097.0,-0.072500005,-0.07350001,0.10324002,143.86354654519363,200 NM,0,0,322.56842098099827,0,211.3988540933135,11.744380782961862,93.9550462636949,0.9741899949999999,GOOD,ROUTE_AGENT,BROADER_INDIAN_MARINE_REGION
GRID_0193,INDIAN_MARINE,16.25,93.75,361.7261957179848,,383.0,-0.16950001,-0.1055,0.19965094,48.2332535541579,Straight baseline,0,0,704.1935937362636,0,361.7261957179848,20.095899762110268,160.76719809688214,0.9500872649999998,GOOD,ROUTE_AGENT,BROADER_INDIAN_MARINE_REGION
GRID_0194,INDIAN_MARINE,11.0,95.25,250.77140408768656,,3027.0,-0.24450001,-0.0695,0.25418597,14.872348302335388,Treaty,0,0,1325.3173778633588,0,250.77140408768656,13.931744671538143,111.45395737230514,0.9364535075,GOOD,ROUTE_AGENT,BROADER_INDIAN_MARINE_REGION
GRID_0195,INDIAN_MARINE,5.75,80.25,434.39975010642326,,1632.0,0.074,0.279,0.28864685,241.4261286152916,Treaty,0,0,401.5097440068347,0,434.39975010642326,24.133319450356847,193.06655560285478,0.9278382875,GOOD,ROUTE_AGENT,BROADER_INDIAN_MARINE_REGION
GRID_0196,INDIAN_MARINE,20.0,72.75,25.659798260836936,,0.0,,,,22.525360764414824,Straight baseline,0,0,99.38539592825308,0,25.659798260836936,1.4255443478242742,11.404354782594194,,,ROUTE_AGENT,BROADER_INDIAN_MARINE_REGION
GRID_0197,INDIAN_MARINE,14.5,72.0,155.55661162464256,,1850.0,-0.045,0.094000004,0.10421613,218.696189111845,Straight baseline,0,0,249.0999826619716,0,155.55661162464256,8.64203397914681,69.13627183317448,0.9739459675,GOOD,ROUTE_AGENT,BROADER_INDIAN_MARINE_REGION
GRID_0198,INDIAN_MARINE,11.25,83.5,314.439071772174,,3493.0,-0.094000004,-0.1145,0.14814267,5.276098422349637,200 NM,0,0,408.7468953483652,0,314.439071772174,17.468837320676332,139.75069856541066,0.9629643324999999,GOOD,ROUTE_AGENT,BROADER_INDIAN_MARINE_REGION
GRID_0199,INDIAN_MARINE,17.0,74.0,119.43862048586116,,0.0,,,,82.26827830040891,Straight baseline,0,0,20.318273225077665,0,119.43862048586116,6.635478915881176,53.08383132704941,,,ROUTE_AGENT,BROADER_INDIAN_MARINE_REGION
GRID_0200,INDIAN_MARINE,10.0,82.0,179.44853131136466,,3707.0,-0.18900001,0.0034999996,0.1890324,112.6236141671502,Treaty,0,0,276.6289537744217,0,179.44853131136466,9.96936285063137,79.75490280505096,0.9527418999999999,GOOD,ROUTE_AGENT,BROADER_INDIAN_MARINE_REGION
GRID_0201,INDIAN_MARINE,10.25,75.25,57.22813070810062,,1689.0,0.0015,-0.0505,0.050522275,91.8468743962362,Straight baseline,0,0,155.23231055675353,0,57.22813070810062,3.179340594894479,25.43472475915583,0.9873694312499999,GOOD,ROUTE_AGENT,BROADER_INDIAN_MARINE_REGION
GRID_0202,INDIAN_MARINE,10.25,94.5,191.0928460800603,,3139.0,-0.15900001,-0.13700001,0.20988093,85.69127046310535,Treaty,0,0,1395.7645357198303,0,191.0928460800603,10.616269226670017,84.93015381336014,0.9475297674999998,GOOD,ROUTE_AGENT,BROADER_INDIAN_MARINE_REGION
GRID_0203,INDIAN_MARINE,12.25,76.25,118.59483470021934,,0.0,,,,113.83771471636793,Straight baseline,0,0,40.00406111599998,0,118.59483470021934,6.588601927789963,52.7088154223197,,,ROUTE_AGENT,BROADER_INDIAN_MARINE_REGION
GRID_0204,INDIAN_MARINE,16.75,92.0,403.1350852794822,,2374.0,0.132,-0.07450001,0.1515726,143.23053576344208,200 NM,0,0,648.197398459259,0,403.1350852794822,22.396393626637902,179.17114901310322,0.9621068499999998,GOOD,ROUTE_AGENT,BROADER_INDIAN_MARINE_REGION
GRID_0205,INDIAN_MARINE,5.25,80.25,469.2153570918689,,4210.0,0.108500004,0.169,0.2008314,268.01213411542994,Treaty,0,0,449.2648009963938,0,469.2153570918689,26.06751983843716,208.54015870749728,0.94979215,GOOD,ROUTE_AGENT,BROADER_INDIAN_MARINE_REGION
GRID_0206,INDIAN_MARINE,11.0,88.75,384.4889311229425,,3279.0,-0.046500005,0.20950001,0.21459848,7.42799660021232,200 NM,0,0,971.9502133581236,0,384.4889311229425,21.360496173496806,170.88396938797445,0.9463503799999999,GOOD,ROUTE_AGENT,BROADER_INDIAN_MARINE_REGION
GRID_0207,INDIAN_MARINE,7.75,80.0,325.16124450579156,,0.0,,,,129.01184566542258,Treaty,0,0,183.38514180266495,0,325.16124450579156,18.064513583655085,144.51610866924068,,,ROUTE_AGENT,BROADER_INDIAN_MARINE_REGION
GRID_0208,INDIAN_MARINE,12.5,71.75,31.429392797183834,,1598.0,-0.0020000003,0.054500002,0.05453669,17.963430727844614,Straight baseline,0,0,370.1000890204027,0,31.429392797183834,1.746077377621324,13.968619020970593,0.9863658275,GOOD,ROUTE_AGENT,BROADER_INDIAN_MARINE_REGION
GRID_0209,INDIAN_MARINE,19.5,81.0,384.52025636418864,,0.0,,,,333.3148034433424,Straight baseline,0,0,371.5299186986693,0,384.52025636418864,21.362236464677146,170.89789171741717,,,ROUTE_AGENT,BROADER_INDIAN_MARINE_REGION
GRID_0210,INDIAN_MARINE,6.25,73.25,247.28668454299276,,16.0,-0.1825,0.16600001,0.24670276,17.291328533920026,Archipelagic baseline,0,0,505.9094513750376,0,247.28668454299276,13.738149141277376,109.905193130219,0.6738798655555556,MODERATE,ROUTE_AGENT,BROADER_INDIAN_MARINE_REGION
GRID_0211,INDIAN_MARINE,9.0,95.0,302.97707244045085,,2177.0,0.092,-0.15300001,0.17853011,68.96126360192687,Treaty,0,0,1543.2454500662757,0,302.97707244045085,16.832059580025046,134.65647664020037,0.9553674724999999,GOOD,ROUTE_AGENT,BROADER_INDIAN_MARINE_REGION
GRID_0212,INDIAN_MARINE,15.5,84.75,293.94150954404796,,2985.0,0.089,0.0059999973,0.08920202,99.7728122029978,200 NM,0,0,447.48146063200335,0,293.94150954404796,16.33008386355822,130.64067090846575,0.977699495,GOOD,ROUTE_AGENT,BROADER_INDIAN_MARINE_REGION
GRID_0213,INDIAN_MARINE,9.75,74.75,124.27393800312744,,1374.0,-0.0029999996,0.064500004,0.064569734,127.43109639245176,Straight baseline,0,0,234.10537113166183,0,124.27393800312744,6.904107666840414,55.23286133472331,0.9838575665,GOOD,ROUTE_AGENT,BROADER_INDIAN_MARINE_REGION
GRID_0214,INDIAN_MARINE,11.75,92.75,21.43151425519918,,0.0,,,,47.09272655474558,Straight baseline,0,0,1213.7772874994448,0,21.43151425519918,1.1906396808443989,9.525117446755191,,,ROUTE_AGENT,BROADER_INDIAN_MARINE_REGION
GRID_0215,INDIAN_MARINE,20.75,71.25,146.17594143038644,,20.0,,,,27.64312629313123,Straight baseline,0,0,242.63222890601045,0,146.17594143038644,8.12088563502147,64.96708508017176,,,ROUTE_AGENT,BROADER_INDIAN_MARINE_REGION
GRID_0216,INDIAN_MARINE,6.5,74.75,252.02522621789808,,2724.0,-0.1755,0.2125,0.27560207,85.28909912731181,Treaty,0,0,347.5452319487736,0,252.02522621789808,14.001401456549893,112.01121165239914,0.9310994824999999,GOOD,ROUTE_AGENT,BROADER_INDIAN_MARINE_REGION
GRID_0217,INDIAN_MARINE,10.75,79.0,147.96526114010086,,0.0,,,,96.78820678673904,Straight baseline,0,0,34.8072531949333,0,147.96526114010086,8.22029228556116,65.76233828448927,,,ROUTE_AGENT,BROADER_INDIAN_MARINE_REGION
GRID_0218,INDIAN_MARINE,16.75,68.5,395.5270856852014,,3630.0,0.018000007,0.075500004,0.07761604,133.083105229299,200 NM,0,0,562.1075406224635,0,395.5270856852014,21.97372698251119,175.78981586008953,0.9805959899999999,GOOD,ROUTE_AGENT,BROADER_INDIAN_MARINE_REGION
GRID_0219,INDIAN_MARINE,8.25,82.25,329.395895140374,,3788.0,-0.033,-0.3445,0.34607694,294.42893965684533,200 NM,0,0,351.5005291918427,0,329.395895140374,18.299771952243002,146.39817561794402,0.9134807649999999,GOOD,ROUTE_AGENT,BROADER_INDIAN_MARINE_REGION
GRID_0220,INDIAN_MARINE,20.75,75.0,273.3857680818445,,0.0,,,,284.26450944128425,Straight baseline,0,0,127.95262975580242,0,273.3857680818445,15.188098226769139,121.50478581415311,,,ROUTE_AGENT,BROADER_INDIAN_MARINE_REGION
GRID_0221,INDIAN_MARINE,9.0,78.0,146.68426542817548,,0.0,,,,38.25932804304022,Straight baseline,0,0,26.480899681906727,0,146.68426542817548,8.14912585712086,65.19300685696687,,,ROUTE_AGENT,BROADER_INDIAN_MARINE_REGION
GRID_0222,INDIAN_MARINE,16.25,82.75,92.7570097454519,,2109.0,0.2175,0.0034999996,0.21752816,60.41329689307531,Straight baseline,0,0,436.81267490831374,0,92.7570097454519,5.153167208080661,41.22533766464529,0.9456179599999999,GOOD,ROUTE_AGENT,BROADER_INDIAN_MARINE_REGION
GRID_0223,INDIAN_MARINE,10.0,80.5,73.3836411638083,,47.0,0.12900001,0.119,0.175505,34.55447493972606,Treaty,0,0,116.63974553178367,0,73.3836411638083,4.076868953544906,32.61495162835925,0.9327904166666665,GOOD,ROUTE_AGENT,BROADER_INDIAN_MARINE_REGION
GRID_0224,INDIAN_MARINE,17.0,94.25,458.15548884993257,,42.0,-0.057000004,-0.032,0.06536819,2.293789955337884,Straight baseline,1,0,628.6519907454158,0,458.15548884993257,25.45308271388514,203.62466171108113,0.7714357302777777,GOOD,ROUTE_AGENT,BROADER_INDIAN_MARINE_REGION
GRID_0225,INDIAN_MARINE,12.5,92.5,75.93798109655462,,88.0,-0.021000005,-0.0010000002,0.0210238,15.344753671356978,Straight baseline,0,0,1124.0852170045248,0,75.93798109655462,4.218776727586368,33.750213820690945,0.99474405,GOOD,ROUTE_AGENT,BROADER_INDIAN_MARINE_REGION
GRID_0226,INDIAN_MARINE,16.5,81.75,65.40808766219628,,0.0,,,,20.038189424672797,Straight baseline,0,0,440.4598157276655,0,65.40808766219628,3.6337826478997934,29.070261183198348,,,ROUTE_AGENT,BROADER_INDIAN_MARINE_REGION
GRID_0227,INDIAN_MARINE,6.75,70.5,353.9001439720752,,4061.0,0.061000004,0.095,0.112898186,137.3528736302816,200 NM,0,0,760.6933630908768,0,353.9001439720752,19.661119109559735,157.28895287647788,0.9717754534999998,GOOD,ROUTE_AGENT,BROADER_INDIAN_MARINE_REGION
GRID_0228,INDIAN_MARINE,8.5,72.0,131.60872784926002,,3218.0,0.009500001,0.266,0.2661696,74.74062378274655,Treaty,0,0,547.34442719291,0,131.60872784926002,7.311595991625556,58.49276793300445,0.9334575999999999,GOOD,ROUTE_AGENT,BROADER_INDIAN_MARINE_REGION
GRID_0229,INDIAN_MARINE,7.75,93.5,330.99172725114505,,17.0,0.0045000017,-0.08300001,0.08312191,18.35107239827328,Straight baseline,0,0,1579.4042291958715,0,330.99172725114505,18.38842929173028,147.10743433384224,0.7225528558333334,GOOD,ROUTE_AGENT,BROADER_INDIAN_MARINE_REGION
GRID_0230,INDIAN_MARINE,12.75,94.0,154.42272767568804,,2147.0,0.13900001,0.106000006,0.17480563,100.34305059793554,Treaty,0,0,1107.1613449732597,0,154.42272767568804,8.579040426427113,68.6323234114169,0.9562985924999998,GOOD,ROUTE_AGENT,BROADER_INDIAN_MARINE_REGION
GRID_0231,INDIAN_MARINE,9.25,95.75,358.7627077697117,,2390.0,-0.05,-0.015999999,0.052497618,15.559628395634132,Treaty,0,0,1530.3643361597958,0,358.7627077697117,19.93126154276176,159.45009234209408,0.9868755954999999,GOOD,ROUTE_AGENT,BROADER_INDIAN_MARINE_REGION
GRID_0232,INDIAN_MARINE,5.25,80.0,448.8046716596761,,4145.0,0.18600002,0.1395,0.23250002,243.93047234154648,Treaty,0,0,430.4521393965576,0,448.8046716596761,24.933592869982007,199.46874295985606,0.9418749949999998,GOOD,ROUTE_AGENT,BROADER_INDIAN_MARINE_REGION
GRID_0233,INDIAN_MARINE,19.75,76.5,410.4315760857275,,0.0,,,,420.265047056781,Straight baseline,0,0,25.111760779159123,0,410.4315760857275,22.801754226984862,182.4140338158789,,,ROUTE_AGENT,BROADER_INDIAN_MARINE_REGION
GRID_0234,INDIAN_MARINE,17.25,81.75,139.97806480248002,,0.0,,,,99.2607141208702,Straight baseline,0,0,433.69662713937606,0,139.97806480248002,7.7765591556933344,62.212473245546676,,,ROUTE_AGENT,BROADER_INDIAN_MARINE_REGION
GRID_0235,INDIAN_MARINE,17.25,72.5,24.820127219241822,,86.0,0.021000002,0.037,0.042544097,76.3556236438531,Straight baseline,0,0,131.19147725193957,0,24.820127219241822,1.3788959566245458,11.031167652996366,0.9893639757499999,GOOD,ROUTE_AGENT,BROADER_INDIAN_MARINE_REGION
GRID_0236,INDIAN_MARINE,8.75,91.75,231.2666331166492,,3487.0,-0.0055000037,-0.024500005,0.025109766,117.047750720212,Straight baseline,0,0,1363.117453769119,0,231.2666331166492,12.848146284258288,102.7851702740663,0.9937225585,GOOD,ROUTE_AGENT,BROADER_INDIAN_MARINE_REGION
GRID_0237,INDIAN_MARINE,7.75,76.0,62.90011697668897,,1489.0,0.19900002,0.2125,0.291131,97.10179792279524,Treaty,0,0,157.13875352619618,0,62.90011697668897,3.494450943149387,27.955607545195097,0.92721725,GOOD,ROUTE_AGENT,BROADER_INDIAN_MARINE_REGION
GRID_0238,INDIAN_MARINE,8.5,95.5,380.66434183019624,,2404.0,0.20900002,-0.0635,0.21843365,15.600201391845255,Treaty,0,0,1607.9480821576335,0,380.66434183019624,21.148018990566456,169.18415192453165,0.9453915874999999,GOOD,ROUTE_AGENT,BROADER_INDIAN_MARINE_REGION
GRID_0239,INDIAN_MARINE,16.0,83.5,159.61756985222164,,3016.0,0.313,0.194,0.36824584,143.02388670293948,Straight baseline,0,0,422.0917548746315,0,159.61756985222164,8.867642769567869,70.94114215654295,0.90793854,GOOD,ROUTE_AGENT,BROADER_INDIAN_MARINE_REGION
GRID_0240,INDIAN_MARINE,11.75,70.25,164.54077991670854,,4051.0,0.029500002,0.010499999,0.03131294,165.6737504824675,Straight baseline,0,0,555.8833257171846,0,164.54077991670854,9.141154439817141,73.12923551853713,0.9921717649999999,GOOD,ROUTE_AGENT,BROADER_INDIAN_MARINE_REGION
GRID_0241,INDIAN_MARINE,11.0,82.5,205.9339388964801,,3570.0,-0.09900001,0.0705,0.12153704,31.6520361825043,Treaty,0,0,303.32505182684685,0,205.9339388964801,11.440774383137784,91.52619506510227,0.9696157399999998,GOOD,ROUTE_AGENT,BROADER_INDIAN_MARINE_REGION
GRID_0242,INDIAN_MARINE,14.0,89.25,376.5784102932817,,2879.0,-0.036500007,0.0535,0.06476496,15.215439461307122,200 NM,0,0,778.6061473842548,0,376.5784102932817,20.921022794071206,167.36818235256965,0.9838087599999998,GOOD,ROUTE_AGENT,BROADER_INDIAN_MARINE_REGION
GRID_0243,INDIAN_MARINE,14.25,72.75,79.74283085350395,,1640.0,-0.034500003,0.1365,0.1407924,158.9194445015482,Straight baseline,0,0,188.65808932193073,0,79.74283085350395,4.430157269639108,35.44125815711286,0.9648018999999999,GOOD,ROUTE_AGENT,BROADER_INDIAN_MARINE_REGION
GRID_0244,INDIAN_MARINE,7.25,71.75,209.76145100962523,,3785.0,0.09150001,0.055500004,0.10701636,68.33465229633234,Treaty,0,0,611.1969882873335,0,209.76145100962523,11.65341394497918,93.22731155983344,0.9732459099999999,GOOD,ROUTE_AGENT,BROADER_INDIAN_MARINE_REGION
GRID_0245,INDIAN_MARINE,12.5,70.25,169.21787939340277,,3582.0,0.016,-0.079,0.08060397,174.75770698198656,Straight baseline,0,0,531.4914989098218,0,169.21787939340277,9.400993299633488,75.2079463970679,0.9798490074999999,GOOD,ROUTE_AGENT,BROADER_INDIAN_MARINE_REGION
GRID_0246,INDIAN_MARINE,11.25,74.75,54.0393462147947,,1143.0,-0.0355,0.048,0.059701342,88.00775520966415,Straight baseline,0,0,138.23518055306585,0,54.0393462147947,3.0021859008219276,24.01748720657542,0.9850746644999999,GOOD,ROUTE_AGENT,BROADER_INDIAN_MARINE_REGION
GRID_0247,INDIAN_MARINE,7.0,71.5,248.81368980231585,,4006.0,0.0485,0.053500004,0.0722115,100.2868511680486,Treaty,0,0,646.1519873171934,0,248.81368980231585,13.822982766795326,110.5838621343626,0.981947125,GOOD,ROUTE_AGENT,BROADER_INDIAN_MARINE_REGION
GRID_0248,INDIAN_MARINE,7.75,95.75,457.15688199366446,,843.0,-0.030500002,0.031499997,0.04384632,10.181065601248529,Treaty,0,0,1695.9439625704988,0,457.15688199366446,25.397604555203582,203.18083644162866,0.98903842,GOOD,ROUTE_AGENT,BROADER_INDIAN_MARINE_REGION
GRID_0249,INDIAN_MARINE,13.75,70.25,237.20281232622088,,3519.0,-0.069000006,-0.048,0.08405356,144.43234956563003,200 NM,0,0,461.8196989793255,0,237.20281232622088,13.177934018123382,105.42347214498706,0.97898661,GOOD,ROUTE_AGENT,BROADER_INDIAN_MARINE_REGION
GRID_0250,INDIAN_MARINE,11.25,97.0,434.2777817301345,,275.0,-0.0445,-0.128,0.13551477,60.70142476230946,Straight baseline,0,0,1350.0108112733317,0,434.2777817301345,24.126543429451917,193.01234743561534,0.9661213074999999,GOOD,ROUTE_AGENT,BROADER_INDIAN_MARINE_REGION
GRID_0251,INDIAN_MARINE,18.75,81.75,302.6702065259976,,0.0,,,,212.2910136298729,Straight baseline,0,0,365.14267907909624,0,302.6702065259976,16.815011473666534,134.52009178933227,,,ROUTE_AGENT,BROADER_INDIAN_MARINE_REGION
GRID_0252,INDIAN_MARINE,8.0,70.0,347.9525955912028,,4459.0,0.132,-0.024,0.13416408,4.564399406645552,Treaty,1,0,773.8306821827697,0,347.9525955912028,19.33069975506682,154.64559804053457,0.81645898,GOOD,ROUTE_AGENT,BROADER_INDIAN_MARINE_REGION
GRID_0253,INDIAN_MARINE,5.0,76.25,323.1150976760488,,2517.0,-0.094,0.224,0.24292386,47.952017314489986,Treaty,0,0,376.5476994537695,0,323.1150976760488,17.95083875978049,143.6067100782439,0.9392690349999999,GOOD,ROUTE_AGENT,BROADER_INDIAN_MARINE_REGION
GRID_0254,INDIAN_MARINE,7.25,89.5,495.63486091361966,,3420.0,-0.2315,0.056500003,0.23829499,37.86689820671455,200 NM,0,0,1162.421089778229,0,495.63486091361966,27.535270050756647,220.28216040605318,0.9404262525,GOOD,ROUTE_AGENT,BROADER_INDIAN_MARINE_REGION
GRID_0255,INDIAN_MARINE,17.25,77.0,420.0833816432011,,0.0,,,,411.4784315280005,Straight baseline,0,0,323.1426967290845,0,420.0833816432011,23.337965646844506,186.70372517475604,,,ROUTE_AGENT,BROADER_INDIAN_MARINE_REGION
GRID_0256,INDIAN_MARINE,10.25,96.75,430.0829866112532,,347.0,-0.127,-0.1965,0.23396848,57.85869715695651,Treaty,0,0,1448.7858104076834,0,430.0829866112532,23.893499256180732,191.14799404944586,0.9415078799999999,GOOD,ROUTE_AGENT,BROADER_INDIAN_MARINE_REGION
GRID_0257,INDIAN_MARINE,8.25,75.25,121.1362031282972,,2452.0,-0.031500004,-0.03850001,0.04974436,56.232960370172094,Treaty,0,0,205.75020164457945,0,121.1362031282972,6.729789062683178,53.838312501465424,0.98756391,GOOD,ROUTE_AGENT,BROADER_INDIAN_MARINE_REGION
GRID_0258,INDIAN_MARINE,18.5,77.25,486.830685490576,,0.0,,,,470.9334621722341,Straight baseline,0,0,190.88318658084697,0,486.830685490576,27.04614919392089,216.36919355136712,,,ROUTE_AGENT,BROADER_INDIAN_MARINE_REGION
GRID_0259,INDIAN_MARINE,13.5,89.25,367.7488054737216,,2963.0,-0.062000003,-0.042,0.07488658,4.453760044201485,200 NM,1,0,827.3193927292497,0,367.7488054737216,20.43048919298453,163.44391354387625,0.831278355,GOOD,ROUTE_AGENT,BROADER_INDIAN_MARINE_REGION
GRID_0260,INDIAN_MARINE,5.0,74.0,396.0137173108535,,2443.0,-0.24850002,0.333,0.4155012,35.04084298749532,Archipelagic baseline,0,0,517.6398940077431,0,396.0137173108535,22.000762072825196,176.00609658260157,0.8961246999999999,GOOD,ROUTE_AGENT,BROADER_INDIAN_MARINE_REGION
GRID_0261,INDIAN_MARINE,11.5,88.5,418.1110750171046,,3225.0,0.001500003,0.106000006,0.10601062,33.43303387877834,200 NM,0,0,933.3438591119566,0,418.1110750171046,23.228393056505812,185.8271444520465,0.973497345,GOOD,ROUTE_AGENT,BROADER_INDIAN_MARINE_REGION
GRID_0262,INDIAN_MARINE,16.0,79.75,110.68815648006074,,0.0,,,,77.78872002199877,Straight baseline,0,0,352.6152173569206,0,110.68815648006074,6.149342026670041,49.19473621336033,,,ROUTE_AGENT,BROADER_INDIAN_MARINE_REGION
GRID_0263,INDIAN_MARINE,9.25,92.0,171.18772902321876,,1315.0,0.055,0.024500005,0.06021005,75.30546680964056,Straight baseline,0,0,1373.5316330787607,0,171.18772902321876,9.510429390178821,76.08343512143057,0.9849474874999999,GOOD,ROUTE_AGENT,BROADER_INDIAN_MARINE_REGION
GRID_0264,INDIAN_MARINE,16.0,72.75,26.861883442264375,,110.0,-0.007,0.0435,0.04405962,74.09974980554115,Straight baseline,0,0,126.60959621732648,0,26.861883442264375,1.4923268579035764,11.938614863228612,0.9889850949999999,GOOD,ROUTE_AGENT,BROADER_INDIAN_MARINE_REGION
GRID_0265,INDIAN_MARINE,9.5,83.75,378.2260145645194,,3674.0,-0.2175,-0.058,0.22510053,86.0192463691857,200 NM,0,0,478.9205928395275,0,378.2260145645194,21.012556364695524,168.1004509175642,0.9437248674999998,GOOD,ROUTE_AGENT,BROADER_INDIAN_MARINE_REGION
GRID_0266,INDIAN_MARINE,16.25,82.0,36.26818898404267,,77.0,0.18200001,0.106000006,0.21061815,17.273352492938894,Straight baseline,0,0,425.95161897110273,0,36.26818898404267,2.014899388002371,16.119195104018967,0.9473454625,GOOD,ROUTE_AGENT,BROADER_INDIAN_MARINE_REGION
GRID_0267,INDIAN_MARINE,5.25,76.5,293.6837801509835,,2848.0,-0.0605,0.16600001,0.17668122,8.962264843535571,Treaty,0,0,340.91196854185307,0,293.6837801509835,16.31576556394353,130.52612451154823,0.955829695,GOOD,ROUTE_AGENT,BROADER_INDIAN_MARINE_REGION
GRID_0268,INDIAN_MARINE,17.75,73.0,35.86168204974136,,18.0,0.0635,0.005500002,0.06373774,9.02415305751147,Straight baseline,0,0,63.43871338187351,0,35.86168204974136,1.9923156694300757,15.938525355440605,0.7351766761111111,GOOD,ROUTE_AGENT,BROADER_INDIAN_MARINE_REGION
GRID_0269,INDIAN_MARINE,10.5,68.0,430.8859112220403,,4439.0,0.068,0.037000004,0.077414475,67.37846450983483,200 NM,0,0,841.457293434501,0,430.8859112220403,23.93810617900224,191.50484943201792,0.9806463812499999,GOOD,ROUTE_AGENT,BROADER_INDIAN_MARINE_REGION
GRID_0270,INDIAN_MARINE,13.5,69.25,308.3309654133654,,4163.0,-0.09,0.051500004,0.10369306,63.35463039031975,200 NM,0,0,576.013481384571,0,308.3309654133654,17.1294980785203,137.0359846281624,0.9740767349999999,GOOD,ROUTE_AGENT,BROADER_INDIAN_MARINE_REGION
GRID_0271,INDIAN_MARINE,12.25,78.75,155.16455107308633,,0.0,,,,129.78495959784237,Straight baseline,0,0,127.34112769839795,0,155.16455107308633,8.620252837393686,68.96202269914949,,,ROUTE_AGENT,BROADER_INDIAN_MARINE_REGION
GRID_0272,INDIAN_MARINE,9.25,88.75,420.9665879221336,,3467.0,0.079,0.079500005,0.11207699,51.18812500965265,200 NM,0,0,1025.1479705068368,0,420.9665879221336,23.387032662340758,187.09626129872606,0.9719807524999999,GOOD,ROUTE_AGENT,BROADER_INDIAN_MARINE_REGION
GRID_0273,INDIAN_MARINE,20.25,76.75,441.4272569356753,,0.0,,,,458.168148694968,Straight baseline,0,0,40.69132422542903,0,441.4272569356753,24.523736496426405,196.18989197141124,,,ROUTE_AGENT,BROADER_INDIAN_MARINE_REGION
GRID_0274,INDIAN_MARINE,14.0,94.25,196.31601873165047,,701.0,0.1965,-0.172,0.26114413,22.935544279900604,Treaty,0,0,968.9588600706984,0,196.31601873165047,10.906445485091693,87.25156388073354,0.9347139675,GOOD,ROUTE_AGENT,BROADER_INDIAN_MARINE_REGION
GRID_0275,INDIAN_MARINE,9.5,71.5,117.75905582759306,,3414.0,-0.20750001,0.192,0.2827017,98.23383091692294,Straight baseline,0,0,538.4878778448603,0,117.75905582759306,6.5421697681996145,52.337358145596916,0.9293245749999999,GOOD,ROUTE_AGENT,BROADER_INDIAN_MARINE_REGION
GRID_0276,INDIAN_MARINE,13.25,76.5,207.42971242699795,,0.0,,,,189.9356463012392,Straight baseline,0,0,94.78979512160724,0,207.42971242699795,11.523872912610997,92.19098330088798,,,ROUTE_AGENT,BROADER_INDIAN_MARINE_REGION
GRID_0277,INDIAN_MARINE,8.5,90.0,354.3644278751221,,2803.0,0.094500005,0.043500006,0.10403125,63.7407193488903,200 NM,0,0,1181.4918024168587,0,354.3644278751221,19.686912659729003,157.49530127783203,0.9739921874999999,GOOD,ROUTE_AGENT,BROADER_INDIAN_MARINE_REGION
GRID_0278,INDIAN_MARINE,12.0,83.25,266.79418490950707,,3435.0,0.18450001,-0.078,0.2003104,34.60752922211766,200 NM,0,0,350.8922755511112,0,266.79418490950707,14.821899161639282,118.57519329311425,0.9499224,GOOD,ROUTE_AGENT,BROADER_INDIAN_MARINE_REGION
GRID_0279,INDIAN_MARINE,9.25,68.5,441.8242993683048,,4558.0,0.015999999,-0.0505,0.05297405,48.43865589011501,200 NM,0,0,843.3352176510333,0,441.8242993683048,24.54579440935027,196.36635527480215,0.9867564874999999,GOOD,ROUTE_AGENT,BROADER_INDIAN_MARINE_REGION
GRID_0280,INDIAN_MARINE,16.75,93.25,402.59953971689544,,2492.0,-0.0185,-0.08400001,0.086013086,108.21531537529208,Straight baseline,0,0,641.1115449866353,0,402.59953971689544,22.36664109538308,178.93312876306464,0.9784967284999999,GOOD,ROUTE_AGENT,BROADER_INDIAN_MARINE_REGION
GRID_0281,INDIAN_MARINE,7.75,71.0,254.93391456798116,,4118.0,0.269,0.13250001,0.29986206,25.542945503349745,Treaty,0,0,674.503533724476,0,254.93391456798116,14.162995253776732,113.30396203021385,0.9250344849999999,GOOD,ROUTE_AGENT,BROADER_INDIAN_MARINE_REGION
GRID_0282,INDIAN_MARINE,16.75,83.25,167.92612132429875,,2606.0,0.128,0.043500006,0.13518968,65.82002304418226,Straight baseline,0,0,357.682082993037,0,167.92612132429875,9.329228962461041,74.63383169968833,0.96620258,GOOD,ROUTE_AGENT,BROADER_INDIAN_MARINE_REGION
GRID_0283,INDIAN_MARINE,12.5,68.0,411.331260829769,,4231.0,-0.0585,0.023000002,0.06285897,39.61833325974085,200 NM,0,0,748.4656258604422,0,411.331260829769,22.851736712764946,182.81389370211957,0.9842852574999998,GOOD,ROUTE_AGENT,BROADER_INDIAN_MARINE_REGION
GRID_0284,INDIAN_MARINE,9.0,74.75,132.79326616263094,,2733.0,-0.0925,-0.0595,0.10998409,130.0002765345579,Treaty,0,0,236.1138095501318,0,132.79326616263094,7.377403675701719,59.01922940561375,0.9725039775,GOOD,ROUTE_AGENT,BROADER_INDIAN_MARINE_REGION
GRID_0285,INDIAN_MARINE,9.5,94.0,183.2854473450962,,3345.0,0.008499995,-0.229,0.2291577,146.8409356035704,Straight baseline,0,0,1474.2960399227732,0,183.2854473450962,10.182524852505345,81.46019882004276,0.942710575,GOOD,ROUTE_AGENT,BROADER_INDIAN_MARINE_REGION
GRID_0286,INDIAN_MARINE,12.75,77.0,216.71507032144916,,0.0,,,,214.8447373393732,Straight baseline,0,0,47.292521786078765,0,216.71507032144916,12.039726128969399,96.31780903175519,,,ROUTE_AGENT,BROADER_INDIAN_MARINE_REGION
GRID_0287,INDIAN_MARINE,12.5,80.25,28.81213241895485,,28.0,,,,8.668261286524201,Straight baseline,0,0,43.06033822261167,0,28.81213241895485,1.6006740232752694,12.805392186202155,,,ROUTE_AGENT,BROADER_INDIAN_MARINE_REGION
GRID_0288,INDIAN_MARINE,13.5,90.0,287.3138694123909,,2917.0,-0.11400001,0.0885,0.14431997,78.20130228131436,200 NM,0,0,872.2944025124056,0,287.3138694123909,15.961881634021715,127.69505307217372,0.9639200074999998,GOOD,ROUTE_AGENT,BROADER_INDIAN_MARINE_REGION
GRID_0289,INDIAN_MARINE,19.5,69.75,259.9380661843912,,108.0,-0.0195,0.108,0.1097463,184.7427797399979,Straight baseline,0,0,356.07428570879523,0,259.9380661843912,14.44100367691062,115.52802941528496,0.9725634249999999,GOOD,ROUTE_AGENT,BROADER_INDIAN_MARINE_REGION
GRID_0290,INDIAN_MARINE,14.0,69.25,337.0665083590954,,4095.0,-0.025,0.05,0.055901702,37.05343607191156,200 NM,0,0,558.733976746762,0,337.0665083590954,18.725917131060854,149.80733704848683,0.9860245745,GOOD,ROUTE_AGENT,BROADER_INDIAN_MARINE_REGION
GRID_0291,INDIAN_MARINE,9.75,72.0,56.372038921861815,,2425.0,-0.11900001,0.19100001,0.22503778,35.91792516590061,Straight baseline,0,0,476.9635848424843,0,56.372038921861815,3.131779940103434,25.054239520827473,0.943740555,GOOD,ROUTE_AGENT,BROADER_INDIAN_MARINE_REGION
GRID_0292,INDIAN_MARINE,16.0,90.5,388.34277662637993,,2517.0,0.136,0.09150001,0.16391538,19.224943810381657,200 NM,0,0,671.6560342923447,0,388.34277662637993,21.57459870146555,172.5967896117244,0.9590211549999998,GOOD,ROUTE_AGENT,BROADER_INDIAN_MARINE_REGION
GRID_0293,INDIAN_MARINE,21.5,70.0,297.933303131561,,0.0,,,,133.06712190772677,Straight baseline,0,0,120.8761725559274,0,297.933303131561,16.55185017397561,132.41480139180487,,,ROUTE_AGENT,BROADER_INDIAN_MARINE_REGION
GRID_0294,INDIAN_MARINE,11.0,69.25,283.85105782044076,,4417.0,0.026500002,-0.030000001,0.040028118,82.72474986666704,200 NM,0,0,691.2824391496666,0,283.85105782044076,15.76950321224671,126.15602569797367,0.9899929704999999,GOOD,ROUTE_AGENT,BROADER_INDIAN_MARINE_REGION
GRID_0295,INDIAN_MARINE,8.25,74.75,166.02685780778145,,2760.0,-0.058500003,-0.103,0.11845358,46.10517402563465,Treaty,0,0,259.35833860786875,0,166.02685780778145,9.223714322654525,73.7897145812362,0.9703866049999998,GOOD,ROUTE_AGENT,BROADER_INDIAN_MARINE_REGION
GRID_0296,INDIAN_MARINE,14.0,69.75,295.1462092688818,,4014.0,-0.045500003,-0.0145,0.047754582,83.01987777893459,200 NM,0,0,505.1151670866375,0,295.1462092688818,16.39701162604899,131.17609300839192,0.9880613544999999,GOOD,ROUTE_AGENT,BROADER_INDIAN_MARINE_REGION
GRID_0297,INDIAN_MARINE,18.25,80.0,282.1059187969622,,0.0,,,,293.71425319878307,Straight baseline,0,0,437.1750751971345,0,282.1059187969622,15.672551044275679,125.38040835420543,,,ROUTE_AGENT,BROADER_INDIAN_MARINE_REGION
GRID_0298,INDIAN_MARINE,6.0,72.0,305.15111741555114,,2540.0,-0.187,0.0465,0.19269471,63.94492139541403,Archipelagic baseline,0,0,640.1078458277144,0,305.15111741555114,16.95283985641951,135.62271885135607,0.9518263224999999,GOOD,ROUTE_AGENT,BROADER_INDIAN_MARINE_REGION
GRID_0299,INDIAN_MARINE,15.25,76.0,238.2005444222929,,0.0,,,,208.45508265192512,Straight baseline,0,0,210.16558538999595,0,238.2005444222929,13.233363579016272,105.86690863213018,,,ROUTE_AGENT,BROADER_INDIAN_MARINE_REGION
GRID_0300,INDIAN_MARINE,12.0,90.5,234.06410110718784,,3106.0,0.13450001,0.05,0.14349304,184.25378179946296,200 NM,0,0,1046.1394716144737,0,234.06410110718784,13.003561172621547,104.02848938097237,0.96412674,GOOD,ROUTE_AGENT,BROADER_INDIAN_MARINE_REGION
GRID_0301,INDIAN_MARINE,15.5,82.75,83.59840591572531,,2822.0,0.347,-0.0225,0.3477287,132.17657880742482,Straight baseline,0,0,404.03251789373087,0,83.59840591572531,4.644355884206962,37.154847073655695,0.9130678249999999,GOOD,ROUTE_AGENT,BROADER_INDIAN_MARINE_REGION
GRID_0302,INDIAN_MARINE,12.75,71.0,103.40735960780653,,2420.0,-0.0335,-0.060500003,0.069155626,104.62156110952208,Straight baseline,0,0,444.19435384541106,0,103.40735960780653,5.744853311544807,45.958826492358455,0.9827110934999999,GOOD,ROUTE_AGENT,BROADER_INDIAN_MARINE_REGION
GRID_0303,INDIAN_MARINE,11.75,78.25,197.04773926952208,,0.0,,,,170.76280580927698,Straight baseline,0,0,86.66599886765943,0,197.04773926952208,10.94709662608456,87.57677300867648,,,ROUTE_AGENT,BROADER_INDIAN_MARINE_REGION
GRID_0304,INDIAN_MARINE,19.75,73.5,102.97791956439276,,0.0,,,,91.56364651457862,Straight baseline,0,0,70.49595549532226,0,102.97791956439276,5.720995531355154,45.76796425084123,,,ROUTE_AGENT,BROADER_INDIAN_MARINE_REGION
GRID_0305,INDIAN_MARINE,16.25,73.75,59.8719013464068,,0.0,,,,40.82215778188904,Straight baseline,0,0,12.125953145649568,0,59.8719013464068,3.3262167414670447,26.609733931736358,,,ROUTE_AGENT,BROADER_INDIAN_MARINE_REGION
GRID_0306,INDIAN_MARINE,7.5,93.0,350.32286942488196,,2479.0,0.041,-0.124000005,0.13060245,43.933828946232374,Straight baseline,0,0,1532.9259140754943,0,350.32286942488196,19.462381634715666,155.69905307772532,0.9673493874999999,GOOD,ROUTE_AGENT,BROADER_INDIAN_MARINE_REGION
GRID_0307,INDIAN_MARINE,6.25,79.75,357.1603616526958,,1288.0,-0.043000005,0.33850002,0.34122026,166.11139078205727,Treaty,0,0,332.1311112842751,0,357.1603616526958,19.842242314038657,158.73793851230926,0.914694935,GOOD,ROUTE_AGENT,BROADER_INDIAN_MARINE_REGION
GRID_0308,INDIAN_MARINE,6.5,70.5,369.7913750853381,,4021.0,-0.053000003,0.087000005,0.101872474,142.2777869892162,200 NM,0,0,769.6473206140133,0,369.7913750853381,20.543965282518784,164.35172226015027,0.9745318814999999,GOOD,ROUTE_AGENT,BROADER_INDIAN_MARINE_REGION
GRID_0309,INDIAN_MARINE,18.5,77.5,474.118321240024,,0.0,,,,462.0592752443053,Straight baseline,0,0,204.39528408610556,0,474.118321240024,26.339906735556887,210.7192538844551,,,ROUTE_AGENT,BROADER_INDIAN_MARINE_REGION
GRID_0310,INDIAN_MARINE,11.75,72.0,17.63679033675435,,1665.0,0.165,0.0675,0.17827298,21.65070113280652,Straight baseline,0,0,379.8911387925326,0,17.63679033675435,0.9798216853752416,7.838573483001933,0.955431755,GOOD,ROUTE_AGENT,BROADER_INDIAN_MARINE_REGION
GRID_0311,INDIAN_MARINE,11.0,76.75,119.41859361549008,,0.0,,,,95.19271243374848,Straight baseline,0,0,28.145764123511533,0,119.41859361549008,6.634366311971672,53.07493049577337,,,ROUTE_AGENT,BROADER_INDIAN_MARINE_REGION
GRID_0312,INDIAN_MARINE,15.75,68.5,448.1590345156215,,3796.0,-0.0995,0.2055,0.22832105,155.06274208045525,200 NM,0,0,597.5710438849604,0,448.1590345156215,24.89772413975675,199.181793118054,0.9429197375,GOOD,ROUTE_AGENT,BROADER_INDIAN_MARINE_REGION
GRID_0313,INDIAN_MARINE,9.0,75.0,105.68935765148656,,2633.0,-0.12900001,-0.0485,0.13781601,128.67821518994552,Treaty,0,0,208.68212340091563,0,105.68935765148656,5.871630980638142,46.973047845105135,0.9655459975,GOOD,ROUTE_AGENT,BROADER_INDIAN_MARINE_REGION
GRID_0314,INDIAN_MARINE,19.75,68.5,389.2226738693355,,2982.0,0.09150001,-0.0335,0.09743973,155.52024177042983,200 NM,0,0,374.56252802687067,0,389.2226738693355,21.62348188162975,172.987855053038,0.9756400674999999,GOOD,ROUTE_AGENT,BROADER_INDIAN_MARINE_REGION
GRID_0315,INDIAN_MARINE,12.25,78.0,232.2982599787805,,0.0,,,,207.9443963025207,Straight baseline,0,0,119.40829972295452,0,232.2982599787805,12.905458887710028,103.24367110168022,,,ROUTE_AGENT,BROADER_INDIAN_MARINE_REGION
GRID_0316,INDIAN_MARINE,10.25,79.5,114.71172466203564,,3.0,,,,35.16295708972668,Treaty,0,0,22.9794842945956,0,114.71172466203564,6.3728735923353135,50.98298873868251,,,ROUTE_AGENT,BROADER_INDIAN_MARINE_REGION
GRID_0317,INDIAN_MARINE,12.5,84.75,421.52442314592207,,3308.0,-0.089,0.039,0.09716995,117.74640490957738,200 NM,0,0,504.02823269004546,0,421.52442314592207,23.41802350810678,187.34418806485425,0.9757075124999999,GOOD,ROUTE_AGENT,BROADER_INDIAN_MARINE_REGION
GRID_0318,INDIAN_MARINE,12.0,83.5,293.3157928522389,,3430.0,0.178,-0.125,0.21750632,7.642960282169224,200 NM,0,0,377.53244724042423,0,293.3157928522389,16.295321825124386,130.3625746009951,0.94562342,GOOD,ROUTE_AGENT,BROADER_INDIAN_MARINE_REGION
GRID_0319,INDIAN_MARINE,7.75,78.25,134.92618221218882,,1176.0,-0.11650001,-0.0455,0.12506999,59.21794441186102,Treaty,0,0,98.86057124648136,0,134.92618221218882,7.495899011788268,59.96719209430614,0.9687325025,GOOD,ROUTE_AGENT,BROADER_INDIAN_MARINE_REGION
GRID_0320,INDIAN_MARINE,13.0,73.5,15.826375275883994,,141.0,-0.0255,0.034500003,0.04290105,132.3845162806373,Straight baseline,0,0,167.1880504816787,0,15.826375275883994,0.8792430708824441,7.033944567059553,0.9892747375,GOOD,ROUTE_AGENT,BROADER_INDIAN_MARINE_REGION
GRID_0321,INDIAN_MARINE,12.75,74.0,49.49095349693314,,836.0,-0.007999999,0.064,0.06449807,88.91629244094538,Straight baseline,0,0,131.56889194878036,0,49.49095349693314,2.7494974164962853,21.995979331970283,0.9838754825,GOOD,ROUTE_AGENT,BROADER_INDIAN_MARINE_REGION
GRID_0322,INDIAN_MARINE,7.5,76.75,46.07153772756784,,1117.0,-0.020000001,0.17500001,0.17613916,110.5135049688466,Straight baseline,0,0,103.13615865061156,0,46.07153772756784,2.5595298737537693,20.476238990030154,0.95596521,GOOD,ROUTE_AGENT,BROADER_INDIAN_MARINE_REGION
GRID_0323,INDIAN_MARINE,9.75,94.0,165.09136879385468,,3328.0,0.022500008,-0.2045,0.20573406,154.34486943499027,Straight baseline,0,0,1446.1645765149865,0,165.09136879385468,9.171742710769704,73.37394168615764,0.948566485,GOOD,ROUTE_AGENT,BROADER_INDIAN_MARINE_REGION
GRID_0324,INDIAN_MARINE,5.0,74.25,403.1011434232773,,2588.0,-0.236,0.33350003,0.4085563,62.802922114534155,Archipelagic baseline,0,0,497.8219134903869,0,403.1011434232773,22.39450796795985,179.1560637436788,0.897860925,GOOD,ROUTE_AGENT,BROADER_INDIAN_MARINE_REGION
GRID_0325,INDIAN_MARINE,15.75,81.0,24.685988383099193,,1.0,,,,0.9508174174250345,Straight baseline,1,0,331.0565858844459,0,24.685988383099193,1.3714437990610664,10.971550392488531,,,ROUTE_AGENT,BROADER_INDIAN_MARINE_REGION
GRID_0326,INDIAN_MARINE,14.25,71.25,232.67716686161555,,2057.0,-0.0985,-0.09200001,0.13478224,174.7920547057934,200 NM,0,0,337.3852221809846,0,232.67716686161555,12.926509270089753,103.41207416071802,0.9663044399999998,GOOD,ROUTE_AGENT,BROADER_INDIAN_MARINE_REGION
GRID_0327,INDIAN_MARINE,12.0,77.75,253.7871643730343,,0.0,,,,228.80474586133383,Straight baseline,0,0,85.25107733142747,0,253.7871643730343,14.099286909613017,112.79429527690414,,,ROUTE_AGENT,BROADER_INDIAN_MARINE_REGION
GRID_0328,INDIAN_MARINE,10.5,93.5,78.36336470235362,,1434.0,-0.064,-0.054000005,0.083737694,119.69343107710608,Straight baseline,0,0,1357.8847150275062,0,78.36336470235362,4.353520261241868,34.82816208993494,0.9790655765,GOOD,ROUTE_AGENT,BROADER_INDIAN_MARINE_REGION
GRID_0329,INDIAN_MARINE,16.75,72.5,22.82220174548216,,80.0,-0.016,0.028,0.03224903,86.90046977172078,Straight baseline,0,0,139.96624847549128,0,22.82220174548216,1.267900096971231,10.143200775769849,0.9919377425,GOOD,ROUTE_AGENT,BROADER_INDIAN_MARINE_REGION
GRID_0330,INDIAN_MARINE,13.0,91.75,98.12559473191044,,3012.0,0.046499997,0.0045000017,0.04671723,101.43537375962876,Straight baseline,0,0,1037.768687868951,0,98.12559473191044,5.45142192955058,43.61137543640464,0.9883206924999999,GOOD,ROUTE_AGENT,BROADER_INDIAN_MARINE_REGION
GRID_0331,INDIAN_MARINE,10.25,79.0,163.16890364964289,,0.0,,,,72.48300907936611,Treaty,0,0,61.566180360831176,0,163.16890364964289,9.064939091646828,72.51951273317462,,,ROUTE_AGENT,BROADER_INDIAN_MARINE_REGION
GRID_0332,INDIAN_MARINE,14.75,73.75,24.006232676382528,,58.0,0.049000002,-0.093,0.10511898,33.631469248088635,Straight baseline,0,0,68.30463434031111,0,24.006232676382528,1.3336795931323626,10.669436745058901,0.9737202549999999,GOOD,ROUTE_AGENT,BROADER_INDIAN_MARINE_REGION
GRID_0333,INDIAN_MARINE,11.75,70.75,110.3030483802962,,3269.0,0.13400002,-0.0195,0.13541143,110.91428374857551,Straight baseline,0,0,504.191598260492,0,110.3030483802962,6.127947132238678,49.02357705790942,0.9661471424999999,GOOD,ROUTE_AGENT,BROADER_INDIAN_MARINE_REGION
GRID_0334,INDIAN_MARINE,15.75,93.5,300.7184535226821,,2287.0,-0.0185,-0.120500006,0.12191186,77.8227921445776,Straight baseline,0,0,758.7626604101578,0,300.7184535226821,16.70658075126012,133.65264601008096,0.969522035,GOOD,ROUTE_AGENT,BROADER_INDIAN_MARINE_REGION
GRID_0335,INDIAN_MARINE,15.0,76.5,279.7305599771652,,0.0,,,,246.98906797179652,Straight baseline,0,0,223.6445001392368,0,279.7305599771652,15.540586665398068,124.32469332318455,,,ROUTE_AGENT,BROADER_INDIAN_MARINE_REGION
GRID_0336,INDIAN_MARINE,17.25,74.5,174.84408692596878,,0.0,,,,141.1958930196989,Straight baseline,0,0,69.32733048419949,0,174.84408692596878,9.713560384776043,77.70848307820835,,,ROUTE_AGENT,BROADER_INDIAN_MARINE_REGION
GRID_0337,INDIAN_MARINE,11.5,91.5,112.8649552804408,,3311.0,0.009999998,-0.038500004,0.03977751,77.79685051935049,Straight baseline,0,0,1154.855002386191,0,112.8649552804408,6.270275293357822,50.16220234686258,0.9900556224999999,GOOD,ROUTE_AGENT,BROADER_INDIAN_MARINE_REGION
GRID_0338,INDIAN_MARINE,10.25,84.75,462.0895370084278,,3548.0,-0.20500001,-0.072000004,0.21727633,50.66742672064009,200 NM,0,0,565.7850083609021,0,462.0895370084278,25.671640944912653,205.37312755930122,0.9456809174999998,GOOD,ROUTE_AGENT,BROADER_INDIAN_MARINE_REGION
GRID_0339,INDIAN_MARINE,20.5,77.25,495.476787280456,,0.0,,,,518.2773903239588,Straight baseline,0,0,101.92809002967785,0,495.476787280456,27.526488182247554,220.21190545798044,,,ROUTE_AGENT,BROADER_INDIAN_MARINE_REGION
GRID_0340,INDIAN_MARINE,9.0,71.25,171.04729062792438,,3878.0,-0.13400002,0.1945,0.23619114,117.70543444437816,Treaty,0,0,594.8573167607345,0,171.04729062792438,9.50262725710691,76.02101805685528,0.940952215,GOOD,ROUTE_AGENT,BROADER_INDIAN_MARINE_REGION
GRID_0341,INDIAN_MARINE,10.5,69.75,255.51985469421416,,4492.0,0.07350001,0.1035,0.1269429,116.86809361151138,200 NM,0,0,662.5583485909126,0,255.51985469421416,14.195547483011898,113.56437986409519,0.9682642749999999,GOOD,ROUTE_AGENT,BROADER_INDIAN_MARINE_REGION
GRID_0342,INDIAN_MARINE,16.25,77.5,322.18095278243595,,0.0,,,,314.3158689559166,Straight baseline,0,0,383.8954067981029,0,322.18095278243595,17.898941821246442,143.19153456997154,,,ROUTE_AGENT,BROADER_INDIAN_MARINE_REGION
GRID_0343,INDIAN_MARINE,6.75,82.25,474.9746129528162,,3904.0,-0.0325,-0.12600002,0.130124,326.49560906909477,200 NM,0,0,434.5769736997079,0,474.9746129528162,26.387478497378677,211.0998279790294,0.9674689999999999,GOOD,ROUTE_AGENT,BROADER_INDIAN_MARINE_REGION
GRID_0344,INDIAN_MARINE,7.75,94.0,347.947960507052,,1786.0,-0.0014999993,-0.081,0.08101389,69.06356964838658,Straight baseline,0,0,1633.1793390774665,0,347.947960507052,19.33044225039178,154.64353800313424,0.9797465274999999,GOOD,ROUTE_AGENT,BROADER_INDIAN_MARINE_REGION
GRID_0345,INDIAN_MARINE,16.25,79.25,165.25786746952286,,0.0,,,,138.19634139613166,Straight baseline,0,0,392.8780311055581,0,165.25786746952286,9.180992637195715,73.44794109756572,,,ROUTE_AGENT,BROADER_INDIAN_MARINE_REGION
GRID_0346,INDIAN_MARINE,20.5,72.75,70.35769896341867,,15.0,,,,75.441813602509,Straight baseline,0,0,155.6495389231905,0,70.35769896341867,3.9087610535232593,31.270088428186074,,,ROUTE_AGENT,BROADER_INDIAN_MARINE_REGION
GRID_0347,INDIAN_MARINE,14.75,90.5,289.01327870512193,,2732.0,-0.015500002,0.000500001,0.015508064,75.48714137733631,Treaty,0,0,795.8708131442968,0,289.01327870512193,16.056293261395663,128.4503460911653,0.9961229839999999,GOOD,ROUTE_AGENT,BROADER_INDIAN_MARINE_REGION
GRID_0348,INDIAN_MARINE,11.75,91.5,130.79555845407685,,3209.0,0.022,-0.0145000005,0.026348624,79.8483438446418,Straight baseline,0,0,1131.681830492893,0,130.79555845407685,7.266419914115381,58.131359312923045,0.9934128439999999,GOOD,ROUTE_AGENT,BROADER_INDIAN_MARINE_REGION
GRID_0349,INDIAN_MARINE,15.25,80.5,4.515523809375112,,112.0,0.197,0.15,0.24760655,32.45629444869388,Straight baseline,0,0,263.68093927711107,0,4.515523809375112,0.2508624338541729,2.006899470833383,0.9380983624999999,GOOD,ROUTE_AGENT,BROADER_INDIAN_MARINE_REGION
GRID_0350,INDIAN_MARINE,14.5,72.75,74.96037411280815,,1182.0,-0.043,0.13450001,0.14120641,145.74672388030385,Straight baseline,0,0,172.96539421797343,0,74.96037411280815,4.164465228489342,33.315721827914736,0.9646983974999999,GOOD,ROUTE_AGENT,BROADER_INDIAN_MARINE_REGION
GRID_0351,INDIAN_MARINE,21.5,74.25,251.26306079199637,,0.0,,,,266.74123901610665,Straight baseline,0,0,115.46379856858157,0,251.26306079199637,13.959058932888688,111.6724714631095,,,ROUTE_AGENT,BROADER_INDIAN_MARINE_REGION
GRID_0352,INDIAN_MARINE,13.5,80.5,32.30347895723957,,73.0,,,,20.20321319872586,Straight baseline,0,0,67.88287733818905,0,32.30347895723957,1.7946377198466428,14.357101758773142,,,ROUTE_AGENT,BROADER_INDIAN_MARINE_REGION
GRID_0353,INDIAN_MARINE,11.75,80.5,26.73872488377024,,2315.0,0.041,0.22150001,0.22526264,72.23000078638006,Straight baseline,0,0,84.76444358016344,0,26.73872488377024,1.4854847157650133,11.883877726120106,0.9436843399999999,GOOD,ROUTE_AGENT,BROADER_INDIAN_MARINE_REGION
GRID_0354,INDIAN_MARINE,12.5,82.75,205.4287992158366,,3425.0,0.074,-0.072000004,0.103247285,100.96961426858849,200 NM,0,0,283.2199470017714,0,205.4287992158366,11.412711067546477,91.30168854037181,0.97418817875,GOOD,ROUTE_AGENT,BROADER_INDIAN_MARINE_REGION
GRID_0355,INDIAN_MARINE,7.5,75.0,176.42663163505418,,2779.0,0.065000005,0.07,0.09552487,13.827283918753144,Treaty,0,0,266.8980684051838,0,176.42663163505418,9.801479535280787,78.4118362822463,0.9761187825,GOOD,ROUTE_AGENT,BROADER_INDIAN_MARINE_REGION
GRID_0356,INDIAN_MARINE,10.5,93.25,52.02154862599348,,2658.0,-0.0235,-0.015500002,0.028151376,92.61030189477302,Straight baseline,0,0,1356.8464190710772,0,52.02154862599348,2.8900860347774158,23.120688278219326,0.9929621559999999,GOOD,ROUTE_AGENT,BROADER_INDIAN_MARINE_REGION
GRID_0357,INDIAN_MARINE,7.25,95.25,463.9886785037564,,2126.0,-0.21000002,-0.07350001,0.22249104,13.546114118815227,Treaty,0,0,1741.986927144393,0,463.9886785037564,25.77714880576424,206.21719044611393,0.9443772399999999,GOOD,ROUTE_AGENT,BROADER_INDIAN_MARINE_REGION
GRID_0358,INDIAN_MARINE,20.0,69.0,337.8459233877478,,1928.0,-0.024500001,0.0385,0.04563442,215.73943711598648,200 NM,0,0,323.67671280650956,0,337.8459233877478,18.769217965985987,150.1537437278879,0.988591395,GOOD,ROUTE_AGENT,BROADER_INDIAN_MARINE_REGION
GRID_0359,INDIAN_MARINE,5.0,72.5,393.6264797240984,,2527.0,-0.1665,0.11450001,0.20207055,18.56423222955352,Archipelagic baseline,0,0,649.0196838124748,0,393.6264797240984,21.86813776244991,174.94510209959927,0.9494823625,GOOD,ROUTE_AGENT,BROADER_INDIAN_MARINE_REGION
GRID_0360,INDIAN_MARINE,13.0,69.25,287.52720742311243,,4214.0,-0.067,0.060000002,0.08993887,81.86012688371154,200 NM,0,0,598.2482078923167,0,287.52720742311243,15.973733745728468,127.78986996582775,0.9775152825,GOOD,ROUTE_AGENT,BROADER_INDIAN_MARINE_REGION
GRID_0361,INDIAN_MARINE,13.75,78.25,243.6032446185571,,0.0,,,,222.953377177851,Straight baseline,0,0,219.99901092796145,0,243.6032446185571,13.53351358991984,108.26810871935872,,,ROUTE_AGENT,BROADER_INDIAN_MARINE_REGION
GRID_0362,INDIAN_MARINE,17.25,94.25,483.9329676628095,,124.0,-0.071,0.021,0.07404053,3.6440705591862104,Straight baseline,1,0,600.388853763942,0,483.9329676628095,26.885164870156085,215.08131896124868,0.8314898675,GOOD,ROUTE_AGENT,BROADER_INDIAN_MARINE_REGION
GRID_0363,INDIAN_MARINE,18.5,84.75,412.2239853727003,,521.0,0.42150003,0.1225,0.43894023,38.21021676292338,Straight baseline,0,0,100.62585642922924,0,412.2239853727003,22.901332520705573,183.21066016564458,0.8902649425,GOOD,ROUTE_AGENT,BROADER_INDIAN_MARINE_REGION
GRID_0364,INDIAN_MARINE,20.0,83.0,465.3427191603772,,0.0,,,,224.3584418422883,Straight baseline,0,0,183.36257022288993,0,465.3427191603772,25.852373286687623,206.81898629350098,,,ROUTE_AGENT,BROADER_INDIAN_MARINE_REGION
GRID_0365,INDIAN_MARINE,13.25,78.75,194.3447790020161,,0.0,,,,174.48359579027846,Straight baseline,0,0,141.75030300320927,0,194.3447790020161,10.796932166778673,86.37545733422938,,,ROUTE_AGENT,BROADER_INDIAN_MARINE_REGION
GRID_0366,INDIAN_MARINE,6.25,72.5,258.96068902389857,,635.0,-0.1685,0.125,0.20980288,6.3320520664446365,Archipelagic baseline,0,0,577.8613005626167,0,258.96068902389857,14.386704945772143,115.09363956617715,0.9475492799999998,GOOD,ROUTE_AGENT,BROADER_INDIAN_MARINE_REGION
GRID_0367,INDIAN_MARINE,11.75,88.25,450.3267488653337,,3238.0,0.001000002,0.047500007,0.047510535,61.39158386597067,200 NM,0,0,901.298914609864,0,450.3267488653337,25.01815271474076,200.1452217179261,0.9881223662499998,GOOD,ROUTE_AGENT,BROADER_INDIAN_MARINE_REGION
GRID_0368,INDIAN_MARINE,17.5,92.5,480.82854166639777,,2343.0,0.17,-0.012,0.170423,185.0422967146438,Straight baseline,0,0,554.6673131274301,0,480.82854166639777,26.71269675924432,213.70157407395456,0.9573942499999999,GOOD,ROUTE_AGENT,BROADER_INDIAN_MARINE_REGION
GRID_0369,INDIAN_MARINE,6.75,91.5,454.11676727517073,,3696.0,-0.39000002,0.17250001,0.4264461,143.05803271237485,200 NM,0,0,1391.728328798829,0,454.11676727517073,25.22870929306504,201.82967434452033,0.8933884750000001,GOOD,ROUTE_AGENT,BROADER_INDIAN_MARINE_REGION
GRID_0370,INDIAN_MARINE,18.5,78.0,442.78588447632393,,0.0,,,,427.76559276284786,Straight baseline,0,0,238.92605950316425,0,442.78588447632393,24.599215804240217,196.79372643392173,,,ROUTE_AGENT,BROADER_INDIAN_MARINE_REGION
GRID_0371,INDIAN_MARINE,18.75,84.75,431.5750328861196,,54.0,0.425,0.068,0.43040562,16.26082873815775,Straight baseline,0,0,72.52236773212717,0,431.5750328861196,23.976390715895533,191.81112572716427,0.892398595,GOOD,ROUTE_AGENT,BROADER_INDIAN_MARINE_REGION
GRID_0372,INDIAN_MARINE,14.0,77.5,322.08442697476,,0.0,,,,304.2017875216193,Straight baseline,0,0,200.38094216991288,0,322.08442697476,17.893579276375554,143.14863421100443,,,ROUTE_AGENT,BROADER_INDIAN_MARINE_REGION
GRID_0373,INDIAN_MARINE,13.25,91.75,96.59633847015542,,3090.0,0.063999996,0.020999998,0.06735725,105.8672436031246,Straight baseline,0,0,1015.1513138542382,0,96.59633847015542,5.366463248341968,42.93170598673574,0.9831606874999999,GOOD,ROUTE_AGENT,BROADER_INDIAN_MARINE_REGION
GRID_0374,INDIAN_MARINE,19.75,70.25,206.43545916715604,,85.0,0.024,-0.006,0.024738634,128.39453765121505,Straight baseline,0,0,307.3078579444631,0,206.43545916715604,11.468636620397557,91.74909296318046,0.9938153415,GOOD,ROUTE_AGENT,BROADER_INDIAN_MARINE_REGION
GRID_0375,INDIAN_MARINE,5.0,78.75,385.4996785000656,,4174.0,0.23250002,0.054000005,0.23868862,140.74659092068177,Treaty,0,0,380.3424661345396,0,385.4996785000656,21.416648805559202,171.33319044447362,0.9403278449999999,GOOD,ROUTE_AGENT,BROADER_INDIAN_MARINE_REGION
GRID_0376,INDIAN_MARINE,17.0,76.25,336.309492958054,,0.0,,,,331.20727659893566,Straight baseline,0,0,257.4615117075271,0,336.309492958054,18.68386071989189,149.47088575913511,,,ROUTE_AGENT,BROADER_INDIAN_MARINE_REGION
GRID_0377,INDIAN_MARINE,5.25,71.25,417.989174173576,,3993.0,-0.14150001,0.0125,0.14205106,154.63832650335823,Archipelagic baseline,0,0,754.5076877426925,0,417.989174173576,23.22162078742089,185.7729662993671,0.964487235,GOOD,ROUTE_AGENT,BROADER_INDIAN_MARINE_REGION
GRID_0378,INDIAN_MARINE,9.75,96.25,390.5846659492965,,1018.0,-0.179,-0.059000004,0.18847282,2.8315506533152157,Treaty,1,0,1488.0633975425844,0,390.5846659492965,21.69914810829425,173.593184866354,0.802881795,GOOD,ROUTE_AGENT,BROADER_INDIAN_MARINE_REGION
GRID_0379,INDIAN_MARINE,11.25,95.5,271.95246405989843,,2662.0,-0.18,-0.120500006,0.21661083,10.993810297333033,Treaty,0,0,1303.3623540036713,0,271.95246405989843,15.108470225549913,120.86776180439931,0.9458472924999999,GOOD,ROUTE_AGENT,BROADER_INDIAN_MARINE_REGION
GRID_0380,INDIAN_MARINE,20.5,70.0,245.55733385941676,,62.0,0.0935,-0.0030000005,0.09354812,94.21692296288892,Straight baseline,0,0,239.75008626714077,0,245.55733385941676,13.642074103300931,109.13659282640745,0.9766129699999999,GOOD,ROUTE_AGENT,BROADER_INDIAN_MARINE_REGION
GRID_0381,INDIAN_MARINE,7.25,78.75,205.76708851874744,,2491.0,-0.112500004,0.094500005,0.14692345,15.405138875906792,Treaty,0,0,175.53872833453923,0,205.76708851874744,11.43150491770819,91.45203934166553,0.9632691375,GOOD,ROUTE_AGENT,BROADER_INDIAN_MARINE_REGION
GRID_0382,INDIAN_MARINE,10.75,69.0,318.3036086110762,,4446.0,0.0515,-0.061000004,0.07983264,46.96654833184043,200 NM,0,0,728.3842476741424,0,318.3036086110762,17.683533811726456,141.46827049381164,0.9800418399999999,GOOD,ROUTE_AGENT,BROADER_INDIAN_MARINE_REGION
GRID_0383,INDIAN_MARINE,16.25,77.0,372.0627729086347,,0.0,,,,364.9299530269058,Straight baseline,0,0,328.24339569567036,0,372.0627729086347,20.670154050479706,165.36123240383765,,,ROUTE_AGENT,BROADER_INDIAN_MARINE_REGION
GRID_0384,INDIAN_MARINE,9.75,96.0,364.21175421443235,,1903.0,-0.18850002,-0.009500001,0.18873926,6.702753352923497,Treaty,0,0,1481.3765839987211,0,364.21175421443235,20.23398634524624,161.87189076196992,0.952815185,GOOD,ROUTE_AGENT,BROADER_INDIAN_MARINE_REGION
GRID_0385,INDIAN_MARINE,6.5,82.0,490.54286092672027,,3060.0,-0.0295,-0.10250001,0.10666068,344.3200985379481,200 NM,0,0,432.9093647931394,0,490.54286092672027,27.25238116259557,218.01904930076455,0.97333483,GOOD,ROUTE_AGENT,BROADER_INDIAN_MARINE_REGION
GRID_0386,INDIAN_MARINE,20.5,77.0,469.73185525958314,,0.0,,,,491.0380433579386,Straight baseline,0,0,81.34760000391702,0,469.73185525958314,26.09621418108795,208.7697134487036,,,ROUTE_AGENT,BROADER_INDIAN_MARINE_REGION
GRID_0387,INDIAN_MARINE,16.25,85.25,347.96219497267595,,2855.0,0.03549999,0.1365,0.14104077,123.6894603555717,200 NM,0,0,361.3179854438153,0,347.96219497267595,19.331233054037554,154.64986443230043,0.9647398075,GOOD,ROUTE_AGENT,BROADER_INDIAN_MARINE_REGION
GRID_0388,INDIAN_MARINE,12.5,95.5,283.0393007853715,,2595.0,0.090500005,-0.21900001,0.23696256,5.819304051514874,Treaty,0,0,1165.0824521130314,0,283.0393007853715,15.724405599187305,125.79524479349844,0.9407593599999999,GOOD,ROUTE_AGENT,BROADER_INDIAN_MARINE_REGION
GRID_0389,INDIAN_MARINE,10.5,77.0,122.84936211208442,,0.0,,,,101.31519656321365,Straight baseline,0,0,14.26287399229914,0,122.84936211208442,6.824964561782468,54.599716494259745,,,ROUTE_AGENT,BROADER_INDIAN_MARINE_REGION
GRID_0390,INDIAN_MARINE,11.0,85.0,478.06054957071126,,3455.0,-0.10400001,-0.065000005,0.122641765,117.96322441209374,200 NM,0,0,572.6743322914738,0,478.06054957071126,26.55891942059507,212.47135536476057,0.96933955875,GOOD,ROUTE_AGENT,BROADER_INDIAN_MARINE_REGION
GRID_0391,INDIAN_MARINE,12.0,91.5,151.71115342385153,,3259.0,0.009500004,0.0085,0.012747552,90.44637567844906,Straight baseline,0,0,1108.7317564702537,0,151.71115342385153,8.428397412436196,67.42717929948957,0.9968131119999999,GOOD,ROUTE_AGENT,BROADER_INDIAN_MARINE_REGION
GRID_0392,INDIAN_MARINE,11.25,88.75,387.0054506282905,,3228.0,-0.020500004,0.16200002,0.16329193,6.522213569679575,200 NM,0,0,965.9584600712572,0,387.0054506282905,21.500302812682804,172.00242250146243,0.9591770174999998,GOOD,ROUTE_AGENT,BROADER_INDIAN_MARINE_REGION
GRID_0393,INDIAN_MARINE,9.75,77.25,126.9715706204782,,0.0,,,,107.59850386144656,Straight baseline,0,0,16.06054062797751,0,126.9715706204782,7.053976145582123,56.43180916465698,,,ROUTE_AGENT,BROADER_INDIAN_MARINE_REGION
GRID_0394,INDIAN_MARINE,7.5,80.5,350.883398583465,,0.0,,,,186.9579936702312,Treaty,0,0,237.8147613601825,0,350.883398583465,19.493522143525833,155.94817714820667,,,ROUTE_AGENT,BROADER_INDIAN_MARINE_REGION
GRID_0395,INDIAN_MARINE,9.75,96.75,443.6852556688862,,368.0,-0.0935,-0.056500003,0.109245144,1.5551837570953728,Treaty,1,0,1502.8944969507766,0,443.6852556688862,24.64918087049368,197.19344696394944,0.8226887140000001,GOOD,ROUTE_AGENT,BROADER_INDIAN_MARINE_REGION
GRID_0396,INDIAN_MARINE,10.75,69.75,242.34832160137373,,4427.0,0.0685,0.0985,0.11997708,125.58058628113804,200 NM,0,0,653.782149945639,0,242.34832160137373,13.463795644520763,107.7103651561661,0.97000573,GOOD,ROUTE_AGENT,BROADER_INDIAN_MARINE_REGION
GRID_0397,INDIAN_MARINE,9.75,79.0,191.701036531664,,0.0,,,,42.91263186565507,Treaty,0,0,58.92666638726749,0,191.701036531664,10.650057585092444,85.20046068073955,,,ROUTE_AGENT,BROADER_INDIAN_MARINE_REGION
GRID_0398,INDIAN_MARINE,16.25,89.5,478.38100048335826,,2548.0,0.18450001,0.2265,0.2921344,95.3817253265652,200 NM,0,0,594.6898834886067,0,478.38100048335826,26.57672224907546,212.61377799260367,0.9269664,GOOD,ROUTE_AGENT,BROADER_INDIAN_MARINE_REGION
GRID_0399,INDIAN_MARINE,13.0,95.0,255.914862929841,,1185.0,0.307,-0.0915,0.32034552,55.74523358539061,Treaty,0,0,1096.7822853836572,0,255.914862929841,14.217492384991168,113.73993907992934,0.91991362,GOOD,ROUTE_AGENT,BROADER_INDIAN_MARINE_REGION
GRID_0400,INDIAN_MARINE,10.75,88.5,411.2222396878829,,3313.0,-0.044500005,0.2,0.20489083,36.39911170383395,200 NM,0,0,951.8199766416412,0,411.2222396878829,22.84567998266016,182.7654398612813,0.9487772925,GOOD,ROUTE_AGENT,BROADER_INDIAN_MARINE_REGION
GRID_0401,INDIAN_MARINE,12.0,80.75,46.85731466619959,,3046.0,0.07800001,0.259,0.27049032,84.15111505824339,Straight baseline,0,0,115.6920856673782,0,46.85731466619959,2.6031841481221996,20.825473184977596,0.9323774199999999,GOOD,ROUTE_AGENT,BROADER_INDIAN_MARINE_REGION
GRID_0402,INDIAN_MARINE,14.0,90.75,223.4511920800947,,2845.0,-0.0845,-0.076000005,0.11364968,131.27522370869264,Treaty,0,0,878.2761047966853,0,223.4511920800947,12.413955115560817,99.31164092448654,0.97158758,GOOD,ROUTE_AGENT,BROADER_INDIAN_MARINE_REGION
GRID_0403,INDIAN_MARINE,9.5,72.5,51.583688424251235,,1844.0,-0.08,0.213,0.22752802,3.6387943238630847,Straight baseline,1,0,453.1395036627254,0,51.583688424251235,2.8657604680139577,22.92608374411166,0.793117995,GOOD,ROUTE_AGENT,BROADER_INDIAN_MARINE_REGION
GRID_0404,INDIAN_MARINE,9.75,72.75,28.456228986988837,,1859.0,-0.036,0.1305,0.13537449,40.48654376468912,Straight baseline,0,0,413.5086927633019,0,28.456228986988837,1.5809016103882687,12.64721288310615,0.9661563774999999,GOOD,ROUTE_AGENT,BROADER_INDIAN_MARINE_REGION
GRID_0405,INDIAN_MARINE,14.5,68.25,456.51186909353106,,4000.0,0.094500005,0.17400001,0.19800569,87.94213484862577,200 NM,0,0,656.523146459099,0,456.51186909353106,25.36177050519617,202.89416404156935,0.9504985774999999,GOOD,ROUTE_AGENT,BROADER_INDIAN_MARINE_REGION
GRID_0406,INDIAN_MARINE,15.5,74.25,94.69316520800557,,0.0,,,,56.27847644218378,Straight baseline,0,0,33.925985853411426,0,94.69316520800557,5.260731400444754,42.08585120355803,,,ROUTE_AGENT,BROADER_INDIAN_MARINE_REGION
GRID_0407,INDIAN_MARINE,12.5,76.5,156.39998413874318,,0.0,,,,152.52008286358185,Straight baseline,0,0,12.989456775704111,0,156.39998413874318,8.688888007707954,69.51110406166363,,,ROUTE_AGENT,BROADER_INDIAN_MARINE_REGION
GRID_0408,INDIAN_MARINE,13.5,93.0,53.35682816807862,,0.0,,,,15.662703951375486,Straight baseline,0,0,1014.9259691628876,0,53.35682816807862,2.9642682315599234,23.714145852479387,,,ROUTE_AGENT,BROADER_INDIAN_MARINE_REGION
GRID_0409,INDIAN_MARINE,15.0,82.5,90.23161988130536,,3057.0,0.342,-0.133,0.36695096,172.09607428051473,Straight baseline,0,0,343.7624318752997,0,90.23161988130536,5.012867771183632,40.10294216946905,0.9082622599999999,GOOD,ROUTE_AGENT,BROADER_INDIAN_MARINE_REGION
GRID_0410,INDIAN_MARINE,19.5,79.25,440.9828517047984,,0.0,,,,462.65514399107866,Straight baseline,0,0,309.0259989825937,0,440.9828517047984,24.499047316933243,195.99237853546595,,,ROUTE_AGENT,BROADER_INDIAN_MARINE_REGION
GRID_0411,INDIAN_MARINE,9.5,80.5,128.8835091319165,,0.0,,,,81.60937184006856,Treaty,0,0,141.9483975998805,0,128.8835091319165,7.160194951773139,57.28155961418511,,,ROUTE_AGENT,BROADER_INDIAN_MARINE_REGION
GRID_0412,INDIAN_MARINE,9.75,69.75,298.2296560478568,,4563.0,-0.0615,0.030500002,0.06864765,99.35963714226156,200 NM,0,0,693.2928126314497,0,298.2296560478568,16.568314224880933,132.54651379904746,0.9828380875,GOOD,ROUTE_AGENT,BROADER_INDIAN_MARINE_REGION
GRID_0413,INDIAN_MARINE,17.5,69.0,320.9148952392089,,3512.0,0.19600001,-0.067,0.20713523,30.725482907708336,200 NM,0,0,473.7535941568938,0,320.9148952392089,17.82860529106716,142.62884232853727,0.9482161924999999,GOOD,ROUTE_AGENT,BROADER_INDIAN_MARINE_REGION
GRID_0414,INDIAN_MARINE,17.0,84.5,295.3055950704029,,2818.0,0.19500002,0.39800003,0.44320315,144.3314652083383,Straight baseline,0,0,277.8849289388091,0,295.3055950704029,16.40586639280016,131.24693114240128,0.8891992124999999,GOOD,ROUTE_AGENT,BROADER_INDIAN_MARINE_REGION
GRID_0415,INDIAN_MARINE,12.75,82.25,150.86065329962756,,3448.0,0.048499994,-0.075,0.089315444,160.98407592919537,200 NM,0,0,224.2837529746639,0,150.86065329962756,8.381147405534865,67.04917924427892,0.9776711389999999,GOOD,ROUTE_AGENT,BROADER_INDIAN_MARINE_REGION
GRID_0416,INDIAN_MARINE,6.5,81.75,481.9564168416093,,24.0,,,,354.351609324642,Treaty,0,0,413.6979333077494,0,481.9564168416093,26.77535649120052,214.20285192960415,,,ROUTE_AGENT,BROADER_INDIAN_MARINE_REGION
GRID_0417,INDIAN_MARINE,15.0,90.25,326.99974856975376,,2691.0,0.057500005,0.0885,0.1055391,48.122814228031,200 NM,0,0,755.8258154689607,0,326.99974856975376,18.166652698319652,145.33322158655722,0.9736152249999999,GOOD,ROUTE_AGENT,BROADER_INDIAN_MARINE_REGION
GRID_0418,INDIAN_MARINE,9.25,89.0,396.0219340778862,,3453.0,0.051000003,0.043500006,0.06703171,24.167240489910384,200 NM,0,0,1052.1888175923364,0,396.0219340778862,22.001218559882567,176.00974847906053,0.9832420725,GOOD,ROUTE_AGENT,BROADER_INDIAN_MARINE_REGION
GRID_0419,INDIAN_MARINE,7.25,77.75,115.88462285109686,,219.0,-0.141,-0.020500004,0.14248246,83.11621880164779,Treaty,0,0,105.28350508349126,0,115.88462285109686,6.438034602838715,51.50427682270972,0.964379385,GOOD,ROUTE_AGENT,BROADER_INDIAN_MARINE_REGION
GRID_0420,INDIAN_MARINE,12.5,75.0,26.360326649451306,,0.0,,,,3.0105188175384914,Straight baseline,1,0,47.77041130635039,0,26.360326649451306,1.4644625916361838,11.71570073308947,,,ROUTE_AGENT,BROADER_INDIAN_MARINE_REGION
GRID_0421,INDIAN_MARINE,13.5,88.75,421.48163214083127,,3001.0,-0.012500003,-0.1375,0.138067,59.437816310515935,200 NM,0,0,796.6570649236436,0,421.48163214083127,23.415646230046182,187.32516984036945,0.9654832499999999,GOOD,ROUTE_AGENT,BROADER_INDIAN_MARINE_REGION
GRID_0422,INDIAN_MARINE,19.75,69.25,310.88007937819594,,1253.0,-0.058,0.045500003,0.07371736,207.4738686854732,Straight baseline,0,0,342.2817352200335,0,310.88007937819594,17.271115521010884,138.16892416808707,0.98157066,GOOD,ROUTE_AGENT,BROADER_INDIAN_MARINE_REGION
GRID_0423,INDIAN_MARINE,10.0,76.0,13.072554917981,,30.0,0.041500002,-0.056500003,0.070103504,22.370615671983657,Straight baseline,0,0,102.96760450481268,0,13.072554917981,0.7262530509989444,5.8100244079915555,0.8269185684444444,GOOD,ROUTE_AGENT,BROADER_INDIAN_MARINE_REGION
GRID_0424,INDIAN_MARINE,12.5,81.0,16.253473148169405,,3247.0,0.133,0.27100003,0.3018775,88.25809427556035,Straight baseline,0,0,96.22839400986936,0,16.253473148169405,0.9029707304538559,7.223765843630847,0.9245306249999998,GOOD,ROUTE_AGENT,BROADER_INDIAN_MARINE_REGION
GRID_0425,INDIAN_MARINE,16.5,82.75,108.44140857746233,,1643.0,0.1145,-0.0024999976,0.11452729,41.79128621041925,Straight baseline,0,0,413.23397929606216,0,108.44140857746233,6.024522698747907,48.196181589983254,0.9713681774999998,GOOD,ROUTE_AGENT,BROADER_INDIAN_MARINE_REGION
GRID_0426,INDIAN_MARINE,14.5,96.25,415.0479425432616,,120.0,0.0635,0.0815,0.10331748,49.32935060898912,Straight baseline,0,0,973.4795279605764,0,415.0479425432616,23.058219030181203,184.46575224144962,0.9741706299999999,GOOD,ROUTE_AGENT,BROADER_INDIAN_MARINE_REGION
GRID_0427,INDIAN_MARINE,12.75,96.75,420.2730528229323,,253.0,0.016000003,-0.1145,0.1156125,109.01460078501997,Straight baseline,0,0,1180.2947862429114,0,420.2730528229323,23.34850293460735,186.7880234768588,0.971096875,GOOD,ROUTE_AGENT,BROADER_INDIAN_MARINE_REGION
GRID_0428,INDIAN_MARINE,21.5,69.75,318.58329298939844,,0.0,0.014,-0.052,0.05385165,133.1210520182443,Straight baseline,0,0,126.99790663136066,0,318.58329298939844,17.69907183274436,141.59257466195487,0.6365370875,MODERATE,ROUTE_AGENT,BROADER_INDIAN_MARINE_REGION
GRID_0429,INDIAN_MARINE,18.75,84.5,413.9073030885198,,0.0,,,,1.842320595049205,Straight baseline,1,0,86.09557122749582,0,413.9073030885198,22.994850171584435,183.95880137267548,,,ROUTE_AGENT,BROADER_INDIAN_MARINE_REGION
GRID_0430,INDIAN_MARINE,7.75,93.75,338.46062441134825,,754.0,0.013,-0.07300001,0.074148506,43.70732102332994,Straight baseline,0,0,1606.275734293852,0,338.46062441134825,18.80336802285268,150.42694418282144,0.9814628734999999,GOOD,ROUTE_AGENT,BROADER_INDIAN_MARINE_REGION
GRID_0431,INDIAN_MARINE,8.5,96.0,424.8273567874059,,528.0,0.2655,-0.014000002,0.26586887,39.99889244428064,Treaty,0,0,1618.8150626308443,0,424.8273567874059,23.60151982152255,188.8121585721804,0.9335327824999999,GOOD,ROUTE_AGENT,BROADER_INDIAN_MARINE_REGION
GRID_0432,INDIAN_MARINE,15.0,76.75,305.72561035799424,,0.0,,,,273.4959939100332,Straight baseline,0,0,243.80879729877552,0,305.72561035799424,16.98475613099968,135.87804904799745,,,ROUTE_AGENT,BROADER_INDIAN_MARINE_REGION
GRID_0433,INDIAN_MARINE,19.25,80.75,360.4748332739488,,0.0,,,,335.43306203468876,Straight baseline,0,0,411.9795318647117,0,360.4748332739488,20.02637962633049,160.2110370106439,,,ROUTE_AGENT,BROADER_INDIAN_MARINE_REGION
GRID_0434,INDIAN_MARINE,15.5,90.75,328.25938199793677,,2618.0,0.076000005,0.007999999,0.0764199,11.738761446749642,Treaty,0,0,734.9706357455051,0,328.25938199793677,18.236632333218708,145.89305866574966,0.9808950249999999,GOOD,ROUTE_AGENT,BROADER_INDIAN_MARINE_REGION
GRID_0435,INDIAN_MARINE,16.75,80.75,99.8707898690738,,0.0,,,,101.0378013935384,Straight baseline,0,0,439.51077289302555,0,99.8707898690738,5.548377214948545,44.38701771958836,,,ROUTE_AGENT,BROADER_INDIAN_MARINE_REGION
GRID_0436,INDIAN_MARINE,6.75,93.75,445.3990458631002,,15.0,-0.12400001,-0.24900001,0.27816722,5.745611201194,Straight baseline,0,0,1633.9413354464994,0,445.3990458631002,24.7443914368389,197.9551314947112,0.6582359727777778,MODERATE,ROUTE_AGENT,BROADER_INDIAN_MARINE_REGION
GRID_0437,INDIAN_MARINE,9.25,94.5,242.68349483050892,,1465.0,0.034,-0.25,0.25230142,123.48574221906424,Treaty,0,0,1507.8841522261232,0,242.68349483050892,13.482416379472717,107.85933103578174,0.936924645,GOOD,ROUTE_AGENT,BROADER_INDIAN_MARINE_REGION
GRID_0438,INDIAN_MARINE,14.5,90.75,251.09833943085815,,2779.0,-0.091,-0.086500004,0.12555179,83.71273872023073,Treaty,0,0,835.8919806492677,0,251.09833943085815,13.949907746158786,111.59926196927029,0.9686120524999999,GOOD,ROUTE_AGENT,BROADER_INDIAN_MARINE_REGION
GRID_0439,INDIAN_MARINE,16.75,69.25,322.04017963707673,,3626.0,0.066,-0.101,0.12065239,54.10771636649629,200 NM,0,0,490.5114734931102,0,322.04017963707673,17.891121090948708,143.12896872758967,0.9698369025,GOOD,ROUTE_AGENT,BROADER_INDIAN_MARINE_REGION
GRID_0440,INDIAN_MARINE,17.5,85.5,414.1927924500844,,2548.0,0.12150001,0.125,0.1743194,177.0887519728133,Straight baseline,0,0,222.46675978435107,0,414.1927924500844,23.010710691671356,184.08568553337085,0.95642015,GOOD,ROUTE_AGENT,BROADER_INDIAN_MARINE_REGION
GRID_0441,INDIAN_MARINE,9.25,84.0,414.0085912415911,,3685.0,-0.18850002,-0.020000003,0.18955804,69.60218890932332,200 NM,0,0,512.8134169496274,0,414.0085912415911,23.000477291199505,184.00381832959604,0.9526104899999999,GOOD,ROUTE_AGENT,BROADER_INDIAN_MARINE_REGION
GRID_0442,INDIAN_MARINE,12.75,84.0,336.66028943135467,,3348.0,-0.024500001,0.0030000005,0.024682991,30.673999024565283,200 NM,0,0,418.6856746917483,0,336.66028943135467,18.703349412853036,149.6267953028243,0.9938292522499999,GOOD,ROUTE_AGENT,BROADER_INDIAN_MARINE_REGION
GRID_0443,INDIAN_MARINE,19.5,69.5,286.01024252011774,,604.0,-0.0295,0.11950001,0.123087384,203.11838207833665,200 NM,0,0,364.43688426120264,0,286.01024252011774,15.88945791778432,127.11566334227456,0.9692281539999998,GOOD,ROUTE_AGENT,BROADER_INDIAN_MARINE_REGION
GRID_0444,INDIAN_MARINE,16.5,84.75,300.9585869732626,,2923.0,0.18700002,0.24700001,0.3098032,181.30031550183796,200 NM,0,0,331.91353020038434,0,300.9585869732626,16.719921498514587,133.7593719881167,0.9225492,GOOD,ROUTE_AGENT,BROADER_INDIAN_MARINE_REGION
GRID_0445,INDIAN_MARINE,15.25,89.75,386.1299856834833,,2688.0,0.141,0.2035,0.24757475,14.55652025383037,200 NM,0,0,696.8201646215958,0,386.1299856834833,21.451665871304627,171.61332697043702,0.9381063125,GOOD,ROUTE_AGENT,BROADER_INDIAN_MARINE_REGION
GRID_0446,INDIAN_MARINE,20.0,82.75,459.73178563462704,,0.0,,,,246.13566404848493,Straight baseline,0,0,206.49360491609585,0,459.73178563462704,25.54065475747928,204.32523805983425,,,ROUTE_AGENT,BROADER_INDIAN_MARINE_REGION
GRID_0447,INDIAN_MARINE,16.25,75.5,239.55433813497143,,0.0,,,,220.10812808220095,Straight baseline,0,0,161.3193859419101,0,239.55433813497143,13.308574340831747,106.46859472665398,,,ROUTE_AGENT,BROADER_INDIAN_MARINE_REGION
GRID_0448,INDIAN_MARINE,8.25,77.75,79.65246654681341,,0.0,,,,6.903498936200388,Straight baseline,0,0,27.00009646858427,0,79.65246654681341,4.425137030378523,35.401096243028185,,,ROUTE_AGENT,BROADER_INDIAN_MARINE_REGION
GRID_0449,INDIAN_MARINE,12.5,71.5,43.88257486477387,,1599.0,0.0165,0.009500001,0.019039433,42.42949061442125,Straight baseline,0,0,396.7393496872122,0,43.88257486477387,2.4379208258207705,19.503366606566164,0.9952401417499999,GOOD,ROUTE_AGENT,BROADER_INDIAN_MARINE_REGION
GRID_0450,INDIAN_MARINE,10.0,81.25,109.8721375989356,,3540.0,-0.113000005,0.21350001,0.24156004,80.2672092131468,Treaty,0,0,195.18987181598845,0,109.8721375989356,6.104007644385311,48.832061155082485,0.9396099899999999,GOOD,ROUTE_AGENT,BROADER_INDIAN_MARINE_REGION
GRID_0451,INDIAN_MARINE,19.25,69.25,315.75202212650515,,2558.0,-0.0020000003,0.064500004,0.064531006,163.10269244674706,200 NM,0,0,399.26578521035736,0,315.75202212650515,17.541779007028065,140.33423205622452,0.9838672485,GOOD,ROUTE_AGENT,BROADER_INDIAN_MARINE_REGION
GRID_0452,INDIAN_MARINE,18.75,75.5,308.57833967189896,,0.0,,,,290.7746487612422,Straight baseline,0,0,181.6684975925385,0,308.57833967189896,17.143241092883276,137.1459287430662,,,ROUTE_AGENT,BROADER_INDIAN_MARINE_REGION
GRID_0453,INDIAN_MARINE,17.75,68.25,395.9602016069124,,3480.0,0.025500003,-0.10100001,0.10416935,45.12404492866744,200 NM,0,0,542.4856050078201,0,395.9602016069124,21.9977889781618,175.9823118252944,0.9739576624999999,GOOD,ROUTE_AGENT,BROADER_INDIAN_MARINE_REGION
GRID_0454,INDIAN_MARINE,11.5,74.75,40.79259572322071,,117.0,-0.016,0.020500002,0.026004808,73.00825496797293,Straight baseline,0,0,116.41594609416596,0,40.79259572322071,2.266255317956706,18.130042543653648,0.9934987979999998,GOOD,ROUTE_AGENT,BROADER_INDIAN_MARINE_REGION
GRID_0455,INDIAN_MARINE,18.75,76.5,412.47786640339785,,0.0,,,,397.6115311003284,Straight baseline,0,0,142.99134803594578,0,412.47786640339785,22.91543702241099,183.32349617928793,,,ROUTE_AGENT,BROADER_INDIAN_MARINE_REGION
GRID_0456,INDIAN_MARINE,6.25,75.0,250.4146523858641,,2721.0,-0.15150002,0.24150002,0.28508684,78.07077913126672,Treaty,0,0,341.5428519925458,0,250.4146523858641,13.911925132548005,111.29540106038404,0.92872829,GOOD,ROUTE_AGENT,BROADER_INDIAN_MARINE_REGION
GRID_0457,INDIAN_MARINE,11.5,81.5,104.84704755481728,,3530.0,-0.0225,0.067,0.07067709,65.86148335843261,Treaty,0,0,188.3845425581708,0,104.84704755481728,5.824835975267627,46.598687802141015,0.9823307275,GOOD,ROUTE_AGENT,BROADER_INDIAN_MARINE_REGION
GRID_0458,INDIAN_MARINE,9.0,80.75,186.37808662853595,,0.0,,,,135.906987889841,Treaty,0,0,168.87163893897244,0,186.37808662853595,10.354338146029775,82.8347051682382,,,ROUTE_AGENT,BROADER_INDIAN_MARINE_REGION
GRID_0459,INDIAN_MARINE,9.25,70.5,229.64599104196577,,4369.0,-0.19500001,-0.07000001,0.20718351,132.8686077788173,Treaty,0,0,646.5496341453285,0,229.64599104196577,12.758110613442543,102.06488490754035,0.9482041225,GOOD,ROUTE_AGENT,BROADER_INDIAN_MARINE_REGION
GRID_0460,INDIAN_MARINE,6.5,75.0,230.8965558743227,,2753.0,-0.164,0.21050002,0.26684502,61.807738403460405,Treaty,0,0,324.5154800924559,0,230.8965558743227,12.827586437462372,102.62069149969898,0.933288745,GOOD,ROUTE_AGENT,BROADER_INDIAN_MARINE_REGION
GRID_0461,INDIAN_MARINE,9.75,79.5,149.13812422898442,,8.0,0.13000001,0.048500005,0.13875249,5.7555167574624715,Treaty,0,0,62.782399382801955,0,149.13812422898442,8.28545134605469,66.28361076843753,0.6386452108333334,MODERATE,ROUTE_AGENT,BROADER_INDIAN_MARINE_REGION
GRID_0462,INDIAN_MARINE,18.0,77.0,449.9350572746528,,0.0,,,,431.7492326923698,Straight baseline,0,0,237.23755103038883,0,449.9350572746528,24.996392070814046,199.97113656651237,,,ROUTE_AGENT,BROADER_INDIAN_MARINE_REGION
GRID_0463,INDIAN_MARINE,19.25,71.25,113.71566680478983,,72.0,0.044500005,-0.038,0.058517095,131.4350198761218,Straight baseline,0,0,186.7090925604392,0,113.71566680478983,6.317537044710546,50.54029635768437,0.98537072625,GOOD,ROUTE_AGENT,BROADER_INDIAN_MARINE_REGION
GRID_0464,INDIAN_MARINE,5.25,76.0,299.91574438630465,,2230.0,-0.099,0.24500002,0.2642461,53.71471033456604,Treaty,0,0,362.1243447491313,0,299.91574438630465,16.661985799239147,133.29588639391318,0.9339384749999999,GOOD,ROUTE_AGENT,BROADER_INDIAN_MARINE_REGION
GRID_0465,INDIAN_MARINE,14.25,78.25,242.20113540143564,,0.0,,,,218.8885049211422,Straight baseline,0,0,258.3596559751115,0,242.20113540143564,13.45561863341309,107.64494906730472,,,ROUTE_AGENT,BROADER_INDIAN_MARINE_REGION
GRID_0466,INDIAN_MARINE,11.75,90.0,269.74177454264674,,3136.0,0.179,-0.017500002,0.17985341,133.17924072202857,200 NM,0,0,1039.7432268263567,0,269.74177454264674,14.985654141258152,119.88523313006522,0.9550366474999998,GOOD,ROUTE_AGENT,BROADER_INDIAN_MARINE_REGION
GRID_0467,INDIAN_MARINE,18.75,80.25,320.81801597629305,,0.0,,,,328.9962957152815,Straight baseline,0,0,439.4989684536334,0,320.81801597629305,17.823223109794057,142.58578487835246,,,ROUTE_AGENT,BROADER_INDIAN_MARINE_REGION
GRID_0468,INDIAN_MARINE,20.5,74.5,215.57757188702092,,0.0,,,,221.58014415195495,Straight baseline,0,0,68.4165675940187,0,215.57757188702092,11.976531771501163,95.8122541720093,,,ROUTE_AGENT,BROADER_INDIAN_MARINE_REGION
GRID_0469,INDIAN_MARINE,7.25,81.25,387.4894426250172,,0.0,,,,268.7254513867794,Treaty,0,0,314.4095355884818,0,387.4894426250172,21.5271912569454,172.2175300555632,,,ROUTE_AGENT,BROADER_INDIAN_MARINE_REGION
GRID_0470,INDIAN_MARINE,19.0,73.5,97.07103670429176,,0.0,,,,79.56339673687482,Straight baseline,0,0,56.123418529785994,0,97.07103670429176,5.392835372460653,43.142682979685226,,,ROUTE_AGENT,BROADER_INDIAN_MARINE_REGION
GRID_0471,INDIAN_MARINE,13.0,69.0,313.4134217187232,,4270.0,-0.0675,0.0705,0.09760379,55.29031293459408,200 NM,0,0,623.4962263688894,0,313.4134217187232,17.411856762151288,139.2948540972103,0.9755990525,GOOD,ROUTE_AGENT,BROADER_INDIAN_MARINE_REGION
GRID_0472,INDIAN_MARINE,5.5,70.5,445.1010597531195,,3962.0,-0.18400002,0.017,0.18478367,137.1283218422112,200 NM,0,0,813.9133393445405,0,445.1010597531195,24.727836652951083,197.82269322360867,0.9538040824999998,GOOD,ROUTE_AGENT,BROADER_INDIAN_MARINE_REGION
GRID_0473,INDIAN_MARINE,16.75,73.25,44.25610227135077,,18.0,,,,3.920803672213116,Straight baseline,1,0,66.00405536033016,0,44.25610227135077,2.458672348408376,19.669378787267007,,,ROUTE_AGENT,BROADER_INDIAN_MARINE_REGION
GRID_0474,INDIAN_MARINE,9.0,76.25,9.586742083979674,,41.0,-0.0635,0.056500003,0.08499706,57.516733925393694,Straight baseline,0,0,74.6608700594112,0,9.586742083979674,0.5325967824433152,4.260774259546522,0.9087507349999999,GOOD,ROUTE_AGENT,BROADER_INDIAN_MARINE_REGION
GRID_0475,INDIAN_MARINE,11.0,73.75,5.812541546642777,,1910.0,-0.0195,-0.029500004,0.03536241,18.74445173881887,Straight baseline,0,0,236.30974951223345,0,5.812541546642777,0.3229189748134876,2.5833517985079006,0.9911593974999999,GOOD,ROUTE_AGENT,BROADER_INDIAN_MARINE_REGION
GRID_0476,INDIAN_MARINE,10.0,91.5,119.93432170386156,,2428.0,0.0615,0.009499997,0.062229417,109.98652908295966,Straight baseline,0,0,1296.371576824003,0,119.93432170386156,6.663017872436753,53.304142979494024,0.98444264575,GOOD,ROUTE_AGENT,BROADER_INDIAN_MARINE_REGION
GRID_0477,INDIAN_MARINE,10.5,90.5,195.5620604405563,,3276.0,-0.0975,-0.046500005,0.10802083,179.2640550420826,200 NM,0,0,1174.5682567563451,0,195.5620604405563,10.86455891336424,86.91647130691392,0.9729947925,GOOD,ROUTE_AGENT,BROADER_INDIAN_MARINE_REGION
GRID_0478,INDIAN_MARINE,22.0,75.5,384.5153159540265,,0.0,,,,409.53387229081653,Straight baseline,0,0,89.89741398030863,0,384.5153159540265,21.361961997445917,170.89569597956734,,,ROUTE_AGENT,BROADER_INDIAN_MARINE_REGION
GRID_0479,INDIAN_MARINE,9.25,88.5,446.19804460301543,,3432.0,0.11500001,0.090500005,0.1463395,78.20878701297714,200 NM,0,0,998.1504989885156,0,446.19804460301543,24.78878025572308,198.31024204578463,0.9634151249999998,GOOD,ROUTE_AGENT,BROADER_INDIAN_MARINE_REGION
GRID_0480,INDIAN_MARINE,7.5,79.5,275.28325793503365,,1476.0,-0.043500002,0.29950002,0.30264255,82.44147177433908,Treaty,0,0,190.74692983287107,0,275.28325793503365,15.293514329724092,122.34811463779273,0.9243393624999998,GOOD,ROUTE_AGENT,BROADER_INDIAN_MARINE_REGION
GRID_0481,INDIAN_MARINE,6.5,92.75,460.6500093016372,,3436.0,-0.35150003,-0.060000006,0.3565842,115.93704196215192,Straight baseline,0,0,1533.6698110696652,0,460.6500093016372,25.591667183424292,204.73333746739434,0.9108539499999999,GOOD,ROUTE_AGENT,BROADER_INDIAN_MARINE_REGION
GRID_0482,INDIAN_MARINE,19.75,73.25,77.32790508500142,,0.0,,,,64.2311250066335,Straight baseline,0,0,72.48295136095629,0,77.32790508500142,4.295994726944524,34.36795781555619,,,ROUTE_AGENT,BROADER_INDIAN_MARINE_REGION
GRID_0483,INDIAN_MARINE,10.0,94.5,199.50666119542592,,3153.0,-0.08250001,-0.18100001,0.1989152,92.39405523107123,Treaty,0,0,1423.8138948230132,0,199.50666119542592,11.083703399745884,88.66962719796707,0.9502712,GOOD,ROUTE_AGENT,BROADER_INDIAN_MARINE_REGION
GRID_0484,INDIAN_MARINE,8.25,84.25,491.06842459166774,,3784.0,-0.123,0.088,0.15123823,90.74065694879124,200 NM,0,0,567.296295166574,0,491.06842459166774,27.281579143981542,218.25263315185234,0.9621904424999999,GOOD,ROUTE_AGENT,BROADER_INDIAN_MARINE_REGION
GRID_0485,INDIAN_MARINE,7.75,92.5,323.5373582672373,,1612.0,0.043000005,-0.1225,0.12982777,83.07392210195502,Straight baseline,0,0,1472.2743270097806,0,323.5373582672373,17.974297681513185,143.79438145210548,0.9675430574999999,GOOD,ROUTE_AGENT,BROADER_INDIAN_MARINE_REGION
GRID_0486,INDIAN_MARINE,9.75,91.5,141.07387524247278,,2676.0,0.098000005,0.019500002,0.09992123,116.48642238834218,Straight baseline,0,0,1303.8939565037103,0,141.07387524247278,7.83743751347071,62.69950010776568,0.9750196924999999,GOOD,ROUTE_AGENT,BROADER_INDIAN_MARINE_REGION
GRID_0487,INDIAN_MARINE,21.5,76.0,400.1255289739449,,0.0,,,,423.1584655308342,Straight baseline,0,0,144.84305665687324,0,400.1255289739449,22.229196054108048,177.83356843286438,,,ROUTE_AGENT,BROADER_INDIAN_MARINE_REGION
GRID_0488,INDIAN_MARINE,8.25,92.5,268.3776387293087,,1723.0,-0.068,-0.112500004,0.13145436,60.82075403927512,Straight baseline,0,0,1457.4524700233658,0,268.3776387293087,14.90986881829493,119.27895054635944,0.96713641,GOOD,ROUTE_AGENT,BROADER_INDIAN_MARINE_REGION
GRID_0489,INDIAN_MARINE,11.5,79.5,63.031731767998025,,0.0,,,,35.05392429892961,Straight baseline,0,0,30.724531307400454,0,63.031731767998025,3.5017628759998902,28.014103007999122,,,ROUTE_AGENT,BROADER_INDIAN_MARINE_REGION
GRID_0490,INDIAN_MARINE,15.0,92.25,207.36501971334263,,2685.0,-0.132,-0.086500004,0.15781714,57.531336153028555,Treaty,0,0,845.8941095203024,0,207.36501971334263,11.52027887296348,92.16223098370784,0.9605457149999999,GOOD,ROUTE_AGENT,BROADER_INDIAN_MARINE_REGION
GRID_0491,INDIAN_MARINE,13.75,71.0,189.84899073378975,,2184.0,-0.0040000007,-0.1465,0.1465546,182.4596408587665,Straight baseline,0,0,385.51215484637714,0,189.84899073378975,10.547166151877208,84.37732921501767,0.96336135,GOOD,ROUTE_AGENT,BROADER_INDIAN_MARINE_REGION
GRID_0492,INDIAN_MARINE,6.25,76.75,183.3640842539475,,2159.0,-0.12450001,0.0705,0.14307517,79.93792331644913,Treaty,0,0,226.0798417081754,0,183.3640842539475,10.18689356966375,81.49514855731,0.9642312074999999,GOOD,ROUTE_AGENT,BROADER_INDIAN_MARINE_REGION
GRID_0493,INDIAN_MARINE,9.75,78.0,203.0831107911364,,0.0,,,,97.64664297328376,Straight baseline,0,0,31.885622208645938,0,203.0831107911364,11.282395043952022,90.25916035161617,,,ROUTE_AGENT,BROADER_INDIAN_MARINE_REGION
GRID_0494,INDIAN_MARINE,12.5,83.75,313.7839409215038,,3378.0,0.028,-0.049500003,0.05687047,8.382570371607734,200 NM,0,0,393.3662032174298,0,313.7839409215038,17.432441162305768,139.45952929844614,0.9857823824999998,GOOD,ROUTE_AGENT,BROADER_INDIAN_MARINE_REGION
GRID_0495,INDIAN_MARINE,15.75,94.75,364.410660306184,,10.0,-0.027,0.0705,0.07549338,26.572237467705182,Straight baseline,0,0,782.9694036880577,0,364.410660306184,20.24503668367689,161.96029346941512,0.6700155438888888,MODERATE,ROUTE_AGENT,BROADER_INDIAN_MARINE_REGION
GRID_0496,INDIAN_MARINE,19.25,76.75,433.9076260210381,,0.0,,,,441.4067999140984,Straight baseline,0,0,88.15767204750965,0,433.9076260210381,24.105979223391003,192.84783378712802,,,ROUTE_AGENT,BROADER_INDIAN_MARINE_REGION
GRID_0497,INDIAN_MARINE,7.5,93.25,353.1348990079888,,845.0,0.034,-0.117000006,0.12184007,18.577580321175724,Straight baseline,0,0,1560.1036567802737,0,353.1348990079888,19.61860550044382,156.94884400355056,0.9695399825,GOOD,ROUTE_AGENT,BROADER_INDIAN_MARINE_REGION
GRID_0498,INDIAN_MARINE,10.25,82.0,169.87437942003308,,3669.0,-0.17450002,0.008500002,0.17470692,86.37267469126947,Treaty,0,0,272.81309814337976,0,169.87437942003308,9.43746552333517,75.49972418668136,0.95632327,GOOD,ROUTE_AGENT,BROADER_INDIAN_MARINE_REGION
GRID_0499,INDIAN_MARINE,11.5,73.5,50.363485080363375,,2076.0,0.040500004,0.017500002,0.04411916,39.41449172333492,Straight baseline,0,0,231.3271477546648,0,50.363485080363375,2.797971393353521,22.383771146828167,0.98897021,GOOD,ROUTE_AGENT,BROADER_INDIAN_MARINE_REGION
GRID_0500,INDIAN_MARINE,6.75,76.75,128.16876767728908,,1995.0,-0.11400001,0.078,0.13813038,113.24633943779114,Treaty,0,0,174.60896675298835,0,128.16876767728908,7.120487093182727,56.96389674546182,0.9654674049999998,GOOD,ROUTE_AGENT,BROADER_INDIAN_MARINE_REGION
GRID_0501,INDIAN_MARINE,16.75,90.75,445.25787147194234,,2376.0,0.105000004,0.0925,0.13993302,4.380216274617787,200 NM,1,0,597.6817166096478,0,445.25787147194234,24.736548415107908,197.89238732086326,0.8150167450000001,GOOD,ROUTE_AGENT,BROADER_INDIAN_MARINE_REGION
GRID_0502,INDIAN_MARINE,12.5,72.0,38.96035455038581,,1507.0,0.007000001,0.093,0.09326307,17.109019071128973,Straight baseline,0,0,343.64959453547505,0,38.96035455038581,2.1644641416881005,17.315713133504804,0.9766842325,GOOD,ROUTE_AGENT,BROADER_INDIAN_MARINE_REGION
GRID_0503,INDIAN_MARINE,12.0,74.75,7.476697966234003,,73.0,-0.0075000003,-0.0034999996,0.008276473,45.77726574657004,Straight baseline,0,0,81.03853453085243,0,7.476697966234003,0.4153721092352224,3.322976873881779,0.9979308817499999,GOOD,ROUTE_AGENT,BROADER_INDIAN_MARINE_REGION
GRID_0504,INDIAN_MARINE,16.25,74.5,134.63034193198067,,0.0,,,,122.18418954512724,Straight baseline,0,0,50.241037330983275,0,134.63034193198067,7.479463440665593,59.83570752532474,,,ROUTE_AGENT,BROADER_INDIAN_MARINE_REGION
GRID_0505,INDIAN_MARINE,14.0,78.25,241.3150272369657,,0.0,,,,220.92204659722844,Straight baseline,0,0,238.21640077971665,0,241.3150272369657,13.40639040205365,107.2511232164292,,,ROUTE_AGENT,BROADER_INDIAN_MARINE_REGION
GRID_0506,INDIAN_MARINE,10.5,94.0,132.20023097963002,,3128.0,-0.14450002,-0.101,0.17629877,140.99335332568177,Treaty,0,0,1361.665161972824,0,132.20023097963002,7.3444572766461125,58.7556582131689,0.9559253074999998,GOOD,ROUTE_AGENT,BROADER_INDIAN_MARINE_REGION
GRID_0507,INDIAN_MARINE,12.25,94.0,121.67219228774754,,2148.0,-0.042000003,0.18750001,0.19214645,151.5357697184875,Straight baseline,0,0,1163.8522304345902,0,121.67219228774754,6.759566238208197,54.07652990566557,0.9519633875,GOOD,ROUTE_AGENT,BROADER_INDIAN_MARINE_REGION
GRID_0508,INDIAN_MARINE,11.5,70.25,165.65171463918588,,4168.0,0.012000002,0.06300001,0.06413268,172.13180124592654,Straight baseline,0,0,566.5392772248358,0,165.65171463918588,9.202873035510327,73.62298428408262,0.98396683,GOOD,ROUTE_AGENT,BROADER_INDIAN_MARINE_REGION
GRID_0509,INDIAN_MARINE,11.0,84.0,369.1612440454577,,3514.0,-0.109000005,-0.132,0.17118704,26.5432187397495,200 NM,0,0,468.9639742203996,0,369.1612440454577,20.50895800252543,164.07166402020343,0.9572032399999999,GOOD,ROUTE_AGENT,BROADER_INDIAN_MARINE_REGION
GRID_0510,INDIAN_MARINE,9.5,69.5,328.9255766510042,,4587.0,-0.052500002,0.0020000003,0.052538086,66.29831013577257,200 NM,0,0,730.4717231905859,0,328.9255766510042,18.27364314727801,146.18914517822407,0.9868654785,GOOD,ROUTE_AGENT,BROADER_INDIAN_MARINE_REGION
GRID_0511,INDIAN_MARINE,20.0,81.0,439.80142035079336,,0.0,,,,375.6636821353701,Straight baseline,0,0,334.60154574815954,0,439.80142035079336,24.43341224171074,195.46729793368593,,,ROUTE_AGENT,BROADER_INDIAN_MARINE_REGION
GRID_0512,INDIAN_MARINE,15.0,92.5,203.65530001445333,,2726.0,-0.1005,0.013999999,0.10147044,73.12702355496425,Treaty,0,0,843.8962859718223,0,203.65530001445333,11.314183334136295,90.51346667309036,0.97463239,GOOD,ROUTE_AGENT,BROADER_INDIAN_MARINE_REGION
GRID_0513,INDIAN_MARINE,11.25,82.75,232.89278169870704,,3504.0,-0.0205,0.011000004,0.023264783,8.910036261213557,Treaty,0,0,327.9522294725608,0,232.89278169870704,12.938487872150391,103.50790297720313,0.99418380425,GOOD,ROUTE_AGENT,BROADER_INDIAN_MARINE_REGION
GRID_0514,INDIAN_MARINE,13.25,76.25,183.30891786689185,,0.0,,,,164.14600652531928,Straight baseline,0,0,88.4673066945846,0,183.30891786689185,10.183828770382881,81.47063016306305,,,ROUTE_AGENT,BROADER_INDIAN_MARINE_REGION
GRID_0515,INDIAN_MARINE,15.5,72.75,31.883549285834828,,487.0,-0.0009999997,0.086,0.086005814,90.47253793088184,Straight baseline,0,0,152.28048349408724,0,31.883549285834828,1.7713082936574904,14.170466349259923,0.9784985465,GOOD,ROUTE_AGENT,BROADER_INDIAN_MARINE_REGION
GRID_0516,INDIAN_MARINE,6.5,79.5,318.79435709835326,,2033.0,-0.19600001,0.32650003,0.38081264,128.4448066663238,Treaty,0,0,292.85668478930114,0,318.79435709835326,17.71079761657518,141.68638093260145,0.9047968399999999,GOOD,ROUTE_AGENT,BROADER_INDIAN_MARINE_REGION
GRID_0517,INDIAN_MARINE,13.75,89.25,371.15706992060944,,2922.0,-0.082,0.002500005,0.082038105,8.89727696855951,200 NM,0,0,803.0956756553637,0,371.15706992060944,20.619837217811636,164.9586977424931,0.9794904737499999,GOOD,ROUTE_AGENT,BROADER_INDIAN_MARINE_REGION
GRID_0518,INDIAN_MARINE,18.75,83.75,367.1402458294782,,0.0,,,,65.77185814774336,Straight baseline,0,0,152.20160921747262,0,367.1402458294782,20.3966803238599,163.1734425908792,,,ROUTE_AGENT,BROADER_INDIAN_MARINE_REGION
GRID_0519,INDIAN_MARINE,5.75,75.5,264.99567875247897,,2205.0,-0.0895,0.2565,0.27166617,65.21978750082825,Treaty,0,0,343.08839081134045,0,264.99567875247897,14.721982152915498,117.77585722332398,0.9320834574999999,GOOD,ROUTE_AGENT,BROADER_INDIAN_MARINE_REGION
GRID_0520,INDIAN_MARINE,10.5,94.75,213.6547696994008,,3136.0,-0.24950002,-0.071,0.25940558,57.57702271410452,Treaty,0,0,1371.5579505016417,0,213.6547696994008,11.869709427744489,94.95767542195591,0.935148605,GOOD,ROUTE_AGENT,BROADER_INDIAN_MARINE_REGION
GRID_0521,INDIAN_MARINE,6.5,73.25,219.5448314572095,,1081.0,-0.16950001,0.171,0.2407722,10.151156961565176,Archipelagic baseline,0,0,491.5966186154715,0,219.5448314572095,12.196935080956084,97.57548064764867,0.9398069499999999,GOOD,ROUTE_AGENT,BROADER_INDIAN_MARINE_REGION
GRID_0522,INDIAN_MARINE,7.0,78.25,174.60497655505318,,2410.0,-0.147,-0.027000003,0.14945903,20.799082201240815,Treaty,0,0,155.71375805758163,0,174.60497655505318,9.700276475280733,77.60221180224586,0.9626352425,GOOD,ROUTE_AGENT,BROADER_INDIAN_MARINE_REGION
GRID_0523,INDIAN_MARINE,17.75,73.5,84.24292480978252,,0.0,,,,44.78795425474611,Straight baseline,0,0,8.285968179161827,0,84.24292480978252,4.680162489432362,37.4412999154589,,,ROUTE_AGENT,BROADER_INDIAN_MARINE_REGION
GRID_0524,INDIAN_MARINE,8.0,82.0,338.1806801509188,,3520.0,-0.0715,-0.29150003,0.30014083,297.2508752885899,Treaty,0,0,335.70026302244923,0,338.1806801509188,18.787815563939933,150.30252451151947,0.9249647925,GOOD,ROUTE_AGENT,BROADER_INDIAN_MARINE_REGION
GRID_0525,INDIAN_MARINE,18.25,78.5,385.3021286935665,,0.0,,,,372.8422313423117,Straight baseline,0,0,299.2517147308642,0,385.3021286935665,21.40567381630925,171.245390530474,,,ROUTE_AGENT,BROADER_INDIAN_MARINE_REGION
GRID_0526,INDIAN_MARINE,17.25,92.25,454.7351225002096,,2320.0,0.16350001,-0.0034999996,0.16353747,180.16909912495132,200 NM,0,0,586.613790343778,0,454.7351225002096,25.263062361122756,202.10449888898205,0.9591156324999999,GOOD,ROUTE_AGENT,BROADER_INDIAN_MARINE_REGION
GRID_0527,INDIAN_MARINE,10.25,93.25,66.35173978470989,,2567.0,0.011500001,-0.060000006,0.06109215,86.10027128082949,Straight baseline,0,0,1384.816175904709,0,66.35173978470989,3.6862077658172163,29.48966212653773,0.9847269624999999,GOOD,ROUTE_AGENT,BROADER_INDIAN_MARINE_REGION
GRID_0528,INDIAN_MARINE,14.75,73.5,2.8608581811092533,,73.0,0.0515,-0.1225,0.13288529,58.40240309999733,Straight baseline,0,0,87.46106036285707,0,2.8608581811092533,0.15893656561718073,1.2714925249374458,0.9667786775,GOOD,ROUTE_AGENT,BROADER_INDIAN_MARINE_REGION
GRID_0529,INDIAN_MARINE,13.0,75.0,63.19798938729144,,0.0,,,,24.63055447889294,Straight baseline,0,0,22.47348771525746,0,63.19798938729144,3.51099941040508,28.08799528324064,,,ROUTE_AGENT,BROADER_INDIAN_MARINE_REGION
GRID_0530,INDIAN_MARINE,17.5,92.75,480.7395119217896,,2385.0,0.1805,-0.0125,0.1809323,160.47176358148994,Straight baseline,0,0,553.0180185461428,0,480.7395119217896,26.707750662321644,213.66200529857315,0.9547669249999999,GOOD,ROUTE_AGENT,BROADER_INDIAN_MARINE_REGION
GRID_0531,INDIAN_MARINE,16.75,70.5,209.92303581998632,,3038.0,0.0405,-0.011,0.04196725,81.37027608717568,200 NM,0,0,357.90223014161785,0,209.92303581998632,11.662390878888129,93.29912703110503,0.9895081875,GOOD,ROUTE_AGENT,BROADER_INDIAN_MARINE_REGION
GRID_0532,INDIAN_MARINE,7.25,79.75,309.0315367381164,,20.0,,,,116.39215812632264,Treaty,0,0,224.53413167437023,0,309.0315367381164,17.168418707673133,137.34734966138507,,,ROUTE_AGENT,BROADER_INDIAN_MARINE_REGION
GRID_0533,INDIAN_MARINE,14.5,71.5,201.7469273044685,,2070.0,-0.0725,-0.052500002,0.089512564,181.4616222291856,200 NM,0,0,302.0181419215988,0,201.7469273044685,11.208162628026027,89.66530102420822,0.9776218589999999,GOOD,ROUTE_AGENT,BROADER_INDIAN_MARINE_REGION
GRID_0534,INDIAN_MARINE,13.0,71.5,92.00949911238864,,1731.0,-0.02,0.029500002,0.035640568,80.18961402397049,Straight baseline,0,0,384.54247263306434,0,92.00949911238864,5.111638839577147,40.89311071661717,0.9910898579999998,GOOD,ROUTE_AGENT,BROADER_INDIAN_MARINE_REGION
GRID_0535,INDIAN_MARINE,8.5,96.5,471.25060502187824,,502.0,0.273,0.108500004,0.29377076,95.59798628040654,Treaty,0,0,1631.5095444409249,0,471.25060502187824,26.180589167882125,209.444713343057,0.92655731,GOOD,ROUTE_AGENT,BROADER_INDIAN_MARINE_REGION
GRID_0536,INDIAN_MARINE,8.0,81.0,300.4138046075156,,0.0,,,,196.216256701357,Treaty,0,0,238.6012069462572,0,300.4138046075156,16.689655811528645,133.51724649222916,,,ROUTE_AGENT,BROADER_INDIAN_MARINE_REGION
GRID_0537,INDIAN_MARINE,7.5,73.75,124.29091845747791,,2713.0,-0.1065,0.15850002,0.19095682,23.515887241356715,Treaty,0,0,391.5296354611676,0,124.29091845747791,6.90505102541544,55.24040820332352,0.9522607949999999,GOOD,ROUTE_AGENT,BROADER_INDIAN_MARINE_REGION
GRID_0538,INDIAN_MARINE,12.0,84.5,400.23707882495586,,3383.0,-0.015500002,-0.034,0.03736643,101.05214968208428,200 NM,0,0,485.4299369827356,0,400.23707882495586,22.2353932680531,177.8831461444248,0.9906583924999999,GOOD,ROUTE_AGENT,BROADER_INDIAN_MARINE_REGION
GRID_0539,INDIAN_MARINE,17.0,71.5,121.92953100939545,,1329.0,-0.024,0.086,0.08928606,191.312596425574,Straight baseline,0,0,244.19640019762667,0,121.92953100939545,6.773862833855302,54.19090267084242,0.977678485,GOOD,ROUTE_AGENT,BROADER_INDIAN_MARINE_REGION
GRID_0540,INDIAN_MARINE,12.25,69.0,302.0859460550948,,4297.0,-0.0455,0.08900001,0.09995625,74.31414943373281,200 NM,0,0,663.311619185428,0,302.0859460550948,16.782552558616377,134.26042046893102,0.9750109375,GOOD,ROUTE_AGENT,BROADER_INDIAN_MARINE_REGION
GRID_0541,INDIAN_MARINE,18.0,75.75,321.75097311129485,,0.0,,,,295.39377463150663,Straight baseline,0,0,212.2467599821899,0,321.75097311129485,17.875054061738602,143.00043249390882,,,ROUTE_AGENT,BROADER_INDIAN_MARINE_REGION
GRID_0542,INDIAN_MARINE,8.0,69.75,369.7739288231252,,4445.0,0.091000006,-0.025000002,0.09437161,1.1509986410296995,Treaty,1,0,795.7002587242683,0,369.7739288231252,20.542996045729176,164.3439683658334,0.8264070975,GOOD,ROUTE_AGENT,BROADER_INDIAN_MARINE_REGION
GRID_0543,INDIAN_MARINE,17.5,78.0,356.47370142549556,,0.0,,,,338.83399293590924,Straight baseline,0,0,333.3989272397539,0,356.47370142549556,19.804094523638643,158.43275618910914,,,ROUTE_AGENT,BROADER_INDIAN_MARINE_REGION
GRID_0544,INDIAN_MARINE,19.5,75.75,329.90932766678696,,0.0,,,,333.94765392225963,Straight baseline,0,0,100.00419380218808,0,329.90932766678696,18.328295981488164,146.62636785190531,,,ROUTE_AGENT,BROADER_INDIAN_MARINE_REGION
GRID_0545,INDIAN_MARINE,14.25,82.25,157.0474505728087,,3210.0,0.087000005,-0.044000007,0.0974936,187.87693620056703,200 NM,0,0,268.4910401213291,0,157.0474505728087,8.72485836515604,69.79886692124832,0.9756266,GOOD,ROUTE_AGENT,BROADER_INDIAN_MARINE_REGION
GRID_0546,INDIAN_MARINE,6.75,79.25,280.68390262698847,,2373.0,-0.18400002,0.27400002,0.3300485,90.77174009714584,Treaty,0,0,253.6375355450338,0,280.68390262698847,15.593550145943803,124.74840116755043,0.917487875,GOOD,ROUTE_AGENT,BROADER_INDIAN_MARINE_REGION
GRID_0547,INDIAN_MARINE,9.25,90.75,237.03621814257627,,3321.0,0.10250001,0.06100001,0.11927804,164.98829642718505,200 NM,0,0,1241.6108811398842,0,237.03621814257627,13.168678785698681,105.34943028558945,0.97018049,GOOD,ROUTE_AGENT,BROADER_INDIAN_MARINE_REGION
GRID_0548,INDIAN_MARINE,7.0,70.5,339.5316856539457,,3496.0,0.16300002,0.0945,0.18841246,117.2143800610668,Treaty,0,0,752.6724570588765,0,339.5316856539457,18.862871425219208,150.90297140175366,0.9528968849999999,GOOD,ROUTE_AGENT,BROADER_INDIAN_MARINE_REGION
GRID_0549,INDIAN_MARINE,13.75,81.5,71.90079601431437,,3327.0,-0.061500005,0.18800001,0.19780357,135.00158944227823,Straight baseline,0,0,167.2363745805983,0,71.90079601431437,3.9944886674619093,31.955909339695275,0.9505491074999999,GOOD,ROUTE_AGENT,BROADER_INDIAN_MARINE_REGION
GRID_0550,INDIAN_MARINE,17.0,80.25,156.5937335903906,,0.0,,,,156.7728084051954,Straight baseline,0,0,464.7199072319732,0,156.5937335903906,8.699651866132811,69.59721492906249,,,ROUTE_AGENT,BROADER_INDIAN_MARINE_REGION
GRID_0551,INDIAN_MARINE,12.25,70.0,193.62435191950337,,4328.0,0.026000002,-0.045,0.05197115,184.80317917832613,200 NM,0,0,565.3576908485229,0,193.62435191950337,10.75690843997241,86.05526751977928,0.9870072125,GOOD,ROUTE_AGENT,BROADER_INDIAN_MARINE_REGION
GRID_0552,INDIAN_MARINE,10.25,97.0,456.307665050006,,367.0,-0.1035,-0.10650001,0.14850758,60.28419395762385,Treaty,0,0,1457.2166636385282,0,456.307665050006,25.350425836111445,202.80340668889156,0.9628731049999999,GOOD,ROUTE_AGENT,BROADER_INDIAN_MARINE_REGION
GRID_0553,INDIAN_MARINE,5.5,80.5,473.19488314942816,,3688.0,0.056499988,0.22850001,0.23538162,279.0747893354481,Treaty,0,0,436.8242495353419,0,473.19488314942816,26.288604619412677,210.30883695530142,0.941154595,GOOD,ROUTE_AGENT,BROADER_INDIAN_MARINE_REGION
GRID_0554,INDIAN_MARINE,5.5,75.0,316.42447686645465,,2705.0,-0.14400001,0.301,0.333672,126.5994093102235,Treaty,0,0,400.0478871804478,0,316.42447686645465,17.579137603691926,140.6331008295354,0.916582,GOOD,ROUTE_AGENT,BROADER_INDIAN_MARINE_REGION
GRID_0555,INDIAN_MARINE,10.75,88.25,438.4849058914951,,3341.0,-0.053500004,0.1455,0.1550242,64.17170731675496,200 NM,0,0,924.9734243101276,0,438.4849058914951,24.360272549527505,194.88218039622004,0.9612439499999998,GOOD,ROUTE_AGENT,BROADER_INDIAN_MARINE_REGION
GRID_0556,INDIAN_MARINE,13.25,95.25,282.1065177046518,,2202.0,0.3555,-0.11,0.37212935,16.537735240090168,Treaty,0,0,1075.237746093917,0,282.1065177046518,15.672584316925102,125.38067453540081,0.9069676624999998,GOOD,ROUTE_AGENT,BROADER_INDIAN_MARINE_REGION
GRID_0557,INDIAN_MARINE,11.75,72.5,7.8334603864291585,,1735.0,0.0885,0.098000005,0.1320464,13.214422056963436,Straight baseline,0,0,330.24662210464675,0,7.8334603864291585,0.4351922436905088,3.4815379495240704,0.9669884,GOOD,ROUTE_AGENT,BROADER_INDIAN_MARINE_REGION
GRID_0558,INDIAN_MARINE,13.75,94.25,185.10375458860452,,841.0,0.156,-0.157,0.22132556,5.730802548468811,Treaty,0,0,997.2983802771045,0,185.10375458860452,10.28354192158914,82.26833537271312,0.9446686099999999,GOOD,ROUTE_AGENT,BROADER_INDIAN_MARINE_REGION
GRID_0559,INDIAN_MARINE,15.25,93.0,234.04138765040247,,2718.0,-0.046,0.050500005,0.06830996,76.94841639084564,Straight baseline,0,0,813.8214151033343,0,234.04138765040247,13.002299313911248,104.01839451128998,0.9829225099999999,GOOD,ROUTE_AGENT,BROADER_INDIAN_MARINE_REGION
GRID_0560,INDIAN_MARINE,14.5,82.25,129.86100772270115,,3188.0,0.21650001,-0.067499995,0.22677854,200.8914452833331,Straight baseline,0,0,285.22950373728446,0,129.86100772270115,7.214500429038953,57.716003432311624,0.9433053649999998,GOOD,ROUTE_AGENT,BROADER_INDIAN_MARINE_REGION
GRID_0561,INDIAN_MARINE,5.75,72.0,330.399641177293,,2759.0,-0.16950001,0.05,0.17672083,66.45995331622439,Archipelagic baseline,0,0,654.1187179577136,0,330.399641177293,18.355535620960723,146.84428496768578,0.9558197924999998,GOOD,ROUTE_AGENT,BROADER_INDIAN_MARINE_REGION
GRID_0562,INDIAN_MARINE,11.5,70.75,111.8337983922767,,3425.0,0.1005,0.0345,0.10625676,119.13931536479028,Straight baseline,0,0,515.9163193624632,0,111.8337983922767,6.212988799570928,49.70391039656742,0.97343581,GOOD,ROUTE_AGENT,BROADER_INDIAN_MARINE_REGION
GRID_0563,INDIAN_MARINE,19.5,80.75,387.8258184367879,,0.0,,,,354.3722862048972,Straight baseline,0,0,392.5613403435687,0,387.8258184367879,21.545878802043774,172.3670304163502,,,ROUTE_AGENT,BROADER_INDIAN_MARINE_REGION
GRID_0564,INDIAN_MARINE,16.75,79.0,224.64491444415404,,0.0,,,,198.34262689761368,Straight baseline,0,0,456.481617154425,0,224.64491444415404,12.480273024675224,99.84218419740179,,,ROUTE_AGENT,BROADER_INDIAN_MARINE_REGION
GRID_0565,INDIAN_MARINE,15.25,94.5,304.88709426520575,,39.0,0.012000001,0.0535,0.05482928,37.29451852625003,Straight baseline,0,0,832.5569458182578,0,304.88709426520575,16.938171903622543,135.50537522898034,0.9007371244444444,GOOD,ROUTE_AGENT,BROADER_INDIAN_MARINE_REGION
GRID_0566,INDIAN_MARINE,15.75,78.5,203.30804266567168,,0.0,,,,192.88518752562217,Straight baseline,0,0,372.8526539222355,0,203.30804266567168,11.294891259203983,90.35913007363186,,,ROUTE_AGENT,BROADER_INDIAN_MARINE_REGION
GRID_0567,INDIAN_MARINE,7.5,73.5,113.42934430008157,,2313.0,-0.101,0.21300001,0.23573291,19.560842745864036,Treaty,0,0,417.47068947068664,0,113.42934430008157,6.30163023889342,50.41304191114736,0.9410667724999999,GOOD,ROUTE_AGENT,BROADER_INDIAN_MARINE_REGION
GRID_0568,INDIAN_MARINE,18.5,74.0,165.73696435352127,,0.0,,,,123.22311667080294,Straight baseline,0,0,90.10389795172324,0,165.73696435352127,9.207609130751182,73.66087304600946,,,ROUTE_AGENT,BROADER_INDIAN_MARINE_REGION
GRID_0569,INDIAN_MARINE,9.0,79.5,214.6240554091552,,18.0,0.0055000037,0.085,0.08517776,2.298068893976766,Treaty,1,0,37.55085796323856,0,214.6240554091552,11.923558633841957,95.38846907073565,0.5798166711111111,MODERATE,ROUTE_AGENT,BROADER_INDIAN_MARINE_REGION
GRID_0570,INDIAN_MARINE,17.25,74.0,122.95874035054436,,0.0,,,,86.76755301213504,Straight baseline,0,0,15.979498430337834,0,122.95874035054436,6.831041130585798,54.648329044686385,,,ROUTE_AGENT,BROADER_INDIAN_MARINE_REGION
GRID_0571,INDIAN_MARINE,11.25,92.5,35.96655926484004,,16.0,0.018000001,-0.034500003,0.03891337,32.914410682413944,Straight baseline,0,0,1244.147965057805,0,35.96655926484004,1.9981421813800024,15.98513745104002,0.7258272130555556,GOOD,ROUTE_AGENT,BROADER_INDIAN_MARINE_REGION
GRID_0572,INDIAN_MARINE,10.25,81.5,118.18171355162104,,3655.0,-0.17450002,0.143,0.22560865,65.71473106300036,Treaty,0,0,217.40099592744335,0,118.18171355162104,6.565650752867835,52.52520602294268,0.9435978375,GOOD,ROUTE_AGENT,BROADER_INDIAN_MARINE_REGION
GRID_0573,INDIAN_MARINE,21.0,74.0,195.3328379476191,,0.0,,,,204.78697127950053,Straight baseline,0,0,114.04091632132562,0,195.3328379476191,10.851824330423284,86.81459464338627,,,ROUTE_AGENT,BROADER_INDIAN_MARINE_REGION
GRID_0574,INDIAN_MARINE,14.25,81.75,114.0358575316535,,3149.0,0.052500002,0.09600001,0.10941778,169.75028605935216,Straight baseline,0,0,223.9878557025753,0,114.0358575316535,6.335325418425195,50.68260334740156,0.9726455549999999,GOOD,ROUTE_AGENT,BROADER_INDIAN_MARINE_REGION
GRID_0575,INDIAN_MARINE,10.25,81.0,71.00679237640465,,3523.0,-0.13550001,0.32950002,0.35627308,42.199242996908296,Treaty,0,0,162.1586077182932,0,71.00679237640465,3.944821798689147,31.558574389513176,0.9109317299999999,GOOD,ROUTE_AGENT,BROADER_INDIAN_MARINE_REGION
GRID_0576,INDIAN_MARINE,11.75,81.0,68.43239572452579,,3251.0,0.0475,0.29650003,0.30028075,112.90273949189346,Treaty,0,0,137.324642910867,0,68.43239572452579,3.801799762473655,30.41439809978924,0.9249298124999998,GOOD,ROUTE_AGENT,BROADER_INDIAN_MARINE_REGION
GRID_0577,INDIAN_MARINE,17.0,69.75,261.8533950142529,,3540.0,0.0635,-0.15450001,0.16704042,7.687463804477868,200 NM,0,0,428.0798013149907,0,261.8533950142529,14.547410834125161,116.37928667300129,0.958239895,GOOD,ROUTE_AGENT,BROADER_INDIAN_MARINE_REGION
GRID_0578,INDIAN_MARINE,12.0,95.25,244.2758106269656,,2732.0,-0.045500003,-0.17450002,0.18033443,23.675498304305822,Treaty,0,0,1214.1154223882645,0,244.2758106269656,13.570878368164756,108.56702694531805,0.9549163924999999,GOOD,ROUTE_AGENT,BROADER_INDIAN_MARINE_REGION
GRID_0579,INDIAN_MARINE,9.75,81.25,130.09569504236217,,3645.0,-0.061500005,0.12900001,0.14290994,105.04579845595129,Treaty,0,0,204.39449791846292,0,130.09569504236217,7.2275386134645645,57.820308907716516,0.964272515,GOOD,ROUTE_AGENT,BROADER_INDIAN_MARINE_REGION
GRID_0580,INDIAN_MARINE,5.75,74.25,324.2276339322043,,2722.0,-0.16700001,0.2585,0.30775195,76.07844494120528,Archipelagic baseline,0,0,441.6974089384772,0,324.2276339322043,18.012646329566905,144.10117063653524,0.9230620125,GOOD,ROUTE_AGENT,BROADER_INDIAN_MARINE_REGION
GRID_0581,INDIAN_MARINE,6.75,79.0,257.34076031232763,,2552.0,-0.13350001,0.16550002,0.21263233,66.14140067775556,Treaty,0,0,232.33208312529428,0,257.34076031232763,14.296708906240424,114.37367124992339,0.9468419175,GOOD,ROUTE_AGENT,BROADER_INDIAN_MARINE_REGION
GRID_0582,INDIAN_MARINE,9.25,77.25,111.11703452682892,,0.0,,,,108.19925793662314,Straight baseline,0,1,0.0,1,111.11703452682892,6.173168584823829,49.38534867859063,,,ROUTE_AGENT,BROADER_INDIAN_MARINE_REGION
GRID_0583,INDIAN_MARINE,15.25,78.25,219.73698939025485,,0.0,,,,217.98021914557424,Straight baseline,0,0,341.7270901148676,0,219.73698939025485,12.207610521680825,97.6608841734466,,,ROUTE_AGENT,BROADER_INDIAN_MARINE_REGION
GRID_0584,INDIAN_MARINE,22.0,73.75,264.7518852939026,,0.0,,,,285.44382294268485,Straight baseline,0,0,33.978295649302545,0,264.7518852939026,14.708438071883478,117.66750457506782,,,ROUTE_AGENT,BROADER_INDIAN_MARINE_REGION
GRID_0585,INDIAN_MARINE,5.5,79.75,409.5696261291271,,4016.0,0.259,0.20650002,0.331245,205.838165607238,Treaty,0,0,391.0979028507613,0,409.5696261291271,22.75386811828484,182.0309449462787,0.91718875,GOOD,ROUTE_AGENT,BROADER_INDIAN_MARINE_REGION
GRID_0586,INDIAN_MARINE,9.25,80.75,158.9734026271972,,0.0,,,,120.16866400153144,Treaty,0,0,166.9792361899037,0,158.9734026271972,8.831855701510955,70.65484561208764,,,ROUTE_AGENT,BROADER_INDIAN_MARINE_REGION
GRID_0587,INDIAN_MARINE,9.25,72.25,82.71732816366169,,2237.0,-0.089,0.25500003,0.2700852,33.20064907299062,Straight baseline,0,0,492.7572855864414,0,82.71732816366169,4.5954071202034275,36.76325696162742,0.9324786999999999,GOOD,ROUTE_AGENT,BROADER_INDIAN_MARINE_REGION
GRID_0588,INDIAN_MARINE,7.0,69.5,439.23944783730786,,4536.0,0.17050001,0.11250001,0.20427068,22.56242875058018,200 NM,0,0,858.5846547555876,0,439.23944783730786,24.402191546517102,195.21753237213682,0.9489323299999999,GOOD,ROUTE_AGENT,BROADER_INDIAN_MARINE_REGION
GRID_0589,INDIAN_MARINE,15.25,73.75,34.88368794982118,,26.0,0.030500002,-0.075500004,0.08142789,6.38484197766252,Straight baseline,0,0,39.33084200881604,0,34.88368794982118,1.9379826638789543,15.503861311031635,0.7929763608333333,GOOD,ROUTE_AGENT,BROADER_INDIAN_MARINE_REGION
GRID_0590,INDIAN_MARINE,9.0,88.25,482.5683539947298,,3568.0,0.1395,0.076000005,0.15885922,111.97423655629426,200 NM,0,0,978.7065398353903,0,482.5683539947298,26.80935299970721,214.4748239976577,0.960285195,GOOD,ROUTE_AGENT,BROADER_INDIAN_MARINE_REGION
GRID_0591,INDIAN_MARINE,16.5,74.5,143.49854496470007,,0.0,,,,128.54377466894283,Straight baseline,0,0,54.37106850946174,0,143.49854496470007,7.972141386927782,63.777131095422256,,,ROUTE_AGENT,BROADER_INDIAN_MARINE_REGION
GRID_0592,INDIAN_MARINE,15.75,84.75,291.7867321051368,,2969.0,0.0855,0.0635,0.10650118,118.59857455471536,200 NM,0,0,418.6309940547187,0,291.7867321051368,16.210374005840933,129.68299204672746,0.9733747049999999,GOOD,ROUTE_AGENT,BROADER_INDIAN_MARINE_REGION
GRID_0593,INDIAN_MARINE,9.25,77.0,83.84005926975962,,0.0,,,,81.7189143946217,Straight baseline,0,1,0.0,1,83.84005926975962,4.657781070542201,37.26224856433761,,,ROUTE_AGENT,BROADER_INDIAN_MARINE_REGION
GRID_0594,INDIAN_MARINE,13.75,80.75,5.696916858578541,,3015.0,-0.0125,0.41500002,0.41518822,53.201243234587075,Straight baseline,0,0,106.5702791615248,0,5.696916858578541,0.31649538103214114,2.531963048257129,0.896202945,GOOD,ROUTE_AGENT,BROADER_INDIAN_MARINE_REGION
GRID_0595,INDIAN_MARINE,9.75,95.0,260.73940644486004,,2057.0,-0.0905,-0.08850001,0.12658001,53.65731958995243,Treaty,0,0,1459.6377132572218,0,260.73940644486004,14.485522580270002,115.88418064216002,0.9683549974999999,GOOD,ROUTE_AGENT,BROADER_INDIAN_MARINE_REGION
GRID_0596,INDIAN_MARINE,9.0,74.0,105.2924031771142,,2752.0,0.036500003,-0.075,0.08341014,73.92969642747191,Straight baseline,0,0,318.8228015134257,0,105.2924031771142,5.849577954284122,46.796623634272976,0.9791474649999998,GOOD,ROUTE_AGENT,BROADER_INDIAN_MARINE_REGION
GRID_0597,INDIAN_MARINE,14.5,95.25,316.9210491984808,,80.0,0.0255,-0.0715,0.075911134,83.90388785997868,Treaty,0,0,936.772596385224,0,316.9210491984808,17.606724955471154,140.85379964376924,0.9810222165,GOOD,ROUTE_AGENT,BROADER_INDIAN_MARINE_REGION
GRID_0598,INDIAN_MARINE,6.25,77.0,187.5233602004061,,2234.0,-0.112500004,0.008499999,0.11282066,99.02196952442692,Treaty,0,0,218.0093312598408,0,187.5233602004061,10.417964455578117,83.34371564462494,0.9717948349999999,GOOD,ROUTE_AGENT,BROADER_INDIAN_MARINE_REGION
GRID_0599,INDIAN_MARINE,12.25,90.75,228.1257765265578,,3120.0,0.069000006,0.065500006,0.095138066,177.98523928441702,Straight baseline,0,0,1037.2840737356532,0,228.1257765265578,12.673654251475433,101.38923401180347,0.9762154834999999,GOOD,ROUTE_AGENT,BROADER_INDIAN_MARINE_REGION
GRID_0600,INDIAN_MARINE,15.0,85.5,383.52647730146526,,2968.0,0.087000005,-0.036000002,0.094154134,1.1522300214044203,200 NM,1,0,507.8933575360989,0,383.52647730146526,21.30702651674807,170.45621213398456,0.8264614665000001,GOOD,ROUTE_AGENT,BROADER_INDIAN_MARINE_REGION
GRID_0601,INDIAN_MARINE,7.0,76.75,100.6967166893962,,1961.0,-0.09150001,0.1045,0.13889745,129.9132924264222,Treaty,0,0,149.50593801060202,0,100.6967166893962,5.594262038299789,44.75409630639831,0.9652756375,GOOD,ROUTE_AGENT,BROADER_INDIAN_MARINE_REGION
GRID_0602,INDIAN_MARINE,18.0,76.0,347.69941183374925,,0.0,,,,322.76893606133103,Straight baseline,0,0,237.91498791101745,0,347.69941183374925,19.316633990763847,154.53307192611078,,,ROUTE_AGENT,BROADER_INDIAN_MARINE_REGION
GRID_0603,INDIAN_MARINE,8.0,80.25,296.67870342675457,,0.0,,,,129.16728603036998,Treaty,0,0,176.85546815282385,0,296.67870342675457,16.482150190375254,131.85720152300203,,,ROUTE_AGENT,BROADER_INDIAN_MARINE_REGION
GRID_0604,INDIAN_MARINE,10.5,92.25,29.933151735783305,,21.0,0.0335,-0.011,0.035259753,15.653547023605723,Straight baseline,0,0,1295.6396208122435,0,29.933151735783305,1.6629528742101836,13.303622993681469,0.7656295061944445,GOOD,ROUTE_AGENT,BROADER_INDIAN_MARINE_REGION
GRID_0605,INDIAN_MARINE,10.25,70.5,207.14592120553067,,3526.0,-0.0625,0.068,0.09235935,184.01008167944187,Straight baseline,0,0,594.1026156393704,0,207.14592120553067,11.508106733640593,92.06485386912475,0.9769101624999998,GOOD,ROUTE_AGENT,BROADER_INDIAN_MARINE_REGION
GRID_0606,INDIAN_MARINE,17.25,75.25,253.49454288592185,,0.0,,,,223.78536775726928,Straight baseline,0,0,152.3208118896031,0,253.49454288592185,14.083030160328992,112.66424128263193,,,ROUTE_AGENT,BROADER_INDIAN_MARINE_REGION
GRID_0607,INDIAN_MARINE,17.0,78.25,298.86239613291286,,0.0,,,,279.54832495639147,Straight baseline,0,0,397.8356031877833,0,298.86239613291286,16.603466451828492,132.82773161462794,,,ROUTE_AGENT,BROADER_INDIAN_MARINE_REGION
GRID_0608,INDIAN_MARINE,8.0,80.75,296.63910666572593,,0.0,,,,172.9422232985082,Treaty,0,0,216.4763552191121,0,296.63910666572593,16.479950370318107,131.83960296254486,,,ROUTE_AGENT,BROADER_INDIAN_MARINE_REGION
GRID_0609,INDIAN_MARINE,11.5,96.0,323.6516842966808,,2373.0,-0.076000005,-0.154,0.17173235,64.62560283307931,Treaty,0,0,1289.358163827708,0,323.6516842966808,17.980649127593377,143.84519302074702,0.9570669125,GOOD,ROUTE_AGENT,BROADER_INDIAN_MARINE_REGION
GRID_0610,INDIAN_MARINE,8.0,75.75,79.25915773635536,,1643.0,0.11850001,0.1435,0.18610346,86.54283147329129,Treaty,0,0,166.3506077962283,0,79.25915773635536,4.403286540908631,35.22629232726905,0.953474135,GOOD,ROUTE_AGENT,BROADER_INDIAN_MARINE_REGION
GRID_0611,INDIAN_MARINE,17.0,92.75,425.2586906735564,,2423.0,0.15850002,0.016000003,0.15930554,163.04205341428585,Straight baseline,0,0,611.2686515287038,0,425.2586906735564,23.625482815197575,189.0038625215806,0.960173615,GOOD,ROUTE_AGENT,BROADER_INDIAN_MARINE_REGION
GRID_0612,INDIAN_MARINE,9.5,74.75,133.22384066109703,,1028.0,-0.013000001,0.035,0.03733631,136.0308292990551,Straight baseline,0,0,233.88988209936508,0,133.22384066109703,7.4013244811720575,59.21059584937646,0.9906659224999999,GOOD,ROUTE_AGENT,BROADER_INDIAN_MARINE_REGION
GRID_0613,INDIAN_MARINE,6.75,94.75,483.38192856833666,,2888.0,-0.1325,-0.19800001,0.2382441,3.309271213233905,Treaty,1,0,1741.810055160706,0,483.38192856833666,26.854551587129816,214.83641269703853,0.790438975,GOOD,ROUTE_AGENT,BROADER_INDIAN_MARINE_REGION
GRID_0614,INDIAN_MARINE,16.75,84.5,284.1526366118813,,2995.0,0.2945,0.3585,0.4639531,166.69818028237682,Straight baseline,0,0,306.4908648630906,0,284.1526366118813,15.78625758954896,126.29006071639168,0.8840117249999999,GOOD,ROUTE_AGENT,BROADER_INDIAN_MARINE_REGION
GRID_0615,INDIAN_MARINE,19.25,78.75,447.0426078215468,,0.0,,,,467.26123848743725,Straight baseline,0,0,262.4522793902532,0,447.0426078215468,24.83570043453038,198.68560347624305,,,ROUTE_AGENT,BROADER_INDIAN_MARINE_REGION
GRID_0616,INDIAN_MARINE,12.75,85.5,498.00463858921984,,3228.0,-0.15100001,0.010000002,0.15133077,178.74519067953688,200 NM,0,0,585.5313586907444,0,498.00463858921984,27.666924366067768,221.33539492854214,0.9621673074999999,GOOD,ROUTE_AGENT,BROADER_INDIAN_MARINE_REGION
GRID_0617,INDIAN_MARINE,13.5,94.0,151.25375278987332,,745.0,0.064500004,-0.064500004,0.09121678,34.14508206194977,Treaty,0,0,1021.9805325920744,0,151.25375278987332,8.402986266104072,67.22389012883258,0.977195805,GOOD,ROUTE_AGENT,BROADER_INDIAN_MARINE_REGION
GRID_0618,INDIAN_MARINE,14.75,89.0,428.2952788936413,,2836.0,0.22150001,0.0735,0.23337631,68.29164118560111,200 NM,0,0,691.0593241361648,0,428.2952788936413,23.79418216075785,190.3534572860628,0.9416559224999999,GOOD,ROUTE_AGENT,BROADER_INDIAN_MARINE_REGION
GRID_0619,INDIAN_MARINE,13.5,97.25,497.9247365391669,,80.0,0.052500002,-0.020000003,0.056180514,56.47010059264493,Straight baseline,0,0,1123.512399724786,0,497.9247365391669,27.662485363287047,221.29988290629638,0.9859548714999999,GOOD,ROUTE_AGENT,BROADER_INDIAN_MARINE_REGION
GRID_0620,INDIAN_MARINE,8.75,74.5,145.94824218674444,,2758.0,-0.064,-0.0935,0.11330601,105.188118245304,Treaty,0,0,269.0719186473726,0,145.94824218674444,8.108235677041357,64.86588541633085,0.9716734974999999,GOOD,ROUTE_AGENT,BROADER_INDIAN_MARINE_REGION
GRID_0621,INDIAN_MARINE,17.25,84.25,286.302158862849,,2682.0,0.056,0.23150001,0.23817694,104.14759186896008,Straight baseline,0,0,256.66708570505114,0,286.302158862849,15.905675492380501,127.24540393904401,0.9404557649999998,GOOD,ROUTE_AGENT,BROADER_INDIAN_MARINE_REGION
GRID_0622,INDIAN_MARINE,11.75,73.0,45.50792973409502,,1243.0,0.0735,0.1045,0.12775955,22.262631341147483,Straight baseline,0,0,275.7534420117099,0,45.50792973409502,2.5282183185608345,20.225746548486676,0.9680601124999999,GOOD,ROUTE_AGENT,BROADER_INDIAN_MARINE_REGION
GRID_0623,INDIAN_MARINE,7.5,71.25,240.3183905400008,,3992.0,0.22350001,0.13650002,0.26188645,49.06270862178904,Treaty,0,0,655.9751984534811,0,240.3183905400008,13.351021696666711,106.80817357333369,0.9345283874999999,GOOD,ROUTE_AGENT,BROADER_INDIAN_MARINE_REGION
GRID_0624,INDIAN_MARINE,10.75,75.0,45.8725993345747,,1405.0,0.021000002,0.00049999985,0.021005953,91.47748104539838,Straight baseline,0,0,155.2093333537509,0,45.8725993345747,2.5484777408097057,20.387821926477645,0.9947485117499999,GOOD,ROUTE_AGENT,BROADER_INDIAN_MARINE_REGION
GRID_0625,INDIAN_MARINE,19.75,73.75,128.81599507254953,,0.0,,,,119.12019301699696,Straight baseline,0,0,47.456200556133155,0,128.81599507254953,7.1564441706971955,57.251553365577564,,,ROUTE_AGENT,BROADER_INDIAN_MARINE_REGION
GRID_0626,INDIAN_MARINE,8.75,82.0,268.34884427789524,,3827.0,0.0945,-0.18100001,0.20418435,243.5860403234002,Treaty,0,0,310.7472966722977,0,268.34884427789524,14.908269126549735,119.26615301239788,0.9489539124999999,GOOD,ROUTE_AGENT,BROADER_INDIAN_MARINE_REGION
GRID_0627,INDIAN_MARINE,9.75,78.75,213.8846133569568,,0.0,,,,68.81435985941174,Straight baseline,0,0,52.77448769856889,0,213.8846133569568,11.882478519830933,95.05982815864746,,,ROUTE_AGENT,BROADER_INDIAN_MARINE_REGION
GRID_0628,INDIAN_MARINE,16.25,92.5,342.175859263617,,2505.0,-0.030000001,-0.0775,0.08310385,187.1786279378436,Straight baseline,0,0,699.6715744559905,0,342.175859263617,19.009769959089834,152.07815967271867,0.9792240374999999,GOOD,ROUTE_AGENT,BROADER_INDIAN_MARINE_REGION
GRID_0629,INDIAN_MARINE,10.25,73.0,48.30520648764694,,1470.0,0.041500002,0.018,0.045235496,74.64181811295535,Straight baseline,0,0,354.80053495738986,0,48.30520648764694,2.683622582647052,21.468980661176417,0.988691126,GOOD,ROUTE_AGENT,BROADER_INDIAN_MARINE_REGION
GRID_0630,INDIAN_MARINE,19.0,72.25,15.065268440741422,,55.0,0.102000006,-0.10100001,0.14354444,59.27229280522218,Straight baseline,0,0,74.89501029033426,0,15.065268440741422,0.8369593578189679,6.695674862551743,0.9641138899999999,GOOD,ROUTE_AGENT,BROADER_INDIAN_MARINE_REGION
GRID_0631,INDIAN_MARINE,14.75,70.25,307.41441357279797,,3296.0,0.029000001,-0.0395,0.049002554,58.997308698316125,200 NM,0,0,432.6136007256727,0,307.41441357279797,17.07857853182211,136.62862825457688,0.9877493614999999,GOOD,ROUTE_AGENT,BROADER_INDIAN_MARINE_REGION
GRID_0632,INDIAN_MARINE,6.0,78.75,293.2419024198741,,3055.0,0.1815,-0.0045,0.18155578,81.47229345352103,Treaty,0,0,280.0964170989765,0,293.2419024198741,16.291216801104117,130.32973440883293,0.954611055,GOOD,ROUTE_AGENT,BROADER_INDIAN_MARINE_REGION
GRID_0633,INDIAN_MARINE,11.75,68.0,408.93693875296987,,4322.0,0.0505,-0.009,0.051295713,36.36409480953892,200 NM,0,0,788.081506440257,0,408.93693875296987,22.718718819609435,181.74975055687548,0.98717607175,GOOD,ROUTE_AGENT,BROADER_INDIAN_MARINE_REGION
GRID_0634,INDIAN_MARINE,9.75,89.0,375.2664344222957,,3408.0,0.0034999996,0.097500004,0.097562805,6.260044992826932,200 NM,0,0,1039.1695919497895,0,375.2664344222957,20.848135245683093,166.78508196546474,0.97560929875,GOOD,ROUTE_AGENT,BROADER_INDIAN_MARINE_REGION
GRID_0635,INDIAN_MARINE,7.0,71.25,270.1402492899968,,4059.0,0.0925,0.075,0.11908506,104.5187333913034,Treaty,0,0,672.6364132992048,0,270.1402492899968,15.007791627222044,120.06233301777635,0.9702287349999998,GOOD,ROUTE_AGENT,BROADER_INDIAN_MARINE_REGION
GRID_0636,INDIAN_MARINE,16.25,91.75,354.7699606254782,,2295.0,-0.011500001,-0.030000001,0.032128647,129.90398691347747,200 NM,0,0,695.683003830028,0,354.7699606254782,19.70944225697101,157.67553805576807,0.9919678382499999,GOOD,ROUTE_AGENT,BROADER_INDIAN_MARINE_REGION
GRID_0637,INDIAN_MARINE,8.75,77.75,108.4290216041156,,0.0,,,,49.96459739831932,Straight baseline,0,0,27.846499305217534,0,108.4290216041156,6.023834533561978,48.19067626849582,,,ROUTE_AGENT,BROADER_INDIAN_MARINE_REGION
GRID_0638,INDIAN_MARINE,18.5,85.75,493.66611901537,,2188.0,0.49400002,0.043000005,0.49586794,102.84478158792908,Straight baseline,0,0,129.753079482885,0,493.66611901537,27.425895500853887,219.4071640068311,0.876033015,GOOD,ROUTE_AGENT,BROADER_INDIAN_MARINE_REGION
GRID_0639,INDIAN_MARINE,8.75,74.75,139.3013305007953,,2760.0,-0.10650001,-0.088,0.138153,102.01664098099825,Treaty,0,0,242.175044698268,0,139.3013305007953,7.738962805599739,61.91170244479791,0.96546175,GOOD,ROUTE_AGENT,BROADER_INDIAN_MARINE_REGION
GRID_0640,INDIAN_MARINE,13.0,78.25,241.5575228592577,,0.0,,,,213.4803765241112,Straight baseline,0,0,176.21974149428897,0,241.5575228592577,13.419862381069871,107.35889904855897,,,ROUTE_AGENT,BROADER_INDIAN_MARINE_REGION
GRID_0641,INDIAN_MARINE,10.25,74.5,112.69704391982776,,2359.0,0.0,0.076000005,0.076000005,92.08921910914331,Straight baseline,0,0,226.96791506887516,0,112.69704391982776,6.260946884434876,50.08757507547901,0.98099999875,GOOD,ROUTE_AGENT,BROADER_INDIAN_MARINE_REGION
GRID_0642,INDIAN_MARINE,14.0,95.75,347.358021414156,,151.0,0.1375,-0.0065000057,0.13765356,78.4336863886633,Treaty,0,0,1008.0633872411964,0,347.358021414156,19.297667856342,154.381342850736,0.9655866099999999,GOOD,ROUTE_AGENT,BROADER_INDIAN_MARINE_REGION
GRID_0643,INDIAN_MARINE,14.5,86.25,475.7951794988506,,2972.0,0.012000002,-0.043000005,0.044643033,101.99083055774004,200 NM,0,0,579.7530482923162,0,475.7951794988506,26.43306552771392,211.46452422171137,0.9888392417499998,GOOD,ROUTE_AGENT,BROADER_INDIAN_MARINE_REGION
GRID_0644,INDIAN_MARINE,9.75,73.5,56.28767696931389,,1998.0,0.087500006,-0.024500001,0.09086529,5.055890924066752,Straight baseline,0,0,351.7612631810167,0,56.28767696931389,3.1270931649618827,25.01674531969506,0.9772836775,GOOD,ROUTE_AGENT,BROADER_INDIAN_MARINE_REGION
GRID_0645,INDIAN_MARINE,15.5,82.0,15.747730066738058,,2354.0,0.5525,-0.095000006,0.5606079,95.63314425412896,Straight baseline,0,0,351.2782949473443,0,15.747730066738058,0.8748738925965588,6.99899114077247,0.859848025,GOOD,ROUTE_AGENT,BROADER_INDIAN_MARINE_REGION
GRID_0646,INDIAN_MARINE,19.5,71.5,79.0427173304177,,84.0,0.0855,-0.104,0.13463376,92.62319647733854,Straight baseline,0,0,165.40297143980217,0,79.0427173304177,4.391262073912094,35.130096591296756,0.9663415599999998,GOOD,ROUTE_AGENT,BROADER_INDIAN_MARINE_REGION
GRID_0647,INDIAN_MARINE,13.0,81.5,65.10492725215123,,3415.0,-0.0014999956,0.148,0.1480076,131.93672401410728,Straight baseline,0,0,140.19185551483238,0,65.10492725215123,3.6169404028972902,28.935523223178322,0.9629980999999999,GOOD,ROUTE_AGENT,BROADER_INDIAN_MARINE_REGION
GRID_0648,INDIAN_MARINE,9.5,91.5,164.19286604319194,,2821.0,0.091000006,0.031000003,0.096135326,122.9814441620521,Straight baseline,0,0,1311.9752767959876,0,164.19286604319194,9.121825891288442,72.97460713030753,0.9759661684999998,GOOD,ROUTE_AGENT,BROADER_INDIAN_MARINE_REGION
GRID_0649,INDIAN_MARINE,10.25,73.25,21.00058527125074,,1661.0,0.0435,-0.0295,0.05255949,46.85331190927239,Straight baseline,0,0,334.2087517318353,0,21.00058527125074,1.166699181736152,9.333593453889216,0.9868601275,GOOD,ROUTE_AGENT,BROADER_INDIAN_MARINE_REGION
GRID_0650,INDIAN_MARINE,11.25,88.5,413.9789080003911,,3237.0,-0.058500003,0.1435,0.15496613,34.33678267462294,200 NM,0,0,938.691275500276,0,413.9789080003911,22.998828222243947,183.99062577795158,0.9612584675,GOOD,ROUTE_AGENT,BROADER_INDIAN_MARINE_REGION
GRID_0651,INDIAN_MARINE,17.0,71.0,152.20845200006283,,2405.0,-0.044,0.179,0.18432851,141.97487473592338,200 NM,0,0,298.1997008761891,0,152.20845200006283,8.456025111114602,67.64820088891682,0.9539178724999999,GOOD,ROUTE_AGENT,BROADER_INDIAN_MARINE_REGION
GRID_0652,INDIAN_MARINE,7.0,74.25,200.75927357075147,,2767.0,-0.1535,0.13350001,0.20343181,86.40002478374628,Treaty,0,0,367.4546631741525,0,200.75927357075147,11.15329297615286,89.22634380922288,0.9491420474999999,GOOD,ROUTE_AGENT,BROADER_INDIAN_MARINE_REGION
GRID_0653,INDIAN_MARINE,9.75,89.75,298.0611479740961,,3373.0,-0.0395,-0.037,0.05412255,71.14650511490056,200 NM,0,0,1117.9687810548571,0,298.0611479740961,16.55895266522756,132.4716213218205,0.9864693624999998,GOOD,ROUTE_AGENT,BROADER_INDIAN_MARINE_REGION
GRID_0654,INDIAN_MARINE,13.0,91.0,178.40838511371228,,2985.0,0.004499998,0.0335,0.03380089,184.36090562634692,Straight baseline,0,0,984.2939590842502,0,178.40838511371228,9.911576950761793,79.29261560609434,0.9915497775,GOOD,ROUTE_AGENT,BROADER_INDIAN_MARINE_REGION
GRID_0655,INDIAN_MARINE,5.5,76.25,267.97220487883595,,2329.0,-0.083000004,0.18300001,0.20094278,14.718295582643565,Treaty,0,0,324.9194823094342,0,267.97220487883595,14.887344715490887,119.0987577239271,0.949764305,GOOD,ROUTE_AGENT,BROADER_INDIAN_MARINE_REGION
GRID_0656,INDIAN_MARINE,5.0,77.75,343.735121713147,,2631.0,0.0445,0.109500006,0.118196875,51.28901194567274,Treaty,0,0,353.45480538727895,0,343.735121713147,19.09639565073039,152.77116520584312,0.9704507812499998,GOOD,ROUTE_AGENT,BROADER_INDIAN_MARINE_REGION
GRID_0657,INDIAN_MARINE,8.0,81.5,315.09796102734987,,0.0,,,,245.62459947905208,Treaty,0,0,285.8576464206583,0,315.09796102734987,17.505442279297213,140.0435382343777,,,ROUTE_AGENT,BROADER_INDIAN_MARINE_REGION
GRID_0658,INDIAN_MARINE,9.5,77.25,116.54902303452069,,0.0,,,,104.2715377379594,Straight baseline,0,1,0.0,1,116.54902303452069,6.4749457241400385,51.79956579312031,,,ROUTE_AGENT,BROADER_INDIAN_MARINE_REGION
GRID_0659,INDIAN_MARINE,13.75,82.75,206.6604986292818,,3345.0,-0.083000004,-0.12850001,0.15297468,115.76600635162433,200 NM,0,0,294.29473250537717,0,206.6604986292818,11.481138812737877,91.84911050190301,0.9617563299999998,GOOD,ROUTE_AGENT,BROADER_INDIAN_MARINE_REGION
GRID_0660,INDIAN_MARINE,16.0,77.75,287.7824070536969,,0.0,,,,280.2578362703444,Straight baseline,0,0,403.9199147687852,0,287.7824070536969,15.98791150298316,127.90329202386528,,,ROUTE_AGENT,BROADER_INDIAN_MARINE_REGION
GRID_0661,INDIAN_MARINE,7.5,70.0,368.342222552418,,4237.0,0.22950001,0.068500005,0.23950471,59.54006642129518,Treaty,0,0,789.2898560989306,0,368.342222552418,20.463456808467665,163.70765446774132,0.9401238224999999,GOOD,ROUTE_AGENT,BROADER_INDIAN_MARINE_REGION
GRID_0662,INDIAN_MARINE,10.25,87.75,497.1515764573603,,3411.0,0.033000004,0.0605,0.0689148,126.01944962293088,200 NM,0,0,889.1012320635994,0,497.1515764573603,27.619532025408905,220.95625620327124,0.9827713,GOOD,ROUTE_AGENT,BROADER_INDIAN_MARINE_REGION
GRID_0663,INDIAN_MARINE,8.5,90.5,318.15002334829256,,3162.0,0.076000005,0.026,0.080324344,117.51916584480811,200 NM,0,0,1235.0335266539466,0,318.15002334829256,17.675001297127366,141.40001037701893,0.979918914,GOOD,ROUTE_AGENT,BROADER_INDIAN_MARINE_REGION
GRID_0664,INDIAN_MARINE,13.0,68.25,392.00682031033824,,4187.0,-0.026500003,0.028500002,0.03891658,24.4594630210574,200 NM,0,0,700.4151941660915,0,392.00682031033824,21.77815668390768,174.22525347126145,0.9902708549999999,GOOD,ROUTE_AGENT,BROADER_INDIAN_MARINE_REGION
GRID_0665,INDIAN_MARINE,12.25,74.5,22.2954321128563,,107.0,0.04,0.0775,0.08721382,59.27683076033256,Straight baseline,0,0,101.94028536023616,0,22.2954321128563,1.2386351173809056,9.909080939047245,0.9781965449999999,GOOD,ROUTE_AGENT,BROADER_INDIAN_MARINE_REGION
GRID_0666,INDIAN_MARINE,19.0,81.0,329.3124592246514,,0.0,,,,295.18525866450557,Straight baseline,0,0,413.51269347585554,0,329.3124592246514,18.295136623591745,146.36109298873396,,,ROUTE_AGENT,BROADER_INDIAN_MARINE_REGION
GRID_0667,INDIAN_MARINE,18.25,77.0,455.927669521781,,0.0,,,,437.5485957606448,Straight baseline,0,0,208.8367379241834,0,455.927669521781,25.32931497343228,202.63451978745823,,,ROUTE_AGENT,BROADER_INDIAN_MARINE_REGION
GRID_0668,INDIAN_MARINE,9.0,83.25,353.2223982123207,,3743.0,-0.16550002,-0.08,0.18382125,157.4771089167131,200 NM,0,0,442.506165571905,0,353.2223982123207,19.623466567351148,156.98773253880918,0.9540446874999999,GOOD,ROUTE_AGENT,BROADER_INDIAN_MARINE_REGION
GRID_0669,INDIAN_MARINE,16.0,94.75,386.4345434294272,,0.0,,,,53.64196154630261,Straight baseline,0,0,755.0696179141795,0,386.4345434294272,21.468585746079288,171.7486859686343,,,ROUTE_AGENT,BROADER_INDIAN_MARINE_REGION
GRID_0670,INDIAN_MARINE,15.5,79.25,118.64406310932416,,0.0,,,,107.13890996616648,Straight baseline,0,0,310.37740770525363,0,118.64406310932416,6.591336839406898,52.73069471525518,,,ROUTE_AGENT,BROADER_INDIAN_MARINE_REGION
GRID_0671,INDIAN_MARINE,15.25,90.0,365.01983491334727,,2665.0,0.11000001,0.155,0.19006579,9.799024262873536,200 NM,0,0,715.7565255920323,0,365.01983491334727,20.27887971740818,162.23103773926545,0.9524835524999999,GOOD,ROUTE_AGENT,BROADER_INDIAN_MARINE_REGION
GRID_0672,INDIAN_MARINE,12.25,73.75,78.34957021729228,,1820.0,0.050000004,0.01,0.0509902,119.60064950781074,Straight baseline,0,0,183.86840571899705,0,78.34957021729228,4.352753900960682,34.822031207685455,0.98725245,GOOD,ROUTE_AGENT,BROADER_INDIAN_MARINE_REGION
GRID_0673,INDIAN_MARINE,15.75,74.5,130.51685874675545,,0.0,,,,94.67107276846647,Straight baseline,0,0,73.29072169582217,0,130.51685874675545,7.250936597041969,58.00749277633575,,,ROUTE_AGENT,BROADER_INDIAN_MARINE_REGION
GRID_0674,INDIAN_MARINE,19.5,70.75,155.93809852689293,,77.0,0.0555,-0.000500001,0.055502255,129.83222114319517,Straight baseline,0,0,246.32763033452687,0,155.93809852689293,8.663227695938495,69.30582156750796,0.9861244362499999,GOOD,ROUTE_AGENT,BROADER_INDIAN_MARINE_REGION
GRID_0675,INDIAN_MARINE,13.75,97.0,474.44486700954263,,79.0,0.08600001,0.0050000027,0.08614524,85.31058236933642,Straight baseline,0,0,1085.783533248327,0,474.44486700954263,26.358048167196813,210.8643853375745,0.9784636899999999,GOOD,ROUTE_AGENT,BROADER_INDIAN_MARINE_REGION
GRID_0676,INDIAN_MARINE,10.25,83.75,356.0562678883367,,3597.0,-0.2515,-0.0445,0.25540656,45.056963544640624,200 NM,0,0,458.2995080515274,0,356.0562678883367,19.780903771574263,158.2472301725941,0.93614836,GOOD,ROUTE_AGENT,BROADER_INDIAN_MARINE_REGION
GRID_0677,INDIAN_MARINE,16.25,85.0,321.6246829602608,,2883.0,0.0915,0.1555,0.18042311,141.23221502856515,200 NM,0,0,360.00782340259434,0,321.6246829602608,17.86803794223671,142.9443035378937,0.9548942224999999,GOOD,ROUTE_AGENT,BROADER_INDIAN_MARINE_REGION
GRID_0678,INDIAN_MARINE,12.0,92.75,34.160320440089805,,0.0,,,,34.63033039367412,Straight baseline,0,0,1186.2434838342572,0,34.160320440089805,1.8977955800049893,15.182364640039914,,,ROUTE_AGENT,BROADER_INDIAN_MARINE_REGION
GRID_0679,INDIAN_MARINE,15.5,83.25,135.69450301559723,,3106.0,0.315,0.094500005,0.32886967,161.40258821671938,Straight baseline,0,0,444.4673032622501,0,135.69450301559723,7.538583500866513,60.3086680069321,0.9177825824999999,GOOD,ROUTE_AGENT,BROADER_INDIAN_MARINE_REGION
GRID_0680,INDIAN_MARINE,14.0,68.0,453.0397056264493,,4068.0,0.09150001,0.10350001,0.13814667,87.12696741457809,200 NM,0,0,694.187982450258,0,453.0397056264493,25.168872534802738,201.3509802784219,0.9654633324999999,GOOD,ROUTE_AGENT,BROADER_INDIAN_MARINE_REGION
GRID_0681,INDIAN_MARINE,9.75,77.5,151.71180507038596,,0.0,,,,134.92399178012053,Straight baseline,0,0,7.17125756443122,0,151.71180507038596,8.428433615021442,67.42746892017153,,,ROUTE_AGENT,BROADER_INDIAN_MARINE_REGION
GRID_0682,INDIAN_MARINE,10.25,74.25,88.23342501994058,,2403.0,0.008000001,0.028,0.02912044,64.30071290546036,Straight baseline,0,0,252.49071891518116,0,88.23342501994058,4.901856945552255,39.21485556441804,0.9927198899999998,GOOD,ROUTE_AGENT,BROADER_INDIAN_MARINE_REGION
GRID_0683,INDIAN_MARINE,5.5,72.0,356.0198110272563,,2969.0,-0.1525,0.054000005,0.1617784,68.97388046112162,Archipelagic baseline,0,0,668.4064149302651,0,356.0198110272563,19.77887839040313,158.23102712322503,0.9595554,GOOD,ROUTE_AGENT,BROADER_INDIAN_MARINE_REGION
GRID_0684,INDIAN_MARINE,14.25,95.25,305.27589285712077,,94.0,0.056500003,-0.103,0.11747872,56.988712452444155,Treaty,0,0,964.4119042660024,0,305.27589285712077,16.9597718253956,135.6781746031648,0.9706303199999999,GOOD,ROUTE_AGENT,BROADER_INDIAN_MARINE_REGION
GRID_0685,INDIAN_MARINE,18.0,84.75,376.6738413803305,,2466.0,0.282,0.26900002,0.38972428,75.87066870964652,Straight baseline,0,0,158.09050894772875,0,376.6738413803305,20.926324521129473,167.41059616903578,0.9025689299999999,GOOD,ROUTE_AGENT,BROADER_INDIAN_MARINE_REGION
GRID_0686,INDIAN_MARINE,11.5,90.5,209.01425842795345,,3167.0,0.0785,-0.0015000002,0.07851433,189.0927321361821,Straight baseline,0,0,1094.083707569746,0,209.01425842795345,11.611903245997414,92.89522596797931,0.9803714175,GOOD,ROUTE_AGENT,BROADER_INDIAN_MARINE_REGION
GRID_0687,INDIAN_MARINE,11.25,75.5,12.157958485773324,,40.0,0.0045000017,-0.16200002,0.16206251,15.661808283759248,Straight baseline,0,0,82.89601908585763,0,12.157958485773324,0.675442138098518,5.403537104788144,0.8817065947222222,GOOD,ROUTE_AGENT,BROADER_INDIAN_MARINE_REGION
GRID_0688,INDIAN_MARINE,7.5,80.0,329.22121302562647,,0.0,,,,136.86057147541766,Treaty,0,0,208.2597386033004,0,329.22121302562647,18.290067390312583,146.32053912250066,,,ROUTE_AGENT,BROADER_INDIAN_MARINE_REGION
GRID_0689,INDIAN_MARINE,5.25,77.5,308.74767411903787,,2644.0,0.032,0.08850001,0.09410766,12.295040549575743,Treaty,0,0,324.0106052446092,0,308.74767411903787,17.15264856216877,137.22118849735017,0.9764730849999999,GOOD,ROUTE_AGENT,BROADER_INDIAN_MARINE_REGION
GRID_0690,INDIAN_MARINE,17.75,70.75,133.53391091610203,,1284.0,-0.0965,0.0145000005,0.0975833,140.84471548745353,200 NM,0,0,286.9965243706387,0,133.53391091610203,7.418550606450113,59.348404851600904,0.975604175,GOOD,ROUTE_AGENT,BROADER_INDIAN_MARINE_REGION
GRID_0691,INDIAN_MARINE,14.0,68.75,381.98995614007634,,4086.0,-0.007000001,0.14450002,0.14466947,11.421519033561651,200 NM,0,0,612.7168719463073,0,381.98995614007634,21.22166423000424,169.77331384003392,0.9638326325,GOOD,ROUTE_AGENT,BROADER_INDIAN_MARINE_REGION
GRID_0692,INDIAN_MARINE,8.75,77.25,68.96366026890551,,0.0,,,,83.19763769231298,Straight baseline,0,1,0.0,1,68.96366026890551,3.8313144593836395,30.650515675069116,,,ROUTE_AGENT,BROADER_INDIAN_MARINE_REGION
GRID_0693,INDIAN_MARINE,19.75,80.75,415.2296026955958,,0.0,,,,373.79613132103685,Straight baseline,0,0,374.4357467631303,0,415.2296026955958,23.068311260866434,184.54649008693147,,,ROUTE_AGENT,BROADER_INDIAN_MARINE_REGION
GRID_0694,INDIAN_MARINE,6.5,74.0,236.5993520706352,,2699.0,-0.19000001,0.181,0.2624138,70.57885952282999,Archipelagic baseline,0,0,420.13555469068774,0,236.5993520706352,13.144408448368623,105.15526758694898,0.93439655,GOOD,ROUTE_AGENT,BROADER_INDIAN_MARINE_REGION
GRID_0695,INDIAN_MARINE,17.75,82.75,219.991079119624,,0.0,,,,51.6884349064874,Straight baseline,0,0,309.1517966467289,0,219.991079119624,12.22172661775689,97.77381294205512,,,ROUTE_AGENT,BROADER_INDIAN_MARINE_REGION
GRID_0696,INDIAN_MARINE,7.0,76.25,104.82509496050604,,1734.0,-0.057000004,0.17900002,0.18785635,84.02096041007377,Treaty,0,0,182.1256741574067,0,104.82509496050604,5.82361638669478,46.58893109355824,0.9530359124999999,GOOD,ROUTE_AGENT,BROADER_INDIAN_MARINE_REGION
GRID_0697,INDIAN_MARINE,7.0,82.0,438.6196185903572,,31.0,,,,351.60555000717693,Treaty,0,0,395.2712419270441,0,438.6196185903572,24.367756588353178,194.94205270682542,,,ROUTE_AGENT,BROADER_INDIAN_MARINE_REGION
GRID_0698,INDIAN_MARINE,14.75,90.75,268.175933358995,,2754.0,-0.060500003,-0.061500005,0.08626993,59.891453975400616,Treaty,0,0,815.2520411284244,0,268.175933358995,14.898662964388611,119.18930371510889,0.9784325174999999,GOOD,ROUTE_AGENT,BROADER_INDIAN_MARINE_REGION
GRID_0699,INDIAN_MARINE,15.5,95.0,361.35960458331454,,18.0,0.032,0.0175,0.036472596,9.362391010332384,Straight baseline,0,0,818.3407247498956,0,361.35960458331454,20.075533587961917,160.60426870369534,0.741992962111111,GOOD,ROUTE_AGENT,BROADER_INDIAN_MARINE_REGION
GRID_0700,INDIAN_MARINE,8.0,77.5,48.776487405625346,,35.0,-0.231,0.046000004,0.23553556,10.380862681595277,Straight baseline,0,0,16.570355165830655,0,48.776487405625346,2.7098048558680747,21.678438846944598,0.8244494433333334,GOOD,ROUTE_AGENT,BROADER_INDIAN_MARINE_REGION
GRID_0701,INDIAN_MARINE,14.0,81.5,77.62862272060376,,3342.0,-0.012,0.17650001,0.17690746,139.95683074180235,Straight baseline,0,0,184.1886836742825,0,77.62862272060376,4.312701262255764,34.501610098046115,0.9557731349999998,GOOD,ROUTE_AGENT,BROADER_INDIAN_MARINE_REGION
GRID_0702,INDIAN_MARINE,13.0,74.75,41.427269196434175,,19.0,0.08400001,-0.037,0.09178781,0.9383435105767808,Straight baseline,1,0,44.23658766603564,0,41.427269196434175,2.301514955357454,18.412119642859633,0.5859419363888889,MODERATE,ROUTE_AGENT,BROADER_INDIAN_MARINE_REGION
GRID_0703,INDIAN_MARINE,7.25,95.5,480.5270478219654,,1475.0,-0.26500002,-0.041,0.26815295,35.3548948438459,Treaty,0,0,1746.3469113958415,0,480.5270478219654,26.695947101220302,213.56757680976241,0.9329617625,GOOD,ROUTE_AGENT,BROADER_INDIAN_MARINE_REGION
GRID_0704,INDIAN_MARINE,11.25,72.0,31.20661069812779,,1457.0,0.091,0.0045000003,0.09111119,3.0756590368971053,Straight baseline,1,0,398.10627646275657,0,31.20661069812779,1.7337005943404327,13.869604754723461,0.8272222025,GOOD,ROUTE_AGENT,BROADER_INDIAN_MARINE_REGION
GRID_0705,INDIAN_MARINE,6.25,76.25,185.65647848189104,,2128.0,-0.11950001,0.16750002,0.20575838,35.185477825417166,Treaty,0,0,249.99923405060943,0,185.65647848189104,10.314248804549502,82.51399043639601,0.9485604049999998,GOOD,ROUTE_AGENT,BROADER_INDIAN_MARINE_REGION
GRID_0706,INDIAN_MARINE,15.5,93.25,266.6962282875956,,2601.0,0.0165,-0.065,0.067061536,78.66886087309591,Straight baseline,0,0,785.7691165944857,0,266.6962282875956,14.816457127088645,118.53165701670916,0.9832346159999998,GOOD,ROUTE_AGENT,BROADER_INDIAN_MARINE_REGION
GRID_0707,INDIAN_MARINE,6.75,75.75,154.89214659795223,,1903.0,-0.116500005,0.2255,0.2538159,22.430212236594773,Treaty,0,0,241.65014750839563,0,154.89214659795223,8.60511925544179,68.84095404353432,0.936546025,GOOD,ROUTE_AGENT,BROADER_INDIAN_MARINE_REGION
GRID_0708,INDIAN_MARINE,10.5,81.25,83.57939836227652,,3534.0,-0.176,0.256,0.31066382,29.114099050892477,Treaty,0,0,188.4326195915782,0,83.57939836227652,4.643299909015362,37.1463992721229,0.9223340449999999,GOOD,ROUTE_AGENT,BROADER_INDIAN_MARINE_REGION
GRID_0709,INDIAN_MARINE,11.25,76.5,103.62279288679264,,0.0,,,,82.51507030066809,Straight baseline,0,1,0.0,1,103.62279288679264,5.7568218270440354,46.054574616352284,,,ROUTE_AGENT,BROADER_INDIAN_MARINE_REGION
GRID_0710,INDIAN_MARINE,14.5,94.75,270.5318389067646,,88.0,0.14400001,-0.10300001,0.17704521,80.36246312579512,Treaty,0,0,922.914810275074,0,270.5318389067646,15.029546605931367,120.23637284745094,0.9557386975,GOOD,ROUTE_AGENT,BROADER_INDIAN_MARINE_REGION
GRID_0711,INDIAN_MARINE,17.25,75.5,275.82454406888894,,0.0,,,,251.44131061820124,Straight baseline,0,0,180.08725844214248,0,275.82454406888894,15.32358578160494,122.58868625283952,,,ROUTE_AGENT,BROADER_INDIAN_MARINE_REGION
GRID_0712,INDIAN_MARINE,18.0,74.25,167.99739193029257,,0.0,,,,132.977774653667,Straight baseline,0,0,54.2274490204119,0,167.99739193029257,9.33318844057181,74.66550752457448,,,ROUTE_AGENT,BROADER_INDIAN_MARINE_REGION
GRID_0713,INDIAN_MARINE,15.5,93.75,284.5400291337315,,186.0,0.017,-0.134,0.13507406,55.51405342940042,Straight baseline,0,0,790.3266485202214,0,284.5400291337315,15.807779396318416,126.46223517054733,0.966231485,GOOD,ROUTE_AGENT,BROADER_INDIAN_MARINE_REGION
GRID_0714,INDIAN_MARINE,8.75,89.0,423.0641904272385,,3491.0,0.08100001,0.021499999,0.08380484,37.64472665126899,200 NM,0,0,1066.7474631148002,0,423.0641904272385,23.503566134846583,188.02852907877266,0.97904879,GOOD,ROUTE_AGENT,BROADER_INDIAN_MARINE_REGION
GRID_0715,INDIAN_MARINE,9.0,77.5,107.33158811111618,,0.0,,,,86.08702354836737,Straight baseline,0,0,24.148937662970955,0,107.33158811111618,5.962866006173121,47.702928049384965,,,ROUTE_AGENT,BROADER_INDIAN_MARINE_REGION
GRID_0716,INDIAN_MARINE,13.0,80.25,34.21600333511107,,0.0,,,,5.079632110663635,Straight baseline,0,0,4.293296531498212,1,34.21600333511107,1.900889074172837,15.207112593382696,,,ROUTE_AGENT,BROADER_INDIAN_MARINE_REGION
GRID_0717,INDIAN_MARINE,16.25,89.75,460.13836318138385,,2539.0,0.182,0.23250002,0.29526302,69.1351052680036,200 NM,0,0,615.34289350655,0,460.13836318138385,25.56324239896577,204.50593919172616,0.926184245,GOOD,ROUTE_AGENT,BROADER_INDIAN_MARINE_REGION
GRID_0718,INDIAN_MARINE,17.5,73.5,78.61627906568592,,0.0,,,,38.495973783332346,Straight baseline,0,0,21.71598836489874,0,78.61627906568592,4.367571059204773,34.94056847363819,,,ROUTE_AGENT,BROADER_INDIAN_MARINE_REGION
GRID_0719,INDIAN_MARINE,7.25,90.0,463.77729791115274,,2725.0,-0.26900002,0.08450001,0.28195968,13.551980185474784,200 NM,0,0,1217.102746189153,0,463.77729791115274,25.765405439508484,206.12324351606787,0.92951008,GOOD,ROUTE_AGENT,BROADER_INDIAN_MARINE_REGION
GRID_0720,INDIAN_MARINE,20.75,68.5,402.27879578881857,,2518.0,-0.048500005,-0.017,0.0513931,192.8076678674863,Straight baseline,0,0,276.5279157063838,0,402.27879578881857,22.348821988267698,178.79057590614158,0.9871517249999999,GOOD,ROUTE_AGENT,BROADER_INDIAN_MARINE_REGION
GRID_0721,INDIAN_MARINE,21.25,68.25,443.1280317328728,,175.0,0.024500001,-0.10650001,0.109281756,148.06836310749776,Straight baseline,0,0,256.5615523969847,0,443.1280317328728,24.6182239851596,196.9457918812768,0.9726795609999999,GOOD,ROUTE_AGENT,BROADER_INDIAN_MARINE_REGION
GRID_0722,INDIAN_MARINE,11.0,68.75,336.69819528514586,,4396.0,0.0665,-0.0505,0.083501495,29.89547912504704,200 NM,0,0,742.4665368057692,0,336.69819528514586,18.705455293619213,149.6436423489537,0.97912462625,GOOD,ROUTE_AGENT,BROADER_INDIAN_MARINE_REGION
GRID_0723,INDIAN_MARINE,16.5,76.5,348.66445733475865,,0.0,,,,331.3702572873762,Straight baseline,0,0,273.50244380039913,0,348.66445733475865,19.370247629708814,154.9619810376705,,,ROUTE_AGENT,BROADER_INDIAN_MARINE_REGION
GRID_0724,INDIAN_MARINE,16.75,81.75,88.9337655151887,,0.0,,,,46.973179515058334,Straight baseline,0,0,467.4123459602998,0,88.9337655151887,4.940764750843816,39.52611800675053,,,ROUTE_AGENT,BROADER_INDIAN_MARINE_REGION
GRID_0725,INDIAN_MARINE,14.75,77.0,325.8275150064876,,0.0,,,,293.9647188057184,Straight baseline,0,0,248.05267377644623,0,325.8275150064876,18.101528611471533,144.81222889177226,,,ROUTE_AGENT,BROADER_INDIAN_MARINE_REGION
GRID_0726,INDIAN_MARINE,16.0,69.5,339.28762166975224,,3641.0,0.012499999,-0.076500006,0.07751452,42.582163073386795,200 NM,0,0,483.9225181017788,0,339.28762166975224,18.849312314986236,150.79449851988988,0.9806213699999999,GOOD,ROUTE_AGENT,BROADER_INDIAN_MARINE_REGION
GRID_0727,INDIAN_MARINE,9.75,74.0,82.77485800295557,,2424.0,0.056500003,-0.020000003,0.059935383,47.90653049650461,Straight baseline,0,0,302.5172900769015,0,82.77485800295557,4.59860322238642,36.78882577909136,0.98501615425,GOOD,ROUTE_AGENT,BROADER_INDIAN_MARINE_REGION
GRID_0728,INDIAN_MARINE,9.0,93.25,189.6961709064024,,1293.0,-0.050500005,-0.12100001,0.1311154,48.28006048567562,Straight baseline,0,0,1498.2829077499298,0,189.6961709064024,10.5386761614668,84.3094092917344,0.9672211499999999,GOOD,ROUTE_AGENT,BROADER_INDIAN_MARINE_REGION
GRID_0729,INDIAN_MARINE,20.0,73.25,76.1517657768262,,0.0,,,,70.75582563778765,Straight baseline,0,0,90.1385609313316,0,76.1517657768262,4.230653654268122,33.84522923414497,,,ROUTE_AGENT,BROADER_INDIAN_MARINE_REGION
GRID_0730,INDIAN_MARINE,5.75,76.0,245.82710872018552,,2165.0,-0.0815,0.22500001,0.23930578,20.467342009794766,Treaty,0,0,312.4066043632872,0,245.82710872018552,13.657061595565862,109.2564927645269,0.9401735549999999,GOOD,ROUTE_AGENT,BROADER_INDIAN_MARINE_REGION
GRID_0731,INDIAN_MARINE,9.0,92.25,192.73432667237088,,1305.0,-0.021499991,0.002000004,0.021592814,54.96817453797574,Straight baseline,0,0,1408.7225024900426,0,192.73432667237088,10.707462592909494,85.65970074327595,0.9946017965,GOOD,ROUTE_AGENT,BROADER_INDIAN_MARINE_REGION
GRID_0732,INDIAN_MARINE,10.75,68.25,396.58611313642945,,4458.0,0.08950001,0.0,0.08950001,31.773445999812424,200 NM,0,0,804.7309177538322,0,396.58611313642945,22.03256184091275,176.260494727302,0.9776249975,GOOD,ROUTE_AGENT,BROADER_INDIAN_MARINE_REGION
GRID_0733,INDIAN_MARINE,10.75,79.75,67.52909992452902,,0.0,,,,13.324728321814357,Straight baseline,0,0,39.83887639745879,0,67.52909992452902,3.7516166624738343,30.012933299790674,,,ROUTE_AGENT,BROADER_INDIAN_MARINE_REGION
GRID_0734,INDIAN_MARINE,17.5,74.75,206.70570659280503,,0.0,,,,174.5731196049622,Straight baseline,0,0,99.83435496728858,0,206.70570659280503,11.483650366266946,91.86920293013557,,,ROUTE_AGENT,BROADER_INDIAN_MARINE_REGION
GRID_0735,INDIAN_MARINE,11.0,75.5,22.27430162391198,,45.0,0.031,-0.16600001,0.16886978,29.031092182461844,Straight baseline,0,0,94.00567477264894,0,22.27430162391198,1.2374612013284434,9.899689610627547,0.9188936661111111,GOOD,ROUTE_AGENT,BROADER_INDIAN_MARINE_REGION
GRID_0736,INDIAN_MARINE,11.75,83.25,274.5502639004467,,3471.0,0.1315,-0.0645,0.14646673,26.901780929993127,200 NM,0,0,360.21554121031977,0,274.5502639004467,15.252792438913705,122.02233951130964,0.9633833175,GOOD,ROUTE_AGENT,BROADER_INDIAN_MARINE_REGION
GRID_0737,INDIAN_MARINE,16.0,94.0,345.9872787295214,,69.0,-0.12100001,-0.037000004,0.12653063,21.02125457767009,Straight baseline,0,0,736.9470331328283,0,345.9872787295214,19.22151548497341,153.77212387978727,0.9683673424999999,GOOD,ROUTE_AGENT,BROADER_INDIAN_MARINE_REGION
GRID_0738,INDIAN_MARINE,11.0,94.5,170.61439916086476,,3132.0,-0.27400002,-0.049500003,0.27843538,98.17420235380624,Treaty,0,0,1311.538383746342,0,170.61439916086476,9.478577731159154,75.82862184927323,0.9303911549999999,GOOD,ROUTE_AGENT,BROADER_INDIAN_MARINE_REGION
GRID_0739,INDIAN_MARINE,11.75,77.5,223.18694497013527,,0.0,,,,207.4656177079677,Straight baseline,0,0,58.564325445620824,0,223.18694497013527,12.39927472056307,99.19419776450457,,,ROUTE_AGENT,BROADER_INDIAN_MARINE_REGION
GRID_0740,INDIAN_MARINE,11.75,75.25,7.045993312913411,,27.0,-0.015000002,-0.0675,0.06914659,10.740000345302343,Straight baseline,0,0,58.90364340667209,0,7.045993312913411,0.39144407293963396,3.1315525835170717,0.8038244636111112,GOOD,ROUTE_AGENT,BROADER_INDIAN_MARINE_REGION
GRID_0741,INDIAN_MARINE,16.25,71.75,98.15490655959884,,1704.0,-0.0695,0.038500004,0.07945124,176.84593666156536,Straight baseline,0,0,232.06448786414376,0,98.15490655959884,5.4530503644221575,43.62440291537726,0.98013719,GOOD,ROUTE_AGENT,BROADER_INDIAN_MARINE_REGION
GRID_0742,INDIAN_MARINE,10.5,69.5,279.3197123693289,,4493.0,0.07,0.053500004,0.08810364,89.94254924345172,200 NM,0,0,689.0990828340615,0,279.3197123693289,15.51776179829605,124.1420943863684,0.97797409,GOOD,ROUTE_AGENT,BROADER_INDIAN_MARINE_REGION
GRID_0743,INDIAN_MARINE,14.5,69.75,334.5507460535137,,3918.0,0.015999999,-0.014500001,0.021592824,45.25430887237071,200 NM,0,0,492.00523654539273,0,334.5507460535137,18.58615255852854,148.6892204682283,0.994601794,GOOD,ROUTE_AGENT,BROADER_INDIAN_MARINE_REGION
GRID_0744,INDIAN_MARINE,11.0,79.5,87.62754192384368,,0.0,,,,40.43680591554255,Straight baseline,0,0,38.89473899194617,0,87.62754192384368,4.868196773546871,38.94557418837497,,,ROUTE_AGENT,BROADER_INDIAN_MARINE_REGION
GRID_0745,INDIAN_MARINE,14.75,94.5,265.7029632536836,,59.0,0.15750001,-0.0675,0.1713549,91.20626832192544,Straight baseline,0,0,888.963707720063,0,265.7029632536836,14.761275736315756,118.09020589052605,0.957161275,GOOD,ROUTE_AGENT,BROADER_INDIAN_MARINE_REGION
GRID_0746,INDIAN_MARINE,12.25,68.75,329.2024832361172,,4307.0,-0.046,0.0635,0.078410774,46.60727774709244,200 NM,0,0,687.3093753555459,0,329.2024832361172,18.289026846450955,146.31221477160764,0.9803973065,GOOD,ROUTE_AGENT,BROADER_INDIAN_MARINE_REGION
GRID_0747,INDIAN_MARINE,12.0,80.25,1.5831383941625314,,1507.0,0.054,0.11950001,0.13113448,35.833636471525615,Straight baseline,0,0,75.62638115697237,0,1.5831383941625314,0.08795213300902953,0.7036170640722362,0.96721638,GOOD,ROUTE_AGENT,BROADER_INDIAN_MARINE_REGION
GRID_0748,INDIAN_MARINE,12.25,93.5,77.66388999256354,,1778.0,-0.0825,0.19900002,0.21542343,97.87593244134528,Straight baseline,0,0,1159.426970646459,0,77.66388999256354,4.314660555142419,34.51728444113935,0.9461441424999999,GOOD,ROUTE_AGENT,BROADER_INDIAN_MARINE_REGION
GRID_0749,INDIAN_MARINE,18.0,70.75,130.55270769311147,,245.0,-0.026500002,-0.012499999,0.029300172,148.52157324402327,200 NM,0,0,272.4984139691051,0,130.55270769311147,7.25292820517286,58.02342564138288,0.992674957,GOOD,ROUTE_AGENT,BROADER_INDIAN_MARINE_REGION
GRID_0750,INDIAN_MARINE,7.0,94.5,446.3957825414767,,2640.0,-0.15850002,-0.17500001,0.23610857,35.7037068145217,Treaty,0,0,1708.2043315021967,0,446.3957825414767,24.799765696748707,198.39812557398966,0.9409728575,GOOD,ROUTE_AGENT,BROADER_INDIAN_MARINE_REGION
GRID_0751,INDIAN_MARINE,13.5,78.25,246.79468729868273,,0.0,,,,225.5768496665591,Straight baseline,0,0,204.2090994625783,0,246.79468729868273,13.71081596103793,109.68652768830344,,,ROUTE_AGENT,BROADER_INDIAN_MARINE_REGION
GRID_0752,INDIAN_MARINE,12.0,79.75,46.09014345964548,,0.0,,,,15.851339104980726,Straight baseline,0,0,60.71707435071702,0,46.09014345964548,2.5605635255358603,20.484508204286882,,,ROUTE_AGENT,BROADER_INDIAN_MARINE_REGION
GRID_0753,INDIAN_MARINE,7.0,82.75,475.90956228946527,,3927.0,0.093499996,-0.22200002,0.2408864,276.3303180192069,200 NM,0,0,462.9546314433975,0,475.90956228946527,26.439420127192516,211.51536101754013,0.9397784,GOOD,ROUTE_AGENT,BROADER_INDIAN_MARINE_REGION
GRID_0754,INDIAN_MARINE,14.5,68.0,479.09853993041486,,4013.0,0.0995,0.104,0.1439314,112.12724315513378,200 NM,0,0,682.9543255368771,0,479.09853993041486,26.616585551689713,212.9326844135177,0.9640171499999999,GOOD,ROUTE_AGENT,BROADER_INDIAN_MARINE_REGION
GRID_0755,INDIAN_MARINE,10.75,68.75,344.2166435579947,,4408.0,0.062000006,-0.075500004,0.09769469,20.75484940824243,200 NM,0,0,753.6648378915188,0,344.2166435579947,19.123146864333037,152.9851749146643,0.9755763275,GOOD,ROUTE_AGENT,BROADER_INDIAN_MARINE_REGION
GRID_0756,INDIAN_MARINE,14.25,97.0,484.1089816586456,,59.0,0.094000004,0.097,0.13507405,46.72843011123433,Straight baseline,0,0,1033.9555036163902,0,484.1089816586456,26.89494342548031,215.15954740384248,0.9662314875,GOOD,ROUTE_AGENT,BROADER_INDIAN_MARINE_REGION
GRID_0757,INDIAN_MARINE,14.25,74.0,1.4555153541727373,,44.0,0.054500002,-0.0355,0.065042295,40.92072134824142,Straight baseline,0,0,113.61860152466014,0,1.4555153541727373,0.08086196412070762,0.646895712965661,0.9370727595833332,GOOD,ROUTE_AGENT,BROADER_INDIAN_MARINE_REGION
GRID_0758,INDIAN_MARINE,11.75,79.25,88.72633190776355,,0.0,,,,59.57971566069784,Straight baseline,0,0,66.62648665851265,0,88.72633190776355,4.929240661542419,39.43392529233935,,,ROUTE_AGENT,BROADER_INDIAN_MARINE_REGION
GRID_0759,INDIAN_MARINE,18.0,72.5,23.106265702283423,,36.0,0.063,-0.038000003,0.0735731,53.74020908156081,Straight baseline,0,0,123.32678489459126,0,23.106265702283423,1.2836814279046347,10.269451423237077,0.872717836111111,GOOD,ROUTE_AGENT,BROADER_INDIAN_MARINE_REGION
GRID_0760,INDIAN_MARINE,6.75,72.5,206.60948424656976,,1454.0,-0.0705,0.10800001,0.12897384,21.852342060580664,Archipelagic baseline,0,0,552.6586441097982,0,206.60948424656976,11.478304680364987,91.8264374429199,0.9677565399999999,GOOD,ROUTE_AGENT,BROADER_INDIAN_MARINE_REGION
GRID_0761,INDIAN_MARINE,6.25,77.75,212.49116281846844,,2296.0,0.000500001,-0.09250001,0.09250136,28.883478404114047,Treaty,0,0,214.6352296022199,0,212.49116281846844,11.805064601026025,94.4405168082082,0.97687466,GOOD,ROUTE_AGENT,BROADER_INDIAN_MARINE_REGION
GRID_0762,INDIAN_MARINE,6.0,73.0,275.8443871075284,,274.0,-0.2095,0.18150002,0.27718675,46.92384511458226,Archipelagic baseline,0,0,544.1970237562771,0,275.8443871075284,15.324688172640467,122.59750538112374,0.9307033124999999,GOOD,ROUTE_AGENT,BROADER_INDIAN_MARINE_REGION
GRID_0763,INDIAN_MARINE,17.75,83.5,261.8825492091555,,44.0,,,,5.9009396202152455,Straight baseline,0,0,247.45485923858948,0,261.8825492091555,14.549030511619751,116.39224409295801,,,ROUTE_AGENT,BROADER_INDIAN_MARINE_REGION
GRID_0764,INDIAN_MARINE,14.25,91.25,191.6657559187906,,2772.0,-0.055,-0.09950001,0.11368927,76.31578298358762,Treaty,0,0,888.9504039511615,0,191.6657559187906,10.648097551043923,85.18478040835139,0.9715776825,GOOD,ROUTE_AGENT,BROADER_INDIAN_MARINE_REGION
GRID_0765,INDIAN_MARINE,15.25,81.75,50.00508503592766,,2534.0,0.4605,-0.0625,0.46472198,101.62787214443318,Straight baseline,0,0,311.85265206994404,0,50.00508503592766,2.778060279773759,22.22448223819007,0.883819505,GOOD,ROUTE_AGENT,BROADER_INDIAN_MARINE_REGION
GRID_0766,INDIAN_MARINE,12.25,94.25,146.27552080407358,,932.0,-0.008,0.09,0.09035485,137.39779199801316,Treaty,0,0,1167.0544446354493,0,146.27552080407358,8.126417822448532,65.01134257958826,0.9774112874999998,GOOD,ROUTE_AGENT,BROADER_INDIAN_MARINE_REGION
GRID_0767,INDIAN_MARINE,6.25,71.75,294.3933008121009,,3318.0,-0.18400002,-0.0014999998,0.18400612,89.6555461388648,Archipelagic baseline,0,0,652.001634357846,0,294.3933008121009,16.35518337845005,130.8414670276004,0.9539984699999999,GOOD,ROUTE_AGENT,BROADER_INDIAN_MARINE_REGION
GRID_0768,INDIAN_MARINE,19.75,74.0,154.7479593112512,,0.0,,,,146.58512526417502,Straight baseline,0,0,32.444165674360654,0,154.7479593112512,8.597108850625068,68.77687080500054,,,ROUTE_AGENT,BROADER_INDIAN_MARINE_REGION
GRID_0769,INDIAN_MARINE,15.5,90.0,382.9230411171529,,2663.0,0.14050001,0.16750002,0.21862413,5.415011478267523,200 NM,0,0,695.0555691936764,0,382.9230411171529,21.27350228428627,170.18801827429016,0.9453439674999999,GOOD,ROUTE_AGENT,BROADER_INDIAN_MARINE_REGION
GRID_0770,INDIAN_MARINE,17.75,77.0,441.0446931712992,,0.0,,,,425.52654563047656,Straight baseline,0,0,265.789230802177,0,441.0446931712992,24.502482953961064,196.0198636316885,,,ROUTE_AGENT,BROADER_INDIAN_MARINE_REGION
GRID_0771,INDIAN_MARINE,13.25,70.75,159.99393581937704,,2886.0,-0.023500001,-0.082,0.08530094,158.2910131975577,Straight baseline,0,0,437.5525516975904,0,159.99393581937704,8.888551989965391,71.10841591972313,0.9786747649999998,GOOD,ROUTE_AGENT,BROADER_INDIAN_MARINE_REGION
GRID_0772,INDIAN_MARINE,21.0,75.0,283.7584658943769,,0.0,,,,296.8362859649883,Straight baseline,0,0,149.54746517965114,0,283.7584658943769,15.764359216354272,126.11487373083418,,,ROUTE_AGENT,BROADER_INDIAN_MARINE_REGION
GRID_0773,INDIAN_MARINE,15.75,72.25,69.69044108159311,,1780.0,-0.0515,0.14850001,0.15717666,134.59796173315218,Straight baseline,0,0,188.6098743711581,0,69.69044108159311,3.871691171199617,30.973529369596935,0.960705835,GOOD,ROUTE_AGENT,BROADER_INDIAN_MARINE_REGION
GRID_0774,INDIAN_MARINE,19.25,78.25,480.6771651449161,,0.0,,,,489.4429636918898,Straight baseline,0,0,210.54567510123536,0,480.6771651449161,26.704286952495337,213.6342956199627,,,ROUTE_AGENT,BROADER_INDIAN_MARINE_REGION
GRID_0775,INDIAN_MARINE,14.75,91.5,213.84350312049975,,2664.0,-0.065000005,-0.21100001,0.22078498,13.10439176959358,Treaty,0,0,843.6047518733354,0,213.84350312049975,11.880194617805541,95.04155694244433,0.9448037549999999,GOOD,ROUTE_AGENT,BROADER_INDIAN_MARINE_REGION
GRID_0776,INDIAN_MARINE,11.25,79.5,72.26995047975618,,0.0,,,,39.28261483488564,Straight baseline,0,0,35.48234266506127,0,72.26995047975618,4.014997248875343,32.11997799100274,,,ROUTE_AGENT,BROADER_INDIAN_MARINE_REGION
GRID_0777,INDIAN_MARINE,12.5,95.75,308.86265487806423,,2561.0,0.09,-0.23200001,0.24884534,20.747181004955777,Treaty,0,0,1172.252193194944,0,308.86265487806423,17.159036382114678,137.27229105691742,0.937788665,GOOD,ROUTE_AGENT,BROADER_INDIAN_MARINE_REGION
GRID_0778,INDIAN_MARINE,20.25,80.75,470.158626491319,,0.0,,,,416.2944712955099,Straight baseline,0,0,342.59403802498827,0,470.158626491319,26.119923693962168,208.95938955169734,,,ROUTE_AGENT,BROADER_INDIAN_MARINE_REGION
GRID_0779,INDIAN_MARINE,16.5,95.75,496.12610142112896,,0.0,,,,147.19002742667942,Straight baseline,0,0,739.5341273023507,0,496.12610142112896,27.56256119006272,220.50048952050176,,,ROUTE_AGENT,BROADER_INDIAN_MARINE_REGION
GRID_0780,INDIAN_MARINE,18.5,83.75,343.9650844034895,,0.0,,,,43.87560362371867,Straight baseline,0,0,167.42580150332333,0,343.9650844034895,19.109171355749417,152.87337084599534,,,ROUTE_AGENT,BROADER_INDIAN_MARINE_REGION
GRID_0781,INDIAN_MARINE,11.75,71.5,29.63653780472325,,1844.0,0.20500001,0.0055000004,0.20507377,30.94864808025721,Straight baseline,0,0,428.51959310855955,0,29.63653780472325,1.646474322484625,13.171794579877,0.9487315574999999,GOOD,ROUTE_AGENT,BROADER_INDIAN_MARINE_REGION
GRID_0782,INDIAN_MARINE,6.5,73.75,227.74055031696503,,2201.0,-0.19550002,0.164,0.25517887,43.6688540280319,Archipelagic baseline,0,0,443.7635149281733,0,227.74055031696503,12.652252795386946,101.21802236309557,0.9362052825,GOOD,ROUTE_AGENT,BROADER_INDIAN_MARINE_REGION
GRID_0783,INDIAN_MARINE,11.25,90.0,252.92141820657,,3181.0,0.051,-0.0185,0.05425173,132.55714978337414,200 NM,0,0,1088.0613320156654,0,252.92141820657,14.051189900365,112.40951920292,0.9864370674999998,GOOD,ROUTE_AGENT,BROADER_INDIAN_MARINE_REGION
GRID_0784,INDIAN_MARINE,7.25,82.5,437.91327601848496,,3904.0,0.001500003,-0.2475,0.24750455,303.2872606924849,200 NM,0,0,424.4714908936122,0,437.91327601848496,24.328515334360276,194.6281226748822,0.9381238624999999,GOOD,ROUTE_AGENT,BROADER_INDIAN_MARINE_REGION
GRID_0785,INDIAN_MARINE,15.75,85.75,398.6072311028167,,2849.0,-0.13250001,0.033000004,0.13654763,43.631343248255035,200 NM,0,0,426.7648872841293,0,398.6072311028167,22.144846172378706,177.15876937902965,0.9658630925,GOOD,ROUTE_AGENT,BROADER_INDIAN_MARINE_REGION
GRID_0786,INDIAN_MARINE,8.5,91.25,275.6554892614054,,3698.0,0.011,-0.013499998,0.017414073,179.2053863127351,Straight baseline,0,0,1315.6757725013117,0,275.6554892614054,15.314193847855856,122.51355078284685,0.9956464817499999,GOOD,ROUTE_AGENT,BROADER_INDIAN_MARINE_REGION
GRID_0787,INDIAN_MARINE,9.5,80.75,131.71329445010204,,20.0,,,,96.8738490135608,Treaty,0,0,169.3188339778656,0,131.71329445010204,7.317405247227891,58.53924197782313,,,ROUTE_AGENT,BROADER_INDIAN_MARINE_REGION
GRID_0788,INDIAN_MARINE,20.75,70.0,255.42971291839717,,61.0,0.10700001,-0.009,0.10737784,91.74584930404713,Straight baseline,0,0,210.06693826233996,0,255.42971291839717,14.190539606577621,113.52431685262097,0.9731555399999998,GOOD,ROUTE_AGENT,BROADER_INDIAN_MARINE_REGION
GRID_0789,INDIAN_MARINE,17.5,82.0,174.22502158701457,,0.0,,,,96.95404176498762,Straight baseline,0,0,394.38038921071075,0,174.22502158701457,9.679167865945253,77.43334292756202,,,ROUTE_AGENT,BROADER_INDIAN_MARINE_REGION
GRID_0790,INDIAN_MARINE,11.0,96.75,410.9990109723285,,309.0,-0.086,-0.11850001,0.14641808,93.98257961717714,Straight baseline,0,0,1367.827417207832,0,410.9990109723285,22.833278387351584,182.66622709881267,0.96339548,GOOD,ROUTE_AGENT,BROADER_INDIAN_MARINE_REGION
GRID_0791,INDIAN_MARINE,17.25,80.5,160.22811822380427,,0.0,,,,165.12803723021148,Straight baseline,0,0,494.7717415296172,0,160.22811822380427,8.901562123544682,71.21249698835746,,,ROUTE_AGENT,BROADER_INDIAN_MARINE_REGION
GRID_0792,INDIAN_MARINE,15.5,86.5,480.4089894014868,,2851.0,-0.0325,-0.083,0.08913613,31.4585420882926,200 NM,0,0,478.047571724297,0,480.4089894014868,26.689388300082598,213.51510640066078,0.9777159675,GOOD,ROUTE_AGENT,BROADER_INDIAN_MARINE_REGION
GRID_0793,INDIAN_MARINE,9.5,90.25,262.2655807231708,,3044.0,0.056500003,0.038000003,0.068090014,117.69093764812924,200 NM,0,0,1179.7771545460666,0,262.2655807231708,14.570310040176155,116.56248032140924,0.9829774965,GOOD,ROUTE_AGENT,BROADER_INDIAN_MARINE_REGION
GRID_0794,INDIAN_MARINE,18.5,80.5,285.9209204925121,,0.0,,,,289.9190209863623,Straight baseline,0,0,475.76513878969274,0,285.9209204925121,15.884495582917339,127.07596466333871,,,ROUTE_AGENT,BROADER_INDIAN_MARINE_REGION
GRID_0795,INDIAN_MARINE,14.5,70.0,317.64272022569594,,3526.0,0.022499999,-0.047000002,0.052108064,64.42222506533275,200 NM,0,0,464.61984972404264,0,317.64272022569594,17.64681779031644,141.17454232253152,0.9869729839999999,GOOD,ROUTE_AGENT,BROADER_INDIAN_MARINE_REGION
GRID_0796,INDIAN_MARINE,11.5,87.75,498.38999016369365,,3312.0,-0.09700001,0.075,0.12261322,116.89215152646086,200 NM,0,0,851.247010841245,0,498.38999016369365,27.688332786871868,221.50666229497494,0.969346695,GOOD,ROUTE_AGENT,BROADER_INDIAN_MARINE_REGION
GRID_0797,INDIAN_MARINE,15.0,74.5,90.70781546352086,,0.0,,,,53.0796733688202,Straight baseline,0,0,51.005710362546786,0,90.70781546352086,5.039323081306715,40.31458465045372,,,ROUTE_AGENT,BROADER_INDIAN_MARINE_REGION
GRID_0798,INDIAN_MARINE,8.75,80.5,212.13344059132564,,0.0,,,,112.4910923772903,Treaty,0,0,149.03592924627395,0,212.13344059132564,11.785191143962535,94.28152915170028,,,ROUTE_AGENT,BROADER_INDIAN_MARINE_REGION
GRID_0799,INDIAN_MARINE,15.75,93.25,293.66447900217554,,2553.0,-0.010000002,-0.114999995,0.11543395,103.8711583042646,Straight baseline,0,0,756.904038345246,0,293.66447900217554,16.31469327789864,130.51754622318913,0.9711415125,GOOD,ROUTE_AGENT,BROADER_INDIAN_MARINE_REGION
GRID_0800,INDIAN_MARINE,19.0,85.25,487.89311792845695,,188.0,0.3175,0.0405,0.32007265,22.992075739803916,Straight baseline,0,0,49.28200957202951,0,487.89311792845695,27.105173218247607,216.84138574598086,0.9199818375,GOOD,ROUTE_AGENT,BROADER_INDIAN_MARINE_REGION
GRID_0801,INDIAN_MARINE,12.0,97.0,433.2445581921934,,237.0,0.012,-0.20050001,0.2008588,54.37198902754139,Straight baseline,0,0,1270.062329424852,0,433.2445581921934,24.06914212178852,192.55313697430816,0.9497852999999998,GOOD,ROUTE_AGENT,BROADER_INDIAN_MARINE_REGION
GRID_0802,INDIAN_MARINE,8.5,93.25,243.71645518835655,,842.0,-0.132,-0.131,0.18597043,27.12075468584829,Straight baseline,0,0,1532.2136605953178,0,243.71645518835655,13.539803066019807,108.31842452815846,0.9535073924999999,GOOD,ROUTE_AGENT,BROADER_INDIAN_MARINE_REGION
GRID_0803,INDIAN_MARINE,11.25,69.75,224.1258877743431,,4337.0,-0.012,0.096,0.09674709,144.56189846572576,200 NM,0,0,628.9055218348174,0,224.1258877743431,12.451438209685728,99.61150567748582,0.9758132275,GOOD,ROUTE_AGENT,BROADER_INDIAN_MARINE_REGION
GRID_0804,INDIAN_MARINE,7.5,77.25,63.18551670307865,,91.0,-0.105000004,0.040000003,0.11236103,72.90408278600269,Straight baseline,0,0,75.40641385883315,0,63.18551670307865,3.5103064835043694,28.082451868034955,0.9719097424999998,GOOD,ROUTE_AGENT,BROADER_INDIAN_MARINE_REGION
GRID_0805,INDIAN_MARINE,13.25,82.75,198.38989425261823,,3386.0,-0.0985,-0.033500005,0.10404085,113.37703221151304,200 NM,0,0,281.553038144271,0,198.38989425261823,11.021660791812124,88.17328633449699,0.9739897874999999,GOOD,ROUTE_AGENT,BROADER_INDIAN_MARINE_REGION
GRID_0806,INDIAN_MARINE,8.5,73.25,6.182161387801135,,1408.0,-0.16100001,0.20650001,0.26184586,11.804609451260362,Straight baseline,0,0,410.9395221252322,0,6.182161387801135,0.3434534104333964,2.747627283467171,0.934538535,GOOD,ROUTE_AGENT,BROADER_INDIAN_MARINE_REGION
GRID_0807,INDIAN_MARINE,8.5,96.75,495.1123841709585,,497.0,0.26900002,0.092500016,0.28445962,123.39753319846952,Treaty,0,0,1638.529063625578,0,495.1123841709585,27.50624356505325,220.049948520426,0.9288850949999998,GOOD,ROUTE_AGENT,BROADER_INDIAN_MARINE_REGION
GRID_0808,INDIAN_MARINE,10.5,90.0,249.6323834791689,,3252.0,-0.13850002,-0.042000003,0.14472821,125.3079455750639,200 NM,0,0,1120.5376704240334,0,249.6323834791689,13.868465748842716,110.94772599074173,0.9638179474999999,GOOD,ROUTE_AGENT,BROADER_INDIAN_MARINE_REGION
GRID_0809,INDIAN_MARINE,14.75,75.0,118.11577960286692,,0.0,,,,83.65088494478842,Straight baseline,0,0,113.58170159911452,0,118.11577960286692,6.561987755714829,52.49590204571863,,,ROUTE_AGENT,BROADER_INDIAN_MARINE_REGION
GRID_0810,INDIAN_MARINE,17.25,68.5,378.7497322750082,,3553.0,0.09300001,0.0275,0.096980676,81.38766305104686,200 NM,0,0,536.4053755786084,0,378.7497322750082,21.041651793056012,168.3332143444481,0.9757548309999999,GOOD,ROUTE_AGENT,BROADER_INDIAN_MARINE_REGION
GRID_0811,INDIAN_MARINE,15.25,83.5,168.23078586594875,,3135.0,0.20650001,0.0825,0.22237019,184.19295034962468,200 NM,0,0,448.4068655121178,0,168.23078586594875,9.346154770330486,74.76923816264389,0.9444074524999999,GOOD,ROUTE_AGENT,BROADER_INDIAN_MARINE_REGION
GRID_0812,INDIAN_MARINE,7.25,71.5,231.38648514908357,,4014.0,0.12650001,0.093,0.15700717,72.56653451958672,Treaty,0,0,637.9185752466802,0,231.38648514908357,12.854804730504643,102.83843784403714,0.9607482075,GOOD,ROUTE_AGENT,BROADER_INDIAN_MARINE_REGION
GRID_0813,INDIAN_MARINE,20.5,72.5,66.04690875462718,,26.0,-0.315,0.025500001,0.31603044,63.03880538055734,Straight baseline,0,0,164.30709938524663,0,66.04690875462718,3.669272708590399,29.354181668723193,0.7343257233333333,GOOD,ROUTE_AGENT,BROADER_INDIAN_MARINE_REGION
GRID_0814,INDIAN_MARINE,12.75,88.75,423.7488746180866,,3077.0,-0.042000003,-0.07150001,0.08292317,26.704504403817587,200 NM,0,0,870.6820513126808,0,423.7488746180866,23.541604145449256,188.33283316359405,0.9792692075,GOOD,ROUTE_AGENT,BROADER_INDIAN_MARINE_REGION
GRID_0815,INDIAN_MARINE,15.5,83.5,161.76865083550103,,3212.0,0.2625,0.1315,0.2935958,180.4821926825065,Straight baseline,0,0,465.8638676579944,0,161.76865083550103,8.987147268638946,71.89717814911157,0.9266010499999999,GOOD,ROUTE_AGENT,BROADER_INDIAN_MARINE_REGION
GRID_0816,INDIAN_MARINE,9.0,70.5,240.76693553021065,,4156.0,-0.12550001,-0.082,0.14991415,105.00978777461476,Treaty,0,0,661.9985762049068,0,240.76693553021065,13.37594086278948,107.00752690231585,0.9625214625,GOOD,ROUTE_AGENT,BROADER_INDIAN_MARINE_REGION
GRID_0817,INDIAN_MARINE,15.5,89.25,445.3954456633144,,2687.0,0.15750001,0.17950001,0.23880224,77.25293042339466,200 NM,0,0,638.4893668297997,0,445.3954456633144,24.744191425739686,197.9535314059175,0.94029944,GOOD,ROUTE_AGENT,BROADER_INDIAN_MARINE_REGION
GRID_0818,INDIAN_MARINE,10.0,90.75,186.8753704169755,,3436.0,-0.015000001,0.0225,0.027041635,185.5822894198572,200 NM,0,0,1215.8560147830726,0,186.8753704169755,10.381965023165305,83.05572018532244,0.9932395912499998,GOOD,ROUTE_AGENT,BROADER_INDIAN_MARINE_REGION
GRID_0819,INDIAN_MARINE,15.75,68.75,422.24363412013656,,3807.0,-0.0615,0.19350001,0.20303819,129.7247506406,200 NM,0,0,569.9352776019678,0,422.24363412013656,23.45797967334092,187.66383738672735,0.9492404525,GOOD,ROUTE_AGENT,BROADER_INDIAN_MARINE_REGION
GRID_0820,INDIAN_MARINE,14.5,95.5,340.92528611677443,,100.0,0.017499998,-0.072000004,0.074096225,78.80910968370091,Straight baseline,0,0,944.8545887397644,0,340.92528611677443,18.940293673154134,151.52234938523307,0.98147594375,GOOD,ROUTE_AGENT,BROADER_INDIAN_MARINE_REGION
GRID_0821,INDIAN_MARINE,14.0,92.75,92.8542260032768,,599.0,0.19500001,0.1115,0.22462693,6.757838768130876,Treaty,0,0,957.7712982319882,0,92.8542260032768,5.158568111293156,41.26854489034525,0.9438432674999999,GOOD,ROUTE_AGENT,BROADER_INDIAN_MARINE_REGION
GRID_0822,INDIAN_MARINE,5.5,76.0,272.8006935772606,,2277.0,-0.086,0.21850002,0.23481537,37.09451832815806,Treaty,0,0,337.07385333613877,0,272.8006935772606,15.155594087625587,121.2447527010047,0.9412961574999998,GOOD,ROUTE_AGENT,BROADER_INDIAN_MARINE_REGION
GRID_0823,INDIAN_MARINE,17.75,85.75,450.1063713260013,,2451.0,0.24350001,-0.013500001,0.24387395,175.68317019181018,Straight baseline,0,0,204.54330163614333,0,450.1063713260013,25.00590951811118,200.04727614488945,0.9390315124999999,GOOD,ROUTE_AGENT,BROADER_INDIAN_MARINE_REGION
GRID_0824,INDIAN_MARINE,12.25,74.0,53.329978048454265,,1260.0,0.048,0.048,0.067882255,110.8561103121724,Straight baseline,0,0,157.5618084330103,0,53.329978048454265,2.9627765582474592,23.702212465979674,0.9830294362499998,GOOD,ROUTE_AGENT,BROADER_INDIAN_MARINE_REGION
GRID_0825,INDIAN_MARINE,18.5,68.0,423.37940252046945,,3318.0,0.12650001,-0.1065,0.16536173,9.29816805293624,200 NM,0,0,530.9100661030167,0,423.37940252046945,23.521077917803858,188.16862334243086,0.9586595675,GOOD,ROUTE_AGENT,BROADER_INDIAN_MARINE_REGION
GRID_0826,INDIAN_MARINE,18.75,70.25,200.858228088058,,600.0,0.0555,0.030000001,0.06308922,160.9621601956109,200 NM,0,0,299.4673014194425,0,200.858228088058,11.158790449336557,89.27032359469246,0.984227695,GOOD,ROUTE_AGENT,BROADER_INDIAN_MARINE_REGION
GRID_0827,INDIAN_MARINE,18.75,78.5,423.0368816070895,,0.0,,,,424.3455736394541,Straight baseline,0,0,263.20665375217067,0,423.0368816070895,23.50204897817164,188.01639182537312,,,ROUTE_AGENT,BROADER_INDIAN_MARINE_REGION
GRID_0828,INDIAN_MARINE,9.75,92.0,116.91317688404484,,1372.0,0.10250001,0.027499996,0.10612493,62.32016402367424,Straight baseline,0,0,1350.922994443508,0,116.91317688404484,6.495176493558047,51.961411948464374,0.9734687675,GOOD,ROUTE_AGENT,BROADER_INDIAN_MARINE_REGION
GRID_0829,INDIAN_MARINE,11.0,93.5,68.29429450711451,,95.0,-0.064500004,0.047,0.07980759,134.57737612111816,Straight baseline,0,0,1301.2973101772088,0,68.29429450711451,3.794127472617473,30.353019780939785,0.9800481024999999,GOOD,ROUTE_AGENT,BROADER_INDIAN_MARINE_REGION
GRID_0830,INDIAN_MARINE,9.75,74.5,128.52576826906645,,2562.0,0.025500001,0.055500004,0.061077826,100.86895191707512,Straight baseline,0,0,255.91688070832132,0,128.52576826906645,7.14032045939258,57.12256367514064,0.9847305435,GOOD,ROUTE_AGENT,BROADER_INDIAN_MARINE_REGION
GRID_0831,INDIAN_MARINE,8.75,70.5,254.43771552795545,,4276.0,-0.046,-0.0855,0.09708888,77.1702139559483,Treaty,0,0,678.2559676846895,0,254.43771552795545,14.135428640441969,113.08342912353575,0.9757277799999999,GOOD,ROUTE_AGENT,BROADER_INDIAN_MARINE_REGION
GRID_0832,INDIAN_MARINE,15.5,81.0,3.4896729518521754,,969.0,0.4795,0.26200002,0.5464103,26.58841888877514,Straight baseline,0,0,303.24035233655127,0,3.4896729518521754,0.19387071954734308,1.5509657563787447,0.863397425,GOOD,ROUTE_AGENT,BROADER_INDIAN_MARINE_REGION
GRID_0833,INDIAN_MARINE,12.5,96.75,413.7819185729266,,286.0,0.035,-0.13800001,0.14236924,109.61827194409784,Straight baseline,0,0,1206.9333705812571,0,413.7819185729266,22.98788436516259,183.9030749213007,0.9644076899999998,GOOD,ROUTE_AGENT,BROADER_INDIAN_MARINE_REGION
GRID_0834,INDIAN_MARINE,14.75,95.25,330.48731067225526,,77.0,0.0045000017,-0.039000005,0.039258763,61.726509247212995,Straight baseline,0,0,909.1697826424086,0,330.48731067225526,18.360406148458626,146.883249187669,0.9901853092499999,GOOD,ROUTE_AGENT,BROADER_INDIAN_MARINE_REGION
GRID_0835,INDIAN_MARINE,16.0,89.75,440.1867697175886,,2582.0,0.18050002,0.21600002,0.28148937,60.06392709313515,200 NM,0,0,634.8036708974003,0,440.1867697175886,24.454820539866034,195.63856431892827,0.9296276575,GOOD,ROUTE_AGENT,BROADER_INDIAN_MARINE_REGION
GRID_0836,INDIAN_MARINE,16.75,77.5,346.304891454104,,0.0,,,,335.10874139831367,Straight baseline,0,0,387.3672102449737,0,346.304891454104,19.23916063633911,153.9132850907129,,,ROUTE_AGENT,BROADER_INDIAN_MARINE_REGION
GRID_0837,INDIAN_MARINE,12.5,92.25,85.5819067694288,,731.0,0.009999998,-0.027500002,0.029261751,40.36009488578129,Straight baseline,0,0,1114.3349159729903,0,85.5819067694288,4.7545503760793775,38.03640300863502,0.99268456225,GOOD,ROUTE_AGENT,BROADER_INDIAN_MARINE_REGION
GRID_0838,INDIAN_MARINE,20.25,82.75,486.9897747686604,,0.0,,,,264.72526276402704,Straight baseline,0,0,179.65423625935983,0,486.9897747686604,27.0549874871478,216.4398998971824,,,ROUTE_AGENT,BROADER_INDIAN_MARINE_REGION
GRID_0839,INDIAN_MARINE,16.25,75.0,186.86024642368577,,0.0,,,,171.15920837325777,Straight baseline,0,0,105.7168189020354,0,186.86024642368577,10.381124801315876,83.048998410527,,,ROUTE_AGENT,BROADER_INDIAN_MARINE_REGION
GRID_0840,INDIAN_MARINE,20.0,76.25,388.4328961996408,,0.0,,,,397.4725895055173,Straight baseline,0,0,27.520690223237303,0,388.4328961996408,21.57960534442449,172.63684275539592,,,ROUTE_AGENT,BROADER_INDIAN_MARINE_REGION
GRID_0841,INDIAN_MARINE,11.25,70.25,171.3080567462442,,4311.0,0.0145,0.097500004,0.098572314,181.022063208829,Straight baseline,0,0,578.3847320608818,0,171.3080567462442,9.517114263680234,76.13691410944188,0.9753569215,GOOD,ROUTE_AGENT,BROADER_INDIAN_MARINE_REGION
GRID_0842,INDIAN_MARINE,8.75,92.0,226.05785912921456,,1267.0,-0.025000006,-0.027500004,0.037165176,91.25698309538927,Straight baseline,0,0,1390.2698237204852,0,226.05785912921456,12.558769951623031,100.47015961298425,0.9907087059999999,GOOD,ROUTE_AGENT,BROADER_INDIAN_MARINE_REGION
GRID_0843,INDIAN_MARINE,21.25,72.5,149.2785063212647,,8.0,0.6075001,-0.25200003,0.6576932,143.02967126809793,Straight baseline,0,0,153.96683362284588,0,149.2785063212647,8.293250351181372,66.34600280945098,0.5089100333333334,MODERATE,ROUTE_AGENT,BROADER_INDIAN_MARINE_REGION
GRID_0844,INDIAN_MARINE,7.0,69.0,490.77445037351134,,4434.0,0.15900001,0.07,0.1737268,31.721209738326525,200 NM,0,0,911.7437445250227,0,490.77445037351134,27.26524724297285,218.1219779437828,0.9565683,GOOD,ROUTE_AGENT,BROADER_INDIAN_MARINE_REGION
GRID_0845,INDIAN_MARINE,7.75,74.75,188.7617710644851,,2795.0,0.023999996,0.00049999356,0.024005204,9.735591320055152,Treaty,0,0,278.2217853289375,0,188.7617710644851,10.48676505913806,83.89412047310448,0.993998699,GOOD,ROUTE_AGENT,BROADER_INDIAN_MARINE_REGION
GRID_0846,INDIAN_MARINE,11.75,91.0,173.40417075986866,,3223.0,0.076000005,-0.004,0.07610519,134.58738161811613,Straight baseline,0,0,1100.0757252763217,0,173.40417075986866,9.633565042214926,77.0685203377194,0.9809737024999998,GOOD,ROUTE_AGENT,BROADER_INDIAN_MARINE_REGION
GRID_0847,INDIAN_MARINE,18.25,79.75,296.1950204417053,,0.0,,,,308.5148051187727,Straight baseline,0,0,412.70651507883576,0,296.1950204417053,16.455278913428074,131.6422313074246,,,ROUTE_AGENT,BROADER_INDIAN_MARINE_REGION
GRID_0848,INDIAN_MARINE,7.25,92.25,382.1688591114463,,3939.0,-0.0335,-0.041,0.05294573,131.56833311317342,Straight baseline,0,0,1458.2279044937588,0,382.1688591114463,21.23160328396924,169.8528262717539,0.9867635674999999,GOOD,ROUTE_AGENT,BROADER_INDIAN_MARINE_REGION
GRID_0849,INDIAN_MARINE,7.0,91.25,433.20082969588134,,3656.0,-0.30900002,0.112500004,0.3288423,129.49207953435197,200 NM,0,0,1358.4070981629193,0,433.20082969588134,24.066712760882297,192.53370208705837,0.9177894249999998,GOOD,ROUTE_AGENT,BROADER_INDIAN_MARINE_REGION
GRID_0850,INDIAN_MARINE,13.25,81.5,64.04861061499592,,3384.0,-0.079500005,0.16550002,0.18360421,128.3065212345992,Straight baseline,0,0,144.7958272472596,0,64.04861061499592,3.5582561452775514,28.46604916222041,0.9540989474999999,GOOD,ROUTE_AGENT,BROADER_INDIAN_MARINE_REGION
GRID_0851,INDIAN_MARINE,12.25,91.25,182.1471377866727,,3186.0,0.0255,0.042500004,0.04956309,127.935676759271,Straight baseline,0,0,1069.2976229719834,0,182.1471377866727,10.119285432592926,80.95428346074341,0.9876092274999999,GOOD,ROUTE_AGENT,BROADER_INDIAN_MARINE_REGION
GRID_0852,INDIAN_MARINE,6.0,71.5,332.8220657668534,,3758.0,-0.19250001,-0.0034999996,0.19253182,119.3793046504108,Archipelagic baseline,0,0,689.3281977318287,0,332.8220657668534,18.49011476482519,147.92091811860152,0.951867045,GOOD,ROUTE_AGENT,BROADER_INDIAN_MARINE_REGION
GRID_0853,INDIAN_MARINE,8.5,79.5,263.89911481035705,,1170.0,-0.08850001,0.1525,0.17631932,28.833342588989986,Treaty,0,0,82.8346849784112,0,263.89911481035705,14.661061933908725,117.2884954712698,0.95592017,GOOD,ROUTE_AGENT,BROADER_INDIAN_MARINE_REGION
GRID_0854,INDIAN_MARINE,5.75,73.75,308.7859403539422,,2229.0,-0.1975,0.26000002,0.32650614,22.258433951609103,Archipelagic baseline,0,0,486.7179977420275,0,308.7859403539422,17.1547744641079,137.2381957128632,0.9183734649999999,GOOD,ROUTE_AGENT,BROADER_INDIAN_MARINE_REGION
GRID_0855,INDIAN_MARINE,12.25,97.25,462.75564744094737,,45.0,-0.0315,-0.024500001,0.03990614,47.73767563254628,Straight baseline,0,0,1253.950788115933,0,462.75564744094737,25.708647080052632,205.66917664042106,0.951134576111111,GOOD,ROUTE_AGENT,BROADER_INDIAN_MARINE_REGION
GRID_0856,INDIAN_MARINE,22.0,75.0,344.9859818838473,,0.0,,,,367.88168240730215,Straight baseline,0,0,120.28866829407428,0,344.9859818838473,19.16588788243596,153.32710305948768,,,ROUTE_AGENT,BROADER_INDIAN_MARINE_REGION
GRID_0857,INDIAN_MARINE,14.75,85.5,390.33802872043026,,2984.0,0.116000004,-0.0705,0.13574332,19.914532807544933,200 NM,0,0,536.5054332711522,0,390.33802872043026,21.685446040023905,173.48356832019124,0.9660641699999999,GOOD,ROUTE_AGENT,BROADER_INDIAN_MARINE_REGION
GRID_0858,INDIAN_MARINE,10.0,92.5,79.14992604182008,,1282.0,0.0775,0.009999998,0.0781425,1.6540123536273954,Straight baseline,1,0,1357.9539819115655,0,79.14992604182008,4.397218113434449,35.17774490747559,0.830464375,GOOD,ROUTE_AGENT,BROADER_INDIAN_MARINE_REGION
GRID_0859,INDIAN_MARINE,20.75,74.5,225.37431413455587,,0.0,,,,233.7119285369206,Straight baseline,0,0,94.1430235147348,0,225.37431413455587,12.520795229697548,100.16636183758038,,,ROUTE_AGENT,BROADER_INDIAN_MARINE_REGION
GRID_0860,INDIAN_MARINE,10.75,72.25,34.478993499180056,,1333.0,0.034500003,0.065000005,0.073588386,18.123613603173176,Straight baseline,0,0,393.35684040518174,0,34.478993499180056,1.9154996388433365,15.323997110746692,0.9816029035,GOOD,ROUTE_AGENT,BROADER_INDIAN_MARINE_REGION
GRID_0861,INDIAN_MARINE,7.5,75.25,149.93460769476,,2566.0,0.109,0.11050001,0.15521356,10.31450819856284,Treaty,0,0,243.04604686643785,0,149.93460769476,8.329700427486666,66.63760341989332,0.96119661,GOOD,ROUTE_AGENT,BROADER_INDIAN_MARINE_REGION
GRID_0862,INDIAN_MARINE,16.5,95.5,478.7869465099744,,0.0,,,,137.36344106844214,Straight baseline,0,0,728.1178910325851,0,478.7869465099744,26.59927480610969,212.79419844887752,,,ROUTE_AGENT,BROADER_INDIAN_MARINE_REGION
GRID_0863,INDIAN_MARINE,13.0,77.5,277.112372351233,,0.0,,,,277.1842773689552,Straight baseline,0,0,105.02942335604584,0,277.112372351233,15.395131797290722,123.16105437832577,,,ROUTE_AGENT,BROADER_INDIAN_MARINE_REGION
GRID_0864,INDIAN_MARINE,10.0,68.5,402.24915292833185,,4485.0,-0.017,-0.040500008,0.043923236,30.96085627629984,200 NM,0,0,812.4268474501602,0,402.24915292833185,22.347175162685105,178.77740130148084,0.9890191909999999,GOOD,ROUTE_AGENT,BROADER_INDIAN_MARINE_REGION
GRID_0865,INDIAN_MARINE,5.5,72.75,334.1681741863285,,993.0,-0.20650001,0.1535,0.25730234,14.177694421375822,Archipelagic baseline,0,0,595.9018086487745,0,334.1681741863285,18.56489856590714,148.5191885272571,0.9356744149999998,GOOD,ROUTE_AGENT,BROADER_INDIAN_MARINE_REGION
GRID_0866,INDIAN_MARINE,15.0,78.75,167.00385248522588,,0.0,,,,161.8644040062079,Straight baseline,0,0,284.9718896892892,0,167.00385248522588,9.277991804734771,74.22393443787817,,,ROUTE_AGENT,BROADER_INDIAN_MARINE_REGION
GRID_0867,INDIAN_MARINE,16.5,84.25,249.950693765834,,2989.0,0.36100003,0.275,0.45381278,169.81578127659006,Straight baseline,0,0,340.6192922984846,0,249.950693765834,13.886149653657444,111.08919722925955,0.886546805,GOOD,ROUTE_AGENT,BROADER_INDIAN_MARINE_REGION
GRID_0868,INDIAN_MARINE,7.25,69.5,429.4413811837284,,4412.0,0.183,0.08250001,0.20073678,15.198150388188758,200 NM,0,0,850.4388067608844,0,429.4413811837284,23.857854510207133,190.86283608165706,0.9498158049999998,GOOD,ROUTE_AGENT,BROADER_INDIAN_MARINE_REGION
GRID_0869,INDIAN_MARINE,13.75,69.25,321.8263226473481,,4126.0,-0.063,0.046499997,0.0783023,51.18650743596459,200 NM,0,0,566.7220679281534,0,321.8263226473481,17.879240147074896,143.03392117659916,0.9804244249999998,GOOD,ROUTE_AGENT,BROADER_INDIAN_MARINE_REGION
GRID_0870,INDIAN_MARINE,11.5,76.5,111.45329858464656,,0.0,,,,95.89596274834273,Straight baseline,0,0,12.85074887988281,0,111.45329858464656,6.191849921369253,49.534799370954026,,,ROUTE_AGENT,BROADER_INDIAN_MARINE_REGION
GRID_0871,INDIAN_MARINE,16.75,76.0,302.75213590135303,,0.0,,,,296.69243529639726,Straight baseline,0,0,223.03705264061512,0,302.75213590135303,16.819563105630724,134.5565048450458,,,ROUTE_AGENT,BROADER_INDIAN_MARINE_REGION
GRID_0872,INDIAN_MARINE,12.5,97.0,440.27292743072536,,207.0,0.015000001,-0.1105,0.11151345,83.34265817562274,Straight baseline,0,0,1217.040772270917,0,440.27292743072536,24.45960707948474,195.67685663587793,0.9721216374999999,GOOD,ROUTE_AGENT,BROADER_INDIAN_MARINE_REGION
GRID_0873,INDIAN_MARINE,18.75,68.0,427.33364693694824,,3298.0,0.0855,-0.097,0.12930293,31.586670230450547,200 NM,0,0,504.7716387562079,0,427.33364693694824,23.74075816316379,189.92606530531032,0.9676742674999999,GOOD,ROUTE_AGENT,BROADER_INDIAN_MARINE_REGION
GRID_0874,INDIAN_MARINE,7.75,82.25,376.00500757690867,,3856.0,-0.10500001,-0.3025,0.32020503,320.2542157259416,200 NM,0,0,372.87887549250553,0,376.00500757690867,20.889167087606037,167.1133367008483,0.9199487424999999,GOOD,ROUTE_AGENT,BROADER_INDIAN_MARINE_REGION
GRID_0875,INDIAN_MARINE,10.0,72.75,17.00377080416899,,1794.0,-0.009000001,0.09900001,0.099408254,51.87467205506032,Straight baseline,0,0,394.3500446785373,0,17.00377080416899,0.9446539335649439,7.557231468519551,0.9751479365,GOOD,ROUTE_AGENT,BROADER_INDIAN_MARINE_REGION
GRID_0876,INDIAN_MARINE,15.25,74.5,113.79231005917556,,0.0,,,,66.94584773448058,Straight baseline,0,0,43.20680907812248,0,113.79231005917556,6.321795003287531,50.57436002630025,,,ROUTE_AGENT,BROADER_INDIAN_MARINE_REGION
GRID_0877,INDIAN_MARINE,10.75,71.75,60.659582906382184,,1605.0,-0.0039999997,0.034500003,0.034731112,36.451500835214,Straight baseline,0,0,443.8991960981992,0,60.659582906382184,3.3699768281323434,26.959814625058748,0.9913172219999999,GOOD,ROUTE_AGENT,BROADER_INDIAN_MARINE_REGION
GRID_0878,INDIAN_MARINE,15.0,91.0,268.6604643354346,,2715.0,-0.038000003,-0.1115,0.117797494,20.447100856649868,Treaty,0,0,798.2899083049161,0,268.6604643354346,14.925581351968589,119.40465081574871,0.9705506264999999,GOOD,ROUTE_AGENT,BROADER_INDIAN_MARINE_REGION
GRID_0879,INDIAN_MARINE,7.0,83.0,490.8074915273616,,3957.0,0.12150001,-0.21550001,0.2473914,248.5147831116135,200 NM,0,0,486.6082031702971,0,490.8074915273616,27.2670828626312,218.1366629010496,0.9381521499999999,GOOD,ROUTE_AGENT,BROADER_INDIAN_MARINE_REGION
GRID_0880,INDIAN_MARINE,10.25,96.25,378.09368102864187,,964.0,-0.19150001,-0.06400001,0.20191151,58.80065419155017,Treaty,0,0,1433.3953409202998,0,378.09368102864187,21.005204501591216,168.04163601272973,0.9495221224999999,GOOD,ROUTE_AGENT,BROADER_INDIAN_MARINE_REGION
GRID_0881,INDIAN_MARINE,14.25,81.0,51.43675384860496,,2946.0,-0.038500004,0.43350002,0.4352063,86.47054513495948,Straight baseline,0,0,170.03754889292287,0,51.43675384860496,2.857597436033609,22.86077948826887,0.891198425,GOOD,ROUTE_AGENT,BROADER_INDIAN_MARINE_REGION
GRID_0882,INDIAN_MARINE,17.25,72.0,77.70551231054802,,83.0,-0.0065,0.011,0.012776932,131.00476756114438,Straight baseline,0,0,183.22488522318685,0,77.70551231054802,4.316972906141556,34.53578324913245,0.9968057669999999,GOOD,ROUTE_AGENT,BROADER_INDIAN_MARINE_REGION
GRID_0883,INDIAN_MARINE,13.25,84.25,360.30588576349646,,3283.0,-0.043000005,0.024,0.049244296,52.97008278321736,200 NM,0,0,447.6061686819536,0,360.30588576349646,20.01699365352758,160.13594922822065,0.9876889259999999,GOOD,ROUTE_AGENT,BROADER_INDIAN_MARINE_REGION
GRID_0884,INDIAN_MARINE,8.25,91.0,312.5111350181001,,3571.0,0.031500004,-0.033,0.04562072,159.3798970243158,200 NM,0,0,1296.2441025504952,0,312.5111350181001,17.361729723227782,138.89383778582226,0.9885948199999999,GOOD,ROUTE_AGENT,BROADER_INDIAN_MARINE_REGION
GRID_0885,INDIAN_MARINE,5.5,77.0,269.4793589256259,,2581.0,-0.049500003,0.1005,0.112029016,49.069994306307606,Treaty,0,0,300.2891609207892,0,269.4793589256259,14.971075495868105,119.76860396694484,0.971992746,GOOD,ROUTE_AGENT,BROADER_INDIAN_MARINE_REGION
GRID_0886,INDIAN_MARINE,7.0,90.0,487.4482530666699,,2640.0,-0.3425,0.062,0.34806645,2.8196663558955297,200 NM,1,0,1222.529545649388,0,487.4482530666699,27.080458503703884,216.64366802963107,0.7629833875,GOOD,ROUTE_AGENT,BROADER_INDIAN_MARINE_REGION
GRID_0887,INDIAN_MARINE,14.0,94.0,172.99903341686013,,1116.0,0.1805,-0.1225,0.2181433,22.935544279900604,Treaty,0,0,965.0995855629204,0,172.99903341686013,9.611057412047785,76.88845929638228,0.9454641749999999,GOOD,ROUTE_AGENT,BROADER_INDIAN_MARINE_REGION
GRID_0888,INDIAN_MARINE,14.0,89.75,324.6296276637601,,2843.0,-0.0925,0.0725,0.11752659,38.322858451795796,200 NM,0,0,809.3692890558333,0,324.6296276637601,18.03497931465334,144.27983451722673,0.9706183524999998,GOOD,ROUTE_AGENT,BROADER_INDIAN_MARINE_REGION
GRID_0889,INDIAN_MARINE,8.25,78.75,187.3988881391033,,1471.0,-0.092,-0.026,0.09560335,16.788430167905098,Treaty,0,0,85.27001042821774,0,187.3988881391033,10.411049341061293,83.28839472849035,0.9760991625,GOOD,ROUTE_AGENT,BROADER_INDIAN_MARINE_REGION
GRID_0890,INDIAN_MARINE,11.25,73.75,28.47165672972345,,2171.0,0.0040000007,-0.0355,0.035724644,38.8737696481272,Straight baseline,0,0,219.84101722400672,0,28.47165672972345,1.5817587072068582,12.654069657654865,0.991068839,GOOD,ROUTE_AGENT,BROADER_INDIAN_MARINE_REGION
GRID_0891,INDIAN_MARINE,10.75,89.0,356.69705968474386,,3287.0,-0.045,0.21350001,0.21819086,19.11892026896284,200 NM,0,0,1005.673477490932,0,356.69705968474386,19.816503315819105,158.53202652655284,0.945452285,GOOD,ROUTE_AGENT,BROADER_INDIAN_MARINE_REGION
GRID_0892,INDIAN_MARINE,12.75,68.25,387.19399486526635,,4210.0,-0.057500005,0.029000003,0.06439915,17.29758093281531,200 NM,0,0,711.3815267177083,0,387.19399486526635,21.510777492514798,172.08621994011838,0.9839002125,GOOD,ROUTE_AGENT,BROADER_INDIAN_MARINE_REGION
GRID_0893,INDIAN_MARINE,16.0,72.25,51.637982622897205,,1418.0,-0.072500005,0.119500004,0.13977304,128.51583092796855,Straight baseline,0,0,180.60485208945755,0,51.637982622897205,2.868776812383178,22.950214499065424,0.9650567399999999,GOOD,ROUTE_AGENT,BROADER_INDIAN_MARINE_REGION
GRID_0894,INDIAN_MARINE,17.25,76.5,370.6816345511873,,0.0,,,,362.080865417546,Straight baseline,0,0,291.27413310367194,0,370.6816345511873,20.593424141732626,164.747393133861,,,ROUTE_AGENT,BROADER_INDIAN_MARINE_REGION
GRID_0895,INDIAN_MARINE,19.5,74.0,148.4174947162486,,0.0,,,,140.52634299736374,Straight baseline,0,0,60.7569830581937,0,148.4174947162486,8.245416373124922,65.96333098499937,,,ROUTE_AGENT,BROADER_INDIAN_MARINE_REGION
GRID_0896,INDIAN_MARINE,6.25,93.5,494.4680182756282,,1962.0,-0.3675,-0.17050001,0.40512532,66.35510981195597,Straight baseline,0,0,1621.1044706202497,0,494.4680182756282,27.470445459757123,219.76356367805698,0.89871867,GOOD,ROUTE_AGENT,BROADER_INDIAN_MARINE_REGION
GRID_0897,INDIAN_MARINE,8.25,79.5,269.3270450478715,,1423.0,-0.048000004,0.188,0.19403091,51.65283831136065,Treaty,0,0,108.987245321957,0,269.3270450478715,14.962613613770637,119.7009089101651,0.9514922724999999,GOOD,ROUTE_AGENT,BROADER_INDIAN_MARINE_REGION
GRID_0898,INDIAN_MARINE,10.0,95.25,277.5347308307412,,2650.0,-0.17150001,0.0024999995,0.17151824,16.53882440087935,Treaty,0,0,1436.516351148751,0,277.5347308307412,15.4185961572634,123.3487692581072,0.95712044,GOOD,ROUTE_AGENT,BROADER_INDIAN_MARINE_REGION
GRID_0899,INDIAN_MARINE,6.5,93.5,467.074248266603,,1443.0,-0.23700002,-0.21150002,0.3176496,44.633597829709075,Straight baseline,0,0,1614.5403981180364,0,467.074248266603,25.94856934814461,207.58855478515687,0.9205876,GOOD,ROUTE_AGENT,BROADER_INDIAN_MARINE_REGION
GRID_0900,INDIAN_MARINE,18.5,82.0,280.5581413075238,,0.0,,,,172.09954677527446,Straight baseline,0,0,344.9684793793279,0,280.5581413075238,15.586563405973543,124.69250724778834,,,ROUTE_AGENT,BROADER_INDIAN_MARINE_REGION
GRID_0901,INDIAN_MARINE,10.25,94.25,164.65410434425092,,3140.0,-0.11750001,-0.1525,0.19251624,113.45138021763712,Treaty,0,0,1392.5320725529443,0,164.65410434425092,9.147450241347274,73.17960193077819,0.9518709399999998,GOOD,ROUTE_AGENT,BROADER_INDIAN_MARINE_REGION
GRID_0902,INDIAN_MARINE,13.5,94.5,204.03487523619108,,1569.0,0.17500001,-0.16100001,0.23779406,34.366558544325876,Treaty,0,0,1030.010357975861,0,204.03487523619108,11.33527084645506,90.68216677164048,0.9405514849999999,GOOD,ROUTE_AGENT,BROADER_INDIAN_MARINE_REGION
GRID_0903,INDIAN_MARINE,7.5,80.25,351.97709719068655,,0.0,,,,164.07012132595693,Treaty,0,0,221.7870327759339,0,351.97709719068655,19.554283177260363,156.4342654180829,,,ROUTE_AGENT,BROADER_INDIAN_MARINE_REGION
GRID_0904,INDIAN_MARINE,14.25,91.5,171.50309915206765,,2784.0,-0.010000002,-0.108500004,0.10895986,60.72009558165193,Treaty,0,0,897.6982100356857,0,171.50309915206765,9.527949952892648,76.22359962314118,0.9727600349999999,GOOD,ROUTE_AGENT,BROADER_INDIAN_MARINE_REGION
GRID_0905,INDIAN_MARINE,12.5,70.0,195.90921671297775,,4281.0,0.0185,-0.061000004,0.06374363,178.53482925187345,200 NM,0,0,554.2140184298581,0,195.90921671297775,10.883845372943208,87.07076298354566,0.9840640924999999,GOOD,ROUTE_AGENT,BROADER_INDIAN_MARINE_REGION
GRID_0906,INDIAN_MARINE,13.5,70.75,180.81585938577507,,2947.0,-0.0145000005,-0.11900001,0.11988016,177.40181540012907,Straight baseline,0,0,423.3671144227345,0,180.81585938577507,10.045325521431948,80.36260417145559,0.97002996,GOOD,ROUTE_AGENT,BROADER_INDIAN_MARINE_REGION
GRID_0907,INDIAN_MARINE,9.0,90.25,296.03511382012636,,3012.0,0.119500004,0.0535,0.13092937,104.20335338751478,200 NM,0,0,1194.0846310537852,0,296.03511382012636,16.44639521222924,131.57116169783393,0.9672676574999999,GOOD,ROUTE_AGENT,BROADER_INDIAN_MARINE_REGION
GRID_0908,INDIAN_MARINE,10.0,84.25,416.2335970731078,,3580.0,-0.26450002,-0.048,0.26882014,11.759600129284578,200 NM,0,0,519.8419335172989,0,416.2335970731078,23.124088726283766,184.99270981027013,0.932794965,GOOD,ROUTE_AGENT,BROADER_INDIAN_MARINE_REGION
GRID_0909,INDIAN_MARINE,8.5,94.75,320.69378731684424,,1589.0,0.105000004,-0.1185,0.1583264,98.99884214603595,Treaty,0,0,1595.1541630830989,0,320.69378731684424,17.816321517602457,142.53057214081966,0.9604184,GOOD,ROUTE_AGENT,BROADER_INDIAN_MARINE_REGION
GRID_0910,INDIAN_MARINE,7.0,93.25,408.1638473811855,,1448.0,-0.11,-0.13350001,0.1729805,41.7026786783992,Straight baseline,0,0,1573.0256111240285,0,408.1638473811855,22.67576929895475,181.406154391638,0.9567548749999999,GOOD,ROUTE_AGENT,BROADER_INDIAN_MARINE_REGION
GRID_0911,INDIAN_MARINE,13.75,70.75,203.29871609823533,,2694.0,-0.0395,-0.1575,0.16237764,184.18793920717988,200 NM,0,0,410.63758009040856,0,203.29871609823533,11.294373116568629,90.35498493254903,0.95940559,GOOD,ROUTE_AGENT,BROADER_INDIAN_MARINE_REGION
GRID_0912,INDIAN_MARINE,12.0,74.5,33.857461743616746,,126.0,-0.0145,0.079,0.08031968,70.99832054918664,Straight baseline,0,0,107.05677081787752,0,33.857461743616746,1.880970096867597,15.047760774940777,0.9799200799999999,GOOD,ROUTE_AGENT,BROADER_INDIAN_MARINE_REGION
GRID_0913,INDIAN_MARINE,7.75,83.0,424.15032294018135,,3859.0,-0.0405,-0.21750002,0.22123857,239.830706211416,200 NM,0,0,449.1918329125399,0,424.15032294018135,23.563906830010076,188.5112546400806,0.9446903574999999,GOOD,ROUTE_AGENT,BROADER_INDIAN_MARINE_REGION
GRID_0914,INDIAN_MARINE,8.0,70.25,326.98555503989627,,4054.0,0.17750001,-0.014,0.17805126,10.279797454321375,Treaty,0,0,749.23050695595,0,326.98555503989627,18.165864168883125,145.326913351065,0.955487185,GOOD,ROUTE_AGENT,BROADER_INDIAN_MARINE_REGION
GRID_0915,INDIAN_MARINE,6.5,72.25,243.1315337786105,,1746.0,-0.13250001,0.064500004,0.1473652,40.82703480863906,Archipelagic baseline,0,0,589.7065347859473,0,243.1315337786105,13.507307432145028,108.05845945716023,0.9631586999999999,GOOD,ROUTE_AGENT,BROADER_INDIAN_MARINE_REGION
GRID_0916,INDIAN_MARINE,17.5,77.75,375.04497898755943,,0.0,,,,359.571493166878,Straight baseline,0,0,320.49305170255866,0,375.04497898755943,20.835832165975525,166.6866573278042,,,ROUTE_AGENT,BROADER_INDIAN_MARINE_REGION
GRID_0917,INDIAN_MARINE,8.5,75.25,106.10951791125736,,2768.0,-0.109500006,-0.067,0.12837154,80.1923296670737,Treaty,0,0,199.0735557218337,0,106.10951791125736,5.894973217292075,47.1597857383366,0.9679071149999998,GOOD,ROUTE_AGENT,BROADER_INDIAN_MARINE_REGION
GRID_0918,INDIAN_MARINE,15.75,71.5,135.94577161987397,,2165.0,0.0010000002,-0.032500003,0.032515384,168.9923700503683,200 NM,0,0,268.4779845961581,0,135.94577161987397,7.552542867770776,60.42034294216621,0.991871154,GOOD,ROUTE_AGENT,BROADER_INDIAN_MARINE_REGION
GRID_0919,INDIAN_MARINE,10.75,77.0,132.32839895499515,,0.0,,,,110.55897638079132,Straight baseline,0,0,33.83532363146122,0,132.32839895499515,7.351577719721953,58.812621757775624,,,ROUTE_AGENT,BROADER_INDIAN_MARINE_REGION
GRID_0920,INDIAN_MARINE,19.25,80.5,365.89029772410015,,0.0,,,,356.7704778790506,Straight baseline,0,0,432.834915121661,0,365.89029772410015,20.32723876245001,162.61791009960007,,,ROUTE_AGENT,BROADER_INDIAN_MARINE_REGION
GRID_0921,INDIAN_MARINE,6.25,78.5,254.2490797791631,,2726.0,0.034999996,-0.056,0.06603787,43.36150691753639,Treaty,0,0,241.95466960327963,0,254.2490797791631,14.124948876620174,112.99959101296139,0.9834905324999998,GOOD,ROUTE_AGENT,BROADER_INDIAN_MARINE_REGION
GRID_0922,INDIAN_MARINE,15.25,70.75,232.681782618882,,2890.0,0.049500003,0.035000004,0.060623843,76.44671480910593,200 NM,0,0,365.27614020810904,0,232.681782618882,12.926765701049,103.414125608392,0.98484403925,GOOD,ROUTE_AGENT,BROADER_INDIAN_MARINE_REGION
GRID_0923,INDIAN_MARINE,9.0,79.25,229.8611109626905,,67.0,-0.011500001,0.07000001,0.07093836,17.017319133967487,Straight baseline,0,0,20.08988236994398,0,229.8611109626905,12.770061720149473,102.16049376119578,0.9822654099999999,GOOD,ROUTE_AGENT,BROADER_INDIAN_MARINE_REGION
GRID_0924,INDIAN_MARINE,16.75,84.25,259.68254930925684,,2922.0,0.328,0.27550003,0.42835063,148.91087931998874,Straight baseline,0,0,312.47177062392274,0,259.68254930925684,14.426808294958713,115.4144663596697,0.8929123425000001,GOOD,ROUTE_AGENT,BROADER_INDIAN_MARINE_REGION
GRID_0925,INDIAN_MARINE,15.25,71.0,209.38718922333015,,2588.0,0.0485,0.0165,0.051229876,104.27583749780304,200 NM,0,0,339.20750225969476,0,209.38718922333015,11.632621623518341,93.06097298814673,0.987192531,GOOD,ROUTE_AGENT,BROADER_INDIAN_MARINE_REGION
GRID_0926,INDIAN_MARINE,18.0,83.5,283.67697157439613,,0.0,,,,16.588261841167327,Straight baseline,0,0,226.37891493029665,0,283.67697157439613,15.759831754133119,126.07865403306495,,,ROUTE_AGENT,BROADER_INDIAN_MARINE_REGION
GRID_0927,INDIAN_MARINE,19.25,71.75,64.07351748133664,,71.0,0.066,-0.12850001,0.14445849,106.62900343221726,Straight baseline,0,0,131.50864532201632,0,64.07351748133664,3.559639860074258,28.477118880594062,0.9638853775,GOOD,ROUTE_AGENT,BROADER_INDIAN_MARINE_REGION
GRID_0928,INDIAN_MARINE,16.5,70.5,229.28740504389984,,3117.0,0.087000005,-0.025000002,0.090520725,75.3520848479325,200 NM,0,0,362.7434302856258,0,229.28740504389984,12.738189169105546,101.90551335284437,0.97736981875,GOOD,ROUTE_AGENT,BROADER_INDIAN_MARINE_REGION
GRID_0929,INDIAN_MARINE,9.75,95.25,286.19468196849976,,2592.0,-0.112500004,-0.016,0.11363208,28.451977416928045,Treaty,0,0,1464.309506536714,0,286.19468196849976,15.899704553805542,127.19763643044433,0.9715919799999999,GOOD,ROUTE_AGENT,BROADER_INDIAN_MARINE_REGION
GRID_0930,INDIAN_MARINE,20.0,80.25,452.897838014786,,0.0,,,,435.0473938077257,Straight baseline,0,0,405.6267807669622,0,452.897838014786,25.160991000821443,201.28792800657155,,,ROUTE_AGENT,BROADER_INDIAN_MARINE_REGION
GRID_0931,INDIAN_MARINE,16.25,84.75,295.34168495763566,,2961.0,0.16800001,0.1645,0.23512603,158.76968903806883,200 NM,0,0,360.8456496145953,0,295.34168495763566,16.407871386535316,131.26297109228253,0.9412184925,GOOD,ROUTE_AGENT,BROADER_INDIAN_MARINE_REGION
GRID_0932,INDIAN_MARINE,15.0,70.5,269.8248883012071,,3276.0,0.026500002,0.005000001,0.026967576,56.18759592887767,200 NM,0,0,401.592192356199,0,269.8248883012071,14.990271572289284,119.92217257831427,0.9932581059999999,GOOD,ROUTE_AGENT,BROADER_INDIAN_MARINE_REGION
GRID_0933,INDIAN_MARINE,12.0,68.75,329.0135356492114,,4300.0,-0.0065,0.065500006,0.06582173,47.96389018994068,200 NM,0,0,701.9036768580295,0,329.0135356492114,18.278529758289523,146.22823806631618,0.9835445674999999,GOOD,ROUTE_AGENT,BROADER_INDIAN_MARINE_REGION
GRID_0934,INDIAN_MARINE,18.0,76.5,399.0548639060714,,0.0,,,,377.38284981935686,Straight baseline,0,0,230.9644805769484,0,399.0548639060714,22.16971466144841,177.35771729158728,,,ROUTE_AGENT,BROADER_INDIAN_MARINE_REGION
GRID_0935,INDIAN_MARINE,16.5,77.0,381.6238397825791,,0.0,,,,376.0461745250421,Straight baseline,0,0,328.9977654517507,0,381.6238397825791,21.201324432365507,169.61059545892405,,,ROUTE_AGENT,BROADER_INDIAN_MARINE_REGION
GRID_0936,INDIAN_MARINE,13.75,90.0,291.8543812086677,,2880.0,-0.1245,0.060500003,0.13842146,72.75317889020357,200 NM,0,0,848.8597290971269,0,291.8543812086677,16.214132289370426,129.7130583149634,0.965394635,GOOD,ROUTE_AGENT,BROADER_INDIAN_MARINE_REGION
GRID_0937,INDIAN_MARINE,8.5,71.0,228.79638295139,,3911.0,0.07000001,0.11500001,0.13462913,57.81309488972837,Treaty,0,0,652.3678569419048,0,228.79638295139,12.710910163966112,101.6872813117289,0.9663427174999999,GOOD,ROUTE_AGENT,BROADER_INDIAN_MARINE_REGION
GRID_0938,INDIAN_MARINE,9.5,81.5,168.96661312182772,,3715.0,-0.0375,0.023500003,0.044254944,143.18997793578194,Treaty,0,0,241.45382116482855,0,168.96661312182772,9.387034062323762,75.0962724985901,0.9889362639999999,GOOD,ROUTE_AGENT,BROADER_INDIAN_MARINE_REGION
GRID_0939,INDIAN_MARINE,7.75,79.75,297.80856807311983,,10.0,,,,103.75575564672084,Treaty,0,0,171.3526908990768,0,297.80856807311983,16.54492044850666,132.35936358805327,,,ROUTE_AGENT,BROADER_INDIAN_MARINE_REGION
GRID_0940,INDIAN_MARINE,19.0,82.0,334.57571840436475,,0.0,,,,213.59316145910464,Straight baseline,0,0,332.65979420225034,0,334.57571840436475,18.5875399113536,148.7003192908288,,,ROUTE_AGENT,BROADER_INDIAN_MARINE_REGION
GRID_0941,INDIAN_MARINE,9.75,90.5,224.320300749523,,3360.0,0.0009999946,0.051500008,0.051509716,151.4664150693929,200 NM,0,0,1197.305127517856,0,224.320300749523,12.462238930529056,99.69791144423245,0.987122571,GOOD,ROUTE_AGENT,BROADER_INDIAN_MARINE_REGION
GRID_0942,INDIAN_MARINE,12.0,91.0,189.61550451427703,,3168.0,0.076000005,0.026500002,0.08048758,141.3833623916412,Straight baseline,0,0,1076.4520164318023,0,189.61550451427703,10.534194695237613,84.2735575619009,0.9798781049999998,GOOD,ROUTE_AGENT,BROADER_INDIAN_MARINE_REGION
GRID_0943,INDIAN_MARINE,12.0,70.5,141.5881661996292,,3571.0,0.09650001,-0.0715,0.12010205,136.1211235975244,Straight baseline,0,0,520.0756113777215,0,141.5881661996292,7.866009233312734,62.92807386650187,0.9699744875,GOOD,ROUTE_AGENT,BROADER_INDIAN_MARINE_REGION
GRID_0944,INDIAN_MARINE,7.75,91.25,353.40629765242346,,3523.0,-0.029,-0.0275,0.039965607,163.57349246901455,200 NM,0,0,1336.75042547326,0,353.40629765242346,19.633683202912415,157.06946562329932,0.99000859825,GOOD,ROUTE_AGENT,BROADER_INDIAN_MARINE_REGION
GRID_0945,INDIAN_MARINE,10.5,96.5,396.1031549713387,,621.0,-0.12150001,-0.16750002,0.20692633,83.87334430864483,Treaty,0,0,1413.6752813799767,0,396.1031549713387,22.00573083174104,176.04584665392832,0.9482684175,GOOD,ROUTE_AGENT,BROADER_INDIAN_MARINE_REGION
GRID_0946,INDIAN_MARINE,14.75,81.25,67.9634015216734,,2793.0,0.11050001,0.23700002,0.26149428,116.86110413700132,Straight baseline,0,0,233.77461806573527,0,67.9634015216734,3.7757445289818556,30.205956231854845,0.93462643,GOOD,ROUTE_AGENT,BROADER_INDIAN_MARINE_REGION
GRID_0947,INDIAN_MARINE,8.75,83.5,391.3860467253919,,3745.0,-0.199,-0.072500005,0.21179532,146.0853693715634,200 NM,0,0,476.10942776751665,0,391.3860467253919,21.743669262521774,173.9493541001742,0.9470511699999999,GOOD,ROUTE_AGENT,BROADER_INDIAN_MARINE_REGION
GRID_0948,INDIAN_MARINE,16.75,81.5,79.4175333444555,,0.0,,,,57.39094008209275,Straight baseline,0,0,458.0822710362485,0,79.4175333444555,4.412085185803083,35.29668148642467,,,ROUTE_AGENT,BROADER_INDIAN_MARINE_REGION
GRID_0949,INDIAN_MARINE,15.5,70.5,245.9210221861377,,3488.0,0.0715,-0.013500001,0.07276332,54.02491510190651,200 NM,0,0,383.48479420542776,0,245.9210221861377,13.662279010340983,109.29823208272786,0.98180917,GOOD,ROUTE_AGENT,BROADER_INDIAN_MARINE_REGION
GRID_0950,INDIAN_MARINE,17.75,69.75,238.01005807552173,,3141.0,-0.0225,0.117000006,0.11914383,34.99532807731075,200 NM,0,0,385.5320236661729,0,238.01005807552173,13.222781004195651,105.78224803356521,0.9702140424999999,GOOD,ROUTE_AGENT,BROADER_INDIAN_MARINE_REGION
GRID_0951,INDIAN_MARINE,22.0,70.25,316.7733844410267,,0.0,,,,151.29246138551568,Straight baseline,0,0,61.87678774689478,0,316.7733844410267,17.598521357834816,140.78817086267853,,,ROUTE_AGENT,BROADER_INDIAN_MARINE_REGION
GRID_0952,INDIAN_MARINE,18.5,83.0,306.82674528322343,,0.0,,,,97.23750651088407,Straight baseline,0,0,240.26092926589925,0,306.82674528322343,17.045930293512413,136.3674423480993,,,ROUTE_AGENT,BROADER_INDIAN_MARINE_REGION
GRID_0953,INDIAN_MARINE,19.75,72.0,23.798483877011815,,33.0,-0.0025000013,-0.0625,0.06254998,41.367527944893325,Straight baseline,0,0,127.64118215148598,0,23.798483877011815,1.3221379931673232,10.577103945338585,0.8521402827777778,GOOD,ROUTE_AGENT,BROADER_INDIAN_MARINE_REGION
GRID_0954,INDIAN_MARINE,14.25,93.5,151.38942808200736,,122.0,0.17400001,0.020500004,0.17520347,15.682133629844438,Straight baseline,0,0,931.1277347914232,0,151.38942808200736,8.410523782333742,67.28419025866994,0.9561991324999999,GOOD,ROUTE_AGENT,BROADER_INDIAN_MARINE_REGION
GRID_0955,INDIAN_MARINE,20.0,76.0,362.3675265124191,,0.0,,,,370.2289402370002,Straight baseline,0,0,55.30179880435567,0,362.3675265124191,20.13152925068995,161.0522340055196,,,ROUTE_AGENT,BROADER_INDIAN_MARINE_REGION
GRID_0956,INDIAN_MARINE,8.5,93.0,239.64400125927787,,167.0,-0.13,-0.09950001,0.16370782,1.3299870610255782,Straight baseline,1,0,1505.0490668390432,0,239.64400125927787,13.313555625515438,106.5084450041235,0.8090730450000001,GOOD,ROUTE_AGENT,BROADER_INDIAN_MARINE_REGION
GRID_0957,INDIAN_MARINE,8.5,75.5,82.77572499614081,,1560.0,-0.123,0.00049999356,0.12300102,95.66552554973757,Treaty,0,0,171.71774767514114,0,82.77572499614081,4.598651388674489,36.789211109395914,0.9692497449999999,GOOD,ROUTE_AGENT,BROADER_INDIAN_MARINE_REGION
GRID_0958,INDIAN_MARINE,12.75,94.75,219.4484211008746,,661.0,0.23250002,-0.07350001,0.24384116,94.01414735626052,Treaty,0,0,1119.3057857693689,0,219.4484211008746,12.191578950048589,97.53263160038871,0.9390397099999999,GOOD,ROUTE_AGENT,BROADER_INDIAN_MARINE_REGION
GRID_0959,INDIAN_MARINE,8.5,80.0,246.13095523574796,,0.0,,,,72.38598774108223,Treaty,0,0,116.69176484940274,0,246.13095523574796,13.673941957541553,109.39153566033242,,,ROUTE_AGENT,BROADER_INDIAN_MARINE_REGION
GRID_0960,INDIAN_MARINE,11.5,77.0,164.55352470908267,,0.0,,,,144.98440204055802,Straight baseline,0,0,52.03147172544597,0,164.55352470908267,9.141862483837926,73.1348998707034,,,ROUTE_AGENT,BROADER_INDIAN_MARINE_REGION
GRID_0961,INDIAN_MARINE,5.25,78.0,326.3534547792633,,2899.0,0.1395,0.0375,0.14445242,57.02383003708026,Treaty,0,0,329.62732601136753,0,326.3534547792633,18.13074748773685,145.0459799018948,0.9638868949999999,GOOD,ROUTE_AGENT,BROADER_INDIAN_MARINE_REGION
GRID_0962,INDIAN_MARINE,13.5,85.25,425.2850608555823,,3158.0,-0.027999999,0.072000004,0.077252835,95.60168941086889,200 NM,0,0,561.2526560029411,0,425.2850608555823,23.626947825310125,189.015582602481,0.9806867912499999,GOOD,ROUTE_AGENT,BROADER_INDIAN_MARINE_REGION
GRID_0963,INDIAN_MARINE,20.25,75.75,337.8122851303244,,0.0,,,,348.7574086625577,Straight baseline,0,0,88.91759934012225,0,337.8122851303244,18.76734917390691,150.1387933912553,,,ROUTE_AGENT,BROADER_INDIAN_MARINE_REGION
GRID_0964,INDIAN_MARINE,17.75,81.75,193.4909413708645,,0.0,,,,137.0380982839346,Straight baseline,0,0,403.7929983527569,0,193.4909413708645,10.749496742825805,85.99597394260644,,,ROUTE_AGENT,BROADER_INDIAN_MARINE_REGION
GRID_0965,INDIAN_MARINE,8.75,75.0,113.71998723092594,,2630.0,-0.1395,-0.08500001,0.16335621,100.56666862829,Treaty,0,0,215.51522167458975,0,113.71998723092594,6.317777068384775,50.5422165470782,0.9591609475,GOOD,ROUTE_AGENT,BROADER_INDIAN_MARINE_REGION
GRID_0966,INDIAN_MARINE,12.75,73.25,54.47644889435184,,2047.0,0.018,0.033999998,0.038470767,127.77703482257876,Straight baseline,0,0,203.52899841096996,0,54.47644889435184,3.026469383019547,24.211755064156375,0.9903823082499998,GOOD,ROUTE_AGENT,BROADER_INDIAN_MARINE_REGION
GRID_0967,INDIAN_MARINE,19.0,79.5,380.14704182888534,,0.0,,,,397.92713115287984,Straight baseline,0,0,350.98215237019144,0,380.14704182888534,21.11928010160474,168.95424081283792,,,ROUTE_AGENT,BROADER_INDIAN_MARINE_REGION
GRID_0968,INDIAN_MARINE,15.25,69.75,331.1612716241765,,3718.0,0.0315,-0.045500003,0.05533986,20.252270239739445,200 NM,0,0,471.56803428320126,0,331.1612716241765,18.39784842356536,147.18278738852288,0.986165035,GOOD,ROUTE_AGENT,BROADER_INDIAN_MARINE_REGION
GRID_0969,INDIAN_MARINE,13.0,72.5,113.24103728756612,,504.0,-0.0145,0.072000004,0.073445566,96.55854452192024,Straight baseline,0,0,274.8512689527793,0,113.24103728756612,6.291168738198118,50.32934990558494,0.9816386085,GOOD,ROUTE_AGENT,BROADER_INDIAN_MARINE_REGION
GRID_0970,INDIAN_MARINE,14.75,81.5,94.16093369047876,,2904.0,0.08850001,0.055000003,0.10419814,128.38046719014065,Straight baseline,0,0,248.46831295228685,0,94.16093369047876,5.231162982804375,41.849303862435,0.9739504649999999,GOOD,ROUTE_AGENT,BROADER_INDIAN_MARINE_REGION
GRID_0971,INDIAN_MARINE,6.25,72.0,280.3746631764195,,2585.0,-0.17600001,0.0345,0.17934953,61.8312701466953,Archipelagic baseline,0,0,627.027095164714,0,280.3746631764195,15.576370176467751,124.61096141174201,0.9551626174999999,GOOD,ROUTE_AGENT,BROADER_INDIAN_MARINE_REGION
GRID_0972,INDIAN_MARINE,16.0,93.25,320.765881233069,,2352.0,-0.0605,-0.14400001,0.156193,104.44037094324544,Straight baseline,0,0,728.0060192393836,0,320.765881233069,17.8203267351705,142.562613881364,0.96095175,GOOD,ROUTE_AGENT,BROADER_INDIAN_MARINE_REGION
GRID_0973,INDIAN_MARINE,15.25,96.25,450.2530871953993,,21.0,0.079500005,0.120000005,0.1439453,31.49158598141145,Straight baseline,0,0,894.2040936268734,0,450.2530871953993,25.014060399744405,200.11248319795524,0.7384581194444444,GOOD,ROUTE_AGENT,BROADER_INDIAN_MARINE_REGION
GRID_0974,INDIAN_MARINE,21.75,68.5,442.333261346985,,80.0,0.041,-0.041500002,0.058337383,82.72514816507328,Straight baseline,0,0,201.58770396809877,0,442.333261346985,24.574070074832502,196.59256059866001,0.9854156542499999,GOOD,ROUTE_AGENT,BROADER_INDIAN_MARINE_REGION
GRID_0975,INDIAN_MARINE,10.5,77.5,176.1739576248034,,0.0,,,,153.9254376529362,Straight baseline,0,0,33.72074720147355,0,176.1739576248034,9.787442090266856,78.29953672213485,,,ROUTE_AGENT,BROADER_INDIAN_MARINE_REGION
GRID_0976,INDIAN_MARINE,8.75,78.75,201.84270112201153,,804.0,-0.059000004,-0.0040000044,0.05913544,41.157878400059886,Straight baseline,0,0,42.038738395049,0,201.84270112201153,11.213483395667307,89.70786716533846,0.9852161399999999,GOOD,ROUTE_AGENT,BROADER_INDIAN_MARINE_REGION
GRID_0977,INDIAN_MARINE,18.75,70.0,225.0062908977185,,1329.0,0.0325,0.098500006,0.1037232,147.97121167590026,200 NM,0,0,327.08265821203395,0,225.0062908977185,12.500349494317694,100.00279595454155,0.9740692,GOOD,ROUTE_AGENT,BROADER_INDIAN_MARINE_REGION
GRID_0978,INDIAN_MARINE,15.5,84.25,240.8696753300106,,3035.0,0.1485,0.11250001,0.18630217,141.97848070906394,200 NM,0,0,453.9763962643765,0,240.8696753300106,13.381648629445033,107.05318903556027,0.9534244574999999,GOOD,ROUTE_AGENT,BROADER_INDIAN_MARINE_REGION
GRID_0979,INDIAN_MARINE,13.25,70.0,224.23907368948568,,4407.0,-0.0825,-0.034,0.08923145,151.32278288162374,200 NM,0,0,510.6756548834272,0,224.23907368948568,12.457726316082537,99.6618105286603,0.9776921374999998,GOOD,ROUTE_AGENT,BROADER_INDIAN_MARINE_REGION
GRID_0980,INDIAN_MARINE,21.0,69.0,361.2957837674073,,823.0,0.011000001,-0.0014999993,0.011101803,157.08511010608362,Straight baseline,0,0,218.83913393155603,0,361.2957837674073,20.07198798707818,160.57590389662545,0.99722454925,GOOD,ROUTE_AGENT,BROADER_INDIAN_MARINE_REGION
GRID_0981,INDIAN_MARINE,9.25,75.5,50.392909631170184,,1196.0,-0.165,-0.034500003,0.16856824,95.03928916835694,Straight baseline,0,0,149.92363135448016,0,50.392909631170184,2.799606090620566,22.396848724964528,0.95785794,GOOD,ROUTE_AGENT,BROADER_INDIAN_MARINE_REGION
GRID_0982,INDIAN_MARINE,14.25,81.25,72.7177758273507,,3071.0,-0.012499999,0.24900001,0.24931356,114.23045877642308,Straight baseline,0,0,185.60629001808795,0,72.7177758273507,4.039876434852817,32.31901147882254,0.93767161,GOOD,ROUTE_AGENT,BROADER_INDIAN_MARINE_REGION
GRID_0983,INDIAN_MARINE,8.25,83.25,403.43229631064474,,3813.0,-0.13700001,-0.1525,0.20500062,196.4539605328285,200 NM,0,0,458.5813180183636,0,403.43229631064474,22.412905350591373,179.30324280473098,0.948749845,GOOD,ROUTE_AGENT,BROADER_INDIAN_MARINE_REGION
GRID_0984,INDIAN_MARINE,5.0,74.75,378.1819629832743,,2679.0,-0.21450001,0.3445,0.4058208,118.3270803686128,Archipelagic baseline,0,0,460.67869909886497,0,378.1819629832743,21.010109054626348,168.08087243701078,0.8985448,GOOD,ROUTE_AGENT,BROADER_INDIAN_MARINE_REGION
GRID_0985,INDIAN_MARINE,5.25,72.0,381.9368431742013,,3284.0,-0.1745,0.043000005,0.17971992,71.48675162086077,Archipelagic baseline,0,0,682.3331021175088,0,381.9368431742013,21.218713509677848,169.74970807742278,0.95507002,GOOD,ROUTE_AGENT,BROADER_INDIAN_MARINE_REGION
GRID_0986,INDIAN_MARINE,21.0,72.25,123.01482638420887,,10.0,0.120000005,0.0575,0.13306484,103.91856270924406,Straight baseline,0,0,194.74993390742455,0,123.01482638420887,6.834157021344938,54.6732561707595,0.6556226788888889,MODERATE,ROUTE_AGENT,BROADER_INDIAN_MARINE_REGION
GRID_0987,INDIAN_MARINE,18.25,84.75,393.87478370926794,,1403.0,0.40800002,0.20400001,0.4561579,56.43856236344678,Straight baseline,0,0,129.25057039532308,0,393.87478370926794,21.881932428292664,175.05545942634132,0.885960525,GOOD,ROUTE_AGENT,BROADER_INDIAN_MARINE_REGION
GRID_0988,INDIAN_MARINE,16.75,80.5,118.41001404569728,,0.0,,,,116.63082746182008,Straight baseline,0,0,436.69365675814913,0,118.41001404569728,6.5783341136498485,52.62667290919879,,,ROUTE_AGENT,BROADER_INDIAN_MARINE_REGION
GRID_0989,INDIAN_MARINE,7.0,75.75,133.03353325775723,,1860.0,-0.032,0.20750001,0.20995298,38.70974515025186,Treaty,0,0,224.0167658667238,0,133.03353325775723,7.3907518476531795,59.126014781225436,0.9475117549999998,GOOD,ROUTE_AGENT,BROADER_INDIAN_MARINE_REGION
GRID_0990,INDIAN_MARINE,14.75,92.0,188.33739088390513,,2726.0,-0.050000004,-0.16500002,0.17240942,18.08698303427883,Treaty,0,0,864.5700803392049,0,188.33739088390513,10.463188382439174,83.7055070595134,0.956897645,GOOD,ROUTE_AGENT,BROADER_INDIAN_MARINE_REGION
GRID_0991,INDIAN_MARINE,5.0,79.75,449.6892192518989,,4187.0,0.15050001,0.08250001,0.17162898,233.85383929614213,Treaty,0,0,434.94105824774687,0,449.6892192518989,24.982734402883274,199.8618752230662,0.9570927549999999,GOOD,ROUTE_AGENT,BROADER_INDIAN_MARINE_REGION
GRID_0992,INDIAN_MARINE,10.5,69.0,328.5493055842421,,4449.0,0.0555,-0.058000002,0.08027609,37.43240885382274,200 NM,0,0,740.8676420701054,0,328.5493055842421,18.252739199124562,146.0219135929965,0.9799309775,GOOD,ROUTE_AGENT,BROADER_INDIAN_MARINE_REGION
GRID_0993,INDIAN_MARINE,15.25,68.5,459.7084410479093,,3751.0,-0.019500002,0.22250001,0.22335288,115.70456443899756,200 NM,0,0,606.9398781094571,0,459.7084410479093,25.53935783599496,204.31486268795967,0.94416178,GOOD,ROUTE_AGENT,BROADER_INDIAN_MARINE_REGION
GRID_0994,INDIAN_MARINE,13.0,94.0,148.2704913472067,,1223.0,0.12100001,0.040999997,0.1277576,74.299505111988,Treaty,0,0,1078.7868695601535,0,148.2704913472067,8.23724951928926,65.89799615431409,0.9680605999999998,GOOD,ROUTE_AGENT,BROADER_INDIAN_MARINE_REGION
GRID_0995,INDIAN_MARINE,17.0,70.25,214.8996642511323,,3430.0,-0.0215,-0.1125,0.11453602,60.922148776198064,200 NM,0,0,379.01240173740973,0,214.8996642511323,11.938870236174017,95.51096188939214,0.971365995,GOOD,ROUTE_AGENT,BROADER_INDIAN_MARINE_REGION
GRID_0996,INDIAN_MARINE,11.25,84.25,396.0282556700612,,3468.0,-0.041,-0.1535,0.15888125,65.01111482621297,200 NM,0,0,484.65415203379854,0,396.0282556700612,22.001569759447843,176.01255807558275,0.9602796874999999,GOOD,ROUTE_AGENT,BROADER_INDIAN_MARINE_REGION
GRID_0997,INDIAN_MARINE,12.75,79.0,156.5053557717451,,0.0,,,,125.9934042246149,Straight baseline,0,0,94.57264079660074,0,156.5053557717451,8.694741987319171,69.55793589855337,,,ROUTE_AGENT,BROADER_INDIAN_MARINE_REGION
GRID_0998,INDIAN_MARINE,13.25,72.25,125.00694875937482,,964.0,-0.025500001,0.0915,0.09498684,105.45085952302502,Straight baseline,0,0,298.24751772063115,0,125.00694875937482,6.944830486631934,55.558643893055475,0.9762532899999998,GOOD,ROUTE_AGENT,BROADER_INDIAN_MARINE_REGION
GRID_0999,INDIAN_MARINE,12.75,94.5,196.6225918931157,,1166.0,0.22100002,-0.031,0.22316363,117.69011843541524,Treaty,0,0,1114.5776654605004,0,196.6225918931157,10.923477327395316,87.38781861916253,0.9442090925,GOOD,ROUTE_AGENT,BROADER_INDIAN_MARINE_REGION
GRID_1000,INDIAN_MARINE,7.75,89.5,452.9506423328067,,3596.0,-0.11800001,0.055,0.13018833,16.225517456078386,200 NM,0,0,1147.9237475223,0,452.9506423328067,25.163924574044817,201.31139659235853,0.9674529175,GOOD,ROUTE_AGENT,BROADER_INDIAN_MARINE_REGION
GRID_1001,INDIAN_MARINE,19.25,73.25,67.14400396129668,,0.0,,,,54.09186399521496,Straight baseline,0,0,30.145855621168742,0,67.14400396129668,3.73022244229426,29.84177953835408,,,ROUTE_AGENT,BROADER_INDIAN_MARINE_REGION
GRID_1002,INDIAN_MARINE,8.75,81.5,238.72507978499095,,2616.0,,,,213.8203394523604,Treaty,0,0,256.093361516767,0,238.72507978499095,13.262504432499497,106.10003545999598,,,ROUTE_AGENT,BROADER_INDIAN_MARINE_REGION
GRID_1003,INDIAN_MARINE,16.75,91.25,423.9378279363452,,2314.0,0.12550001,0.116500005,0.17123815,59.753622822158015,200 NM,0,0,619.3782412326091,0,423.9378279363452,23.552101552019177,188.41681241615342,0.9571904624999998,GOOD,ROUTE_AGENT,BROADER_INDIAN_MARINE_REGION
GRID_1004,INDIAN_MARINE,11.25,79.25,97.2374350959245,,0.0,,,,67.02332831532968,Straight baseline,0,0,60.72548411436824,0,97.2374350959245,5.402079727551361,43.21663782041089,,,ROUTE_AGENT,BROADER_INDIAN_MARINE_REGION
GRID_1005,INDIAN_MARINE,18.0,82.5,237.52723638543284,,0.0,,,,91.79869349149617,Straight baseline,0,0,316.4384959642526,0,237.52723638543284,13.19595757696849,105.56766061574793,,,ROUTE_AGENT,BROADER_INDIAN_MARINE_REGION
GRID_1006,INDIAN_MARINE,8.0,95.5,417.9655607322843,,1930.0,0.07700001,-0.0064999983,0.07727387,19.1692965369571,Treaty,0,0,1663.3161806724142,0,417.9655607322843,23.22030892957135,185.7624714365708,0.9806815325,GOOD,ROUTE_AGENT,BROADER_INDIAN_MARINE_REGION
GRID_1007,INDIAN_MARINE,11.5,85.25,491.72757578913047,,3397.0,-0.08850001,-0.030000003,0.093446516,172.08065673770508,200 NM,0,0,580.4674177642821,0,491.72757578913047,27.318198654951694,218.54558923961355,0.976638371,GOOD,ROUTE_AGENT,BROADER_INDIAN_MARINE_REGION
GRID_1008,INDIAN_MARINE,12.0,94.75,190.66349386375344,,1307.0,-0.063,-0.064500004,0.09016235,79.01710163499162,Treaty,0,0,1203.455486741323,0,190.66349386375344,10.59241632576408,84.73933060611265,0.9774594125,GOOD,ROUTE_AGENT,BROADER_INDIAN_MARINE_REGION
GRID_1009,INDIAN_MARINE,21.25,72.25,150.61690359395277,,19.0,0.666,-0.3,0.73044914,130.62666304614504,Straight baseline,0,0,174.71237526525482,0,150.61690359395277,8.367605755219598,66.94084604175679,0.5762766038888889,MODERATE,ROUTE_AGENT,BROADER_INDIAN_MARINE_REGION
GRID_1010,INDIAN_MARINE,13.75,85.5,433.4817080989756,,3107.0,-0.0335,0.023000002,0.04063558,95.06467066307182,200 NM,0,0,592.7882640231878,0,433.4817080989756,24.082317116609758,192.65853693287806,0.989841105,GOOD,ROUTE_AGENT,BROADER_INDIAN_MARINE_REGION
GRID_1011,INDIAN_MARINE,19.5,80.0,407.7732947278184,,0.0,,,,418.38453373798274,Straight baseline,0,0,391.45394814214256,0,407.7732947278184,22.654071929323244,181.23257543458595,,,ROUTE_AGENT,BROADER_INDIAN_MARINE_REGION
GRID_1012,INDIAN_MARINE,14.5,88.75,443.3564735472472,,2896.0,0.19900002,-0.026500002,0.20075671,85.39756108966748,200 NM,0,0,700.6560646954503,0,443.3564735472472,24.63091519706929,197.0473215765543,0.9498108224999999,GOOD,ROUTE_AGENT,BROADER_INDIAN_MARINE_REGION
GRID_1013,INDIAN_MARINE,11.75,89.5,320.20585422968395,,3153.0,0.16,0.05,0.16763054,77.61786493452388,200 NM,0,0,1010.9032823849128,0,320.20585422968395,17.789214123871332,142.31371299097066,0.958092365,GOOD,ROUTE_AGENT,BROADER_INDIAN_MARINE_REGION
GRID_1014,INDIAN_MARINE,11.75,90.75,196.8861465670361,,3209.0,0.09900001,0.0195,0.100902185,162.19208171818488,Straight baseline,0,0,1084.9983984885318,0,196.8861465670361,10.938119253724228,87.50495402979382,0.9747744537499998,GOOD,ROUTE_AGENT,BROADER_INDIAN_MARINE_REGION
GRID_1015,INDIAN_MARINE,14.25,69.5,333.5376076513828,,4008.0,-0.007000001,0.028500002,0.029347064,43.446471804888475,200 NM,0,0,524.9106320716727,0,333.5376076513828,18.52986709174349,148.23893673394792,0.9926632339999999,GOOD,ROUTE_AGENT,BROADER_INDIAN_MARINE_REGION
GRID_1016,INDIAN_MARINE,12.25,81.0,35.4807929719059,,3324.0,0.106000006,0.28250003,0.30173212,96.83024660527695,Straight baseline,0,0,111.90072855561117,0,35.4807929719059,1.9711551651058832,15.769241320847065,0.9245669699999999,GOOD,ROUTE_AGENT,BROADER_INDIAN_MARINE_REGION
GRID_1017,INDIAN_MARINE,19.75,82.25,421.4367239862687,,0.0,,,,263.87196088503117,Straight baseline,0,0,258.7089896320666,0,421.4367239862687,23.413151332570482,187.30521066056386,,,ROUTE_AGENT,BROADER_INDIAN_MARINE_REGION
GRID_1018,INDIAN_MARINE,9.0,95.5,348.2281922612332,,2532.0,0.086500004,-0.078999996,0.117146276,13.343473658099008,Treaty,0,0,1552.57066722295,0,348.2281922612332,19.34601068117962,154.76808544943697,0.9707134309999998,GOOD,ROUTE_AGENT,BROADER_INDIAN_MARINE_REGION
GRID_1019,INDIAN_MARINE,16.25,68.25,442.810225657406,,3486.0,-0.120500006,0.0935,0.1525205,175.73017906695728,200 NM,0,0,614.2598055114244,0,442.810225657406,24.600568092078113,196.8045447366249,0.9618698749999999,GOOD,ROUTE_AGENT,BROADER_INDIAN_MARINE_REGION
GRID_1020,INDIAN_MARINE,9.0,80.25,186.4407744930241,,0.0,,,,80.54486823025329,Treaty,0,0,114.1384867161088,0,186.4407744930241,10.357820805168005,82.86256644134404,,,ROUTE_AGENT,BROADER_INDIAN_MARINE_REGION
GRID_1021,INDIAN_MARINE,5.5,71.5,380.045367329425,,3852.0,-0.16000001,0.0225,0.16157429,124.40826371611836,Archipelagic baseline,0,0,716.2375727516948,0,380.045367329425,21.11363151830139,168.9090521464111,0.9596064275,GOOD,ROUTE_AGENT,BROADER_INDIAN_MARINE_REGION
GRID_1022,INDIAN_MARINE,12.0,71.25,62.93615033471353,,2075.0,0.1715,-0.023000002,0.1730354,52.73288091781948,Straight baseline,0,0,441.8749843549198,0,62.93615033471353,3.496452796372974,27.97162237098379,0.9567411499999998,GOOD,ROUTE_AGENT,BROADER_INDIAN_MARINE_REGION
GRID_1023,INDIAN_MARINE,8.5,94.5,303.04649881951644,,2313.0,0.054500002,-0.1395,0.14976816,126.79838906409891,Treaty,0,0,1591.8400467031656,0,303.04649881951644,16.835916601084246,134.68733280867397,0.9625579599999998,GOOD,ROUTE_AGENT,BROADER_INDIAN_MARINE_REGION
GRID_1024,INDIAN_MARINE,8.0,73.0,57.29400025666509,,2014.0,-0.16300002,0.24200001,0.2917756,31.069198775143654,Straight baseline,0,0,453.45063360964286,0,57.29400025666509,3.183000014259172,25.464000114073375,0.9270560999999999,GOOD,ROUTE_AGENT,BROADER_INDIAN_MARINE_REGION
GRID_1025,INDIAN_MARINE,20.25,68.5,392.20328387144417,,3057.0,0.028500002,0.054000005,0.061059404,194.94692637687345,200 NM,0,0,323.90431754799624,0,392.20328387144417,21.789071326191344,174.31257060953075,0.984735149,GOOD,ROUTE_AGENT,BROADER_INDIAN_MARINE_REGION
GRID_1026,INDIAN_MARINE,6.0,72.5,285.581985786505,,1280.0,-0.20750001,0.14250001,0.25171912,8.510538140414504,Archipelagic baseline,0,0,592.029356457445,0,285.581985786505,15.865665877028057,126.92532701622446,0.9370702199999998,GOOD,ROUTE_AGENT,BROADER_INDIAN_MARINE_REGION
GRID_1027,INDIAN_MARINE,20.5,73.5,120.98995104598367,,0.0,,,,123.75666549005632,Straight baseline,0,0,82.76283621672806,0,120.98995104598367,6.721663946999093,53.77331157599274,,,ROUTE_AGENT,BROADER_INDIAN_MARINE_REGION
GRID_1028,INDIAN_MARINE,18.75,69.25,299.60842001155436,,2998.0,0.066,0.034500003,0.07447315,112.88944085500282,200 NM,0,0,410.1027787356754,0,299.60842001155436,16.644912222864132,133.15929778291306,0.9813817125,GOOD,ROUTE_AGENT,BROADER_INDIAN_MARINE_REGION
GRID_1029,INDIAN_MARINE,11.5,95.25,242.12238279836893,,2973.0,-0.164,-0.123500004,0.2053004,18.676251218389694,Treaty,0,0,1269.712653297286,0,242.12238279836893,13.451243488798275,107.6099479103862,0.9486748999999999,GOOD,ROUTE_AGENT,BROADER_INDIAN_MARINE_REGION
GRID_1030,INDIAN_MARINE,15.75,95.0,381.5072524941314,,0.0,,,,36.398823825943104,Straight baseline,0,0,790.665361049853,0,381.5072524941314,21.19484736078508,169.55877888628063,,,ROUTE_AGENT,BROADER_INDIAN_MARINE_REGION
GRID_1031,INDIAN_MARINE,7.75,90.5,387.5873974554409,,2958.0,-0.091500014,0.036000002,0.09832728,86.56396444701043,200 NM,0,0,1255.601315682995,0,387.5873974554409,21.53263319196894,172.26106553575153,0.9754181799999999,GOOD,ROUTE_AGENT,BROADER_INDIAN_MARINE_REGION
GRID_1032,INDIAN_MARINE,14.5,84.0,251.10765063436577,,3122.0,0.036500003,0.109500006,0.11542314,82.08584727619241,200 NM,0,0,454.8040972801708,0,251.10765063436577,13.950425035242542,111.60340028194034,0.971144215,GOOD,ROUTE_AGENT,BROADER_INDIAN_MARINE_REGION
GRID_1033,INDIAN_MARINE,7.0,93.0,405.7279694509571,,1538.0,-0.083000004,-0.136,0.15932672,67.05892730345585,Straight baseline,0,0,1546.0742525626645,0,405.7279694509571,22.540442747275396,180.32354197820317,0.96016832,GOOD,ROUTE_AGENT,BROADER_INDIAN_MARINE_REGION
GRID_1034,INDIAN_MARINE,11.5,96.5,378.0164012169965,,825.0,-0.09,-0.079500005,0.120084345,108.94872011988184,Straight baseline,0,0,1305.2597378180842,0,378.0164012169965,21.000911178722028,168.00728942977622,0.9699789137499999,GOOD,ROUTE_AGENT,BROADER_INDIAN_MARINE_REGION
GRID_1035,INDIAN_MARINE,7.0,78.0,154.95135536992453,,2193.0,-0.14400001,-0.062,0.15678011,45.42942162062946,Treaty,0,0,141.7356065987547,0,154.95135536992453,8.608408631662474,68.8672690532998,0.9608049724999999,GOOD,ROUTE_AGENT,BROADER_INDIAN_MARINE_REGION
GRID_1036,INDIAN_MARINE,12.75,71.25,82.62457641642631,,2050.0,-0.014500001,-0.027,0.030647187,79.81821219857665,Straight baseline,0,0,416.89882783339743,0,82.62457641642631,4.590254245357017,36.72203396285614,0.9923382032499999,GOOD,ROUTE_AGENT,BROADER_INDIAN_MARINE_REGION
GRID_1037,INDIAN_MARINE,16.5,94.25,407.3750939206471,,12.0,,,,1.7600925665174012,Straight baseline,1,0,685.2806914033722,0,407.3750939206471,22.631949662258172,181.05559729806538,,,ROUTE_AGENT,BROADER_INDIAN_MARINE_REGION
GRID_1038,INDIAN_MARINE,5.0,78.0,352.77568155422676,,2823.0,0.078,0.09300001,0.12137958,73.653406689425,Treaty,0,0,357.12678587888564,0,352.77568155422676,19.59864897523482,156.78919180187856,0.969655105,GOOD,ROUTE_AGENT,BROADER_INDIAN_MARINE_REGION
GRID_1039,INDIAN_MARINE,8.0,76.25,35.25285058249801,,1325.0,0.128,0.2675,0.29654723,134.76497835260298,Treaty,0,0,118.51784220712806,0,35.25285058249801,1.9584916990276673,15.667933592221338,0.9258631924999998,GOOD,ROUTE_AGENT,BROADER_INDIAN_MARINE_REGION
GRID_1040,INDIAN_MARINE,17.0,77.25,383.1082359925472,,0.0,,,,373.0656898737921,Straight baseline,0,0,357.23238996682085,0,383.1082359925472,21.283790888474844,170.27032710779875,,,ROUTE_AGENT,BROADER_INDIAN_MARINE_REGION
GRID_1041,INDIAN_MARINE,17.0,94.0,448.9339437534687,,771.0,-0.030500002,-0.057000004,0.06464712,24.95140692911622,Straight baseline,0,0,622.6871309192023,0,448.9339437534687,24.940774652970486,199.5261972237639,0.98383822,GOOD,ROUTE_AGENT,BROADER_INDIAN_MARINE_REGION
GRID_1042,INDIAN_MARINE,5.5,74.5,349.4744995416963,,2693.0,-0.1835,0.291,0.34402508,94.81795010128398,Archipelagic baseline,0,0,438.79619247177783,0,349.4744995416963,19.415249974538682,155.32199979630946,0.9139937299999998,GOOD,ROUTE_AGENT,BROADER_INDIAN_MARINE_REGION
GRID_1043,INDIAN_MARINE,15.0,71.5,175.94882443929356,,2064.0,-0.014000001,-0.083500005,0.08466552,162.3959775269699,200 NM,0,0,291.08587618260503,0,175.94882443929356,9.774934691071865,78.19947752857492,0.9788336199999998,GOOD,ROUTE_AGENT,BROADER_INDIAN_MARINE_REGION
GRID_1044,INDIAN_MARINE,11.5,71.5,34.613235591251396,,1737.0,0.1885,0.009500001,0.18873924,40.24029154519248,Straight baseline,0,0,442.2494532769355,0,34.613235591251396,1.9229575328472999,15.383660262778399,0.9528151899999999,GOOD,ROUTE_AGENT,BROADER_INDIAN_MARINE_REGION
GRID_1045,INDIAN_MARINE,13.25,73.0,56.87210663646705,,1895.0,-0.045500003,0.07300001,0.0860189,154.0548578161659,Straight baseline,0,0,215.22880613750505,0,56.87210663646705,3.1595614798037253,25.276491838429802,0.978495275,GOOD,ROUTE_AGENT,BROADER_INDIAN_MARINE_REGION
GRID_1046,INDIAN_MARINE,21.75,74.0,255.2490778193567,,0.0,,,,273.1981488316159,Straight baseline,0,0,74.65637541325063,0,255.2490778193567,14.180504323297594,113.44403458638075,,,ROUTE_AGENT,BROADER_INDIAN_MARINE_REGION
GRID_1047,INDIAN_MARINE,15.75,85.25,345.1960507116192,,2906.0,-0.043000005,0.019500002,0.04721494,78.73524224038552,200 NM,0,0,419.0381998608716,0,345.1960507116192,19.177558372867733,153.42046698294186,0.988196265,GOOD,ROUTE_AGENT,BROADER_INDIAN_MARINE_REGION
GRID_1048,INDIAN_MARINE,14.5,74.0,16.0057811695937,,48.0,0.053500004,-0.0040000007,0.05364933,25.0859453298223,Straight baseline,0,0,85.10629088530729,0,16.0057811695937,0.8892100649774277,7.113680519819422,0.9710321119444443,GOOD,ROUTE_AGENT,BROADER_INDIAN_MARINE_REGION
GRID_1049,INDIAN_MARINE,8.25,70.75,267.9111504909428,,4084.0,0.1525,0.041,0.15791532,25.778465409905845,Treaty,0,0,689.2663567707082,0,267.9111504909428,14.88395280505238,119.07162244041903,0.96052117,GOOD,ROUTE_AGENT,BROADER_INDIAN_MARINE_REGION
GRID_1050,INDIAN_MARINE,8.25,81.25,279.96484014512913,,0.0,,,,209.18459346612352,Treaty,0,0,248.1783166793136,0,279.96484014512913,15.553602230284952,124.42881784227961,,,ROUTE_AGENT,BROADER_INDIAN_MARINE_REGION
GRID_1051,INDIAN_MARINE,17.0,84.0,249.1361915793831,,2763.0,0.16600001,0.08500001,0.18649666,108.75686328356332,Straight baseline,0,0,293.5522981425695,0,249.1361915793831,13.84089953218795,110.7271962575036,0.9533758349999999,GOOD,ROUTE_AGENT,BROADER_INDIAN_MARINE_REGION
GRID_1052,INDIAN_MARINE,5.5,76.75,266.3944131773408,,2554.0,-0.066,0.12250001,0.13914831,30.03414990838841,Treaty,0,0,306.1986389207866,0,266.3944131773408,14.79968962096338,118.39751696770703,0.9652129224999999,GOOD,ROUTE_AGENT,BROADER_INDIAN_MARINE_REGION
GRID_1053,INDIAN_MARINE,14.25,83.25,206.0027113064471,,3239.0,0.079,-0.1365,0.15771256,100.81235271462148,200 NM,0,0,366.74688376624505,0,206.0027113064471,11.444595072580395,91.55676058064316,0.9605718599999999,GOOD,ROUTE_AGENT,BROADER_INDIAN_MARINE_REGION
GRID_1054,INDIAN_MARINE,13.5,70.25,218.31354798788604,,3446.0,-0.075500004,-0.047000002,0.088933975,161.6800628323549,200 NM,0,0,473.1755095367531,0,218.31354798788604,12.128530443771446,97.02824355017157,0.9777665062499998,GOOD,ROUTE_AGENT,BROADER_INDIAN_MARINE_REGION
GRID_1055,INDIAN_MARINE,17.75,82.5,210.85834421613205,,0.0,,,,73.02585075085064,Straight baseline,0,0,331.8430592371791,0,210.85834421613205,11.714352456451781,93.71481965161425,,,ROUTE_AGENT,BROADER_INDIAN_MARINE_REGION
GRID_1056,INDIAN_MARINE,12.25,89.5,342.5851055129771,,3077.0,0.11750001,0.037,0.12318788,69.37214074852388,200 NM,0,0,961.9757251347024,0,342.5851055129771,19.032505861832064,152.2600468946565,0.9692030299999999,GOOD,ROUTE_AGENT,BROADER_INDIAN_MARINE_REGION
GRID_1057,INDIAN_MARINE,15.75,82.0,5.512721485125489,,1500.0,0.5325,0.015000004,0.53271127,70.97177895408238,Straight baseline,0,0,375.5600468027876,0,5.512721485125489,0.30626230472919386,2.450098437833551,0.8668221825,GOOD,ROUTE_AGENT,BROADER_INDIAN_MARINE_REGION
GRID_1058,INDIAN_MARINE,14.0,76.25,234.466116082862,,0.0,,,,190.93649464143937,Straight baseline,0,0,128.51764045801673,0,234.466116082862,13.025895337936777,104.20716270349422,,,ROUTE_AGENT,BROADER_INDIAN_MARINE_REGION
GRID_1059,INDIAN_MARINE,21.25,70.0,281.8872411344182,,0.0,,,,113.24014702275538,Straight baseline,0,0,150.61515398612863,0,281.8872411344182,15.660402285245457,125.28321828196366,,,ROUTE_AGENT,BROADER_INDIAN_MARINE_REGION
GRID_1060,INDIAN_MARINE,13.75,90.75,213.72514037158857,,2886.0,-0.053500004,-0.042500004,0.06832643,153.09232589426833,200 NM,0,0,900.0578024597261,0,213.72514037158857,11.873618909532698,94.98895127626159,0.9829183925,GOOD,ROUTE_AGENT,BROADER_INDIAN_MARINE_REGION
GRID_1061,INDIAN_MARINE,11.5,79.25,89.81083340124027,,0.0,,,,62.481206721718486,Straight baseline,0,0,58.20530870637587,0,89.81083340124027,4.989490744513349,39.91592595610679,,,ROUTE_AGENT,BROADER_INDIAN_MARINE_REGION
GRID_1062,INDIAN_MARINE,10.5,75.75,17.65137991833576,,38.0,0.071,-0.1375,0.15474899,29.50962074717425,Straight baseline,0,0,94.68708684677291,0,17.65137991833576,0.9806322176853199,7.8450577414825595,0.8679794191666665,GOOD,ROUTE_AGENT,BROADER_INDIAN_MARINE_REGION
GRID_1063,INDIAN_MARINE,10.25,88.75,388.8645242967572,,3361.0,0.0060000047,0.19750002,0.19759114,16.671487121479807,200 NM,0,0,994.529426741948,0,388.8645242967572,21.60358468315318,172.82867746522544,0.950602215,GOOD,ROUTE_AGENT,BROADER_INDIAN_MARINE_REGION
GRID_1064,INDIAN_MARINE,9.25,88.0,497.3462995572283,,3509.0,0.171,0.0775,0.18774252,130.57868251335947,200 NM,0,0,944.300558038024,0,497.3462995572283,27.630349975401572,221.04279980321257,0.9530643699999999,GOOD,ROUTE_AGENT,BROADER_INDIAN_MARINE_REGION
GRID_1065,INDIAN_MARINE,12.75,68.0,413.9646917541932,,4203.0,-0.0505,0.0375,0.06290072,44.50477052857036,200 NM,0,0,736.9574730744841,0,413.9646917541932,22.99803843078851,183.9843074463081,0.98427482,GOOD,ROUTE_AGENT,BROADER_INDIAN_MARINE_REGION
GRID_1066,INDIAN_MARINE,20.0,73.5,102.02632709976596,,0.0,,,,97.83741595720744,Straight baseline,0,0,62.35903256560653,0,102.02632709976596,5.668129283320331,45.34503426656265,,,ROUTE_AGENT,BROADER_INDIAN_MARINE_REGION
GRID_1067,INDIAN_MARINE,14.75,79.0,146.51269542193336,,0.0,,,,133.57540945726677,Straight baseline,0,0,245.5091031442645,0,146.51269542193336,8.13959419010741,65.11675352085928,,,ROUTE_AGENT,BROADER_INDIAN_MARINE_REGION
GRID_1068,INDIAN_MARINE,11.25,77.5,205.1817498971431,,0.0,,,,183.0422639364132,Straight baseline,0,0,16.101240339607305,0,205.1817498971431,11.398986105396839,91.19188884317471,,,ROUTE_AGENT,BROADER_INDIAN_MARINE_REGION
GRID_1069,INDIAN_MARINE,9.25,73.25,85.9628947675833,,2208.0,0.0425,0.103,0.11142374,14.182104369792182,Straight baseline,0,0,400.21181424191735,0,85.9628947675833,4.77571637597685,38.2057310078148,0.972144065,GOOD,ROUTE_AGENT,BROADER_INDIAN_MARINE_REGION
GRID_1070,INDIAN_MARINE,8.0,81.25,306.6144851092552,,0.0,,,,220.54847498263,Treaty,0,0,261.81685043610025,0,306.6144851092552,17.03413806162529,136.2731044930023,,,ROUTE_AGENT,BROADER_INDIAN_MARINE_REGION
GRID_1071,INDIAN_MARINE,10.5,93.0,27.57977325139984,,1189.0,0.028,-0.008500002,0.029261751,65.52717271243996,Straight baseline,0,0,1345.3796241515367,0,27.57977325139984,1.5322096250777688,12.25767700062215,0.99268456225,GOOD,ROUTE_AGENT,BROADER_INDIAN_MARINE_REGION
GRID_1072,INDIAN_MARINE,21.5,71.75,188.55400747105415,,0.0,,,,132.57410405772973,Straight baseline,0,0,207.76702602296584,0,188.55400747105415,10.475222637280787,83.8017810982463,,,ROUTE_AGENT,BROADER_INDIAN_MARINE_REGION
GRID_1073,INDIAN_MARINE,15.75,73.25,2.9402803028503532,,59.0,0.0225,-0.090500005,0.093255036,27.76647430185859,Straight baseline,0,0,90.18050545036796,0,2.9402803028503532,0.1633489057139085,1.306791245711268,0.9766862409999999,GOOD,ROUTE_AGENT,BROADER_INDIAN_MARINE_REGION
GRID_1074,INDIAN_MARINE,16.0,70.0,286.1165740323305,,3699.0,0.079500005,-0.124000005,0.14729647,12.346058861985966,200 NM,0,0,428.4765717238126,0,286.1165740323305,15.895365224018361,127.16292179214689,0.9631758824999999,GOOD,ROUTE_AGENT,BROADER_INDIAN_MARINE_REGION
GRID_1075,INDIAN_MARINE,16.5,93.75,388.0112327315534,,1046.0,-0.1515,-0.1225,0.19482942,52.44711042605079,Straight baseline,0,0,675.4483731030227,0,388.0112327315534,21.55617959619741,172.44943676957928,0.9512926449999999,GOOD,ROUTE_AGENT,BROADER_INDIAN_MARINE_REGION
GRID_1076,INDIAN_MARINE,20.0,77.25,491.4078466201752,,0.0,,,,507.084273640149,Straight baseline,0,0,81.36828896217007,0,491.4078466201752,27.300435923343066,218.40348738674453,,,ROUTE_AGENT,BROADER_INDIAN_MARINE_REGION
GRID_1077,INDIAN_MARINE,13.0,85.5,480.2922858691124,,3200.0,-0.10250001,0.0195,0.10433839,156.8130217055069,200 NM,0,0,585.2619415523919,0,480.2922858691124,26.682904770506244,213.46323816404995,0.9739154024999999,GOOD,ROUTE_AGENT,BROADER_INDIAN_MARINE_REGION
GRID_1078,INDIAN_MARINE,18.75,68.25,401.59966309584206,,3357.0,0.061500005,-0.111,0.12689859,49.69861133674871,200 NM,0,0,492.3758347989732,0,401.59966309584206,22.311092394213446,178.48873915370757,0.9682753524999999,GOOD,ROUTE_AGENT,BROADER_INDIAN_MARINE_REGION
GRID_1079,INDIAN_MARINE,9.5,94.75,248.87536760589435,,1673.0,-0.0034999996,-0.20200002,0.20203035,90.8451313871888,Treaty,0,0,1483.437902841153,0,248.87536760589435,13.826409311438574,110.6112744915086,0.9494924124999999,GOOD,ROUTE_AGENT,BROADER_INDIAN_MARINE_REGION
GRID_1080,INDIAN_MARINE,10.0,75.0,93.6534906097275,,2198.0,-0.017,0.026000002,0.03106445,127.5910978514305,Straight baseline,0,0,194.62989802793052,0,93.6534906097275,5.202971700540417,41.62377360432333,0.9922338874999999,GOOD,ROUTE_AGENT,BROADER_INDIAN_MARINE_REGION
GRID_1081,INDIAN_MARINE,14.25,77.0,312.332421008002,,0.0,,,,279.180981944323,Straight baseline,0,0,211.12857484076707,0,312.332421008002,17.35180116711122,138.81440933688975,,,ROUTE_AGENT,BROADER_INDIAN_MARINE_REGION
GRID_1082,INDIAN_MARINE,15.75,75.5,224.40278903255947,,0.0,,,,192.3566616444048,Straight baseline,0,0,165.46940278389368,0,224.40278903255947,12.46682161291997,99.73457290335976,,,ROUTE_AGENT,BROADER_INDIAN_MARINE_REGION
GRID_1083,INDIAN_MARINE,19.5,77.25,486.43892539027513,,0.0,,,,500.1212901511361,Straight baseline,0,0,98.39667675021732,0,486.43892539027513,27.024384743904175,216.1950779512334,,,ROUTE_AGENT,BROADER_INDIAN_MARINE_REGION
GRID_1084,INDIAN_MARINE,20.0,71.0,131.10874402671183,,71.0,0.056500003,-0.093,0.10881751,64.48844020575388,Straight baseline,0,0,239.34214362082528,0,131.10874402671183,7.2838191125951015,58.27055290076081,0.9727956224999998,GOOD,ROUTE_AGENT,BROADER_INDIAN_MARINE_REGION
GRID_1085,INDIAN_MARINE,10.0,71.25,133.15066055039586,,3474.0,-0.18800001,0.0785,0.20373084,107.70117528672438,Straight baseline,0,0,531.472139389456,0,133.15066055039586,7.397258919466436,59.17807135573149,0.9490672899999999,GOOD,ROUTE_AGENT,BROADER_INDIAN_MARINE_REGION
GRID_1086,INDIAN_MARINE,11.5,69.75,219.7494430887301,,4389.0,-0.0545,0.081,0.097628124,152.64830025736606,200 NM,0,0,618.0290213312038,0,219.7494430887301,12.208302393818338,97.6664191505467,0.975592969,GOOD,ROUTE_AGENT,BROADER_INDIAN_MARINE_REGION
GRID_1087,INDIAN_MARINE,14.0,70.25,257.698831889267,,3395.0,-0.042000003,-0.048,0.063780874,125.2075173780227,200 NM,0,0,451.9857357515565,0,257.698831889267,14.316601771625946,114.53281417300757,0.9840547815,GOOD,ROUTE_AGENT,BROADER_INDIAN_MARINE_REGION
GRID_1088,INDIAN_MARINE,10.0,97.0,464.9099437971918,,289.0,-0.058000006,-0.0635,0.086001456,32.12160762412542,Treaty,0,0,1484.1053520222904,0,464.9099437971918,25.828330210955098,206.62664168764078,0.978499636,GOOD,ROUTE_AGENT,BROADER_INDIAN_MARINE_REGION
GRID_1089,INDIAN_MARINE,22.0,68.5,455.7448366440831,,68.0,0.053000003,-0.069000006,0.08700576,60.90403695277889,Straight baseline,0,0,190.05954220138148,0,455.7448366440831,25.319157591337948,202.55326073070358,0.9782485599999999,GOOD,ROUTE_AGENT,BROADER_INDIAN_MARINE_REGION
GRID_1090,INDIAN_MARINE,14.5,94.25,227.39898340230448,,106.0,0.22950003,-0.12900001,0.26327032,80.36246312579512,Treaty,0,0,912.2481083713328,0,227.39898340230448,12.633276855683583,101.06621484546866,0.93418242,GOOD,ROUTE_AGENT,BROADER_INDIAN_MARINE_REGION
GRID_1091,INDIAN_MARINE,8.0,90.75,349.86805820947825,,3196.0,-0.0064999983,-0.0030000005,0.007158909,123.18818558244102,200 NM,0,0,1276.23581299039,0,349.86805820947825,19.437114344971015,155.49691475976812,0.99821027275,GOOD,ROUTE_AGENT,BROADER_INDIAN_MARINE_REGION
GRID_1092,INDIAN_MARINE,19.75,71.0,128.12972907330283,,68.0,0.071,-0.034,0.07872103,90.97956083270203,Straight baseline,0,0,227.65091538681,0,128.12972907330283,7.118318281850157,56.946546254801255,0.9803197424999999,GOOD,ROUTE_AGENT,BROADER_INDIAN_MARINE_REGION
GRID_1093,INDIAN_MARINE,7.0,74.5,217.81596384062897,,2770.0,-0.14050001,0.133,0.19346641,89.88585882546718,Treaty,0,0,343.3566891702665,0,217.81596384062897,12.100886880034942,96.80709504027953,0.9516333975,GOOD,ROUTE_AGENT,BROADER_INDIAN_MARINE_REGION
GRID_1094,INDIAN_MARINE,10.75,89.25,329.43457110983286,,3281.0,-0.06400001,0.162,0.17418382,46.85685553644349,200 NM,0,0,1032.6720614353922,0,329.43457110983286,18.301920617212936,146.4153649377035,0.9564540449999999,GOOD,ROUTE_AGENT,BROADER_INDIAN_MARINE_REGION
GRID_1095,INDIAN_MARINE,9.0,89.5,361.7067984551251,,3343.0,0.08850001,0.008499999,0.088907264,23.118766374421476,200 NM,0,0,1112.9830291953824,0,361.7067984551251,20.09482213639584,160.75857709116673,0.9777731839999999,GOOD,ROUTE_AGENT,BROADER_INDIAN_MARINE_REGION
GRID_1096,INDIAN_MARINE,16.25,90.0,442.7479774592636,,2507.0,0.16,0.19800001,0.2545663,43.08584413858694,200 NM,0,0,630.2437070979042,0,442.7479774592636,24.59710985884798,196.77687887078383,0.9363584249999999,GOOD,ROUTE_AGENT,BROADER_INDIAN_MARINE_REGION
GRID_1097,INDIAN_MARINE,8.25,90.75,325.70720834351397,,3451.0,0.042000003,-0.0075000003,0.04266439,133.77486938464935,200 NM,0,0,1269.5210899919673,0,325.70720834351397,18.094844907973,144.758759263784,0.9893339024999999,GOOD,ROUTE_AGENT,BROADER_INDIAN_MARINE_REGION
GRID_1098,INDIAN_MARINE,12.75,95.75,317.4860136329846,,2414.0,0.15450001,-0.20700002,0.25830072,12.251792869623875,Treaty,0,0,1144.8073013387434,0,317.4860136329846,17.638111868499145,141.10489494799316,0.9354248199999999,GOOD,ROUTE_AGENT,BROADER_INDIAN_MARINE_REGION
GRID_1099,INDIAN_MARINE,11.25,70.75,119.94380755891189,,3588.0,0.06700001,0.0745,0.10019606,128.42271399576438,Straight baseline,0,0,528.892330865373,0,119.94380755891189,6.663544864383994,53.30835891507195,0.974950985,GOOD,ROUTE_AGENT,BROADER_INDIAN_MARINE_REGION
GRID_1100,INDIAN_MARINE,19.0,79.25,394.13411396124906,,0.0,,,,412.72768307286947,Straight baseline,0,0,324.79393429515846,0,394.13411396124906,21.896339664513835,175.17071731611068,,,ROUTE_AGENT,BROADER_INDIAN_MARINE_REGION
GRID_1101,INDIAN_MARINE,12.5,83.0,232.5163861862653,,3399.0,0.0685,-0.06050001,0.09139202,73.63360207498972,200 NM,0,0,310.6781144528442,0,232.5163861862653,12.917577010348072,103.34061608278458,0.9771519949999998,GOOD,ROUTE_AGENT,BROADER_INDIAN_MARINE_REGION
GRID_1102,INDIAN_MARINE,18.5,83.25,317.5122555422202,,0.0,,,,79.45020554849602,Straight baseline,0,0,215.12400794737752,0,317.5122555422202,17.639569752345565,141.11655801876452,,,ROUTE_AGENT,BROADER_INDIAN_MARINE_REGION
GRID_1103,INDIAN_MARINE,19.5,72.25,14.79244857795385,,28.0,0.0050000004,-0.048000004,0.048259716,50.28977194887141,Straight baseline,0,0,88.52154495191395,0,14.79244857795385,0.821802698775214,6.574421590201712,0.8168239598888889,GOOD,ROUTE_AGENT,BROADER_INDIAN_MARINE_REGION
GRID_1104,INDIAN_MARINE,17.5,84.5,323.64169942651637,,2609.0,0.05700001,0.317,0.32208383,99.50795578298134,Straight baseline,0,0,220.932469714926,0,323.64169942651637,17.980094412584243,143.84075530067395,0.9194790424999999,GOOD,ROUTE_AGENT,BROADER_INDIAN_MARINE_REGION
GRID_1105,INDIAN_MARINE,8.25,95.5,398.78798213036293,,2271.0,0.16250001,-0.041500002,0.16771553,16.913050496341192,Treaty,0,0,1635.633435026495,0,398.78798213036293,22.154887896131275,177.2391031690502,0.9580711174999998,GOOD,ROUTE_AGENT,BROADER_INDIAN_MARINE_REGION
GRID_1106,INDIAN_MARINE,17.0,85.0,343.4761126890093,,2763.0,0.1385,0.3125,0.34181648,179.90606713311567,Straight baseline,0,0,272.8793327335478,0,343.4761126890093,19.082006260500517,152.65605008400414,0.9145458799999999,GOOD,ROUTE_AGENT,BROADER_INDIAN_MARINE_REGION
GRID_1107,INDIAN_MARINE,19.25,68.75,366.675465693246,,3145.0,-0.0069999993,-0.097,0.09725225,130.53707959219307,200 NM,0,0,416.2823933764949,0,366.675465693246,20.370859205180334,162.96687364144267,0.9756869374999999,GOOD,ROUTE_AGENT,BROADER_INDIAN_MARINE_REGION
GRID_1108,INDIAN_MARINE,5.0,73.5,387.4078049003228,,1275.0,-0.2115,0.284,0.35410205,20.48331526658333,Archipelagic baseline,0,0,559.3271631067194,0,387.4078049003228,21.52265582779571,172.18124662236568,0.9114744874999998,GOOD,ROUTE_AGENT,BROADER_INDIAN_MARINE_REGION
GRID_1109,INDIAN_MARINE,16.0,89.25,479.078429526228,,2621.0,0.18650001,0.1805,0.25954288,106.96306171723704,200 NM,0,0,595.3982377318273,0,479.078429526228,26.615468307012666,212.92374645610133,0.9351142799999999,GOOD,ROUTE_AGENT,BROADER_INDIAN_MARINE_REGION
GRID_1110,INDIAN_MARINE,7.5,90.0,440.5800126184841,,2753.0,-0.18650001,0.087500006,0.20600608,24.29516445029249,200 NM,0,0,1209.1008494701723,0,440.5800126184841,24.47666736769356,195.8133389415485,0.94849848,GOOD,ROUTE_AGENT,BROADER_INDIAN_MARINE_REGION
GRID_1111,INDIAN_MARINE,9.0,74.25,129.04978972169994,,2739.0,0.031000003,-0.060500003,0.06797978,100.41090713775716,Straight baseline,0,0,291.20363877281665,0,129.04978972169994,7.169432762316664,57.35546209853331,0.983005055,GOOD,ROUTE_AGENT,BROADER_INDIAN_MARINE_REGION
GRID_1112,INDIAN_MARINE,9.5,79.0,208.92091741679045,,6.0,,,,36.154098916822726,Straight baseline,0,0,31.34289920726402,0,208.92091741679045,11.606717634266136,92.85374107412909,,,ROUTE_AGENT,BROADER_INDIAN_MARINE_REGION
GRID_1113,INDIAN_MARINE,18.25,81.25,244.2975311076512,,0.0,,,,217.28524928474351,Straight baseline,0,0,433.36634624571815,0,244.2975311076512,13.572085061536178,108.57668049228943,,,ROUTE_AGENT,BROADER_INDIAN_MARINE_REGION
GRID_1114,INDIAN_MARINE,9.0,73.0,61.97912964051128,,1791.0,-0.0425,0.22250001,0.22652264,31.840610516426505,Straight baseline,0,0,429.57152276928537,0,61.97912964051128,3.4432849800284044,27.546279840227236,0.9433693399999998,GOOD,ROUTE_AGENT,BROADER_INDIAN_MARINE_REGION
GRID_1115,INDIAN_MARINE,19.25,85.0,489.6388745531116,,26.0,,,,16.988988788012662,Straight baseline,0,0,9.779737354848104,0,489.6388745531116,27.20215969739509,217.6172775791607,,,ROUTE_AGENT,BROADER_INDIAN_MARINE_REGION
GRID_1116,INDIAN_MARINE,9.25,79.5,191.26780004318613,,9.0,0.051,0.062000006,0.080280766,3.1294908897899085,Treaty,1,0,27.829872698312627,0,191.26780004318613,10.625988891288118,85.00791113030495,0.5110409196111111,MODERATE,ROUTE_AGENT,BROADER_INDIAN_MARINE_REGION
GRID_1117,INDIAN_MARINE,11.75,71.25,56.257275107296,,2029.0,0.185,0.0075,0.18515196,57.37915657295766,Straight baseline,0,0,453.440269735473,0,56.257275107296,3.125404172627556,25.003233381020447,0.9537120099999998,GOOD,ROUTE_AGENT,BROADER_INDIAN_MARINE_REGION
GRID_1118,INDIAN_MARINE,15.25,96.0,427.4873780109595,,24.0,0.0785,0.034,0.08554678,21.664999623174182,Straight baseline,0,0,883.0333468212452,0,427.4873780109595,23.74929877838664,189.9943902270931,0.7763910827777778,GOOD,ROUTE_AGENT,BROADER_INDIAN_MARINE_REGION
GRID_1119,INDIAN_MARINE,7.5,92.75,349.6596266991516,,1599.0,0.0555,-0.11600001,0.12859336,69.29007757128903,Straight baseline,0,0,1505.771994631992,0,349.6596266991516,19.425534816619532,155.40427853295625,0.96785166,GOOD,ROUTE_AGENT,BROADER_INDIAN_MARINE_REGION
GRID_1120,INDIAN_MARINE,7.0,72.25,194.4460109878313,,2024.0,-0.016500004,0.052,0.054555018,56.36098984788474,Archipelagic baseline,0,0,567.4718945821379,0,194.4460109878313,10.802556165990628,86.42044932792503,0.9863612454999999,GOOD,ROUTE_AGENT,BROADER_INDIAN_MARINE_REGION
GRID_1121,INDIAN_MARINE,13.0,68.5,365.6866130911581,,4196.0,-0.0395,0.032500006,0.05115174,2.1504672484229483,200 NM,1,0,674.6019621098218,0,365.6866130911581,20.315922949508785,162.52738359607028,0.8372120650000001,GOOD,ROUTE_AGENT,BROADER_INDIAN_MARINE_REGION
GRID_1122,INDIAN_MARINE,9.5,88.25,462.17574757938627,,3467.0,0.128,0.123500004,0.17786583,94.31602223435948,200 NM,0,0,964.4546267307836,0,462.17574757938627,25.676430421077015,205.41144336861612,0.9555335425,GOOD,ROUTE_AGENT,BROADER_INDIAN_MARINE_REGION
GRID_1123,INDIAN_MARINE,11.75,82.75,223.70072109172415,,3515.0,0.12450001,-0.0029999986,0.12453614,46.915275254282456,Treaty,0,0,308.8492293120697,0,223.70072109172415,12.42781783842912,99.42254270743295,0.968865965,GOOD,ROUTE_AGENT,BROADER_INDIAN_MARINE_REGION
GRID_1124,INDIAN_MARINE,12.5,79.75,71.59737304715983,,0.0,,,,40.14582416847376,Straight baseline,0,0,12.609125458811713,0,71.59737304715983,3.977631835953324,31.821054687626592,,,ROUTE_AGENT,BROADER_INDIAN_MARINE_REGION
GRID_1125,INDIAN_MARINE,11.5,72.5,18.80447371251055,,1781.0,0.0805,0.099,0.127598,35.10755664511175,Straight baseline,0,0,336.6927026734025,0,18.80447371251055,1.0446929840283639,8.35754387222691,0.9681005,GOOD,ROUTE_AGENT,BROADER_INDIAN_MARINE_REGION
GRID_1126,INDIAN_MARINE,14.25,84.25,288.7199993850514,,3241.0,-0.040500004,0.085,0.09415546,42.282345788442456,200 NM,0,0,470.8291243225909,0,288.7199993850514,16.039999965836188,128.3199997266895,0.9764611349999999,GOOD,ROUTE_AGENT,BROADER_INDIAN_MARINE_REGION
GRID_1127,INDIAN_MARINE,8.0,93.0,294.9533298196235,,793.0,-0.034500003,-0.117000006,0.12198053,20.78214673270504,Straight baseline,0,0,1518.3746428454058,0,294.9533298196235,16.386296101090196,131.09036880872156,0.9695048675,GOOD,ROUTE_AGENT,BROADER_INDIAN_MARINE_REGION
GRID_1128,INDIAN_MARINE,8.75,78.0,130.22901513695746,,0.0,,,,24.011968924145012,Straight baseline,0,0,22.619140328863253,0,130.22901513695746,7.234945285386526,57.879562283092206,,,ROUTE_AGENT,BROADER_INDIAN_MARINE_REGION
GRID_1129,INDIAN_MARINE,12.75,90.0,289.62616186014344,,3009.0,0.0195,0.058500003,0.061664417,101.90730715290148,200 NM,0,0,944.1695531627232,0,289.62616186014344,16.090342325563526,128.7227386045082,0.9845838957499999,GOOD,ROUTE_AGENT,BROADER_INDIAN_MARINE_REGION
GRID_1130,INDIAN_MARINE,10.0,96.25,384.144854330153,,1004.0,-0.21300001,-0.061499998,0.22170083,30.805337110539337,Treaty,0,0,1460.722277262145,0,384.144854330153,21.341380796119612,170.7310463689569,0.9445747924999999,GOOD,ROUTE_AGENT,BROADER_INDIAN_MARINE_REGION
GRID_1131,INDIAN_MARINE,10.0,80.75,78.2328800336848,,139.0,0.0705,0.2195,0.23054393,50.28363638516741,Treaty,0,0,142.20745471026956,0,78.2328800336848,4.346271112982489,34.77016890385991,0.9423640174999999,GOOD,ROUTE_AGENT,BROADER_INDIAN_MARINE_REGION
GRID_1132,INDIAN_MARINE,15.5,73.75,48.31004350224325,,13.0,0.013,-0.0665,0.06775877,7.477499725378408,Straight baseline,0,0,49.502920877211075,0,48.31004350224325,2.6838913056801807,21.471130445441446,0.6952825297222223,MODERATE,ROUTE_AGENT,BROADER_INDIAN_MARINE_REGION
GRID_1133,INDIAN_MARINE,8.25,69.5,377.4196109795031,,4648.0,-0.0185,-0.068,0.07047163,16.80468125354951,200 NM,0,0,801.5735212057544,0,377.4196109795031,20.96775616552795,167.7420493242236,0.9823820925,GOOD,ROUTE_AGENT,BROADER_INDIAN_MARINE_REGION
GRID_1134,INDIAN_MARINE,13.0,93.25,68.59975003030868,,633.0,,,,62.47734141737923,Straight baseline,0,0,1072.698695893362,0,68.59975003030868,3.811097223906038,30.488777791248303,,,ROUTE_AGENT,BROADER_INDIAN_MARINE_REGION
GRID_1135,INDIAN_MARINE,19.0,75.0,252.26006934396585,,0.0,,,,245.18784783560167,Straight baseline,0,0,152.468855592963,0,252.26006934396585,14.014448296886991,112.11558637509593,,,ROUTE_AGENT,BROADER_INDIAN_MARINE_REGION
GRID_1136,INDIAN_MARINE,11.5,70.0,192.68030456172417,,4270.0,-0.026000002,0.092,0.095603354,179.57283955112334,200 NM,0,0,592.1898429630647,0,192.68030456172417,10.704461364540231,85.63569091632185,0.9760991614999999,GOOD,ROUTE_AGENT,BROADER_INDIAN_MARINE_REGION
GRID_1137,INDIAN_MARINE,13.25,91.5,123.5188188086678,,3034.0,0.057000004,0.0064999983,0.057369422,133.33758392964182,Straight baseline,0,0,997.9232768249766,0,123.5188188086678,6.862156600481544,54.89725280385235,0.9856576444999998,GOOD,ROUTE_AGENT,BROADER_INDIAN_MARINE_REGION
GRID_1138,INDIAN_MARINE,16.25,83.75,191.20427260742977,,3034.0,0.29450002,0.222,0.36880112,145.76296027052393,Straight baseline,0,0,384.8576605352863,0,191.20427260742977,10.622459589301654,84.97967671441323,0.9077997199999999,GOOD,ROUTE_AGENT,BROADER_INDIAN_MARINE_REGION
GRID_1139,INDIAN_MARINE,17.0,82.5,133.5192097604895,,40.0,,,,16.862821816727042,Straight baseline,0,0,387.5665012311802,0,133.5192097604895,7.41773387558275,59.341871004662,,,ROUTE_AGENT,BROADER_INDIAN_MARINE_REGION
GRID_1140,INDIAN_MARINE,7.75,75.25,140.86290200688578,,2624.0,0.11850001,0.06750001,0.13637632,24.28272914690437,Treaty,0,0,228.57415926268973,0,140.86290200688578,7.825716778160321,62.60573422528257,0.96590592,GOOD,ROUTE_AGENT,BROADER_INDIAN_MARINE_REGION
GRID_1141,INDIAN_MARINE,15.5,92.5,259.03409987232004,,2629.0,-0.1655,-0.07100001,0.18008679,120.90857326029942,Treaty,0,0,786.2999061836464,0,259.03409987232004,14.390783326240003,115.12626660992002,0.9549783024999998,GOOD,ROUTE_AGENT,BROADER_INDIAN_MARINE_REGION
GRID_1142,INDIAN_MARINE,16.0,71.0,180.09234246885052,,2664.0,0.080000006,0.0815,0.11420267,121.30781450035462,200 NM,0,0,317.80898987025154,0,180.09234246885052,10.005130137158362,80.0410410972669,0.9714493325,GOOD,ROUTE_AGENT,BROADER_INDIAN_MARINE_REGION
GRID_1143,INDIAN_MARINE,6.5,72.5,232.60289716817337,,1259.0,-0.127,0.124000005,0.1774965,14.087370113604845,Archipelagic baseline,0,0,564.7199759989574,0,232.60289716817337,12.922383176009632,103.37906540807705,0.955625875,GOOD,ROUTE_AGENT,BROADER_INDIAN_MARINE_REGION
GRID_1144,INDIAN_MARINE,16.25,77.25,346.99549470779823,,0.0,,,,341.13876452918356,Straight baseline,0,0,356.0690990170982,0,346.99549470779823,19.27752748376657,154.22021987013255,,,ROUTE_AGENT,BROADER_INDIAN_MARINE_REGION
GRID_1145,INDIAN_MARINE,13.5,79.0,166.8747368527906,,0.0,,,,143.39747921665457,Straight baseline,0,0,138.536646011217,0,166.8747368527906,9.270818714043921,74.16654971235137,,,ROUTE_AGENT,BROADER_INDIAN_MARINE_REGION
GRID_1146,INDIAN_MARINE,12.25,80.5,8.038304176644521,,883.0,0.105000004,0.213,0.2374742,45.350295937353415,Straight baseline,0,0,77.69458595718304,0,8.038304176644521,0.44657245425802894,3.5725796340642315,0.9406314499999999,GOOD,ROUTE_AGENT,BROADER_INDIAN_MARINE_REGION
GRID_1147,INDIAN_MARINE,13.0,95.5,303.7361909554276,,2118.0,0.2965,-0.15600002,0.3350347,10.237328059548828,Treaty,0,0,1109.8650995063565,0,303.7361909554276,16.87423283085709,134.9938626468567,0.9162413249999999,GOOD,ROUTE_AGENT,BROADER_INDIAN_MARINE_REGION
GRID_1148,INDIAN_MARINE,15.5,89.0,467.4252760313896,,2741.0,0.16250002,0.0625,0.17410488,102.02454059248836,200 NM,0,0,620.9401101046998,0,467.4252760313896,25.968070890632756,207.74456712506205,0.9564737799999998,GOOD,ROUTE_AGENT,BROADER_INDIAN_MARINE_REGION
GRID_1149,INDIAN_MARINE,11.25,96.5,380.0764994607837,,869.0,-0.042000003,-0.1115,0.119148016,115.05725786507658,Straight baseline,0,0,1332.3205445722797,0,380.0764994607837,21.11536108115465,168.9228886492372,0.9702129959999999,GOOD,ROUTE_AGENT,BROADER_INDIAN_MARINE_REGION
GRID_1150,INDIAN_MARINE,20.5,74.75,240.43826635469856,,0.0,,,,247.82207601769537,Straight baseline,0,0,87.4383358678068,0,240.43826635469856,13.35768146414992,106.86145171319936,,,ROUTE_AGENT,BROADER_INDIAN_MARINE_REGION
GRID_1151,INDIAN_MARINE,18.0,82.75,245.64804669533785,,0.0,,,,70.54913981212079,Straight baseline,0,0,292.5548480783198,0,245.64804669533785,13.647113705296547,109.17690964237238,,,ROUTE_AGENT,BROADER_INDIAN_MARINE_REGION
GRID_1152,INDIAN_MARINE,19.75,77.25,488.1455574589907,,0.0,,,,503.10319775288,Straight baseline,0,0,85.37320068054606,0,488.1455574589907,27.119197636610593,216.95358109288475,,,ROUTE_AGENT,BROADER_INDIAN_MARINE_REGION
GRID_1153,INDIAN_MARINE,12.75,83.75,309.8461688374891,,3360.0,-0.018000001,-0.033500005,0.0380296,3.185834528772551,200 NM,1,0,390.88914957639753,0,309.8461688374891,17.21367604652717,137.70940837221735,0.8404925999999999,GOOD,ROUTE_AGENT,BROADER_INDIAN_MARINE_REGION
GRID_1154,INDIAN_MARINE,6.0,79.25,331.14870989702354,,3184.0,0.153,0.183,0.238533,129.88072857706032,Treaty,0,0,312.430159265896,0,331.14870989702354,18.39715054983464,147.17720439867713,0.9403667499999999,GOOD,ROUTE_AGENT,BROADER_INDIAN_MARINE_REGION
GRID_1155,INDIAN_MARINE,15.25,72.75,43.78268259286559,,823.0,0.0045,0.08450001,0.084619746,104.1869773540567,Straight baseline,0,0,150.635026801247,0,43.78268259286559,2.4323712551591994,19.458970041273595,0.9788450634999999,GOOD,ROUTE_AGENT,BROADER_INDIAN_MARINE_REGION
GRID_1156,INDIAN_MARINE,16.5,95.25,462.3296043296279,,0.0,,,,112.55502904084646,Straight baseline,0,0,717.599891769389,0,462.3296043296279,25.684978018312663,205.4798241465013,,,ROUTE_AGENT,BROADER_INDIAN_MARINE_REGION
GRID_1157,INDIAN_MARINE,15.0,72.25,103.72644156266564,,1935.0,-0.0015000002,0.13250001,0.1325085,166.8601308206179,Straight baseline,0,0,208.12119140761743,0,103.72644156266564,5.762580086814758,46.10064069451806,0.966872875,GOOD,ROUTE_AGENT,BROADER_INDIAN_MARINE_REGION
GRID_1158,INDIAN_MARINE,5.25,78.5,347.95539946539424,,3819.0,0.26700002,0.0335,0.2690934,101.75261952458476,Treaty,0,0,344.2659403953299,0,347.95539946539424,19.330855525855235,154.64684420684188,0.93272665,GOOD,ROUTE_AGENT,BROADER_INDIAN_MARINE_REGION
GRID_1159,INDIAN_MARINE,12.5,94.75,206.89669877136768,,659.0,0.1435,-0.08850001,0.16859567,85.74473759169975,Treaty,0,0,1147.3608365761156,0,206.89669877136768,11.49426104285376,91.95408834283008,0.9578510825,GOOD,ROUTE_AGENT,BROADER_INDIAN_MARINE_REGION
GRID_1160,INDIAN_MARINE,12.75,70.0,202.01292879073915,,4249.0,-0.013,-0.037,0.039217345,170.06227202993773,200 NM,0,0,538.6006865497401,0,202.01292879073915,11.222940488374398,89.78352390699519,0.99019566375,GOOD,ROUTE_AGENT,BROADER_INDIAN_MARINE_REGION
GRID_1161,INDIAN_MARINE,13.25,96.5,412.9743017394253,,137.0,0.1345,0.0325,0.13837089,99.23199805723382,Treaty,0,0,1116.988119235045,0,412.9743017394253,22.943016763301404,183.54413410641124,0.9654072775,GOOD,ROUTE_AGENT,BROADER_INDIAN_MARINE_REGION
GRID_1162,INDIAN_MARINE,15.25,84.5,272.5036967800067,,3043.0,0.1465,0.028500006,0.14924645,102.06878528782576,200 NM,0,0,478.5574990240576,0,272.5036967800067,15.139094265555928,121.11275412444742,0.9626883874999999,GOOD,ROUTE_AGENT,BROADER_INDIAN_MARINE_REGION
GRID_1163,INDIAN_MARINE,19.75,81.5,410.9417114246957,,0.0,,,,317.2338637721954,Straight baseline,0,0,310.86872311024115,0,410.9417114246957,22.83009507914976,182.64076063319808,,,ROUTE_AGENT,BROADER_INDIAN_MARINE_REGION
GRID_1164,INDIAN_MARINE,14.0,88.25,481.7312061217682,,2976.0,0.0985,-0.1615,0.18916792,123.66094702325732,200 NM,0,0,718.825756523774,0,481.7312061217682,26.76284478454268,214.10275827634143,0.95270802,GOOD,ROUTE_AGENT,BROADER_INDIAN_MARINE_REGION
GRID_1165,INDIAN_MARINE,13.5,78.75,193.4195729871828,,0.0,,,,170.67518770001578,Straight baseline,0,0,158.57686109264822,0,193.4195729871828,10.745531832621266,85.96425466097013,,,ROUTE_AGENT,BROADER_INDIAN_MARINE_REGION
GRID_1166,INDIAN_MARINE,19.75,79.25,465.1190742079135,,0.0,,,,487.67652540826793,Straight baseline,0,0,305.10439383695467,0,465.1190742079135,25.839948567106305,206.71958853685044,,,ROUTE_AGENT,BROADER_INDIAN_MARINE_REGION
GRID_1167,INDIAN_MARINE,13.5,77.0,267.9025522511093,,0.0,,,,252.26580044470228,Straight baseline,0,0,127.3987339002223,0,267.9025522511093,14.883475125061628,119.06780100049302,,,ROUTE_AGENT,BROADER_INDIAN_MARINE_REGION
GRID_1168,INDIAN_MARINE,13.75,84.0,302.2924420412331,,3224.0,-0.052500002,0.007000003,0.052964617,10.546273656556467,200 NM,0,0,428.7757550812313,0,302.2924420412331,16.79402455784628,134.35219646277025,0.9867588457499998,GOOD,ROUTE_AGENT,BROADER_INDIAN_MARINE_REGION
GRID_1169,INDIAN_MARINE,21.25,71.25,187.7299730899417,,0.0,,,,81.01463015833632,Straight baseline,0,0,192.79591599065924,0,187.7299730899417,10.429442949441205,83.43554359552964,,,ROUTE_AGENT,BROADER_INDIAN_MARINE_REGION
GRID_1170,INDIAN_MARINE,14.0,85.75,444.7989900578664,,3068.0,0.001500003,-0.049000002,0.049022958,97.20228945492092,200 NM,0,0,625.2902233517805,0,444.7989900578664,24.7110550032148,197.6884400257184,0.9877442605,GOOD,ROUTE_AGENT,BROADER_INDIAN_MARINE_REGION
GRID_1171,INDIAN_MARINE,5.5,77.75,291.74293534009144,,2669.0,0.104,0.008499999,0.10434678,18.02318992494917,Treaty,0,0,297.8496219824334,0,291.74293534009144,16.207940852227303,129.66352681781842,0.973913305,GOOD,ROUTE_AGENT,BROADER_INDIAN_MARINE_REGION
GRID_1172,INDIAN_MARINE,18.0,76.75,424.4439390273482,,0.0,,,,404.56958119512666,Straight baseline,0,0,232.46208645526107,0,424.4439390273482,23.58021883485268,188.64175067882144,,,ROUTE_AGENT,BROADER_INDIAN_MARINE_REGION
GRID_1173,INDIAN_MARINE,11.0,70.25,181.08435566025375,,4203.0,0.027000003,0.118,0.121049576,187.53446144249423,200 NM,0,0,591.3409216082714,0,181.08435566025375,10.060241981125209,80.48193584900167,0.969737606,GOOD,ROUTE_AGENT,BROADER_INDIAN_MARINE_REGION
GRID_1174,INDIAN_MARINE,17.25,93.75,467.8794703374643,,2125.0,0.09,-0.008000001,0.09035485,58.13446432809441,Straight baseline,0,0,589.1414553748671,0,467.8794703374643,25.993303907636903,207.94643126109523,0.9774112874999998,GOOD,ROUTE_AGENT,BROADER_INDIAN_MARINE_REGION
GRID_1175,INDIAN_MARINE,13.25,79.5,113.49229026829276,,0.0,,,,92.2737821154152,Straight baseline,0,0,82.88969642329592,0,113.49229026829276,6.305127237127376,50.44101789701901,,,ROUTE_AGENT,BROADER_INDIAN_MARINE_REGION
GRID_1176,INDIAN_MARINE,9.0,76.75,57.630829478964635,,0.0,,,,74.9756856173996,Straight baseline,0,0,24.87685723164256,0,57.630829478964635,3.2017127488313686,25.61370199065095,,,ROUTE_AGENT,BROADER_INDIAN_MARINE_REGION
GRID_1177,INDIAN_MARINE,12.75,76.0,138.02944813181807,,0.0,,,,116.46088552414253,Straight baseline,0,0,33.83548265650892,0,138.02944813181807,7.668302673989893,61.346421391919144,,,ROUTE_AGENT,BROADER_INDIAN_MARINE_REGION
GRID_1178,INDIAN_MARINE,10.0,93.25,87.40080421435663,,3037.0,0.049500003,-0.08850001,0.10140267,79.59537519337363,Straight baseline,0,0,1407.142613219975,0,87.40080421435663,4.8556002341309235,38.84480187304739,0.9746493324999999,GOOD,ROUTE_AGENT,BROADER_INDIAN_MARINE_REGION
GRID_1179,INDIAN_MARINE,15.25,94.75,323.01253781797425,,34.0,0.023000002,0.0675,0.071310945,27.467932168012773,Straight baseline,0,0,838.8761158500284,0,323.01253781797425,17.94514098988746,143.56112791909968,0.8577278193055555,GOOD,ROUTE_AGENT,BROADER_INDIAN_MARINE_REGION
GRID_1180,INDIAN_MARINE,13.5,74.75,90.10984240230675,,0.0,,,,15.155168811165815,Straight baseline,0,0,18.807581260447925,0,90.10984240230675,5.0061023556837085,40.04881884546967,,,ROUTE_AGENT,BROADER_INDIAN_MARINE_REGION
GRID_1181,INDIAN_MARINE,10.0,89.75,288.4756566497175,,3347.0,-0.0915,-0.0295,0.096137926,81.77204447240976,200 NM,0,0,1109.1861930278142,0,288.4756566497175,16.02642536942875,128.21140295543,0.9759655185,GOOD,ROUTE_AGENT,BROADER_INDIAN_MARINE_REGION
GRID_1182,INDIAN_MARINE,18.0,72.75,44.05606510483678,,35.0,0.0375,0.0055,0.03790119,27.43066884949413,Straight baseline,0,0,96.74233952604882,0,44.05606510483678,2.4475591724909322,19.580473379927458,0.8738580358333332,GOOD,ROUTE_AGENT,BROADER_INDIAN_MARINE_REGION
GRID_1183,INDIAN_MARINE,19.25,76.25,381.5110615331759,,0.0,,,,386.97859982644,Straight baseline,0,0,89.04727688684484,0,381.5110615331759,21.19505897406533,169.56047179252263,,,ROUTE_AGENT,BROADER_INDIAN_MARINE_REGION
GRID_1184,INDIAN_MARINE,17.5,79.0,292.5129228146402,,0.0,,,,269.0088759493225,Straight baseline,0,0,400.4582201686383,0,292.5129228146402,16.250717934146678,130.00574347317342,,,ROUTE_AGENT,BROADER_INDIAN_MARINE_REGION
GRID_1185,INDIAN_MARINE,14.75,81.0,42.56826567332028,,2714.0,0.13000001,0.44250003,0.4612009,89.03482484874952,Straight baseline,0,0,221.6159858652235,0,42.56826567332028,2.3649036485177937,18.91922918814235,0.8846997749999999,GOOD,ROUTE_AGENT,BROADER_INDIAN_MARINE_REGION
GRID_1186,INDIAN_MARINE,6.25,78.0,223.89131945990565,,2768.0,0.022500005,-0.116000004,0.11816197,4.801816630230573,Treaty,1,0,220.62931426799292,0,223.89131945990565,12.438406636661425,99.5072530932914,0.8204595075000001,GOOD,ROUTE_AGENT,BROADER_INDIAN_MARINE_REGION
GRID_1187,INDIAN_MARINE,6.75,71.5,267.9843475791724,,4012.0,-0.040000007,0.017,0.043462634,127.99232059830923,Treaty,0,0,655.4776546530178,0,267.9843475791724,14.888019309954021,119.10415447963217,0.9891343415,GOOD,ROUTE_AGENT,BROADER_INDIAN_MARINE_REGION
GRID_1188,INDIAN_MARINE,13.75,77.5,323.95396797596055,,0.0,,,,306.2331181022419,Straight baseline,0,0,174.4094900925463,0,323.95396797596055,17.997442665331143,143.97954132264914,,,ROUTE_AGENT,BROADER_INDIAN_MARINE_REGION
GRID_1189,INDIAN_MARINE,16.0,79.5,126.87345320543838,,0.0,,,,98.44411353840758,Straight baseline,0,0,357.8425259819603,0,126.87345320543838,7.04852517807991,56.38820142463928,,,ROUTE_AGENT,BROADER_INDIAN_MARINE_REGION
GRID_1190,INDIAN_MARINE,7.0,79.25,267.5206675982267,,2046.0,-0.14850001,0.29250002,0.32803735,77.7222754763154,Treaty,0,0,233.00072157812852,0,267.5206675982267,14.862259311012593,118.89807448810075,0.9179906624999998,GOOD,ROUTE_AGENT,BROADER_INDIAN_MARINE_REGION
GRID_1191,INDIAN_MARINE,15.25,89.25,430.2451047804425,,2733.0,0.17650001,0.19250001,0.2611676,64.47890106291436,200 NM,0,0,660.83827711557,0,430.2451047804425,23.902505821135694,191.22004656908555,0.9347080999999999,GOOD,ROUTE_AGENT,BROADER_INDIAN_MARINE_REGION
GRID_1192,INDIAN_MARINE,7.0,91.5,426.8795419010339,,3715.0,-0.268,0.10650001,0.2883856,154.76706348143367,200 NM,0,0,1385.095952543599,0,426.8795419010339,23.715530105612995,189.72424084490396,0.9279035999999998,GOOD,ROUTE_AGENT,BROADER_INDIAN_MARINE_REGION
GRID_1193,INDIAN_MARINE,8.75,88.25,494.7772136982184,,3562.0,0.14,0.060500003,0.15251312,118.7119301738153,200 NM,0,0,986.5077869860978,0,494.7772136982184,27.487622983234356,219.90098386587485,0.96187172,GOOD,ROUTE_AGENT,BROADER_INDIAN_MARINE_REGION
GRID_1194,INDIAN_MARINE,8.0,78.5,158.58016301915794,,1263.0,-0.089,-0.064500004,0.10991474,38.1907613806387,Treaty,0,0,96.29393344125428,0,158.58016301915794,8.810009056619885,70.48007245295908,0.9725213149999998,GOOD,ROUTE_AGENT,BROADER_INDIAN_MARINE_REGION
GRID_1195,INDIAN_MARINE,15.75,77.5,306.3040183545381,,0.0,,,,303.3799993846691,Straight baseline,0,0,363.8299395037272,0,306.3040183545381,17.016889908585448,136.13511926868358,,,ROUTE_AGENT,BROADER_INDIAN_MARINE_REGION
GRID_1196,INDIAN_MARINE,10.75,96.0,336.45939377813147,,2372.0,-0.1115,-0.042000003,0.119148016,70.32902008005357,Treaty,0,0,1371.5710879427515,0,336.45939377813147,18.692188543229527,149.53750834583622,0.9702129959999999,GOOD,ROUTE_AGENT,BROADER_INDIAN_MARINE_REGION
GRID_1197,INDIAN_MARINE,5.0,77.0,324.3733727326436,,3116.0,-0.008499999,0.12150001,0.12179697,14.440054260141116,Treaty,0,0,355.51241911669865,0,324.3733727326436,18.02074292959131,144.1659434367305,0.9695507575,GOOD,ROUTE_AGENT,BROADER_INDIAN_MARINE_REGION
GRID_1198,INDIAN_MARINE,15.25,95.25,362.49100772288335,,43.0,0.079,-0.044000003,0.09042677,7.814759451537599,Straight baseline,0,0,854.0975968757901,0,362.49100772288335,20.138389317937964,161.1071145435037,0.9229488630555556,GOOD,ROUTE_AGENT,BROADER_INDIAN_MARINE_REGION
GRID_1199,INDIAN_MARINE,9.0,84.0,425.5259515801933,,3711.0,-0.1835,-0.0050000027,0.1835681,83.86791885865716,200 NM,0,0,520.9809430166054,0,425.5259515801933,23.640330643344072,189.12264514675257,0.9541079749999999,GOOD,ROUTE_AGENT,BROADER_INDIAN_MARINE_REGION
GRID_1200,INDIAN_MARINE,19.25,76.0,355.31282089073125,,0.0,,,,359.21146191802274,Straight baseline,0,0,101.3713994934456,0,355.31282089073125,19.73960116059618,157.91680928476944,,,ROUTE_AGENT,BROADER_INDIAN_MARINE_REGION
GRID_1201,INDIAN_MARINE,12.75,75.25,62.04171825697625,,0.0,,,,39.518591871398215,Straight baseline,0,0,30.76837658858104,0,62.04171825697625,3.4467621253875698,27.574097003100558,,,ROUTE_AGENT,BROADER_INDIAN_MARINE_REGION
GRID_1202,INDIAN_MARINE,12.0,79.0,120.45190536826657,,0.0,,,,93.388130137303,Straight baseline,0,0,105.36070478948224,0,120.45190536826657,6.691772520459254,53.53418016367403,,,ROUTE_AGENT,BROADER_INDIAN_MARINE_REGION
GRID_1203,INDIAN_MARINE,10.5,91.75,64.2036766085826,,1685.0,-0.030000001,-0.013000004,0.032695565,67.43940439745887,Straight baseline,0,0,1264.4567375438835,0,64.2036766085826,3.5668709226990334,28.534967381592267,0.99182610875,GOOD,ROUTE_AGENT,BROADER_INDIAN_MARINE_REGION
GRID_1204,INDIAN_MARINE,15.5,69.0,400.9109692404399,,3780.0,-0.042000003,0.135,0.14138246,95.725209140512,200 NM,0,0,546.7376557098188,0,400.9109692404399,22.272831624468882,178.18265299575106,0.964654385,GOOD,ROUTE_AGENT,BROADER_INDIAN_MARINE_REGION
GRID_1205,INDIAN_MARINE,14.0,92.25,101.23791429671488,,2830.0,0.17400001,0.07,0.18755268,37.7236726417956,Treaty,0,0,954.7297043112832,0,101.23791429671488,5.624328572039715,44.99462857631772,0.9531118299999999,GOOD,ROUTE_AGENT,BROADER_INDIAN_MARINE_REGION
GRID_1206,INDIAN_MARINE,18.25,75.0,251.56027255548497,,0.0,,,,221.178195413746,Straight baseline,0,0,140.97440019988622,0,251.56027255548497,13.975570697526942,111.80456558021554,,,ROUTE_AGENT,BROADER_INDIAN_MARINE_REGION
GRID_1207,INDIAN_MARINE,13.0,73.25,37.72696368330146,,1951.0,-0.018000001,0.051000003,0.054083273,149.7741246190869,Straight baseline,0,0,193.74430190207585,0,37.72696368330146,2.0959424268500815,16.767539414800652,0.9864791817499998,GOOD,ROUTE_AGENT,BROADER_INDIAN_MARINE_REGION
GRID_1208,INDIAN_MARINE,14.0,82.5,181.91380716990284,,3308.0,-0.04,-0.11750001,0.12412193,150.83403251291156,200 NM,0,0,278.85321217269967,0,181.91380716990284,10.106322620550158,80.85058096440126,0.9689695174999999,GOOD,ROUTE_AGENT,BROADER_INDIAN_MARINE_REGION
GRID_1209,INDIAN_MARINE,18.25,75.75,327.3789717062934,,0.0,,,,301.89635638213235,Straight baseline,0,0,218.786840832908,0,327.3789717062934,18.187720650349632,145.50176520279706,,,ROUTE_AGENT,BROADER_INDIAN_MARINE_REGION
GRID_1210,INDIAN_MARINE,17.5,79.25,271.6924993294106,,0.0,,,,256.17886242662,Straight baseline,0,0,420.15063186647166,0,271.6924993294106,15.094027740522812,120.75222192418249,,,ROUTE_AGENT,BROADER_INDIAN_MARINE_REGION
GRID_1211,INDIAN_MARINE,7.5,75.75,98.6412911684692,,1773.0,0.141,0.1975,0.24266696,59.76493791440507,Treaty,0,0,196.11841901786028,0,98.6412911684692,5.480071731581622,43.84057385265297,0.93933326,GOOD,ROUTE_AGENT,BROADER_INDIAN_MARINE_REGION
GRID_1212,INDIAN_MARINE,14.25,83.75,244.95829104077535,,3201.0,0.04,0.026500002,0.04798177,74.10875700834127,200 NM,0,0,418.3224393619088,0,244.95829104077535,13.608793946709742,108.87035157367794,0.9880045574999998,GOOD,ROUTE_AGENT,BROADER_INDIAN_MARINE_REGION
GRID_1213,INDIAN_MARINE,16.5,84.5,275.3502579740358,,2955.0,0.291,0.2815,0.40487438,189.03554226077048,Straight baseline,0,0,335.14108237218005,0,275.3502579740358,15.2972365541131,122.3778924329048,0.898781405,GOOD,ROUTE_AGENT,BROADER_INDIAN_MARINE_REGION
GRID_1214,INDIAN_MARINE,13.75,75.0,107.60125759499228,,0.0,,,,53.06746890573467,Straight baseline,0,0,15.68069604737752,0,107.60125759499228,5.977847644166237,47.8227811533299,,,ROUTE_AGENT,BROADER_INDIAN_MARINE_REGION
GRID_1215,INDIAN_MARINE,9.25,90.25,278.2819750932115,,2859.0,0.097500004,0.052500002,0.11073618,110.94367978418076,200 NM,0,0,1187.9398530476449,0,278.2819750932115,15.460109727400638,123.68087781920511,0.972315955,GOOD,ROUTE_AGENT,BROADER_INDIAN_MARINE_REGION
GRID_1216,INDIAN_MARINE,13.0,75.5,99.98627465822804,,0.0,,,,76.03725271936439,Straight baseline,0,0,13.590774184723506,0,99.98627465822804,5.554793036568224,44.43834429254579,,,ROUTE_AGENT,BROADER_INDIAN_MARINE_REGION
GRID_1217,INDIAN_MARINE,17.25,81.5,134.16525082276198,,0.0,,,,111.36129425829267,Straight baseline,0,0,456.98332737781175,0,134.16525082276198,7.453625045708999,59.62900036567199,,,ROUTE_AGENT,BROADER_INDIAN_MARINE_REGION
GRID_1218,INDIAN_MARINE,21.5,68.25,453.34965643958753,,126.0,0.0365,-0.072500005,0.08116958,123.37809895858246,Straight baseline,0,0,240.30332858922444,0,453.34965643958753,25.18609202442153,201.48873619537224,0.979707605,GOOD,ROUTE_AGENT,BROADER_INDIAN_MARINE_REGION
GRID_1219,INDIAN_MARINE,16.75,92.75,397.5202791291345,,2455.0,0.043500006,0.014499996,0.04585303,163.76320263160295,Straight baseline,0,0,640.3375346151608,0,397.5202791291345,22.084459951618584,176.67567961294867,0.9885367425,GOOD,ROUTE_AGENT,BROADER_INDIAN_MARINE_REGION
GRID_1220,INDIAN_MARINE,6.0,77.5,230.12371209029268,,2373.0,0.015000001,-0.045000006,0.04743417,37.634991744722946,Treaty,0,0,240.13089015192648,0,230.12371209029268,12.784650671682927,102.27720537346342,0.9881414574999998,GOOD,ROUTE_AGENT,BROADER_INDIAN_MARINE_REGION
GRID_1221,INDIAN_MARINE,6.5,94.25,487.6492293136014,,1391.0,-0.16900001,-0.27500004,0.32277858,27.79776800814643,Treaty,0,0,1694.95535819065,0,487.6492293136014,27.09162385075563,216.73299080604505,0.9193053549999999,GOOD,ROUTE_AGENT,BROADER_INDIAN_MARINE_REGION
GRID_1222,INDIAN_MARINE,8.0,92.75,294.1671462264837,,1642.0,-0.016499996,-0.1365,0.13749364,46.138395357761695,Straight baseline,0,0,1491.4773050713486,0,294.1671462264837,16.342619234804648,130.74095387843718,0.9656265899999998,GOOD,ROUTE_AGENT,BROADER_INDIAN_MARINE_REGION
GRID_1223,INDIAN_MARINE,16.0,85.5,372.0939790069042,,2855.0,-0.046000004,0.0485,0.06684497,83.65549435715701,200 NM,0,0,393.37199218997534,0,372.0939790069042,20.67188772260579,165.3751017808463,0.9832887575,GOOD,ROUTE_AGENT,BROADER_INDIAN_MARINE_REGION
GRID_1224,INDIAN_MARINE,6.75,80.75,431.31703096099375,,0.0,,,,240.49659738405103,Treaty,0,0,322.65537547884406,0,431.31703096099375,23.962057275610764,191.6964582048861,,,ROUTE_AGENT,BROADER_INDIAN_MARINE_REGION
GRID_1225,INDIAN_MARINE,16.75,85.5,384.83186694056013,,2747.0,0.06250001,0.12900001,0.14334312,151.12623670648162,200 NM,0,0,307.6000097267448,0,384.83186694056013,21.37954816336445,171.0363853069156,0.96416422,GOOD,ROUTE_AGENT,BROADER_INDIAN_MARINE_REGION
GRID_1226,INDIAN_MARINE,12.0,69.0,302.04643028772153,,4316.0,-0.018000001,0.076500006,0.07858913,75.79320456034776,200 NM,0,0,678.4223598036732,0,302.04643028772153,16.78035723820675,134.242857905654,0.9803527175,GOOD,ROUTE_AGENT,BROADER_INDIAN_MARINE_REGION
GRID_1227,INDIAN_MARINE,14.0,77.75,295.1608242848401,,0.0,,,,276.44187388015575,Straight baseline,0,0,212.8904131390657,0,295.1608242848401,16.397823571380005,131.18258857104004,,,ROUTE_AGENT,BROADER_INDIAN_MARINE_REGION
GRID_1228,INDIAN_MARINE,14.0,82.25,155.4060639086262,,3259.0,-0.040500004,-0.044999998,0.06054131,177.08208260968414,200 NM,0,0,253.92377682140025,0,155.4060639086262,8.6336702171459,69.0693617371672,0.9848646724999999,GOOD,ROUTE_AGENT,BROADER_INDIAN_MARINE_REGION
GRID_1229,INDIAN_MARINE,15.75,69.0,395.76306490352624,,3756.0,-0.023500001,0.1005,0.10321095,102.38187470690224,200 NM,0,0,542.3193638895011,0,395.76306490352624,21.986836939084792,175.89469551267834,0.9741972624999999,GOOD,ROUTE_AGENT,BROADER_INDIAN_MARINE_REGION
GRID_1230,INDIAN_MARINE,12.75,88.5,450.65995662243535,,3089.0,-0.074,-0.10350001,0.12723306,53.179747666685415,200 NM,0,0,857.6056699383184,0,450.65995662243535,25.036664256801963,200.2933140544157,0.968191735,GOOD,ROUTE_AGENT,BROADER_INDIAN_MARINE_REGION
GRID_1231,INDIAN_MARINE,16.75,94.0,422.816704055906,,213.0,-0.14050001,-0.0375,0.14541838,24.89348449082583,Straight baseline,0,0,651.2466343173335,0,422.816704055906,23.489816891994778,187.91853513595822,0.9636454049999998,GOOD,ROUTE_AGENT,BROADER_INDIAN_MARINE_REGION
GRID_1232,INDIAN_MARINE,11.25,70.5,145.34692944021765,,4146.0,0.039,0.0745,0.084090725,154.72238860229672,Straight baseline,0,0,553.4920922201761,0,145.34692944021765,8.074829413345425,64.5986353067634,0.9789773187499999,GOOD,ROUTE_AGENT,BROADER_INDIAN_MARINE_REGION
GRID_1233,INDIAN_MARINE,11.5,91.25,135.98328294589916,,3304.0,0.023500003,-0.034500003,0.041743267,105.62082092355838,Straight baseline,0,0,1139.1430957782452,0,135.98328294589916,7.554626830327731,60.43701464262185,0.98956418325,GOOD,ROUTE_AGENT,BROADER_INDIAN_MARINE_REGION
GRID_1234,INDIAN_MARINE,14.25,79.5,109.18561674608316,,0.0,,,,80.08893671382225,Straight baseline,0,0,167.5025538917214,0,109.18561674608316,6.06586759700462,48.52694077603696,,,ROUTE_AGENT,BROADER_INDIAN_MARINE_REGION
GRID_1235,INDIAN_MARINE,7.75,71.25,229.01772986765323,,3941.0,0.24900001,0.164,0.298156,21.311063280095222,Treaty,0,0,647.7021082824315,0,229.01772986765323,12.723207214869625,101.785657718957,0.9254609999999999,GOOD,ROUTE_AGENT,BROADER_INDIAN_MARINE_REGION
GRID_1236,INDIAN_MARINE,9.5,78.25,203.39807982991073,,0.0,,,,58.111315611536135,Straight baseline,0,0,29.29429157766614,0,203.39807982991073,11.299893323883929,90.39914659107143,,,ROUTE_AGENT,BROADER_INDIAN_MARINE_REGION
GRID_1237,INDIAN_MARINE,12.25,94.5,171.63834987570138,,1036.0,0.0069999998,-0.012499999,0.014326548,109.72699033267116,Treaty,0,0,1170.9095365688815,0,171.63834987570138,9.53546388198341,76.28371105586729,0.9964183629999999,GOOD,ROUTE_AGENT,BROADER_INDIAN_MARINE_REGION
GRID_1238,INDIAN_MARINE,9.25,96.0,383.63361923205906,,1232.0,-0.0665,-0.0075000003,0.0669216,43.36852336754806,Treaty,0,0,1536.3339771180167,0,383.63361923205906,21.312978846225505,170.50383076980404,0.9832695999999999,GOOD,ROUTE_AGENT,BROADER_INDIAN_MARINE_REGION
GRID_1239,INDIAN_MARINE,5.25,75.5,315.8443693764939,,2149.0,-0.1155,0.29000002,0.31215423,98.46715582559952,Treaty,0,0,388.98297340714544,0,315.8443693764939,17.546909409805217,140.37527527844173,0.9219614425,GOOD,ROUTE_AGENT,BROADER_INDIAN_MARINE_REGION
GRID_1240,INDIAN_MARINE,10.5,83.5,322.53038344336005,,3580.0,-0.24450001,-0.068500005,0.25391436,52.25292840793956,200 NM,0,0,423.9111258363216,0,322.53038344336005,17.918354635742226,143.3468370859378,0.9365214099999999,GOOD,ROUTE_AGENT,BROADER_INDIAN_MARINE_REGION
GRID_1241,INDIAN_MARINE,15.5,68.25,479.75270127966405,,3339.0,-0.0695,0.15100001,0.1662265,155.6406000635058,200 NM,0,0,629.0602989178822,0,479.75270127966405,26.652927848870224,213.2234227909618,0.9584433749999999,GOOD,ROUTE_AGENT,BROADER_INDIAN_MARINE_REGION
GRID_1242,INDIAN_MARINE,18.5,85.25,451.7159528677432,,1733.0,0.545,0.133,0.5609938,71.72768412928302,Straight baseline,0,0,102.29953414132105,0,451.7159528677432,25.095330714874624,200.762645718997,0.8597515499999999,GOOD,ROUTE_AGENT,BROADER_INDIAN_MARINE_REGION
GRID_1243,INDIAN_MARINE,11.25,93.5,58.14904242733642,,34.0,-0.048,0.078999996,0.09243917,144.2102922992474,Straight baseline,0,0,1272.9701028075986,0,58.14904242733642,3.2305023570742453,25.844018856593962,0.8524457630555555,GOOD,ROUTE_AGENT,BROADER_INDIAN_MARINE_REGION
GRID_1244,INDIAN_MARINE,21.75,75.5,368.8117064109866,,0.0,,,,391.39796357079166,Straight baseline,0,0,118.23350706898032,0,368.8117064109866,20.48953924505481,163.9163139604385,,,ROUTE_AGENT,BROADER_INDIAN_MARINE_REGION
GRID_1245,INDIAN_MARINE,13.25,82.5,171.43176261688498,,3397.0,-0.10700001,-0.055500004,0.12053735,141.19068467959906,200 NM,0,0,253.99559936500717,0,171.43176261688498,9.523986812049166,76.19189449639333,0.9698656625,GOOD,ROUTE_AGENT,BROADER_INDIAN_MARINE_REGION
GRID_1246,INDIAN_MARINE,19.25,71.5,89.66908849366556,,66.0,0.054500002,-0.082,0.098459385,119.03201165416893,Straight baseline,0,0,159.0688615197274,0,89.66908849366556,4.981616027425864,39.85292821940691,0.97538515375,GOOD,ROUTE_AGENT,BROADER_INDIAN_MARINE_REGION
GRID_1247,INDIAN_MARINE,13.0,90.5,232.25226663092369,,2965.0,-0.037500005,0.040500004,0.055195116,142.46185613483073,200 NM,0,0,951.0486045831012,0,232.25226663092369,12.902903701717982,103.22322961374385,0.986201221,GOOD,ROUTE_AGENT,BROADER_INDIAN_MARINE_REGION
GRID_1248,INDIAN_MARINE,17.25,70.25,201.8191678498735,,3275.0,-0.105000004,-0.08400001,0.13446562,69.92438374870149,200 NM,0,0,365.75162212302007,0,201.8191678498735,11.21217599165964,89.69740793327712,0.9663835949999999,GOOD,ROUTE_AGENT,BROADER_INDIAN_MARINE_REGION
GRID_1249,INDIAN_MARINE,13.25,79.0,167.3744629322067,,0.0,,,,147.08032456532464,Straight baseline,0,0,118.90861697904433,0,167.3744629322067,9.298581274011484,74.38865019209187,,,ROUTE_AGENT,BROADER_INDIAN_MARINE_REGION
GRID_1250,INDIAN_MARINE,9.75,97.25,497.1324294130721,,343.0,0.0535,0.148,0.15737297,6.406177358430217,Treaty,0,0,1519.618967432545,0,497.1324294130721,27.618468300726228,220.94774640580982,0.9606567575,GOOD,ROUTE_AGENT,BROADER_INDIAN_MARINE_REGION
GRID_1251,INDIAN_MARINE,16.25,69.0,372.5817922074688,,3651.0,-0.038999997,0.048500005,0.062235445,93.9612743808542,200 NM,0,0,532.1522463352434,0,372.5817922074688,20.69898845597049,165.59190764776392,0.9844411387499998,GOOD,ROUTE_AGENT,BROADER_INDIAN_MARINE_REGION
GRID_1252,INDIAN_MARINE,12.0,73.25,84.14430796410852,,2092.0,0.10450001,0.021500003,0.10668881,61.91417135363551,Straight baseline,0,0,243.24010176224272,0,84.14430796410852,4.674683775783807,37.397470206270455,0.9733277974999999,GOOD,ROUTE_AGENT,BROADER_INDIAN_MARINE_REGION
GRID_1253,INDIAN_MARINE,15.0,79.5,87.40013849559386,,0.0,,,,78.38556614145064,Straight baseline,0,0,246.66876432844023,0,87.40013849559386,4.855563249755215,38.84450599804172,,,ROUTE_AGENT,BROADER_INDIAN_MARINE_REGION
GRID_1254,INDIAN_MARINE,13.75,81.25,44.95893527901536,,3208.0,-0.07,0.28950003,0.29784268,107.7348073730466,Straight baseline,0,0,144.5063129876581,0,44.95893527901536,2.4977186266119644,19.981749012895715,0.9255393299999999,GOOD,ROUTE_AGENT,BROADER_INDIAN_MARINE_REGION
GRID_1255,INDIAN_MARINE,7.75,90.25,402.1080536787668,,2897.0,-0.10350001,0.060000002,0.11963382,61.0539375513079,200 NM,0,0,1228.6210664996931,0,402.1080536787668,22.339336315487046,178.71469052389637,0.9700915449999998,GOOD,ROUTE_AGENT,BROADER_INDIAN_MARINE_REGION
GRID_1256,INDIAN_MARINE,14.25,88.75,435.3557337150336,,2931.0,0.14850001,-0.041500002,0.15418983,76.54602941907352,200 NM,0,0,724.952318812372,0,435.3557337150336,24.186429650835198,193.49143720668158,0.9614525425,GOOD,ROUTE_AGENT,BROADER_INDIAN_MARINE_REGION
GRID_1257,INDIAN_MARINE,18.25,76.75,430.06193163785815,,0.0,,,,410.2351648951566,Straight baseline,0,0,203.3955484445296,0,430.06193163785815,23.892329535436563,191.1386362834925,,,ROUTE_AGENT,BROADER_INDIAN_MARINE_REGION
GRID_1258,INDIAN_MARINE,18.0,77.5,432.5993606511702,,0.0,,,,419.4494144090374,Straight baseline,0,0,255.7630435869301,0,432.5993606511702,24.033297813953897,192.26638251163118,,,ROUTE_AGENT,BROADER_INDIAN_MARINE_REGION
GRID_1259,INDIAN_MARINE,20.25,68.75,366.45243578677344,,3003.0,0.023,0.107,0.109444045,215.9251400524793,200 NM,0,0,309.27587941061563,0,366.45243578677344,20.358468654820747,162.86774923856598,0.97263898875,GOOD,ROUTE_AGENT,BROADER_INDIAN_MARINE_REGION
GRID_1260,INDIAN_MARINE,11.25,81.75,124.37701986156678,,3598.0,-0.04,0.030499998,0.05030159,29.17260997085133,Treaty,0,0,216.9266276748268,0,124.37701986156678,6.90983443675371,55.27867549402968,0.9874246025,GOOD,ROUTE_AGENT,BROADER_INDIAN_MARINE_REGION
GRID_1261,INDIAN_MARINE,7.25,77.0,80.7996539953612,,189.0,-0.10400001,0.065000005,0.122641765,111.32145187205504,Straight baseline,0,0,112.00610444066533,0,80.7996539953612,4.488869666408956,35.910957331271646,0.96933955875,GOOD,ROUTE_AGENT,BROADER_INDIAN_MARINE_REGION
GRID_1262,INDIAN_MARINE,13.5,81.5,74.20094177087462,,3351.0,-0.101500005,0.1855,0.2114533,129.99649949822162,Straight baseline,0,0,153.80143565120864,0,74.20094177087462,4.122274542826368,32.97819634261094,0.9471366749999999,GOOD,ROUTE_AGENT,BROADER_INDIAN_MARINE_REGION
GRID_1263,INDIAN_MARINE,11.75,96.5,377.9809074075137,,914.0,-0.076000005,-0.050500005,0.091248296,104.44909988598198,Straight baseline,0,0,1278.2325262437168,0,377.9809074075137,20.99893930041743,167.99151440333944,0.9771879259999998,GOOD,ROUTE_AGENT,BROADER_INDIAN_MARINE_REGION
GRID_1264,INDIAN_MARINE,12.0,78.0,226.902914871422,,0.0,,,,201.31455659098685,Straight baseline,0,0,92.89442948548091,0,226.902914871422,12.605717492856778,100.84573994285422,,,ROUTE_AGENT,BROADER_INDIAN_MARINE_REGION
GRID_1265,INDIAN_MARINE,9.5,84.25,430.09347630503663,,3636.0,-0.2195,-0.019500002,0.22036448,33.88157565120432,200 NM,0,0,533.3017842204106,0,430.09347630503663,23.89408201694648,191.15265613557185,0.9449088799999998,GOOD,ROUTE_AGENT,BROADER_INDIAN_MARINE_REGION
GRID_1266,INDIAN_MARINE,17.75,80.75,198.69937846289625,,0.0,,,,199.75171236074155,Straight baseline,0,0,505.2789286408721,0,198.69937846289625,11.038854359049791,88.31083487239833,,,ROUTE_AGENT,BROADER_INDIAN_MARINE_REGION
GRID_1267,INDIAN_MARINE,8.0,79.75,295.9559730500696,,1.0,,,,89.9897335354207,Treaty,0,0,145.57514168115154,0,295.9559730500696,16.441998502781644,131.53598802225315,,,ROUTE_AGENT,BROADER_INDIAN_MARINE_REGION
GRID_1268,INDIAN_MARINE,8.25,69.75,353.9701963002645,,4609.0,0.0055,-0.0775,0.077694915,28.663860117181898,Treaty,0,0,778.8749124364996,0,353.9701963002645,19.66501090557025,157.320087244562,0.9805762712499999,GOOD,ROUTE_AGENT,BROADER_INDIAN_MARINE_REGION
GRID_1269,INDIAN_MARINE,16.0,76.5,325.1120085431029,,0.0,,,,302.52067017227813,Straight baseline,0,0,274.6682631075218,0,325.1120085431029,18.061778252394603,144.49422601915683,,,ROUTE_AGENT,BROADER_INDIAN_MARINE_REGION
GRID_1270,INDIAN_MARINE,19.5,82.0,389.0100392106788,,0.0,,,,258.9356572348856,Straight baseline,0,0,298.6262438420037,0,389.0100392106788,21.611668845037713,172.8933507603017,,,ROUTE_AGENT,BROADER_INDIAN_MARINE_REGION
GRID_1271,INDIAN_MARINE,12.25,83.75,315.6632195360361,,3411.0,0.1035,-0.08400001,0.1332976,13.711250957466945,200 NM,0,0,397.87195718372226,0,315.6632195360361,17.536845529779782,140.29476423823826,0.9666755999999999,GOOD,ROUTE_AGENT,BROADER_INDIAN_MARINE_REGION
GRID_1272,INDIAN_MARINE,16.75,90.25,471.6298220675678,,2442.0,0.10150001,0.1585,0.18821397,42.19687776745641,200 NM,0,0,580.3515732195762,0,471.6298220675678,26.201656781531543,209.61325425225235,0.9529465074999999,GOOD,ROUTE_AGENT,BROADER_INDIAN_MARINE_REGION
GRID_1273,INDIAN_MARINE,15.0,73.75,34.085540260327384,,45.0,0.0405,-0.090500005,0.099148884,20.50287944590847,Straight baseline,0,0,47.89008693103968,0,34.085540260327384,1.8936411255737435,15.149129004589948,0.9363238901111111,GOOD,ROUTE_AGENT,BROADER_INDIAN_MARINE_REGION
GRID_1274,INDIAN_MARINE,6.25,69.75,453.7780272781527,,4596.0,-0.044,0.12900001,0.13629748,60.55184103971918,200 NM,0,0,857.6937920290044,0,453.7780272781527,25.209890404341817,201.67912323473453,0.9659256299999999,GOOD,ROUTE_AGENT,BROADER_INDIAN_MARINE_REGION
GRID_1275,INDIAN_MARINE,10.5,91.0,141.8753790998944,,3378.0,-0.076000005,-0.024999999,0.08000626,145.118190458243,Straight baseline,0,0,1219.2985601239895,0,141.8753790998944,7.8819655055496884,63.05572404439751,0.979998435,GOOD,ROUTE_AGENT,BROADER_INDIAN_MARINE_REGION
GRID_1276,INDIAN_MARINE,8.75,88.5,470.4886959795609,,3553.0,0.11400001,0.051000003,0.12488796,91.6952210207826,200 NM,0,0,1013.4627714825295,0,470.4886959795609,26.138260887753383,209.10608710202706,0.9687780099999999,GOOD,ROUTE_AGENT,BROADER_INDIAN_MARINE_REGION
GRID_1277,INDIAN_MARINE,7.5,69.5,421.2391468564496,,4529.0,0.17700002,0.046000004,0.18287976,7.600469274009712,200 NM,0,0,843.1438244594855,0,421.2391468564496,23.402174825358312,187.2173986028665,0.9542800599999999,GOOD,ROUTE_AGENT,BROADER_INDIAN_MARINE_REGION
GRID_1278,INDIAN_MARINE,13.25,71.75,114.51480147890484,,1618.0,-0.0030000005,0.061,0.061073728,98.03605483771464,Straight baseline,0,0,347.3594529052355,0,114.51480147890484,6.361933415494714,50.89546732395771,0.984731568,GOOD,ROUTE_AGENT,BROADER_INDIAN_MARINE_REGION
GRID_1279,INDIAN_MARINE,5.25,71.0,432.87697564277,,3950.0,-0.148,0.030000001,0.15100993,182.3555181308571,Archipelagic baseline,0,0,778.3778098609023,0,432.87697564277,24.04872086904278,192.38976695234223,0.9622475175,GOOD,ROUTE_AGENT,BROADER_INDIAN_MARINE_REGION
GRID_1280,INDIAN_MARINE,14.0,91.0,199.22829515421788,,2830.0,-0.06650001,-0.0495,0.08290055,115.679536306757,Treaty,0,0,896.8355439412426,0,199.22829515421788,11.068238619678771,88.54590895743017,0.9792748624999998,GOOD,ROUTE_AGENT,BROADER_INDIAN_MARINE_REGION
GRID_1281,INDIAN_MARINE,15.5,79.75,70.21329319577336,,0.0,,,,51.486351389662865,Straight baseline,0,0,295.56313675095026,0,70.21329319577336,3.9007385108762977,31.205908087010382,,,ROUTE_AGENT,BROADER_INDIAN_MARINE_REGION
GRID_1282,INDIAN_MARINE,11.5,94.25,133.51061762683662,,1562.0,-0.17450002,0.067,0.18692045,129.74538995368357,Treaty,0,0,1251.7283794146376,0,133.51061762683662,7.417256534824257,59.338052278594056,0.9532698874999999,GOOD,ROUTE_AGENT,BROADER_INDIAN_MARINE_REGION
GRID_1283,INDIAN_MARINE,19.5,82.5,400.6330595511429,,0.0,,,,223.36105531011063,Straight baseline,0,0,256.08021382968997,0,400.6330595511429,22.257392197285714,178.0591375782857,,,ROUTE_AGENT,BROADER_INDIAN_MARINE_REGION
GRID_1284,INDIAN_MARINE,18.5,80.0,306.33951895794115,,0.0,,,,318.5483677054367,Straight baseline,0,0,424.3992210536466,0,306.33951895794115,17.018862164330063,136.1508973146405,,,ROUTE_AGENT,BROADER_INDIAN_MARINE_REGION
GRID_1285,INDIAN_MARINE,9.0,90.5,276.121929082547,,2825.0,0.116500005,0.06300001,0.1324434,131.22613207304892,200 NM,0,0,1221.1900238389544,0,276.121929082547,15.340107171252612,122.7208573700209,0.9668891499999999,GOOD,ROUTE_AGENT,BROADER_INDIAN_MARINE_REGION
GRID_1286,INDIAN_MARINE,18.75,81.0,301.74865855872736,,0.0,,,,276.30326116295976,Straight baseline,0,0,435.92846686119674,0,301.74865855872736,16.763814364373744,134.11051491498995,,,ROUTE_AGENT,BROADER_INDIAN_MARINE_REGION
GRID_1287,INDIAN_MARINE,8.75,74.0,92.9865902585002,,2698.0,-0.021500003,-0.06750001,0.07084138,82.59187671452999,Straight baseline,0,0,323.3397571455534,0,92.9865902585002,5.165921681027789,41.32737344822231,0.982289655,GOOD,ROUTE_AGENT,BROADER_INDIAN_MARINE_REGION
GRID_1288,INDIAN_MARINE,7.75,81.5,341.26983250564035,,0.0,,,,258.4395693689043,Treaty,0,0,300.4081248586104,0,341.26983250564035,18.95943513920224,151.67548111361793,,,ROUTE_AGENT,BROADER_INDIAN_MARINE_REGION
GRID_1289,INDIAN_MARINE,17.25,71.75,86.41695164721995,,364.0,-0.0185,0.019000001,0.026518863,158.37992899096693,Straight baseline,0,0,209.92566964771413,0,86.41695164721995,4.800941758178886,38.407534065431086,0.9933702842499998,GOOD,ROUTE_AGENT,BROADER_INDIAN_MARINE_REGION
GRID_1290,INDIAN_MARINE,15.25,92.75,231.1480206117622,,2744.0,-0.104,0.028500006,0.10783437,101.09601580960576,Straight baseline,0,0,813.9921323128896,0,231.1480206117622,12.841556700653456,102.73245360522765,0.9730414075,GOOD,ROUTE_AGENT,BROADER_INDIAN_MARINE_REGION
GRID_1291,INDIAN_MARINE,7.75,69.5,408.5342033716509,,4654.0,0.127,0.006,0.12714165,0.0079366302670649,200 NM,1,0,834.9063055238565,0,408.5342033716509,22.696344631758382,181.57075705406706,0.8182145875,GOOD,ROUTE_AGENT,BROADER_INDIAN_MARINE_REGION
GRID_1292,INDIAN_MARINE,14.75,80.75,21.10405936253202,,2485.0,0.132,0.4745,0.49251828,61.20854556049772,Straight baseline,0,0,212.42687004098505,0,21.10405936253202,1.17244774236289,9.37958193890312,0.8768704299999999,GOOD,ROUTE_AGENT,BROADER_INDIAN_MARINE_REGION
GRID_1293,INDIAN_MARINE,15.0,95.25,345.7486336270539,,50.0,0.027500004,-0.021499999,0.03490702,34.78639214383076,Straight baseline,0,0,881.609107119323,0,345.7486336270539,19.208257423725215,153.66605938980172,0.9912732449999999,GOOD,ROUTE_AGENT,BROADER_INDIAN_MARINE_REGION
GRID_1294,INDIAN_MARINE,10.5,82.25,191.59203667711031,,3652.0,-0.18400002,0.044,0.18918775,70.91913452283603,Treaty,0,0,290.94448809626874,0,191.59203667711031,10.64400203761724,85.15201630093792,0.9527030624999999,GOOD,ROUTE_AGENT,BROADER_INDIAN_MARINE_REGION
GRID_1295,INDIAN_MARINE,21.5,69.5,339.9406221517344,,29.0,0.056500003,-0.0925,0.1083905,115.89734920948814,Straight baseline,0,0,138.54562827651574,0,339.9406221517344,18.885590119540797,151.08472095632638,0.8095690416666665,GOOD,ROUTE_AGENT,BROADER_INDIAN_MARINE_REGION
GRID_1296,INDIAN_MARINE,15.75,74.25,107.29883737866776,,0.0,,,,70.18356335440163,Straight baseline,0,0,59.66685347745525,0,107.29883737866776,5.9610465210370975,47.68837216829678,,,ROUTE_AGENT,BROADER_INDIAN_MARINE_REGION
GRID_1297,INDIAN_MARINE,8.25,79.75,280.09052885305664,,2.0,,,,68.34710937337903,Treaty,0,0,120.82045178564852,0,280.09052885305664,15.560584936280925,124.4846794902474,,,ROUTE_AGENT,BROADER_INDIAN_MARINE_REGION
GRID_1298,INDIAN_MARINE,9.25,69.75,308.07723898822843,,4604.0,-0.10050001,-0.055500004,0.11480637,86.33593827278709,200 NM,0,0,718.5780052758962,0,308.07723898822843,17.11540216601269,136.92321732810152,0.9712984075,GOOD,ROUTE_AGENT,BROADER_INDIAN_MARINE_REGION
GRID_1299,INDIAN_MARINE,5.5,73.25,330.52043973691974,,1143.0,-0.2275,0.23850001,0.32960355,38.69193166362542,Archipelagic baseline,0,0,548.5518464624497,0,330.52043973691974,18.3622466520511,146.8979732164088,0.9175991124999998,GOOD,ROUTE_AGENT,BROADER_INDIAN_MARINE_REGION
GRID_1300,INDIAN_MARINE,18.75,79.0,387.7249797155384,,0.0,,,,402.4249289126219,Straight baseline,0,0,311.3317643452688,0,387.7249797155384,21.540276650863245,172.32221320690596,,,ROUTE_AGENT,BROADER_INDIAN_MARINE_REGION
GRID_1301,INDIAN_MARINE,12.5,76.25,135.09780148218852,,0.0,,,,128.8923664012322,Straight baseline,0,0,38.49473734390961,0,135.09780148218852,7.50543341567714,60.04346732541712,,,ROUTE_AGENT,BROADER_INDIAN_MARINE_REGION
GRID_1302,INDIAN_MARINE,8.0,94.0,322.4174856138688,,1635.0,0.016999999,-0.052500006,0.055183787,80.64284776752156,Straight baseline,0,0,1626.277839207091,0,322.4174856138688,17.91208253410382,143.29666027283056,0.9862040532499998,GOOD,ROUTE_AGENT,BROADER_INDIAN_MARINE_REGION
GRID_1303,INDIAN_MARINE,16.5,85.5,378.6110644421767,,2806.0,0.03450001,0.11400001,0.119106054,128.63167484238798,200 NM,0,0,336.1561110798381,0,378.6110644421767,21.033948024565372,168.27158419652298,0.9702234864999999,GOOD,ROUTE_AGENT,BROADER_INDIAN_MARINE_REGION
GRID_1304,INDIAN_MARINE,18.0,75.0,244.23698949644785,,0.0,,,,213.7134641365587,Straight baseline,0,0,130.5479389827126,0,244.23698949644785,13.568721638691548,108.54977310953238,,,ROUTE_AGENT,BROADER_INDIAN_MARINE_REGION
GRID_1305,INDIAN_MARINE,17.75,68.0,422.3306781045381,,3458.0,-0.036000006,-0.080000006,0.087726854,60.507328403685186,200 NM,0,0,569.1995192692046,0,422.3306781045381,23.462815450252116,187.70252360201692,0.9780682864999999,GOOD,ROUTE_AGENT,BROADER_INDIAN_MARINE_REGION
GRID_1306,INDIAN_MARINE,12.0,78.75,146.77331135447434,,0.0,,,,119.7889367535625,Straight baseline,0,0,129.11360773893452,0,146.77331135447434,8.154072853026353,65.23258282421082,,,ROUTE_AGENT,BROADER_INDIAN_MARINE_REGION
GRID_1307,INDIAN_MARINE,10.75,92.5,24.60219649339364,,0.0,-0.024,-0.043500002,0.04968149,20.61822078644218,Straight baseline,0,0,1289.0661049458615,0,24.60219649339364,1.3667886940774245,10.934309552619396,0.6375796275000001,MODERATE,ROUTE_AGENT,BROADER_INDIAN_MARINE_REGION
GRID_1308,INDIAN_MARINE,9.5,81.75,187.8292654276582,,3710.0,-0.085,-0.0109999925,0.08570881,154.73648379815452,Treaty,0,0,266.67776077793195,0,187.8292654276582,10.434959190425456,83.47967352340365,0.9785727975,GOOD,ROUTE_AGENT,BROADER_INDIAN_MARINE_REGION
GRID_1309,INDIAN_MARINE,19.5,75.0,251.8407520461184,,0.0,,,,250.90025338964105,Straight baseline,0,0,112.52799965581288,0,251.8407520461184,13.991152891451023,111.92922313160818,,,ROUTE_AGENT,BROADER_INDIAN_MARINE_REGION
GRID_1310,INDIAN_MARINE,6.5,81.25,469.1934904025282,,0.0,,,,302.7070479344383,Treaty,0,0,377.6126908861704,0,469.1934904025282,26.066305022362677,208.53044017890142,,,ROUTE_AGENT,BROADER_INDIAN_MARINE_REGION
GRID_1311,INDIAN_MARINE,16.0,84.5,265.6707522724096,,2979.0,0.18,0.1435,0.23020045,158.5576766536784,200 NM,0,0,392.5042662073807,0,265.6707522724096,14.759486237356088,118.0758898988487,0.9424498875,GOOD,ROUTE_AGENT,BROADER_INDIAN_MARINE_REGION
GRID_1312,INDIAN_MARINE,19.25,84.0,427.90029381083104,,0.0,,,,82.10034786690808,Straight baseline,0,0,108.65366321067911,0,427.90029381083104,23.772238545046168,190.17790836036934,,,ROUTE_AGENT,BROADER_INDIAN_MARINE_REGION
GRID_1313,INDIAN_MARINE,13.25,69.25,296.81850660924545,,4206.0,-0.087500006,0.054000005,0.102821454,73.34236199015379,200 NM,0,0,586.5453783531035,0,296.81850660924545,16.489917033846968,131.91933627077574,0.9742946365,GOOD,ROUTE_AGENT,BROADER_INDIAN_MARINE_REGION
GRID_1314,INDIAN_MARINE,6.5,93.0,461.15581260168744,,1318.0,-0.33350003,-0.098000005,0.34760073,91.91889641647872,Straight baseline,0,0,1560.9496427356537,0,461.15581260168744,25.619767366760414,204.9581389340833,0.9130998175,GOOD,ROUTE_AGENT,BROADER_INDIAN_MARINE_REGION
GRID_1315,INDIAN_MARINE,12.0,85.0,453.99206967202355,,3368.0,-0.105500005,-0.018,0.107024536,155.7289043943482,200 NM,0,0,539.8999749877557,0,453.99206967202355,25.221781648445752,201.77425318756602,0.973243866,GOOD,ROUTE_AGENT,BROADER_INDIAN_MARINE_REGION
GRID_1316,INDIAN_MARINE,6.5,92.5,461.7927749444417,,4339.0,-0.36800003,0.0040000007,0.36802176,140.87175721929603,Straight baseline,0,0,1506.4101019460686,0,461.7927749444417,25.655154163580093,205.24123330864074,0.9079945599999999,GOOD,ROUTE_AGENT,BROADER_INDIAN_MARINE_REGION
GRID_1317,INDIAN_MARINE,8.0,91.75,312.63320591075916,,3821.0,0.009000003,-0.044,0.044911023,148.7555782201059,Straight baseline,0,0,1384.256684960887,0,312.63320591075916,17.36851143948662,138.94809151589297,0.98877224425,GOOD,ROUTE_AGENT,BROADER_INDIAN_MARINE_REGION
GRID_1318,INDIAN_MARINE,13.5,73.0,65.17422150614529,,1805.0,-0.057,0.086500004,0.103591755,158.438950471936,Straight baseline,0,0,213.55187027338243,0,65.17422150614529,3.620790083674738,28.966320669397906,0.97410206125,GOOD,ROUTE_AGENT,BROADER_INDIAN_MARINE_REGION
GRID_1319,INDIAN_MARINE,16.0,84.0,212.56324596497277,,3048.0,0.28900003,0.231,0.36997572,185.69871839166453,Straight baseline,0,0,403.7480860690876,0,212.56324596497277,11.809069220276264,94.47255376221011,0.9075060699999999,GOOD,ROUTE_AGENT,BROADER_INDIAN_MARINE_REGION
GRID_1320,INDIAN_MARINE,19.75,84.25,488.66448958826874,,0.0,,,,112.62197387751009,Straight baseline,0,0,85.9428545133922,0,488.66448958826874,27.148027199348263,217.1842175947861,,,ROUTE_AGENT,BROADER_INDIAN_MARINE_REGION
GRID_1321,INDIAN_MARINE,14.75,84.75,313.1223566997339,,3154.0,0.09600001,-0.033,0.10151355,43.39675942157279,200 NM,0,0,533.8566463453988,0,313.1223566997339,17.395686483318553,139.16549186654842,0.9746216125,GOOD,ROUTE_AGENT,BROADER_INDIAN_MARINE_REGION
GRID_1322,INDIAN_MARINE,18.25,76.5,404.25928904149913,,0.0,,,,382.9960979041578,Straight baseline,0,0,201.68222226090552,0,404.25928904149913,22.458849391194395,179.67079512955516,,,ROUTE_AGENT,BROADER_INDIAN_MARINE_REGION
GRID_1323,INDIAN_MARINE,7.75,89.75,434.9264692968642,,3270.0,-0.111499995,0.078,0.13607442,9.31838334163688,200 NM,0,0,1174.779493410246,0,434.9264692968642,24.162581627603565,193.30065302082852,0.965981395,GOOD,ROUTE_AGENT,BROADER_INDIAN_MARINE_REGION
GRID_1324,INDIAN_MARINE,6.5,73.5,221.97443876518184,,1474.0,-0.1825,0.16350001,0.24502756,16.75884853323291,Archipelagic baseline,0,0,467.8119897000778,0,221.97443876518184,12.331913264732325,98.6553061178586,0.9387431099999999,GOOD,ROUTE_AGENT,BROADER_INDIAN_MARINE_REGION
GRID_1325,INDIAN_MARINE,6.0,72.75,279.3956864535506,,625.0,-0.2095,0.17500001,0.27297482,19.206653487083415,Archipelagic baseline,0,0,568.0839832959168,0,279.3956864535506,15.52198258075281,124.17586064602249,0.931756295,GOOD,ROUTE_AGENT,BROADER_INDIAN_MARINE_REGION
GRID_1326,INDIAN_MARINE,11.25,71.25,73.16155798848209,,2332.0,0.10750002,0.0555,0.12098142,75.82336478270068,Straight baseline,0,0,478.470962852818,0,73.16155798848209,4.064530999360116,32.51624799488093,0.9697546449999999,GOOD,ROUTE_AGENT,BROADER_INDIAN_MARINE_REGION
GRID_1327,INDIAN_MARINE,13.75,70.0,256.7338148729021,,3771.0,-0.081,-0.04,0.09033825,122.4531575674065,200 NM,0,0,487.7786853686766,0,256.7338148729021,14.262989715161227,114.10391772128982,0.9774154374999999,GOOD,ROUTE_AGENT,BROADER_INDIAN_MARINE_REGION
GRID_1328,INDIAN_MARINE,16.5,78.25,264.3904406634687,,0.0,,,,247.486944269875,Straight baseline,0,0,449.5228950205091,0,264.3904406634687,14.68835781463715,117.5068625170972,,,ROUTE_AGENT,BROADER_INDIAN_MARINE_REGION
GRID_1329,INDIAN_MARINE,7.25,78.5,181.21530689477856,,2341.0,-0.125,0.0069999993,0.12519585,9.225200543481854,Treaty,0,0,153.48631800556905,0,181.21530689477856,10.06751704970992,80.54013639767936,0.9687010375,GOOD,ROUTE_AGENT,BROADER_INDIAN_MARINE_REGION
GRID_1330,INDIAN_MARINE,12.5,75.5,77.73460288619829,,0.0,,,,53.9629109301943,Straight baseline,0,0,7.8651138711201884,0,77.73460288619829,4.318589049233238,34.548712393865905,,,ROUTE_AGENT,BROADER_INDIAN_MARINE_REGION
GRID_1331,INDIAN_MARINE,17.0,80.0,175.61989098957466,,0.0,,,,173.20459489998353,Straight baseline,0,0,465.3954427427585,0,175.61989098957466,9.756660610531926,78.0532848842554,,,ROUTE_AGENT,BROADER_INDIAN_MARINE_REGION
GRID_1332,INDIAN_MARINE,17.0,75.0,216.3425742597167,,0.0,,,,192.9078330997546,Straight baseline,0,0,125.3714541106952,0,216.3425742597167,12.019031903317595,96.15225522654076,,,ROUTE_AGENT,BROADER_INDIAN_MARINE_REGION
GRID_1333,INDIAN_MARINE,16.5,78.0,286.7357888387872,,0.0,,,,272.3673399741559,Straight baseline,0,0,438.27249631229506,0,286.7357888387872,15.929766046599289,127.43812837279431,,,ROUTE_AGENT,BROADER_INDIAN_MARINE_REGION
GRID_1334,INDIAN_MARINE,7.5,93.75,364.9687689074255,,710.0,-0.059500005,-0.072,0.09340369,32.13491692893758,Straight baseline,0,0,1613.7474273357243,0,364.9687689074255,20.276042717079193,162.20834173663354,0.9766490774999999,GOOD,ROUTE_AGENT,BROADER_INDIAN_MARINE_REGION
GRID_1335,INDIAN_MARINE,9.25,69.0,388.0578153139148,,4582.0,-0.011500001,-0.011500001,0.016263457,5.852274142382375,200 NM,0,0,792.8576811625136,0,388.0578153139148,21.55876751743971,172.47014013951767,0.99593413575,GOOD,ROUTE_AGENT,BROADER_INDIAN_MARINE_REGION
GRID_1336,INDIAN_MARINE,17.5,86.0,461.9163277036091,,2554.0,0.17850001,-0.0315,0.18125811,175.21304384305148,200 NM,0,0,243.0843986421167,0,461.9163277036091,25.662018205756063,205.2961456460485,0.9546854725,GOOD,ROUTE_AGENT,BROADER_INDIAN_MARINE_REGION
GRID_1337,INDIAN_MARINE,17.75,74.0,135.30845776647283,,0.0,,,,98.63339162372822,Straight baseline,0,0,15.48611316605912,0,135.30845776647283,7.517136542581824,60.13709234065459,,,ROUTE_AGENT,BROADER_INDIAN_MARINE_REGION
GRID_1338,INDIAN_MARINE,11.75,73.75,83.57455197730091,,2075.0,0.082,0.0015000002,0.08201372,79.18525494663305,Straight baseline,0,0,195.2515865544689,0,83.57455197730091,4.643030665405607,37.14424532324485,0.97949657,GOOD,ROUTE_AGENT,BROADER_INDIAN_MARINE_REGION
GRID_1339,INDIAN_MARINE,12.0,73.0,61.135429011237264,,2063.0,0.064,0.09650001,0.11579401,44.17564465457976,Straight baseline,0,0,269.8181546288661,0,61.135429011237264,3.396412722846515,27.17130178277212,0.9710514975,GOOD,ROUTE_AGENT,BROADER_INDIAN_MARINE_REGION
GRID_1340,INDIAN_MARINE,8.25,80.0,273.25434706886284,,0.0,,,,89.88870323883336,Treaty,0,0,137.3533659045791,0,273.25434706886284,15.18079705938127,121.44637647505016,,,ROUTE_AGENT,BROADER_INDIAN_MARINE_REGION
GRID_1341,INDIAN_MARINE,7.0,72.0,210.53503433954205,,2942.0,-0.010000002,0.0115,0.015239752,83.10065454291717,Archipelagic baseline,0,0,593.552604270482,0,210.53503433954205,11.696390796641225,93.5711263731298,0.9961900619999999,GOOD,ROUTE_AGENT,BROADER_INDIAN_MARINE_REGION
GRID_1342,INDIAN_MARINE,15.5,85.25,347.1391092205979,,2936.0,-0.030500002,-0.042000003,0.051906172,57.54182135984697,200 NM,0,0,447.8624357643192,0,347.1391092205979,19.285506067810996,154.28404854248797,0.9870234569999998,GOOD,ROUTE_AGENT,BROADER_INDIAN_MARINE_REGION
GRID_1343,INDIAN_MARINE,16.5,91.0,408.753365842675,,2385.0,0.11700001,0.106000006,0.15787655,43.48498076425038,200 NM,0,0,634.8826597953954,0,408.753365842675,22.708520324593056,181.66816259674445,0.9605308625,GOOD,ROUTE_AGENT,BROADER_INDIAN_MARINE_REGION
GRID_1344,INDIAN_MARINE,12.25,95.75,302.27650052856904,,2687.0,0.047000002,-0.21300001,0.21812384,28.62701799404052,Treaty,0,0,1199.7206040087292,0,302.27650052856904,16.793138918253835,134.34511134603068,0.9454690399999999,GOOD,ROUTE_AGENT,BROADER_INDIAN_MARINE_REGION
GRID_1345,INDIAN_MARINE,19.25,70.25,212.9167410670852,,78.0,0.006000001,0.029000001,0.029614186,181.04705276392977,Straight baseline,0,0,297.62367461456006,0,212.9167410670852,11.82870783706029,94.62966269648231,0.9925964535,GOOD,ROUTE_AGENT,BROADER_INDIAN_MARINE_REGION
GRID_1346,INDIAN_MARINE,9.0,90.0,317.0689088625732,,3067.0,0.119,0.034500003,0.12390017,77.1807067298205,200 NM,0,0,1167.0133424870255,0,317.0689088625732,17.614939381254068,140.91951505003254,0.9690249574999998,GOOD,ROUTE_AGENT,BROADER_INDIAN_MARINE_REGION
GRID_1347,INDIAN_MARINE,12.5,69.75,222.69739068978708,,4299.0,-0.0085,-0.024,0.025460755,151.7316718624731,200 NM,0,0,577.3817636055354,0,222.69739068978708,12.372077260543726,98.97661808434981,0.99363481125,GOOD,ROUTE_AGENT,BROADER_INDIAN_MARINE_REGION
GRID_1348,INDIAN_MARINE,17.5,74.25,156.19376276617922,,0.0,,,,120.2138166104786,Straight baseline,0,0,44.22683683919258,0,156.19376276617922,8.677431264787735,69.41945011830188,,,ROUTE_AGENT,BROADER_INDIAN_MARINE_REGION
GRID_1349,INDIAN_MARINE,9.5,84.0,404.0650600802974,,3659.0,-0.22750002,-0.039499998,0.23090367,60.09979701609216,200 NM,0,0,506.0764387272098,0,404.0650600802974,22.448058893349856,179.58447114679885,0.9422740825,GOOD,ROUTE_AGENT,BROADER_INDIAN_MARINE_REGION
GRID_1350,INDIAN_MARINE,9.5,96.0,373.021030083041,,1546.0,-0.1385,-0.0175,0.13960123,21.250067346814056,Treaty,0,0,1508.851687405002,0,373.021030083041,20.723390560168944,165.78712448135155,0.9650996924999999,GOOD,ROUTE_AGENT,BROADER_INDIAN_MARINE_REGION
GRID_1351,INDIAN_MARINE,13.5,97.0,471.9793278341289,,93.0,0.056500003,-0.016999997,0.05900212,84.28201480523498,Straight baseline,0,0,1111.8592664359014,0,471.9793278341289,26.221073768562718,209.76859014850174,0.9852494699999998,GOOD,ROUTE_AGENT,BROADER_INDIAN_MARINE_REGION
GRID_1352,INDIAN_MARINE,13.0,82.25,145.08260965305263,,3473.0,-0.031499997,-0.068,0.07494164,166.20984551498253,200 NM,0,0,223.57944911786143,0,145.08260965305263,8.060144980725147,64.48115984580117,0.9812645899999999,GOOD,ROUTE_AGENT,BROADER_INDIAN_MARINE_REGION
GRID_1353,INDIAN_MARINE,17.5,83.75,260.3472458372191,,574.0,0.06850001,0.065,0.0944312,46.14605289581829,Straight baseline,0,0,254.0945466509192,0,260.3472458372191,14.463735879845505,115.70988703876404,0.9763921999999998,GOOD,ROUTE_AGENT,BROADER_INDIAN_MARINE_REGION
GRID_1354,INDIAN_MARINE,13.75,91.75,115.56241288243343,,2930.0,0.048,0.011,0.04924429,92.63469670490178,Treaty,0,0,961.0480930148884,0,115.56241288243343,6.42013404902408,51.36107239219264,0.9876889275,GOOD,ROUTE_AGENT,BROADER_INDIAN_MARINE_REGION
GRID_1355,INDIAN_MARINE,17.5,83.0,208.17220746112588,,0.0,,,,11.604378387540416,Straight baseline,0,0,307.0145823253667,0,208.17220746112588,11.565122636729216,92.52098109383373,,,ROUTE_AGENT,BROADER_INDIAN_MARINE_REGION
GRID_1356,INDIAN_MARINE,21.5,70.25,278.1482378474641,,0.0,,,,115.71647313091351,Straight baseline,0,0,120.99610046890946,0,278.1482378474641,15.45267988041467,123.62143904331737,,,ROUTE_AGENT,BROADER_INDIAN_MARINE_REGION
GRID_1357,INDIAN_MARINE,15.5,75.25,186.05592257827985,,0.0,,,,154.41422418774022,Straight baseline,0,0,130.25512510988895,0,186.05592257827985,10.33644014323777,82.69152114590216,,,ROUTE_AGENT,BROADER_INDIAN_MARINE_REGION
GRID_1358,INDIAN_MARINE,20.5,69.0,345.6798432354581,,1721.0,0.0025000004,0.068500005,0.06854561,204.04188779875545,Straight baseline,0,0,269.89591035409745,0,345.6798432354581,19.20443573530323,153.63548588242583,0.9828635975,GOOD,ROUTE_AGENT,BROADER_INDIAN_MARINE_REGION
GRID_1359,INDIAN_MARINE,17.5,84.25,301.79740319361605,,2544.0,0.0140000135,0.19150001,0.19201107,81.72065482059327,Straight baseline,0,0,229.1573986731845,0,301.79740319361605,16.766522399645336,134.13217919716269,0.9519972324999999,GOOD,ROUTE_AGENT,BROADER_INDIAN_MARINE_REGION
GRID_1360,INDIAN_MARINE,11.0,81.5,97.51411651167284,,3616.0,-0.0655,0.0695,0.09550131,13.164548656936947,Treaty,0,0,194.17698243221855,0,97.51411651167284,5.417450917315158,43.33960733852126,0.9761246724999999,GOOD,ROUTE_AGENT,BROADER_INDIAN_MARINE_REGION
GRID_1361,INDIAN_MARINE,11.25,91.0,148.3010399491401,,3340.0,-0.028000005,-0.034,0.044045433,134.02941174283342,Straight baseline,0,0,1147.9131600583762,0,148.3010399491401,8.238946663841116,65.91157331072893,0.98898864175,GOOD,ROUTE_AGENT,BROADER_INDIAN_MARINE_REGION
GRID_1362,INDIAN_MARINE,9.75,81.0,114.87661497820432,,2409.0,0.028500002,0.14950001,0.15219232,89.31663701050992,Treaty,0,0,179.0493725216653,0,114.87661497820432,6.382034165455796,51.056273323646366,0.96195192,GOOD,ROUTE_AGENT,BROADER_INDIAN_MARINE_REGION
GRID_1363,INDIAN_MARINE,16.0,81.25,8.062015854179139,,15.0,,,,2.256790038678612,Straight baseline,1,0,366.7212018601143,0,8.062015854179139,0.4478897696766188,3.5831181574129505,,,ROUTE_AGENT,BROADER_INDIAN_MARINE_REGION
GRID_1364,INDIAN_MARINE,15.25,72.0,116.3059650035425,,2061.0,0.033,0.043500002,0.054600827,178.06101525799755,Straight baseline,0,0,234.12271681028045,0,116.3059650035425,6.461442500196806,51.691540001574445,0.9863497932499998,GOOD,ROUTE_AGENT,BROADER_INDIAN_MARINE_REGION
GRID_1365,INDIAN_MARINE,15.25,95.0,342.2742025497958,,32.0,0.024,0.0485,0.054113306,17.641345809774855,Straight baseline,0,0,846.0639521252783,0,342.2742025497958,19.015233474988655,152.12186779990924,0.8464716735,GOOD,ROUTE_AGENT,BROADER_INDIAN_MARINE_REGION
GRID_1366,INDIAN_MARINE,14.5,92.25,153.44236162828852,,2867.0,0.09,-0.022000004,0.09264988,9.861385691383386,Treaty,0,0,902.184008397433,0,153.44236162828852,8.524575646016029,68.19660516812823,0.9768375299999998,GOOD,ROUTE_AGENT,BROADER_INDIAN_MARINE_REGION
GRID_1367,INDIAN_MARINE,12.25,81.5,76.87554925194254,,3515.0,0.109500006,0.10100001,0.14896728,144.383504231299,Treaty,0,0,158.75488002178813,0,76.87554925194254,4.2708638473301415,34.16691077864113,0.96275818,GOOD,ROUTE_AGENT,BROADER_INDIAN_MARINE_REGION
GRID_1368,INDIAN_MARINE,8.75,91.25,250.523268199426,,3676.0,0.046,-0.0055000037,0.04632764,169.67195737404708,Straight baseline,0,0,1308.8980952315817,0,250.523268199426,13.917959344412557,111.34367475530046,0.9884180899999999,GOOD,ROUTE_AGENT,BROADER_INDIAN_MARINE_REGION
GRID_1369,INDIAN_MARINE,10.0,83.75,362.5609949500482,,3609.0,-0.2615,-0.045,0.26534364,60.24875887394528,200 NM,0,0,467.17706799129513,0,362.5609949500482,20.1422774972249,161.1382199777992,0.93366409,GOOD,ROUTE_AGENT,BROADER_INDIAN_MARINE_REGION
GRID_1370,INDIAN_MARINE,12.5,79.0,144.30684087317644,,0.0,,,,114.51615364814948,Straight baseline,0,0,93.76299843818492,0,144.30684087317644,8.01704671517647,64.13637372141176,,,ROUTE_AGENT,BROADER_INDIAN_MARINE_REGION
GRID_1371,INDIAN_MARINE,19.5,73.5,97.67716049753405,,0.0,,,,85.7247897936545,Straight baseline,0,0,67.98297730455849,0,97.67716049753405,5.426508916529669,43.41207133223735,,,ROUTE_AGENT,BROADER_INDIAN_MARINE_REGION
GRID_1372,INDIAN_MARINE,16.25,71.0,178.06747233626243,,2662.0,0.058500003,0.119,0.13260186,126.82995855927612,200 NM,0,0,315.48629491712,0,178.06747233626243,9.89263735201458,79.14109881611664,0.9668495349999999,GOOD,ROUTE_AGENT,BROADER_INDIAN_MARINE_REGION
GRID_1373,INDIAN_MARINE,16.0,89.0,499.5264609050681,,2653.0,0.21550001,0.102000006,0.23842034,130.30867322895222,200 NM,0,0,576.5388194009868,0,499.5264609050681,27.75147005028156,222.0117604022525,0.9403949149999999,GOOD,ROUTE_AGENT,BROADER_INDIAN_MARINE_REGION
GRID_1374,INDIAN_MARINE,9.25,78.25,185.20187864941224,,0.0,,,,38.03601595760266,Straight baseline,0,0,26.600631501870467,0,185.20187864941224,10.28899325830068,82.31194606640544,,,ROUTE_AGENT,BROADER_INDIAN_MARINE_REGION
GRID_1375,INDIAN_MARINE,5.25,77.75,317.7216241477716,,2578.0,0.091000006,0.07300001,0.11666191,34.659435293328,Treaty,0,0,325.6454088615103,0,317.7216241477716,17.651201341542865,141.20961073234292,0.9708345224999999,GOOD,ROUTE_AGENT,BROADER_INDIAN_MARINE_REGION
GRID_1376,INDIAN_MARINE,16.75,85.0,334.0579739379218,,2822.0,0.13200001,0.26900002,0.2996415,186.28306218901992,200 NM,0,0,301.959842936614,0,334.0579739379218,18.558776329884545,148.47021063907636,0.925089625,GOOD,ROUTE_AGENT,BROADER_INDIAN_MARINE_REGION
GRID_1377,INDIAN_MARINE,9.25,81.5,191.0236043148094,,3750.0,0.058000002,-0.04,0.07045566,167.33070991284296,Treaty,0,0,250.46885428486016,0,191.0236043148094,10.612422461933855,84.89937969547084,0.9823860849999999,GOOD,ROUTE_AGENT,BROADER_INDIAN_MARINE_REGION
GRID_1378,INDIAN_MARINE,15.5,77.5,301.8914340978725,,0.0,,,,301.92286498393094,Straight baseline,0,0,344.7916841821836,0,301.8914340978725,16.771746338770694,134.17397071016555,,,ROUTE_AGENT,BROADER_INDIAN_MARINE_REGION
GRID_1379,INDIAN_MARINE,17.0,69.5,286.13384585135043,,3559.0,0.13450001,-0.156,0.20597635,18.489978764994618,200 NM,0,0,451.3606458323596,0,286.13384585135043,15.896324769519468,127.17059815615575,0.9485059124999999,GOOD,ROUTE_AGENT,BROADER_INDIAN_MARINE_REGION
GRID_1380,INDIAN_MARINE,14.25,84.5,311.7800262954257,,3278.0,-0.063,0.05200001,0.081688434,24.20679289874396,200 NM,0,0,497.33969303880457,0,311.7800262954257,17.321112571968097,138.56890057574478,0.9795778915,GOOD,ROUTE_AGENT,BROADER_INDIAN_MARINE_REGION
GRID_1381,INDIAN_MARINE,12.0,92.0,106.20917838652576,,1084.0,0.0069999993,-0.015000001,0.016552946,40.41569324959879,Straight baseline,0,0,1142.8120083576184,0,106.20917838652576,5.900509910362542,47.20407928290034,0.9958617635,GOOD,ROUTE_AGENT,BROADER_INDIAN_MARINE_REGION
GRID_1382,INDIAN_MARINE,12.0,95.0,217.42779255515933,,2110.0,-0.0465,-0.119500004,0.12822832,51.346299969647795,Treaty,0,0,1208.476802388035,0,217.42779255515933,12.079321808619962,96.6345744689597,0.9679429199999998,GOOD,ROUTE_AGENT,BROADER_INDIAN_MARINE_REGION
GRID_1383,INDIAN_MARINE,8.0,91.25,327.1895499969368,,3569.0,-0.0014999956,-0.054500002,0.05452064,174.34881326641948,200 NM,0,0,1330.6268869895375,0,327.1895499969368,18.177197222052044,145.41757777641635,0.9863698399999998,GOOD,ROUTE_AGENT,BROADER_INDIAN_MARINE_REGION
GRID_1384,INDIAN_MARINE,18.5,70.75,141.73233596049894,,77.0,0.030000001,0.016999999,0.03448188,176.7378199891239,200 NM,0,0,250.7170574685548,0,141.73233596049894,7.874018664472164,62.99214931577731,0.9913795299999999,GOOD,ROUTE_AGENT,BROADER_INDIAN_MARINE_REGION
GRID_1385,INDIAN_MARINE,12.75,91.25,157.57937060676045,,3060.0,0.012499999,0.054,0.055427883,152.91932644716462,Straight baseline,0,0,1023.931887418876,0,157.57937060676045,8.754409478153358,70.03527582522686,0.98614302925,GOOD,ROUTE_AGENT,BROADER_INDIAN_MARINE_REGION
GRID_1386,INDIAN_MARINE,13.25,93.75,120.2261567188318,,1833.0,0.030000001,-0.013000004,0.032695565,37.5583469779972,Treaty,0,0,1047.57376982775,0,120.2261567188318,6.679230928823989,53.43384743059191,0.99182610875,GOOD,ROUTE_AGENT,BROADER_INDIAN_MARINE_REGION
GRID_1387,INDIAN_MARINE,6.25,74.5,285.8990084851823,,2747.0,-0.15250002,0.2185,0.26645544,117.2586989400713,Archipelagic baseline,0,0,386.2063001005956,0,285.8990084851823,15.883278249176795,127.06622599341436,0.9333861399999999,GOOD,ROUTE_AGENT,BROADER_INDIAN_MARINE_REGION
GRID_1388,INDIAN_MARINE,5.5,72.5,339.3665239693268,,1970.0,-0.19200002,0.11000001,0.22127813,13.53949720612209,Archipelagic baseline,0,0,620.0946618387004,0,339.3665239693268,18.85369577607371,150.82956620858968,0.9446804675,GOOD,ROUTE_AGENT,BROADER_INDIAN_MARINE_REGION
GRID_1389,INDIAN_MARINE,11.0,92.5,19.2003197307812,,26.0,0.0085,-0.016000003,0.018117674,31.00566137340664,Straight baseline,0,0,1266.498380319443,0,19.2003197307812,1.0666844294878444,8.533475435902755,0.8088039148333332,GOOD,ROUTE_AGENT,BROADER_INDIAN_MARINE_REGION
GRID_1390,INDIAN_MARINE,21.0,70.0,267.75909912969604,,32.0,0.10700001,-0.012,0.10767081,98.63994302163216,Straight baseline,0,0,180.3520667448753,0,267.75909912969604,14.875505507205336,119.00404405764269,0.8330822975000001,GOOD,ROUTE_AGENT,BROADER_INDIAN_MARINE_REGION
GRID_1391,INDIAN_MARINE,15.75,81.75,10.61825454812299,,1558.0,0.6305,0.0435,0.63199884,56.36031005681255,Straight baseline,0,0,361.74771734914776,0,10.61825454812299,0.5899030304512772,4.719224243610218,0.8420002899999999,GOOD,ROUTE_AGENT,BROADER_INDIAN_MARINE_REGION
GRID_1392,INDIAN_MARINE,12.0,75.0,19.245720047896583,,40.0,-0.004999999,-0.037,0.03733631,20.556210943954287,Straight baseline,0,0,56.7656551858089,0,19.245720047896583,1.069206669327588,8.553653354620703,0.9128881447222221,GOOD,ROUTE_AGENT,BROADER_INDIAN_MARINE_REGION
GRID_1393,INDIAN_MARINE,14.25,96.0,380.80593559452547,,147.0,0.082,0.017499998,0.08384659,86.03477554418338,Straight baseline,0,0,990.130134801913,0,380.80593559452547,21.15588531080697,169.24708248645575,0.9790383524999999,GOOD,ROUTE_AGENT,BROADER_INDIAN_MARINE_REGION
GRID_1394,INDIAN_MARINE,13.75,83.75,283.51193220761473,,3240.0,-0.030500002,-0.0275,0.04106702,23.644487268209662,200 NM,0,0,401.6780815652689,0,283.51193220761473,15.750662900423041,126.00530320338433,0.989733245,GOOD,ROUTE_AGENT,BROADER_INDIAN_MARINE_REGION
GRID_1395,INDIAN_MARINE,8.5,81.25,253.55089082691055,,182.0,,,,200.4696903154656,Treaty,0,0,237.09611505868168,0,253.55089082691055,14.086160601495031,112.68928481196025,,,ROUTE_AGENT,BROADER_INDIAN_MARINE_REGION
GRID_1396,INDIAN_MARINE,10.5,81.75,137.383318388741,,3652.0,-0.146,0.040500008,0.1515132,49.77204267916228,Treaty,0,0,239.6904883980269,0,137.383318388741,7.6324065771522775,61.05925261721822,0.9621217,GOOD,ROUTE_AGENT,BROADER_INDIAN_MARINE_REGION
GRID_1397,INDIAN_MARINE,18.25,70.75,133.40261672590614,,90.0,0.012500001,-0.0020000003,0.01265899,160.57843056018416,200 NM,0,0,260.19784629829536,0,133.40261672590614,7.411256484772563,59.290051878180506,0.9968352524999999,GOOD,ROUTE_AGENT,BROADER_INDIAN_MARINE_REGION
GRID_1398,INDIAN_MARINE,16.5,76.25,322.47387567607336,,0.0,,,,307.10601910750916,Straight baseline,0,0,245.78266975984604,0,322.47387567607336,17.91521531533741,143.32172252269928,,,ROUTE_AGENT,BROADER_INDIAN_MARINE_REGION
GRID_1399,INDIAN_MARINE,10.25,88.25,442.9502645442541,,3396.0,0.038000003,0.15050001,0.15522325,71.22455521085917,200 NM,0,0,941.6840831821872,0,442.9502645442541,24.60834803023634,196.8667842418907,0.9611941874999999,GOOD,ROUTE_AGENT,BROADER_INDIAN_MARINE_REGION
GRID_1400,INDIAN_MARINE,8.5,70.25,292.670445722006,,3951.0,0.016000003,-0.105500005,0.10670638,45.687027378129805,Treaty,0,0,717.3686076564434,0,292.670445722006,16.25946920677811,130.07575365422488,0.9733234049999999,GOOD,ROUTE_AGENT,BROADER_INDIAN_MARINE_REGION
GRID_1401,INDIAN_MARINE,17.5,68.75,347.0193323876201,,3534.0,0.162,-0.054,0.170763,42.855102551342235,200 NM,0,0,499.4926607926683,0,347.0193323876201,19.27885179931223,154.23081439449783,0.95730925,GOOD,ROUTE_AGENT,BROADER_INDIAN_MARINE_REGION
GRID_1402,INDIAN_MARINE,15.5,91.0,312.4994087606366,,2614.0,0.046000004,-0.066,0.08044875,27.334448848685327,Treaty,0,0,743.4467592012722,0,312.4994087606366,17.36107826447981,138.8886261158385,0.9798878124999999,GOOD,ROUTE_AGENT,BROADER_INDIAN_MARINE_REGION
GRID_1403,INDIAN_MARINE,14.25,68.0,465.4278497144427,,4048.0,0.09900001,0.1135,0.1506096,98.92816877210242,200 NM,0,0,688.8684345437534,0,465.4278497144427,25.85710276191348,206.85682209530785,0.9623476,GOOD,ROUTE_AGENT,BROADER_INDIAN_MARINE_REGION
GRID_1404,INDIAN_MARINE,9.75,89.5,323.53151653669056,,3399.0,-0.043000005,-0.0055,0.043350324,45.37090904569804,200 NM,0,0,1091.6460103698178,0,323.53151653669056,17.973973140927253,143.79178512741802,0.9891624189999999,GOOD,ROUTE_AGENT,BROADER_INDIAN_MARINE_REGION
GRID_1405,INDIAN_MARINE,6.75,94.0,452.68254062940383,,1610.0,-0.16100001,-0.176,0.23853093,18.096276653349168,Straight baseline,0,0,1660.8658216069227,0,452.68254062940383,25.14903003496688,201.19224027973505,0.9403672674999999,GOOD,ROUTE_AGENT,BROADER_INDIAN_MARINE_REGION
GRID_1406,INDIAN_MARINE,10.75,75.25,19.49118884817351,,470.0,0.027,-0.0715,0.07642807,66.93326139929155,Straight baseline,0,0,128.45162271824557,0,19.49118884817351,1.0828438248985284,8.662750599188227,0.9808929824999999,GOOD,ROUTE_AGENT,BROADER_INDIAN_MARINE_REGION
GRID_1407,INDIAN_MARINE,12.25,83.25,261.7596088861009,,3405.0,0.14950001,-0.0785,0.16885646,40.9670001143006,200 NM,0,0,343.42738872807087,0,261.7596088861009,14.542200493672274,116.33760394937819,0.9577858849999998,GOOD,ROUTE_AGENT,BROADER_INDIAN_MARINE_REGION
GRID_1408,INDIAN_MARINE,20.5,75.25,290.7542070545367,,0.0,,,,301.1624717769226,Straight baseline,0,0,134.98794457923918,0,290.7542070545367,16.153011503029816,129.22409202423853,,,ROUTE_AGENT,BROADER_INDIAN_MARINE_REGION
GRID_1409,INDIAN_MARINE,10.0,78.5,224.4506531951001,,0.0,,,,101.49546594642524,Straight baseline,0,0,71.92268107022943,0,224.4506531951001,12.469480733061117,99.75584586448893,,,ROUTE_AGENT,BROADER_INDIAN_MARINE_REGION
GRID_1410,INDIAN_MARINE,22.0,69.0,412.9187855953318,,39.0,0.14950001,-0.094500005,0.17686296,38.004133838269645,Straight baseline,0,0,138.4042021854611,0,412.9187855953318,22.93993253307399,183.5194602645919,0.8702287044444443,GOOD,ROUTE_AGENT,BROADER_INDIAN_MARINE_REGION
GRID_1411,INDIAN_MARINE,15.75,82.5,51.62300580256958,,2460.0,0.391,-0.024500001,0.39176682,93.83145564052356,Straight baseline,0,0,407.50488970725854,0,51.62300580256958,2.867944766809421,22.943558134475367,0.902058295,GOOD,ROUTE_AGENT,BROADER_INDIAN_MARINE_REGION
GRID_1412,INDIAN_MARINE,10.75,75.75,8.683102788608117,,37.0,0.068,-0.1365,0.1525,17.844822107077896,Straight baseline,0,0,77.24373568806448,0,8.683102788608117,0.48239459936711765,3.859156794936941,0.8607638888888889,GOOD,ROUTE_AGENT,BROADER_INDIAN_MARINE_REGION
GRID_1413,INDIAN_MARINE,8.5,93.5,250.74419365309024,,378.0,-0.135,-0.1525,0.20366947,52.91152231067099,Straight baseline,0,0,1558.564849227247,0,250.74419365309024,13.930232980727235,111.44186384581788,0.9490826324999999,GOOD,ROUTE_AGENT,BROADER_INDIAN_MARINE_REGION
GRID_1414,INDIAN_MARINE,18.0,70.0,209.72771731968993,,2691.0,0.0045,0.081,0.0811249,74.94853710085343,200 NM,0,0,348.6048326163775,0,209.72771731968993,11.651539851093885,93.21231880875108,0.9797187749999998,GOOD,ROUTE_AGENT,BROADER_INDIAN_MARINE_REGION
GRID_1415,INDIAN_MARINE,21.0,71.75,137.26492856394376,,16.0,,,,79.11254626533992,Straight baseline,0,0,237.09028675451304,0,137.26492856394376,7.6258293646635416,61.00663491730833,,,ROUTE_AGENT,BROADER_INDIAN_MARINE_REGION
GRID_1416,INDIAN_MARINE,8.25,92.25,273.0948627064315,,1132.0,-0.031500004,-0.098000005,0.1029381,86.61152166409782,Straight baseline,0,0,1430.4924694460326,0,273.0948627064315,15.171936817023973,121.37549453619178,0.9742654749999999,GOOD,ROUTE_AGENT,BROADER_INDIAN_MARINE_REGION
GRID_1417,INDIAN_MARINE,19.25,81.0,356.9050582058455,,0.0,,,,314.095646190327,Straight baseline,0,0,391.9913382096186,0,356.9050582058455,19.82805878921364,158.6244703137091,,,ROUTE_AGENT,BROADER_INDIAN_MARINE_REGION
GRID_1418,INDIAN_MARINE,15.75,89.75,421.1155098145464,,2615.0,0.16700001,0.21600002,0.27302933,44.679811631968285,200 NM,0,0,654.9423142803181,0,421.1155098145464,23.39530610080813,187.16244880646505,0.9317426675,GOOD,ROUTE_AGENT,BROADER_INDIAN_MARINE_REGION
GRID_1419,INDIAN_MARINE,7.5,82.25,400.1586407531101,,3879.0,-0.0825,-0.2675,0.27993304,327.8933207967951,200 NM,0,0,386.1881338617168,0,400.1586407531101,22.231035597395007,177.84828477916005,0.9300167399999999,GOOD,ROUTE_AGENT,BROADER_INDIAN_MARINE_REGION
GRID_1420,INDIAN_MARINE,9.75,80.0,115.07900548046769,,0.0,0.1185,0.097,0.15313801,34.62649161761089,Treaty,0,0,93.0412599138274,0,115.07900548046769,6.393278082248205,51.14622465798564,0.6117154975000001,MODERATE,ROUTE_AGENT,BROADER_INDIAN_MARINE_REGION
GRID_1421,INDIAN_MARINE,7.25,69.75,403.429407894932,,4513.0,0.21400002,0.09,0.23215513,41.9876293506904,200 NM,0,0,823.7203083199556,0,403.429407894932,22.41274488305178,179.30195906441423,0.9419612174999998,GOOD,ROUTE_AGENT,BROADER_INDIAN_MARINE_REGION
GRID_1422,INDIAN_MARINE,10.75,71.0,132.2475788014116,,3726.0,0.005999999,0.073,0.07324616,118.31417249279566,Straight baseline,0,0,521.6697826377498,0,132.2475788014116,7.347087711189534,58.77670168951627,0.98168846,GOOD,ROUTE_AGENT,BROADER_INDIAN_MARINE_REGION
GRID_1423,INDIAN_MARINE,6.75,95.0,496.2606712693251,,2645.0,-0.15900001,-0.1875,0.2458399,25.767295210154852,Treaty,0,0,1768.8440497894476,0,496.2606712693251,27.57003729274028,220.56029834192225,0.938540025,GOOD,ROUTE_AGENT,BROADER_INDIAN_MARINE_REGION
GRID_1424,INDIAN_MARINE,18.5,69.25,293.4753816801537,,3224.0,0.072500005,0.012500003,0.0735697,86.71110476373326,200 NM,0,0,413.91393827975634,0,293.4753816801537,16.30418787111965,130.4335029689572,0.981607575,GOOD,ROUTE_AGENT,BROADER_INDIAN_MARINE_REGION
GRID_1425,INDIAN_MARINE,13.5,72.5,115.2078169028516,,182.0,-0.021500003,0.0755,0.07850159,143.30896569897234,Straight baseline,0,0,267.6134963651556,0,115.2078169028516,6.400434272380645,51.20347417904516,0.9803746025,GOOD,ROUTE_AGENT,BROADER_INDIAN_MARINE_REGION
GRID_1426,INDIAN_MARINE,9.75,93.25,111.42388813421152,,1986.0,0.072500005,-0.097,0.12110017,73.0954818879911,Straight baseline,0,0,1429.662004468982,0,111.42388813421152,6.190216007456196,49.52172805964957,0.9697249575,GOOD,ROUTE_AGENT,BROADER_INDIAN_MARINE_REGION
GRID_1427,INDIAN_MARINE,11.0,78.75,158.17302581646544,,0.0,,,,123.90028438046724,Straight baseline,0,0,70.51551004142152,0,158.17302581646544,8.787390323136968,70.29912258509574,,,ROUTE_AGENT,BROADER_INDIAN_MARINE_REGION
GRID_1428,INDIAN_MARINE,7.75,96.25,497.71759224707057,,682.0,-0.035000004,0.089,0.09563472,40.219103940221146,Treaty,0,0,1707.158195224753,0,497.71759224707057,27.650977347059477,221.20781877647582,0.9760913199999999,GOOD,ROUTE_AGENT,BROADER_INDIAN_MARINE_REGION
GRID_1429,INDIAN_MARINE,12.0,88.5,431.6196437678454,,3192.0,0.055,0.021500006,0.059052944,35.670720155243984,200 NM,0,0,925.1641499363324,0,431.6196437678454,23.978869098213632,191.83095278570906,0.9852367639999999,GOOD,ROUTE_AGENT,BROADER_INDIAN_MARINE_REGION
GRID_1430,INDIAN_MARINE,8.5,95.25,359.6923485018079,,2707.0,0.186,-0.0855,0.20471016,43.399748309908205,Treaty,0,0,1603.2117621557609,0,359.6923485018079,19.982908250100436,159.8632660008035,0.9488224599999999,GOOD,ROUTE_AGENT,BROADER_INDIAN_MARINE_REGION
GRID_1431,INDIAN_MARINE,11.0,94.25,144.28572093595608,,3101.0,-0.241,-0.030000001,0.24286003,125.94148703762929,Treaty,0,0,1308.0978044302997,0,144.28572093595608,8.015873385330893,64.12698708264715,0.9392849925,GOOD,ROUTE_AGENT,BROADER_INDIAN_MARINE_REGION
GRID_1432,INDIAN_MARINE,13.5,76.0,176.74227129754215,,0.0,,,,149.48297423985116,Straight baseline,0,0,75.86466291478969,0,176.74227129754215,9.819015072085675,78.5521205766854,,,ROUTE_AGENT,BROADER_INDIAN_MARINE_REGION
GRID_1433,INDIAN_MARINE,13.0,85.0,438.6978249253031,,3243.0,-0.049500003,0.064500004,0.08130498,122.22610334531744,200 NM,0,0,529.609069448139,0,438.6978249253031,24.37210138473906,194.9768110779125,0.9796737549999999,GOOD,ROUTE_AGENT,BROADER_INDIAN_MARINE_REGION
GRID_1434,INDIAN_MARINE,14.25,82.75,175.09110826331124,,3282.0,0.086500004,-0.1665,0.18762863,140.11577195435996,200 NM,0,0,316.54436065718403,0,175.09110826331124,9.72728379240618,77.81827033924944,0.9530928425,GOOD,ROUTE_AGENT,BROADER_INDIAN_MARINE_REGION
GRID_1435,INDIAN_MARINE,7.5,73.0,110.65189059773304,,1215.0,-0.06650001,0.23600002,0.24519025,20.885320099793994,Treaty,0,0,470.0015209540371,0,110.65189059773304,6.147327255429613,49.178618043436906,0.9387024374999999,GOOD,ROUTE_AGENT,BROADER_INDIAN_MARINE_REGION
GRID_1436,INDIAN_MARINE,11.0,92.25,14.332011578749112,,260.0,0.008000001,-0.040999997,0.041773196,4.506327048645784,Straight baseline,1,0,1249.711586310766,0,14.332011578749112,0.7962228654860618,6.369782923888494,0.839556701,GOOD,ROUTE_AGENT,BROADER_INDIAN_MARINE_REGION
GRID_1437,INDIAN_MARINE,18.5,70.5,166.2288325244118,,110.0,0.056,0.030000003,0.06352952,155.58533098354178,200 NM,0,0,277.60847918100706,0,166.2288325244118,9.234935140245101,73.87948112196081,0.9841176199999999,GOOD,ROUTE_AGENT,BROADER_INDIAN_MARINE_REGION
GRID_1438,INDIAN_MARINE,8.75,73.25,30.79873404940968,,2426.0,-0.087000005,0.17950001,0.19947244,3.1482445836733786,Straight baseline,1,0,405.44897670080616,0,30.79873404940968,1.71104078052276,13.68832624418208,0.8001318900000001,GOOD,ROUTE_AGENT,BROADER_INDIAN_MARINE_REGION
GRID_1439,INDIAN_MARINE,19.25,83.0,385.24616872038047,,0.0,,,,165.09793285754353,Straight baseline,0,0,219.77146789728033,0,385.24616872038047,21.402564928910024,171.2205194312802,,,ROUTE_AGENT,BROADER_INDIAN_MARINE_REGION
GRID_1440,INDIAN_MARINE,18.25,68.75,342.370449436989,,3380.0,0.065500006,-0.079500005,0.10300729,34.21387729189979,200 NM,0,0,474.05446605238456,0,342.370449436989,19.020580524277168,152.16464419421735,0.9742481775,GOOD,ROUTE_AGENT,BROADER_INDIAN_MARINE_REGION
GRID_1441,INDIAN_MARINE,16.25,76.5,341.18019316899876,,0.0,,,,317.8323520748835,Straight baseline,0,0,272.5945428474379,0,341.18019316899876,18.954455176055486,151.6356414084439,,,ROUTE_AGENT,BROADER_INDIAN_MARINE_REGION
GRID_1442,INDIAN_MARINE,7.5,92.5,351.1573465005452,,1361.0,0.0495,-0.11600001,0.12611999,94.64632619634736,Straight baseline,0,0,1478.6432109270409,0,351.1573465005452,19.50874147225251,156.06993177802008,0.9684700024999999,GOOD,ROUTE_AGENT,BROADER_INDIAN_MARINE_REGION
GRID_1443,INDIAN_MARINE,16.75,73.5,69.64544556461153,,0.0,,,,23.739085027623076,Straight baseline,0,0,45.96193419248042,0,69.64544556461153,3.8691914202561963,30.95353136204957,,,ROUTE_AGENT,BROADER_INDIAN_MARINE_REGION
GRID_1444,INDIAN_MARINE,17.25,70.75,154.99843921549655,,2512.0,-0.1215,0.1,0.15736026,122.45632351691934,200 NM,0,0,318.6668101843962,0,154.99843921549655,8.61102440086092,68.88819520688736,0.960659935,GOOD,ROUTE_AGENT,BROADER_INDIAN_MARINE_REGION
GRID_1445,INDIAN_MARINE,12.25,88.5,440.8354277540344,,3174.0,0.031500004,-0.0405,0.051307894,39.66692240667801,200 NM,0,0,908.682714980734,0,440.8354277540344,24.490857097446355,195.92685677957084,0.9871730264999998,GOOD,ROUTE_AGENT,BROADER_INDIAN_MARINE_REGION
GRID_1446,INDIAN_MARINE,10.25,88.0,470.0389708344034,,3407.0,0.028,0.1075,0.11108668,98.59760377166562,200 NM,0,0,915.3634613967188,0,470.0389708344034,26.113276157466856,208.90620925973485,0.9722283299999999,GOOD,ROUTE_AGENT,BROADER_INDIAN_MARINE_REGION
GRID_1447,INDIAN_MARINE,10.5,92.5,36.556558460024455,,18.0,-0.0045,-0.036000002,0.036280163,11.360914347772017,Straight baseline,0,0,1311.8388336266376,0,36.556558460024455,2.030919914445803,16.247359315566424,0.7420410703611111,GOOD,ROUTE_AGENT,BROADER_INDIAN_MARINE_REGION
GRID_1448,INDIAN_MARINE,18.5,81.25,272.02765264961187,,0.0,,,,236.1117943083613,Straight baseline,0,0,425.70675716150333,0,272.02765264961187,15.11264736942288,120.90117895538305,,,ROUTE_AGENT,BROADER_INDIAN_MARINE_REGION
GRID_1449,INDIAN_MARINE,10.75,81.75,130.71213771482385,,3645.0,-0.101500005,0.034999996,0.10736504,23.479128045847354,Treaty,0,0,228.96917296889805,0,130.71213771482385,7.261785428601325,58.0942834288106,0.9731587399999999,GOOD,ROUTE_AGENT,BROADER_INDIAN_MARINE_REGION
GRID_1450,INDIAN_MARINE,16.75,77.25,369.3870030306105,,0.0,,,,360.3873745687364,Straight baseline,0,0,359.8094982726607,0,369.3870030306105,20.52150016836725,164.172001346938,,,ROUTE_AGENT,BROADER_INDIAN_MARINE_REGION
GRID_1451,INDIAN_MARINE,5.25,79.0,376.49470582852473,,4141.0,0.3545,0.07300001,0.36193818,147.60382524601087,Treaty,0,0,366.85121260007,0,376.49470582852473,20.91637254602915,167.3309803682332,0.909515455,GOOD,ROUTE_AGENT,BROADER_INDIAN_MARINE_REGION
GRID_1452,INDIAN_MARINE,18.25,69.0,316.1140261082041,,3367.0,0.026500002,-0.010499999,0.028504387,48.000093614831925,200 NM,0,0,446.8559252785627,0,316.1140261082041,17.56189033934467,140.49512271475737,0.99287390325,GOOD,ROUTE_AGENT,BROADER_INDIAN_MARINE_REGION
GRID_1453,INDIAN_MARINE,14.0,94.75,245.1786460884781,,525.0,0.178,-0.22350001,0.2857206,22.935544279900604,Treaty,0,0,979.0078693797652,0,245.1786460884781,13.62103589380434,108.96828715043472,0.9285698499999999,GOOD,ROUTE_AGENT,BROADER_INDIAN_MARINE_REGION
GRID_1454,INDIAN_MARINE,20.75,71.0,165.81276528026584,,0.0,,,,15.240118071179158,Straight baseline,0,0,230.33195812215476,0,165.81276528026584,9.211820293348103,73.69456234678482,,,ROUTE_AGENT,BROADER_INDIAN_MARINE_REGION
GRID_1455,INDIAN_MARINE,18.0,68.75,341.6865253517511,,3408.0,0.07700001,-0.09150001,0.11958784,8.977356550068128,200 NM,0,0,480.9236364343389,0,341.6865253517511,18.982584741763947,151.86067793411158,0.9701030399999999,GOOD,ROUTE_AGENT,BROADER_INDIAN_MARINE_REGION
GRID_1456,INDIAN_MARINE,14.75,80.0,54.16171022546743,,0.0,,,,22.270292304257698,Straight baseline,0,0,205.84153690302264,0,54.16171022546743,3.008983901414857,24.071871211318857,,,ROUTE_AGENT,BROADER_INDIAN_MARINE_REGION
GRID_1457,INDIAN_MARINE,10.25,84.5,435.4331564012329,,3557.0,-0.21350002,-0.090500005,0.23188901,26.102594796382913,200 NM,0,0,538.7697012115937,0,435.4331564012329,24.190730911179607,193.52584728943685,0.9420277474999998,GOOD,ROUTE_AGENT,BROADER_INDIAN_MARINE_REGION
GRID_1458,INDIAN_MARINE,15.75,90.5,366.4386153843156,,2544.0,0.13000001,0.086500004,0.15614818,20.07700298507379,Treaty,0,0,699.534572488582,0,366.4386153843156,20.3577008546842,162.8616068374736,0.9609629549999998,GOOD,ROUTE_AGENT,BROADER_INDIAN_MARINE_REGION
GRID_1459,INDIAN_MARINE,11.0,90.75,167.68484959631425,,3270.0,-0.083000004,-0.0345,0.08988465,162.43749537660156,Straight baseline,0,0,1156.7020379694916,0,167.68484959631425,9.315824977573014,74.52659982058411,0.9775288375,GOOD,ROUTE_AGENT,BROADER_INDIAN_MARINE_REGION
GRID_1460,INDIAN_MARINE,17.0,76.5,361.37167558363905,,0.0,,,,358.42688452341804,Straight baseline,0,0,284.3567906646521,0,361.37167558363905,20.07620419909106,160.60963359272847,,,ROUTE_AGENT,BROADER_INDIAN_MARINE_REGION
GRID_1461,INDIAN_MARINE,13.25,92.75,14.79349681318418,,34.0,,,,0.4713456980820149,Straight baseline,1,0,1043.6638117334066,0,14.79349681318418,0.8218609340657879,6.574887472526303,,,ROUTE_AGENT,BROADER_INDIAN_MARINE_REGION
GRID_1462,INDIAN_MARINE,8.5,83.5,407.2711550132271,,3773.0,-0.17050001,-0.076000005,0.18667151,159.47284952934305,200 NM,0,0,480.0806974009193,0,407.2711550132271,22.626175278512616,181.00940222810092,0.9533321225,GOOD,ROUTE_AGENT,BROADER_INDIAN_MARINE_REGION
GRID_1463,INDIAN_MARINE,8.5,92.25,246.0949397210865,,1340.0,-0.0555,-0.06250001,0.08358529,76.04231581344426,Straight baseline,0,0,1423.7094826545328,0,246.0949397210865,13.671941095615916,109.37552876492732,0.9791036774999999,GOOD,ROUTE_AGENT,BROADER_INDIAN_MARINE_REGION
GRID_1464,INDIAN_MARINE,20.25,69.5,289.50481662817384,,106.0,0.0005000001,0.050000004,0.050002504,156.14046342450172,Straight baseline,0,0,277.77379166327796,0,289.50481662817384,16.083600923787436,128.6688073902995,0.987499374,GOOD,ROUTE_AGENT,BROADER_INDIAN_MARINE_REGION
GRID_1465,INDIAN_MARINE,8.0,90.5,363.7999828840019,,3078.0,-0.008500002,0.020000003,0.021731317,97.21519005387732,200 NM,0,0,1249.0821929690387,0,363.7999828840019,20.21111016022233,161.68888128177863,0.9945671707499999,GOOD,ROUTE_AGENT,BROADER_INDIAN_MARINE_REGION
GRID_1466,INDIAN_MARINE,14.75,95.75,377.0577077671679,,103.0,0.029000003,-0.057500005,0.06439915,42.07333653073847,Straight baseline,0,0,926.5803328069117,0,377.0577077671679,20.94765043150933,167.58120345207465,0.9839002125,GOOD,ROUTE_AGENT,BROADER_INDIAN_MARINE_REGION
GRID_1467,INDIAN_MARINE,10.0,84.75,469.0601852981905,,3575.0,-0.22100002,-0.050000004,0.22658554,38.52844408682043,200 NM,0,0,573.069864483497,0,469.0601852981905,26.058899183232807,208.47119346586246,0.9433536149999999,GOOD,ROUTE_AGENT,BROADER_INDIAN_MARINE_REGION
GRID_1468,INDIAN_MARINE,5.5,73.5,332.1451828353807,,11.0,-0.22850001,0.261,0.34689084,11.781926168827326,Archipelagic baseline,0,0,525.4880731794187,0,332.1451828353807,18.45251015752115,147.6200812601692,0.6099439566666667,MODERATE,ROUTE_AGENT,BROADER_INDIAN_MARINE_REGION
GRID_1469,INDIAN_MARINE,13.0,81.75,91.5417872848626,,3445.0,-0.029000007,0.056,0.063063465,159.3399952390611,Straight baseline,0,0,167.97645855575723,0,91.5417872848626,5.085654849159033,40.68523879327226,0.98423413375,GOOD,ROUTE_AGENT,BROADER_INDIAN_MARINE_REGION
GRID_1470,INDIAN_MARINE,16.5,95.0,446.85151581377016,,0.0,,,,84.7348710447598,Straight baseline,0,0,708.0201619459344,0,446.85151581377016,24.82508421187612,198.60067369500896,,,ROUTE_AGENT,BROADER_INDIAN_MARINE_REGION
GRID_1471,INDIAN_MARINE,17.0,78.75,262.7603032520182,,0.0,,,,238.59152598371415,Straight baseline,0,0,427.66374910416823,0,262.7603032520182,14.597794625112122,116.78235700089698,,,ROUTE_AGENT,BROADER_INDIAN_MARINE_REGION
GRID_1472,INDIAN_MARINE,19.25,74.5,198.1246525846464,,0.0,,,,192.61041411124876,Straight baseline,0,0,97.96280214646048,0,198.1246525846464,11.006925143591467,88.05540114873173,,,ROUTE_AGENT,BROADER_INDIAN_MARINE_REGION
GRID_1473,INDIAN_MARINE,9.0,81.0,192.29861870034603,,19.0,,,,159.1252338728446,Treaty,0,0,196.43358680529695,0,192.29861870034603,10.683256594463668,85.46605275570934,,,ROUTE_AGENT,BROADER_INDIAN_MARINE_REGION
GRID_1474,INDIAN_MARINE,7.5,79.25,248.49312511791345,,2110.0,-0.0435,0.26850003,0.27200094,55.23192192379979,Treaty,0,0,185.8087902492128,0,248.49312511791345,13.805173617661858,110.44138894129486,0.9319997649999998,GOOD,ROUTE_AGENT,BROADER_INDIAN_MARINE_REGION
GRID_1475,INDIAN_MARINE,9.5,82.0,208.58600252761067,,3719.0,-0.131,-0.028499998,0.13406435,165.0654556122891,Treaty,0,0,292.36756426391986,0,208.58600252761067,11.588111251533926,92.7048900122714,0.9664839125,GOOD,ROUTE_AGENT,BROADER_INDIAN_MARINE_REGION
GRID_1476,INDIAN_MARINE,7.25,92.75,377.4066941230342,,2005.0,0.0235,-0.119500004,0.121788755,80.85583586305843,Straight baseline,0,0,1512.220738162938,0,377.4066941230342,20.967038562390787,167.7363084991263,0.96955281125,GOOD,ROUTE_AGENT,BROADER_INDIAN_MARINE_REGION
GRID_1477,INDIAN_MARINE,7.25,81.0,382.5844539305321,,0.0,,,,247.04285575505816,Treaty,0,0,295.3571208772461,0,382.5844539305321,21.254691885029562,170.0375350802365,,,ROUTE_AGENT,BROADER_INDIAN_MARINE_REGION
GRID_1478,INDIAN_MARINE,9.25,91.75,177.9909060241397,,2459.0,0.07300001,0.028500006,0.07836613,102.38859599197365,Straight baseline,0,0,1347.040334960534,0,177.9909060241397,9.88838366800776,79.10706934406208,0.9804084675,GOOD,ROUTE_AGENT,BROADER_INDIAN_MARINE_REGION
GRID_1479,INDIAN_MARINE,10.5,95.75,317.2915197605358,,2533.0,-0.17300001,0.0205,0.17421037,49.57174560721075,Treaty,0,0,1392.447315601555,0,317.2915197605358,17.6273066533631,141.0184532269048,0.9564474075,GOOD,ROUTE_AGENT,BROADER_INDIAN_MARINE_REGION
GRID_1480,INDIAN_MARINE,5.25,73.0,358.89373360677814,,25.0,-0.20650001,0.21650001,0.29918975,39.382014889135505,Archipelagic baseline,0,0,587.2024852023303,0,358.89373360677814,19.93854075593212,159.50832604745696,0.7307581180555556,GOOD,ROUTE_AGENT,BROADER_INDIAN_MARINE_REGION
GRID_1481,INDIAN_MARINE,17.75,85.5,427.1376870311966,,2503.0,0.2105,0.0835,0.22645639,158.20982061126054,Straight baseline,0,0,194.45168841607355,0,427.1376870311966,23.729871501733143,189.83897201386515,0.9433859025,GOOD,ROUTE_AGENT,BROADER_INDIAN_MARINE_REGION
GRID_1482,INDIAN_MARINE,14.0,70.75,226.94942254013017,,2659.0,-0.0535,-0.157,0.16586517,161.52735696899086,200 NM,0,0,399.54585861954286,0,226.94942254013017,12.608301252229454,100.86641001783563,0.9585337075,GOOD,ROUTE_AGENT,BROADER_INDIAN_MARINE_REGION
GRID_1483,INDIAN_MARINE,11.75,80.25,14.993217607107706,,1434.0,0.0385,0.1365,0.1418256,46.387512998126894,Straight baseline,0,0,60.46453834054454,0,14.993217607107706,0.8329565337282059,6.663652269825647,0.9645435999999998,GOOD,ROUTE_AGENT,BROADER_INDIAN_MARINE_REGION
GRID_1484,INDIAN_MARINE,7.75,93.25,325.68016659960585,,381.0,0.0020000003,-0.090500005,0.0905221,7.005176226783366,Straight baseline,0,0,1552.5664905089145,0,325.68016659960585,18.093342588866992,144.74674071093594,0.9773694749999999,GOOD,ROUTE_AGENT,BROADER_INDIAN_MARINE_REGION
GRID_1485,INDIAN_MARINE,16.0,94.25,357.99288299708303,,0.0,-0.1365,0.0255,0.13886143,6.785117544188353,Straight baseline,0,0,741.993929961064,0,357.99288299708303,19.888493499837946,159.10794799870357,0.6152846425,MODERATE,ROUTE_AGENT,BROADER_INDIAN_MARINE_REGION
GRID_1486,INDIAN_MARINE,10.5,73.25,34.44453242633313,,1758.0,0.0295,-0.005000001,0.029920729,48.39534335993475,Straight baseline,0,0,315.26689781722973,0,34.44453242633313,1.9135851347962851,15.308681078370281,0.9925198177499999,GOOD,ROUTE_AGENT,BROADER_INDIAN_MARINE_REGION
GRID_1487,INDIAN_MARINE,9.75,69.5,325.49952415694173,,4564.0,-0.0165,0.0355,0.03914716,72.1287256106405,200 NM,0,0,718.6994536811989,0,325.49952415694173,18.083306897607873,144.66645518086298,0.9902132099999998,GOOD,ROUTE_AGENT,BROADER_INDIAN_MARINE_REGION
GRID_1488,INDIAN_MARINE,10.25,92.0,64.7496219231471,,1164.0,0.042500004,0.013999999,0.04474651,49.31537463083584,Straight baseline,0,0,1303.3707572833175,0,64.7496219231471,3.597201217952617,28.777609743620935,0.9888133724999999,GOOD,ROUTE_AGENT,BROADER_INDIAN_MARINE_REGION
GRID_1489,INDIAN_MARINE,6.0,75.5,240.34278553265636,,2065.0,-0.08850001,0.2655,0.2798616,48.58530416724886,Treaty,0,0,321.3203552293437,0,240.34278553265636,13.352376974036465,106.81901579229172,0.9300345999999999,GOOD,ROUTE_AGENT,BROADER_INDIAN_MARINE_REGION
GRID_1490,INDIAN_MARINE,13.75,96.5,421.0970169707401,,152.0,0.17050001,0.087500006,0.1916416,120.05054815497536,Straight baseline,0,0,1063.7080069303413,0,421.0970169707401,23.394278720596674,187.1542297647734,0.9520895999999999,GOOD,ROUTE_AGENT,BROADER_INDIAN_MARINE_REGION
GRID_1491,INDIAN_MARINE,13.5,81.25,51.94324429435812,,3187.0,-0.068,0.26250002,0.27116466,102.4982255492407,Straight baseline,0,0,128.7317161059401,0,51.94324429435812,2.8857357941310067,23.085886353048053,0.932208835,GOOD,ROUTE_AGENT,BROADER_INDIAN_MARINE_REGION
GRID_1492,INDIAN_MARINE,14.5,80.5,18.10620971328217,,1655.0,,,,32.98651424336765,Straight baseline,0,0,178.14764023675016,0,18.10620971328217,1.0059005396267873,8.047204317014298,,,ROUTE_AGENT,BROADER_INDIAN_MARINE_REGION
GRID_1493,INDIAN_MARINE,8.0,79.5,268.47885547728026,,1428.0,0.0020000003,0.2565,0.2565078,70.64743802152024,Treaty,0,0,135.91453177886297,0,268.47885547728026,14.915491970960014,119.32393576768011,0.9358730499999999,GOOD,ROUTE_AGENT,BROADER_INDIAN_MARINE_REGION
GRID_1494,INDIAN_MARINE,15.5,85.75,400.412351015668,,2878.0,-0.0785,0.017,0.08031968,21.225752057084467,200 NM,0,0,455.1003035245949,0,400.412351015668,22.245130611981555,177.96104489585244,0.9799200799999999,GOOD,ROUTE_AGENT,BROADER_INDIAN_MARINE_REGION
GRID_1495,INDIAN_MARINE,7.5,79.0,221.87987767937508,,2379.0,-0.05350001,0.17300001,0.18108356,28.324721961789308,Treaty,0,0,170.44576967294705,0,221.87987767937508,12.326659871076394,98.61327896861116,0.9547291099999999,GOOD,ROUTE_AGENT,BROADER_INDIAN_MARINE_REGION
GRID_1496,INDIAN_MARINE,22.0,76.0,426.5966773547123,,0.0,,,,454.1971679473933,Straight baseline,0,0,86.0639068174516,0,426.5966773547123,23.69981540859513,189.59852326876103,,,ROUTE_AGENT,BROADER_INDIAN_MARINE_REGION
GRID_1497,INDIAN_MARINE,15.5,71.75,127.52311685159292,,2031.0,-0.0039999997,-0.0335,0.03373796,190.06952811089067,200 NM,0,0,250.9600774036695,0,127.52311685159292,7.084617602866273,56.676940822930185,0.99156551,GOOD,ROUTE_AGENT,BROADER_INDIAN_MARINE_REGION
GRID_1498,INDIAN_MARINE,14.25,71.75,184.60697056868565,,1655.0,-0.007000001,0.045,0.04554119,212.10586409550933,Straight baseline,0,0,285.5986782072655,0,184.60697056868565,10.255942809371426,82.04754247497141,0.9886147024999998,GOOD,ROUTE_AGENT,BROADER_INDIAN_MARINE_REGION
GRID_1499,INDIAN_MARINE,15.25,84.0,220.39844421819615,,3085.0,0.149,0.11850001,0.19037661,144.26189583054398,200 NM,0,0,487.8218915604525,0,220.39844421819615,12.244358012122008,97.95486409697607,0.9524058474999999,GOOD,ROUTE_AGENT,BROADER_INDIAN_MARINE_REGION
GRID_1500,INDIAN_MARINE,10.0,76.25,38.754851723566425,,0.0,,,,3.934504872875859,Straight baseline,1,0,75.5778780149426,0,38.754851723566425,2.1530473179759126,17.2243785438073,,,ROUTE_AGENT,BROADER_INDIAN_MARINE_REGION
GRID_1501,INDIAN_MARINE,10.25,79.75,93.07310902766376,,1.0,,,,15.04360958959749,Straight baseline,0,0,31.06699514482651,0,93.07310902766376,5.170728279314654,41.36582623451723,,,ROUTE_AGENT,BROADER_INDIAN_MARINE_REGION
GRID_1502,INDIAN_MARINE,7.5,90.5,411.8692281785912,,2883.0,-0.17350002,0.0545,0.18185848,75.71680336550816,200 NM,0,0,1262.7057212021823,0,411.8692281785912,22.88162378769951,183.05299030159608,0.9545353799999998,GOOD,ROUTE_AGENT,BROADER_INDIAN_MARINE_REGION
GRID_1503,INDIAN_MARINE,12.5,78.75,167.75917538026684,,0.0,,,,140.35864143640262,Straight baseline,0,0,121.4283875669959,0,167.75917538026684,9.319954187792602,74.55963350234082,,,ROUTE_AGENT,BROADER_INDIAN_MARINE_REGION
GRID_1504,INDIAN_MARINE,16.25,94.75,409.1534400779223,,0.0,,,,62.55071993447628,Straight baseline,0,0,727.2158376575403,0,409.1534400779223,22.730746670995686,181.84597336796548,,,ROUTE_AGENT,BROADER_INDIAN_MARINE_REGION
GRID_1505,INDIAN_MARINE,19.5,83.0,411.8065739756241,,0.0,,,,186.88965648880915,Straight baseline,0,0,206.8164551417268,0,411.8065739756241,22.87814299864578,183.02514398916625,,,ROUTE_AGENT,BROADER_INDIAN_MARINE_REGION
GRID_1506,INDIAN_MARINE,12.25,75.0,16.97132701602702,,23.0,0.028500002,-0.060500003,0.066876754,8.523407299186216,Straight baseline,0,0,46.40380672909552,0,16.97132701602702,0.9428515008903899,7.5428120071231195,0.7732808115,GOOD,ROUTE_AGENT,BROADER_INDIAN_MARINE_REGION
GRID_1507,INDIAN_MARINE,15.0,96.75,485.1893289296452,,36.0,0.040500004,0.105000004,0.11254,24.173126005592817,Straight baseline,0,0,944.3018710315428,0,485.1893289296452,26.954962718313624,215.639701746509,0.8629761111111112,GOOD,ROUTE_AGENT,BROADER_INDIAN_MARINE_REGION
GRID_1508,INDIAN_MARINE,5.5,79.5,389.97075866836167,,3925.0,0.33350003,0.17300001,0.37570104,181.75650383335451,Treaty,0,0,373.5046984558911,0,389.97075866836167,21.665042148242314,173.3203371859385,0.90607474,GOOD,ROUTE_AGENT,BROADER_INDIAN_MARINE_REGION
GRID_1509,INDIAN_MARINE,12.75,68.5,360.4673672897911,,4231.0,-0.058500007,0.0275,0.06464133,9.816914704569012,200 NM,0,0,685.9810781784839,0,360.4673672897911,20.02596484943284,160.2077187954627,0.9838396674999998,GOOD,ROUTE_AGENT,BROADER_INDIAN_MARINE_REGION
GRID_1510,INDIAN_MARINE,16.0,76.0,282.528705980687,,0.0,,,,255.08625166028503,Straight baseline,0,0,219.44390882778524,0,282.528705980687,15.696039221149277,125.56831376919422,,,ROUTE_AGENT,BROADER_INDIAN_MARINE_REGION
GRID_1511,INDIAN_MARINE,15.25,93.25,239.90603502054464,,2553.0,0.012,0.0025000125,0.012257653,56.28339379525601,Straight baseline,0,0,814.6016044026302,0,239.90603502054464,13.328113056696925,106.6249044535754,0.9969355867499998,GOOD,ROUTE_AGENT,BROADER_INDIAN_MARINE_REGION
GRID_1512,INDIAN_MARINE,17.25,73.25,48.31491756572915,,0.0,,,,5.22859852041016,Straight baseline,0,0,47.99532717018221,0,48.31491756572915,2.6841620869849527,21.473296695879622,,,ROUTE_AGENT,BROADER_INDIAN_MARINE_REGION
GRID_1513,INDIAN_MARINE,13.0,75.75,122.69803656431314,,0.0,,,,101.8268924952843,Straight baseline,0,0,34.925608873190484,0,122.69803656431314,6.816557586906286,54.532460695250286,,,ROUTE_AGENT,BROADER_INDIAN_MARINE_REGION
GRID_1514,INDIAN_MARINE,9.0,92.0,198.57907992804573,,2205.0,-0.004000008,-0.000500001,0.004031137,81.79113736419494,Straight baseline,0,0,1382.3453267311984,0,198.57907992804573,11.032171107113651,88.25736885690921,0.99899221575,GOOD,ROUTE_AGENT,BROADER_INDIAN_MARINE_REGION
GRID_1515,INDIAN_MARINE,12.25,85.25,477.8260597398537,,3317.0,-0.14350002,-0.0055000037,0.14360537,177.74435581143186,200 NM,0,0,562.6342953984365,0,477.8260597398537,26.54589220776965,212.3671376621572,0.9640986574999999,GOOD,ROUTE_AGENT,BROADER_INDIAN_MARINE_REGION
GRID_1516,INDIAN_MARINE,18.25,85.25,435.14948934423455,,2316.0,0.50400007,0.15650001,0.52773887,96.04191844322966,Straight baseline,0,0,130.56010967923507,0,435.14948934423455,24.17497163023525,193.399773041882,0.8680652824999999,GOOD,ROUTE_AGENT,BROADER_INDIAN_MARINE_REGION
GRID_1517,INDIAN_MARINE,15.75,80.25,60.1725889896415,,0.0,,,,26.65803446871269,Straight baseline,0,0,319.6876035704089,0,60.1725889896415,3.3429216105356385,26.743372884285108,,,ROUTE_AGENT,BROADER_INDIAN_MARINE_REGION
GRID_1518,INDIAN_MARINE,13.25,91.25,150.47312878307326,,2961.0,0.044,0.0045000017,0.044229515,160.83483262111957,Straight baseline,0,0,979.6978016469844,0,150.47312878307326,8.359618265726292,66.87694612581033,0.9889426212499999,GOOD,ROUTE_AGENT,BROADER_INDIAN_MARINE_REGION
GRID_1519,INDIAN_MARINE,5.75,71.75,342.397694347265,,3331.0,-0.1685,0.021000002,0.16980357,94.17714494372323,Archipelagic baseline,0,0,678.0961954746878,0,342.397694347265,19.02209413040361,152.17675304322887,0.9575491075,GOOD,ROUTE_AGENT,BROADER_INDIAN_MARINE_REGION
GRID_1520,INDIAN_MARINE,20.75,76.5,422.9677215789614,,0.0,,,,443.325541539911,Straight baseline,0,0,90.69216927163193,0,422.9677215789614,23.498206754386743,187.98565403509394,,,ROUTE_AGENT,BROADER_INDIAN_MARINE_REGION
GRID_1521,INDIAN_MARINE,14.25,75.25,130.78321753372387,,0.0,,,,95.07374310478248,Straight baseline,0,0,74.46045453609239,0,130.78321753372387,7.265734307429104,58.12587445943283,,,ROUTE_AGENT,BROADER_INDIAN_MARINE_REGION
GRID_1522,INDIAN_MARINE,21.25,73.0,157.47457531512282,,0.0,,,,167.8356877120017,Straight baseline,0,0,121.30762676892827,0,157.47457531512282,8.748587517506824,69.98870014005459,,,ROUTE_AGENT,BROADER_INDIAN_MARINE_REGION
GRID_1523,INDIAN_MARINE,11.5,91.75,92.00245534157796,,2193.0,-0.009000003,-0.039499998,0.040512342,49.97288011514073,Straight baseline,0,0,1171.017576316592,0,92.00245534157796,5.111247518976553,40.88998015181242,0.9898719144999999,GOOD,ROUTE_AGENT,BROADER_INDIAN_MARINE_REGION
GRID_1524,INDIAN_MARINE,10.75,93.75,104.37634828759258,,2102.0,-0.12100001,-0.0365,0.12638533,153.2918576522508,Straight baseline,0,0,1331.2428738590625,0,104.37634828759258,5.798686015977365,46.38948812781892,0.9684036674999998,GOOD,ROUTE_AGENT,BROADER_INDIAN_MARINE_REGION
GRID_1525,INDIAN_MARINE,11.0,96.5,384.128604526379,,708.0,-0.0515,-0.10650001,0.11829836,121.16049616856068,Straight baseline,0,0,1359.4119193780457,0,384.128604526379,21.340478029243275,170.7238242339462,0.9704254099999998,GOOD,ROUTE_AGENT,BROADER_INDIAN_MARINE_REGION
GRID_1526,INDIAN_MARINE,7.25,73.0,137.96601325879178,,1784.0,-0.038,0.21300001,0.21636313,18.782619402949035,Archipelagic baseline,0,0,479.4841625720296,0,137.96601325879178,7.664778514377321,61.31822811501857,0.9459092174999999,GOOD,ROUTE_AGENT,BROADER_INDIAN_MARINE_REGION
GRID_1527,INDIAN_MARINE,5.25,75.75,306.74084270387795,,2145.0,-0.113000005,0.2865,0.30797932,76.09093308008353,Treaty,0,0,374.8031123888939,0,306.74084270387795,17.04115792799322,136.32926342394575,0.9230051699999999,GOOD,ROUTE_AGENT,BROADER_INDIAN_MARINE_REGION
GRID_1528,INDIAN_MARINE,14.5,78.5,206.5489083921218,,0.0,,,,189.1455253970636,Straight baseline,0,0,259.79407864263203,0,206.5489083921218,11.474939355117877,91.79951484094302,,,ROUTE_AGENT,BROADER_INDIAN_MARINE_REGION
GRID_1529,INDIAN_MARINE,18.5,71.75,56.2343413409412,,84.0,0.024000004,-0.060500003,0.065086484,120.75500698699688,Straight baseline,0,0,146.69485322866083,0,56.2343413409412,3.1241300744967333,24.993040595973866,0.983728379,GOOD,ROUTE_AGENT,BROADER_INDIAN_MARINE_REGION
GRID_1530,INDIAN_MARINE,17.75,74.75,213.2323950984009,,0.0,,,,180.6287810837055,Straight baseline,0,0,98.27380241562813,0,213.2323950984009,11.846244172133384,94.76995337706707,,,ROUTE_AGENT,BROADER_INDIAN_MARINE_REGION
GRID_1531,INDIAN_MARINE,16.5,83.5,175.9075071802041,,2827.0,0.184,0.1045,0.211604,105.80353374350464,Straight baseline,0,0,369.35267108246023,0,175.9075071802041,9.772639287789117,78.18111430231293,0.9470989999999999,GOOD,ROUTE_AGENT,BROADER_INDIAN_MARINE_REGION
GRID_1532,INDIAN_MARINE,15.25,91.5,261.1573299951996,,2592.0,-0.057500005,-0.181,0.1899138,34.62083875378146,Treaty,0,0,789.8686660819795,0,261.1573299951996,14.508740555288865,116.06992444231092,0.9525215499999999,GOOD,ROUTE_AGENT,BROADER_INDIAN_MARINE_REGION
GRID_1533,INDIAN_MARINE,17.75,83.75,279.4731337219209,,52.0,0.0785,0.032000005,0.08477176,23.68824058260451,Straight baseline,0,0,229.967256978114,0,279.4731337219209,15.526285206773382,124.21028165418706,0.9788070599999998,GOOD,ROUTE_AGENT,BROADER_INDIAN_MARINE_REGION
GRID_1534,INDIAN_MARINE,9.0,83.75,401.0001775392718,,3725.0,-0.19050002,-0.036000006,0.19387175,107.61432807806626,200 NM,0,0,494.6402671489881,0,401.0001775392718,22.277787641070656,178.22230112856525,0.9515320624999999,GOOD,ROUTE_AGENT,BROADER_INDIAN_MARINE_REGION
GRID_1535,INDIAN_MARINE,5.5,80.0,430.050394095485,,4130.0,0.1955,0.22050002,0.29468715,229.92937947430636,Treaty,0,0,409.8272600605163,0,430.050394095485,23.891688560860278,191.13350848688222,0.9263282124999999,GOOD,ROUTE_AGENT,BROADER_INDIAN_MARINE_REGION
GRID_1536,INDIAN_MARINE,20.25,72.0,52.424364828513674,,29.0,-0.13300002,0.094000004,0.162865,11.65681803242635,Straight baseline,0,0,166.47423070702362,0,52.424364828513674,2.912464712695204,23.299717701561633,0.7959504166666667,GOOD,ROUTE_AGENT,BROADER_INDIAN_MARINE_REGION
GRID_1537,INDIAN_MARINE,20.0,72.5,10.719122511249694,,34.0,-0.1715,0.041,0.17633279,9.9296091259598,Straight baseline,0,0,109.93233836552515,0,10.719122511249694,0.5955068061805385,4.764054449444308,0.8314723580555556,GOOD,ROUTE_AGENT,BROADER_INDIAN_MARINE_REGION
GRID_1538,INDIAN_MARINE,13.75,94.5,210.58587884860856,,1680.0,0.1815,-0.20650001,0.27492636,5.730802548468811,Treaty,0,0,1001.8069301955998,0,210.58587884860856,11.699215491589364,93.59372393271491,0.9312684099999999,GOOD,ROUTE_AGENT,BROADER_INDIAN_MARINE_REGION
GRID_1539,INDIAN_MARINE,13.25,75.0,80.13170752365382,,0.0,,,,35.913169345626905,Straight baseline,0,0,9.452755188330864,0,80.13170752365382,4.451761529091879,35.61409223273503,,,ROUTE_AGENT,BROADER_INDIAN_MARINE_REGION
GRID_1540,INDIAN_MARINE,9.0,83.5,376.8718412980806,,3743.0,-0.19100001,-0.071,0.20376949,131.97616092707895,200 NM,0,0,468.4718224320229,0,376.8718412980806,20.937324516560032,167.49859613248026,0.9490576275,GOOD,ROUTE_AGENT,BROADER_INDIAN_MARINE_REGION
GRID_1541,INDIAN_MARINE,7.25,93.0,378.0219514188587,,2054.0,0.0084999995,-0.13000001,0.1302776,55.49958723800178,Straight baseline,0,0,1539.2616853921145,0,378.0219514188587,21.001219523269928,168.00975618615942,0.9674305999999999,GOOD,ROUTE_AGENT,BROADER_INDIAN_MARINE_REGION
GRID_1542,INDIAN_MARINE,11.5,70.5,138.68738273007202,,3749.0,0.0545,0.034500003,0.06450194,145.5325421023809,Straight baseline,0,0,541.1041478283738,0,138.68738273007202,7.704854596115112,61.638836768920896,0.9838745149999999,GOOD,ROUTE_AGENT,BROADER_INDIAN_MARINE_REGION
GRID_1543,INDIAN_MARINE,7.25,82.25,424.7503385462164,,3844.0,-0.0705,-0.18450001,0.19751076,331.11632014940716,200 NM,0,0,401.0155872548256,0,424.7503385462164,23.59724103034536,188.77792824276287,0.95062231,GOOD,ROUTE_AGENT,BROADER_INDIAN_MARINE_REGION
GRID_1544,INDIAN_MARINE,8.25,71.5,188.2915138166222,,3754.0,0.1305,0.25750002,0.28868064,38.47411207966953,Treaty,0,0,607.270222204307,0,188.2915138166222,10.46063965647901,83.68511725183208,0.92782984,GOOD,ROUTE_AGENT,BROADER_INDIAN_MARINE_REGION
GRID_1545,INDIAN_MARINE,18.0,71.75,24.990418305196055,,102.0,0.035,-0.016,0.038483765,133.4889445929578,Straight baseline,0,0,180.64610351575712,0,24.990418305196055,1.388356572510892,11.106852580087136,0.9903790587499999,GOOD,ROUTE_AGENT,BROADER_INDIAN_MARINE_REGION
GRID_1546,INDIAN_MARINE,9.5,77.0,90.6826669774424,,0.0,,,,76.44249560315448,Straight baseline,0,0,2.4090851351458213,1,90.6826669774424,5.037925943191244,40.30340754552995,,,ROUTE_AGENT,BROADER_INDIAN_MARINE_REGION
GRID_1547,INDIAN_MARINE,16.5,68.0,455.5936896782506,,3089.0,-0.0705,0.0915,0.11550974,184.49480146799587,200 NM,0,0,624.8782587717274,0,455.5936896782506,25.31076053768059,202.48608430144472,0.9711225649999999,GOOD,ROUTE_AGENT,BROADER_INDIAN_MARINE_REGION
GRID_1548,INDIAN_MARINE,14.0,80.25,26.16402703904023,,11.0,,,,1.1572625344823737,Straight baseline,1,0,118.13319002844509,0,26.16402703904023,1.4535570577244572,11.628456461795658,,,ROUTE_AGENT,BROADER_INDIAN_MARINE_REGION
GRID_1549,INDIAN_MARINE,19.0,82.25,340.9643167685913,,0.0,,,,195.80586049671655,Straight baseline,0,0,305.53182772732595,0,340.9643167685913,18.942462042699518,151.53969634159614,,,ROUTE_AGENT,BROADER_INDIAN_MARINE_REGION
GRID_1550,INDIAN_MARINE,15.0,86.0,435.8679973733337,,2926.0,0.028,0.010500003,0.029904015,41.10119646316781,200 NM,0,0,517.2889737670755,0,435.8679973733337,24.214888742962984,193.71910994370387,0.9925239962499999,GOOD,ROUTE_AGENT,BROADER_INDIAN_MARINE_REGION
GRID_1551,INDIAN_MARINE,7.75,82.0,362.7158095518805,,1865.0,,,,307.9247473103986,Treaty,0,0,348.17397096458825,0,362.7158095518805,20.150878308437807,161.20702646750246,,,ROUTE_AGENT,BROADER_INDIAN_MARINE_REGION
GRID_1552,INDIAN_MARINE,16.75,94.75,456.2580425426424,,0.0,,,,58.42834639364042,Straight baseline,0,0,671.6845726173402,0,456.2580425426424,25.3476690301468,202.7813522411744,,,ROUTE_AGENT,BROADER_INDIAN_MARINE_REGION
GRID_1553,INDIAN_MARINE,12.5,90.0,295.63890342307263,,3065.0,0.055,0.019000001,0.058189347,113.73787295023077,200 NM,0,0,968.5798805761776,0,295.63890342307263,16.424383523504034,131.39506818803227,0.98545266325,GOOD,ROUTE_AGENT,BROADER_INDIAN_MARINE_REGION
GRID_1554,INDIAN_MARINE,7.75,74.5,164.32751430112637,,2827.0,-0.027500002,-0.0045000017,0.027865753,6.558502344214177,Treaty,0,0,303.64127244270236,0,164.32751430112637,9.129306350062576,73.03445080050061,0.9930335617499999,GOOD,ROUTE_AGENT,BROADER_INDIAN_MARINE_REGION
GRID_1555,INDIAN_MARINE,7.5,74.5,179.6596664213053,,2747.0,-0.030000001,0.056500003,0.0639707,34.39718045161616,Treaty,0,0,315.42638083237904,0,179.6596664213053,9.981092578961405,79.84874063169124,0.9840073249999999,GOOD,ROUTE_AGENT,BROADER_INDIAN_MARINE_REGION
GRID_1556,INDIAN_MARINE,10.25,95.25,271.44268792156953,,2522.0,-0.21100001,0.013499999,0.21143144,4.6692572617295856,Treaty,1,0,1408.7199363961015,0,271.44268792156953,15.080149328976084,120.64119463180867,0.79714214,GOOD,ROUTE_AGENT,BROADER_INDIAN_MARINE_REGION
GRID_1557,INDIAN_MARINE,12.0,89.5,330.42359864252506,,3093.0,0.144,0.036500003,0.14855385,74.77885788365278,200 NM,0,0,986.3438817279748,0,330.42359864252506,18.356866591251393,146.85493273001114,0.9628615375,GOOD,ROUTE_AGENT,BROADER_INDIAN_MARINE_REGION
GRID_1558,INDIAN_MARINE,11.0,95.5,277.36924156449095,,2990.0,-0.206,-0.078,0.22027256,12.89493638148762,Treaty,0,0,1331.0429116547828,0,277.36924156449095,15.409402309138386,123.27521847310709,0.9449318599999998,GOOD,ROUTE_AGENT,BROADER_INDIAN_MARINE_REGION
GRID_1559,INDIAN_MARINE,12.75,94.25,175.00967785352992,,1082.0,0.18450001,0.0465,0.19026956,113.16811386607924,Treaty,0,0,1110.527039859356,0,175.00967785352992,9.722759880751662,77.7820790460133,0.95243261,GOOD,ROUTE_AGENT,BROADER_INDIAN_MARINE_REGION
GRID_1560,INDIAN_MARINE,14.25,85.25,383.9664889926057,,3074.0,-0.011500001,-0.056500003,0.05765848,36.29932989626722,200 NM,0,0,577.6165769171217,0,383.9664889926057,21.33147161070032,170.65177288560255,0.9855853799999998,GOOD,ROUTE_AGENT,BROADER_INDIAN_MARINE_REGION
GRID_1561,INDIAN_MARINE,16.5,68.75,382.362240704257,,3656.0,-0.033,0.091000006,0.09679876,115.11623703177924,200 NM,0,0,553.0058181578918,0,382.362240704257,21.242346705792055,169.93877364633644,0.9758003099999999,GOOD,ROUTE_AGENT,BROADER_INDIAN_MARINE_REGION
GRID_1562,INDIAN_MARINE,6.5,80.25,391.1893457175629,,0.0,,,,202.3358249244897,Treaty,0,0,322.22946993167744,0,391.1893457175629,21.732741428753496,173.86193143002797,,,ROUTE_AGENT,BROADER_INDIAN_MARINE_REGION
GRID_1563,INDIAN_MARINE,15.0,91.75,224.41180966405545,,2660.0,-0.091000006,-0.2125,0.23116499,26.339961349158227,Treaty,0,0,827.1363518492554,0,224.41180966405545,12.467322759114191,99.73858207291353,0.9422087525,GOOD,ROUTE_AGENT,BROADER_INDIAN_MARINE_REGION
GRID_1564,INDIAN_MARINE,12.25,75.75,77.68026691682674,,0.0,,,,66.58228179166862,Straight baseline,0,0,10.449577748224076,0,77.68026691682674,4.3155703842681525,34.52456307414522,,,ROUTE_AGENT,BROADER_INDIAN_MARINE_REGION
GRID_1565,INDIAN_MARINE,6.5,69.25,487.65690113105967,,4886.0,0.052000005,0.112500004,0.12393648,3.763967848330384,200 NM,1,0,901.9223225438524,0,487.65690113105967,27.09205006283665,216.7364005026932,0.81901588,GOOD,ROUTE_AGENT,BROADER_INDIAN_MARINE_REGION
GRID_1566,INDIAN_MARINE,18.25,75.25,276.670861141494,,0.0,,,,248.08424906987477,Straight baseline,0,0,166.3808424418483,0,276.670861141494,15.370603396749667,122.96482717399734,,,ROUTE_AGENT,BROADER_INDIAN_MARINE_REGION
GRID_1567,INDIAN_MARINE,9.5,69.25,355.9837201122691,,4565.0,-0.024500001,0.013499998,0.027973201,39.073684982855966,200 NM,0,0,755.6533085251863,0,355.9837201122691,19.776873339570507,158.21498671656406,0.99300669975,GOOD,ROUTE_AGENT,BROADER_INDIAN_MARINE_REGION
GRID_1568,INDIAN_MARINE,9.75,84.25,422.31320912005225,,3603.0,-0.2585,-0.041500002,0.26181006,23.773406281096516,200 NM,0,0,528.3255320934288,0,422.31320912005225,23.461844951114013,187.6947596089121,0.934547485,GOOD,ROUTE_AGENT,BROADER_INDIAN_MARINE_REGION
GRID_1569,INDIAN_MARINE,11.5,74.5,57.47231469969362,,1520.0,-0.0145000005,0.046000004,0.048231218,96.63597143032338,Straight baseline,0,0,135.81818951835265,0,57.47231469969362,3.192906372205201,25.54325097764161,0.9879421954999998,GOOD,ROUTE_AGENT,BROADER_INDIAN_MARINE_REGION
GRID_1570,INDIAN_MARINE,14.0,96.0,373.3882965537573,,188.0,0.165,0.056500006,0.17440543,101.1876391515842,Treaty,0,0,1017.101695273444,0,373.3882965537573,20.74379425298652,165.95035402389215,0.9563986425,GOOD,ROUTE_AGENT,BROADER_INDIAN_MARINE_REGION
GRID_1571,INDIAN_MARINE,10.75,73.5,43.09825856723791,,1753.0,-0.035000004,0.014,0.037696157,20.973874882465473,Straight baseline,0,0,275.76246370746077,0,43.09825856723791,2.394347698179884,19.15478158543907,0.99057596075,GOOD,ROUTE_AGENT,BROADER_INDIAN_MARINE_REGION
GRID_1572,INDIAN_MARINE,16.75,73.0,20.403865174876223,,55.0,0.0075000003,-0.023500001,0.024667794,31.580692372049313,Straight baseline,0,0,89.17706899035483,0,20.403865174876223,1.1335480652709014,9.06838452216721,0.9938330515,GOOD,ROUTE_AGENT,BROADER_INDIAN_MARINE_REGION
GRID_1573,INDIAN_MARINE,19.5,84.25,465.00339231466694,,0.0,,,,88.1243929199457,Straight baseline,0,0,82.90412237873369,0,465.00339231466694,25.833521795259273,206.66817436207418,,,ROUTE_AGENT,BROADER_INDIAN_MARINE_REGION
GRID_1574,INDIAN_MARINE,12.75,92.5,49.0605947889865,,67.0,-0.072500005,0.034500003,0.08029011,17.422116381948268,Straight baseline,0,0,1097.5396495679315,0,49.0605947889865,2.725588599388139,21.80470879510511,0.9799274725,GOOD,ROUTE_AGENT,BROADER_INDIAN_MARINE_REGION
GRID_1575,INDIAN_MARINE,10.5,80.5,17.88459247769604,,288.0,-0.12850001,0.1985,0.23646249,12.107484655280546,Treaty,0,0,105.00333326196645,0,17.88459247769604,0.9935884709831133,7.9487077678649065,0.9408843775,GOOD,ROUTE_AGENT,BROADER_INDIAN_MARINE_REGION
GRID_1576,INDIAN_MARINE,8.25,95.75,419.62719729772823,,1355.0,0.19950001,-0.010499999,0.19977613,10.88649642172176,Treaty,0,0,1640.7482494292697,0,419.62719729772823,23.312622072096012,186.5009765767681,0.9500559675,GOOD,ROUTE_AGENT,BROADER_INDIAN_MARINE_REGION
GRID_1577,INDIAN_MARINE,17.0,72.0,81.62030844669317,,180.0,-0.008,0.0375,0.03834384,136.9277864656951,Straight baseline,0,0,188.71242052763873,0,81.62030844669317,4.534461580371843,36.27569264297475,0.9904140399999999,GOOD,ROUTE_AGENT,BROADER_INDIAN_MARINE_REGION
GRID_1578,INDIAN_MARINE,20.75,69.75,279.2393962558754,,76.0,0.10250001,-0.0025,0.10253049,119.51092532600542,Straight baseline,0,0,213.6481634554606,0,279.2393962558754,15.513299791993079,124.10639833594463,0.9743673774999999,GOOD,ROUTE_AGENT,BROADER_INDIAN_MARINE_REGION
GRID_1579,INDIAN_MARINE,6.5,74.5,262.2354070819309,,2733.0,-0.176,0.18650001,0.25643373,110.71772661766605,Treaty,0,0,371.2331926294123,0,262.2354070819309,14.568633726773937,116.5490698141915,0.9358915674999999,GOOD,ROUTE_AGENT,BROADER_INDIAN_MARINE_REGION
GRID_1580,INDIAN_MARINE,10.0,96.5,411.01936213891435,,401.0,-0.194,-0.105000004,0.22059238,27.318088097918935,Treaty,0,0,1468.030880603326,0,411.01936213891435,22.834409007717465,182.67527206173972,0.9448519049999999,GOOD,ROUTE_AGENT,BROADER_INDIAN_MARINE_REGION
GRID_1581,INDIAN_MARINE,18.75,77.75,480.3998801506251,,0.0,,,,467.83726526332754,Straight baseline,0,0,198.46695169558944,0,480.3998801506251,26.688882230590284,213.51105784472227,,,ROUTE_AGENT,BROADER_INDIAN_MARINE_REGION
GRID_1582,INDIAN_MARINE,6.5,75.25,211.2584027372152,,2512.0,-0.15100001,0.23300001,0.2776509,39.15213077354945,Treaty,0,0,302.2944078506194,0,211.2584027372152,11.73657792984529,93.89262343876231,0.9305872749999999,GOOD,ROUTE_AGENT,BROADER_INDIAN_MARINE_REGION
GRID_1583,INDIAN_MARINE,5.25,77.25,301.8708105105278,,2799.0,-0.0065,0.119,0.11917739,10.06935419417651,Treaty,0,0,324.75974406288407,0,301.8708105105278,16.77060058391821,134.16480467134568,0.9702056525,GOOD,ROUTE_AGENT,BROADER_INDIAN_MARINE_REGION
GRID_1584,INDIAN_MARINE,17.25,73.5,72.18605563646443,,0.0,,,,32.40825001765149,Straight baseline,0,0,20.52894377904347,0,72.18605563646443,4.010336424248024,32.08269139398419,,,ROUTE_AGENT,BROADER_INDIAN_MARINE_REGION
GRID_1585,INDIAN_MARINE,7.75,91.0,363.07926525734786,,3392.0,-0.055,-0.029000001,0.062177166,137.88501728024588,200 NM,0,0,1309.6684895909102,0,363.07926525734786,20.17107029207488,161.36856233659904,0.9844557084999999,GOOD,ROUTE_AGENT,BROADER_INDIAN_MARINE_REGION
GRID_1586,INDIAN_MARINE,13.0,71.75,86.78462378088919,,1699.0,-0.031,0.0535,0.061832435,69.86680591313761,Straight baseline,0,0,357.02541998727213,0,86.78462378088919,4.821367987827177,38.570943902617415,0.9845418912499999,GOOD,ROUTE_AGENT,BROADER_INDIAN_MARINE_REGION
GRID_1587,INDIAN_MARINE,15.25,78.75,166.27476156914042,,0.0,,,,162.32766056907062,Straight baseline,0,0,309.0437059783697,0,166.27476156914042,9.237486753841134,73.89989403072907,,,ROUTE_AGENT,BROADER_INDIAN_MARINE_REGION
GRID_1588,INDIAN_MARINE,15.5,76.25,274.1929760031685,,0.0,,,,247.42477895493815,Straight baseline,0,0,239.9175247258925,0,274.1929760031685,15.232943111287138,121.8635448902971,,,ROUTE_AGENT,BROADER_INDIAN_MARINE_REGION
GRID_1589,INDIAN_MARINE,10.75,68.5,370.3235751721379,,4433.0,0.076000005,-0.052000005,0.09208692,5.434914037570463,200 NM,0,0,779.1192252262053,0,370.3235751721379,20.573531954007663,164.5882556320613,0.97697827,GOOD,ROUTE_AGENT,BROADER_INDIAN_MARINE_REGION
GRID_1590,INDIAN_MARINE,11.5,88.75,391.4708820694668,,3216.0,0.035500005,0.1215,0.12658001,5.612964357243628,200 NM,0,0,960.7628194434355,0,391.4708820694668,21.748382337192602,173.98705869754082,0.9683549974999999,GOOD,ROUTE_AGENT,BROADER_INDIAN_MARINE_REGION
GRID_1591,INDIAN_MARINE,5.75,75.75,254.09546569287775,,2146.0,-0.0895,0.24900001,0.2645964,42.84356475531226,Treaty,0,0,326.9239412543122,0,254.09546569287775,14.11641476071543,112.93131808572345,0.9338508999999999,GOOD,ROUTE_AGENT,BROADER_INDIAN_MARINE_REGION
GRID_1592,INDIAN_MARINE,7.75,96.0,477.0760412190684,,633.0,-0.0445,0.0735,0.085921474,25.200084770734833,Treaty,0,0,1701.332716442253,0,477.0760412190684,26.504224512170467,212.03379609736373,0.9785196315,GOOD,ROUTE_AGENT,BROADER_INDIAN_MARINE_REGION
GRID_1593,INDIAN_MARINE,18.75,71.0,133.3363539013248,,81.0,0.00049999915,0.021000002,0.021005953,196.53565194526905,Straight baseline,0,0,216.95041908574743,0,133.3363539013248,7.407575216740266,59.26060173392213,0.9947485117499999,GOOD,ROUTE_AGENT,BROADER_INDIAN_MARINE_REGION
GRID_1594,INDIAN_MARINE,14.0,71.0,215.0109243840655,,2245.0,-0.06650001,-0.16100001,0.17419316,177.1068891273229,200 NM,0,0,373.6753838451472,0,215.0109243840655,11.945051354670305,95.56041083736244,0.9564517099999998,GOOD,ROUTE_AGENT,BROADER_INDIAN_MARINE_REGION
GRID_1595,INDIAN_MARINE,19.25,79.75,392.3172718165693,,0.0,,,,408.0712904686642,Straight baseline,0,0,369.5574080024108,0,392.3172718165693,21.795403989809405,174.36323191847524,,,ROUTE_AGENT,BROADER_INDIAN_MARINE_REGION
GRID_1596,INDIAN_MARINE,10.75,81.0,55.20286624686919,,3529.0,-0.16600001,0.30550003,0.34768704,7.6838090567327715,Treaty,0,0,152.47511927674248,0,55.20286624686919,3.066825902603844,24.53460722083075,0.9130782399999999,GOOD,ROUTE_AGENT,BROADER_INDIAN_MARINE_REGION
GRID_1597,INDIAN_MARINE,5.75,80.5,457.0927297155849,,2152.0,0.062000006,0.21150002,0.22040023,266.0564680346802,Treaty,0,0,410.5806222237983,0,457.0927297155849,25.394040539754716,203.15232431803773,0.9448999425,GOOD,ROUTE_AGENT,BROADER_INDIAN_MARINE_REGION
GRID_1598,INDIAN_MARINE,13.25,85.5,463.559755224711,,3171.0,-0.056,0.0345,0.06577423,135.49740413150496,200 NM,0,0,586.385700282629,0,463.559755224711,25.753319734706167,206.02655787764934,0.9835564424999999,GOOD,ROUTE_AGENT,BROADER_INDIAN_MARINE_REGION
GRID_1599,INDIAN_MARINE,6.75,78.0,176.5672759410129,,2555.0,-0.1275,-0.079,0.14999083,32.37995699979901,Treaty,0,0,167.49017066956853,0,176.5672759410129,9.80929310783405,78.4743448626724,0.9625022925,GOOD,ROUTE_AGENT,BROADER_INDIAN_MARINE_REGION
GRID_1600,INDIAN_MARINE,13.25,73.5,5.234487335681097,,786.0,-0.042500004,0.0465,0.06299604,121.46691349424007,Straight baseline,0,0,160.15381477161313,0,5.234487335681097,0.2908048519822832,2.3264388158582654,0.9842509899999998,GOOD,ROUTE_AGENT,BROADER_INDIAN_MARINE_REGION
GRID_1601,INDIAN_MARINE,8.25,70.25,309.061183212888,,4093.0,0.09650001,-0.0635,0.115518406,17.558227097672127,Treaty,0,0,734.5373909876453,0,309.061183212888,17.170065734049334,137.36052587239467,0.9711203984999999,GOOD,ROUTE_AGENT,BROADER_INDIAN_MARINE_REGION
GRID_1602,INDIAN_MARINE,13.25,94.0,147.17759269608214,,1298.0,0.059500005,-0.0165,0.06174545,50.9894105831442,Treaty,0,0,1050.3931940269326,0,147.17759269608214,8.17653292756012,65.41226342048095,0.9845636375,GOOD,ROUTE_AGENT,BROADER_INDIAN_MARINE_REGION
GRID_1603,INDIAN_MARINE,15.0,85.25,357.4965970481949,,2985.0,0.1315,-0.11400001,0.1740352,19.95972572604705,200 NM,0,0,505.4320976218059,0,357.4965970481949,19.860922058233047,158.88737646586438,0.9564911999999999,GOOD,ROUTE_AGENT,BROADER_INDIAN_MARINE_REGION
GRID_1604,INDIAN_MARINE,10.0,95.5,304.0072952526989,,2644.0,-0.17650001,0.042500004,0.18154477,8.71923228951784,Treaty,0,0,1441.8003702723738,0,304.0072952526989,16.889294180705495,135.11435344564396,0.9546138074999999,GOOD,ROUTE_AGENT,BROADER_INDIAN_MARINE_REGION
GRID_1605,INDIAN_MARINE,6.75,78.5,213.68771303475984,,2522.0,-0.1365,0.0069999993,0.13667937,16.880721838978275,Treaty,0,0,194.72442722917043,0,213.68771303475984,11.871539613042213,94.9723169043377,0.9658301574999999,GOOD,ROUTE_AGENT,BROADER_INDIAN_MARINE_REGION
GRID_1606,INDIAN_MARINE,11.25,82.0,151.4586842023828,,3599.0,-0.028500002,0.0335,0.043982953,17.793775464132604,Treaty,0,0,244.65811111662737,0,151.4586842023828,8.414371344576823,67.31497075661458,0.9890042617499999,GOOD,ROUTE_AGENT,BROADER_INDIAN_MARINE_REGION
GRID_1607,INDIAN_MARINE,9.25,78.75,229.1680250724321,,0.0,,,,13.25062135579556,Straight baseline,0,0,8.075554598710301,0,229.1680250724321,12.73155694846845,101.8524555877476,,,ROUTE_AGENT,BROADER_INDIAN_MARINE_REGION
GRID_1608,INDIAN_MARINE,12.75,78.0,252.05650685568045,,0.0,,,,228.47001983097329,Straight baseline,0,0,139.88180512266706,0,252.05650685568045,14.003139269760025,112.0251141580802,,,ROUTE_AGENT,BROADER_INDIAN_MARINE_REGION
GRID_1609,INDIAN_MARINE,9.5,90.0,285.73157865546864,,3288.0,0.041500002,0.0035000003,0.04164733,90.66839646611622,200 NM,0,0,1153.49201823262,0,285.73157865546864,15.87397659197048,126.99181273576384,0.9895881675,GOOD,ROUTE_AGENT,BROADER_INDIAN_MARINE_REGION
GRID_1610,INDIAN_MARINE,19.5,80.5,392.84910181886875,,0.0,,,,375.7097020492591,Straight baseline,0,0,414.3951435589559,0,392.84910181886875,21.824950101048262,174.5996008083861,,,ROUTE_AGENT,BROADER_INDIAN_MARINE_REGION
GRID_1611,INDIAN_MARINE,20.0,70.25,208.19739482991577,,74.0,0.051000003,-0.014,0.052886676,103.73476893730036,Straight baseline,0,0,299.05601529528514,0,208.19739482991577,11.56652193499532,92.53217547996256,0.986778331,GOOD,ROUTE_AGENT,BROADER_INDIAN_MARINE_REGION
GRID_1612,INDIAN_MARINE,12.75,74.5,2.7154864859550227,,52.0,0.039,0.017,0.042544097,37.778496462005954,Straight baseline,0,0,82.77325363862585,0,2.7154864859550227,0.1508603603308346,1.2068828826466769,0.9893639757499999,GOOD,ROUTE_AGENT,BROADER_INDIAN_MARINE_REGION
GRID_1613,INDIAN_MARINE,12.75,96.0,342.95784381773814,,2086.0,0.105000004,-0.165,0.19557609,38.81827792609453,Treaty,0,0,1152.7747235100132,0,342.95784381773814,19.053213545429898,152.42570836343918,0.9511059774999999,GOOD,ROUTE_AGENT,BROADER_INDIAN_MARINE_REGION
GRID_1614,INDIAN_MARINE,14.75,93.25,187.165391978762,,763.0,0.0785,0.076500006,0.10961068,33.64576075273817,Straight baseline,0,0,872.1703844481966,0,187.165391978762,10.398077332153443,83.18461865722755,0.9725973299999999,GOOD,ROUTE_AGENT,BROADER_INDIAN_MARINE_REGION
GRID_1615,INDIAN_MARINE,16.5,90.75,420.80527510366767,,2433.0,0.13250001,0.094500005,0.16274674,19.72286629021614,200 NM,0,0,624.9357913819254,0,420.80527510366767,23.378070839092647,187.02456671274118,0.9593133149999999,GOOD,ROUTE_AGENT,BROADER_INDIAN_MARINE_REGION
GRID_1616,INDIAN_MARINE,14.0,80.5,3.993875527800709,,815.0,,,,28.917176175945993,Straight baseline,0,0,121.95275175167713,0,3.993875527800709,0.22188197376670604,1.7750557901336483,,,ROUTE_AGENT,BROADER_INDIAN_MARINE_REGION
GRID_1617,INDIAN_MARINE,8.0,93.75,312.16774631278787,,1355.0,0.015000001,-0.08250001,0.08385256,55.2865991424649,Straight baseline,0,0,1599.2581377900904,0,312.16774631278787,17.34265257293266,138.74122058346128,0.9790368599999999,GOOD,ROUTE_AGENT,BROADER_INDIAN_MARINE_REGION
GRID_1618,INDIAN_MARINE,12.0,68.5,356.0074673798435,,4297.0,0.0,0.036,0.036,20.13436572889611,200 NM,0,0,725.6925302914918,0,356.0074673798435,19.77819263221353,158.22554105770823,0.9909999999999999,GOOD,ROUTE_AGENT,BROADER_INDIAN_MARINE_REGION
GRID_1619,INDIAN_MARINE,9.0,78.25,168.89357524671348,,0.0,,,,18.34579767826356,Straight baseline,0,0,3.1424533749545693,1,168.89357524671348,9.382976402595194,75.06381122076155,,,ROUTE_AGENT,BROADER_INDIAN_MARINE_REGION
GRID_1620,INDIAN_MARINE,6.0,70.5,405.4093498003087,,4001.0,-0.16400002,0.056,0.17329745,142.47604476080826,200 NM,0,0,790.2189428966005,0,405.4093498003087,22.522741655572705,180.18193324458164,0.9566756374999998,GOOD,ROUTE_AGENT,BROADER_INDIAN_MARINE_REGION
GRID_1621,INDIAN_MARINE,12.5,77.75,266.19048274846756,,0.0,,,,243.72860278911224,Straight baseline,0,0,105.95613417199436,0,266.19048274846756,14.788360152692642,118.30688122154113,,,ROUTE_AGENT,BROADER_INDIAN_MARINE_REGION
GRID_1622,INDIAN_MARINE,8.25,91.25,301.24682085585414,,3701.0,0.0075000003,-0.038000003,0.03873306,185.2055111374294,200 NM,0,0,1323.0127559809446,0,301.24682085585414,16.735934491991898,133.88747593593519,0.990316735,GOOD,ROUTE_AGENT,BROADER_INDIAN_MARINE_REGION
GRID_1623,INDIAN_MARINE,18.25,71.0,107.79365099023164,,90.0,-0.0050000004,-0.0040000007,0.006403125,185.3750193182201,200 NM,0,0,234.61563894928204,0,107.79365099023164,5.98853616612398,47.90828932899184,0.9983992187499999,GOOD,ROUTE_AGENT,BROADER_INDIAN_MARINE_REGION
GRID_1624,INDIAN_MARINE,5.25,71.5,404.4436346924512,,3945.0,-0.137,0.0225,0.13883533,126.92113487585756,Archipelagic baseline,0,0,730.5500627971138,0,404.4436346924512,22.469090816247288,179.7527265299783,0.9652911675,GOOD,ROUTE_AGENT,BROADER_INDIAN_MARINE_REGION
GRID_1625,INDIAN_MARINE,9.25,70.25,255.5289641975978,,4449.0,-0.1645,-0.098000005,0.19147912,130.18855451186553,Treaty,0,0,670.2636788624741,0,255.5289641975978,14.19605356653321,113.56842853226568,0.9521302199999999,GOOD,ROUTE_AGENT,BROADER_INDIAN_MARINE_REGION
GRID_1626,INDIAN_MARINE,8.75,80.25,213.92648326064764,,0.0,,,,85.80236545081164,Treaty,0,0,123.4552221522415,0,213.92648326064764,11.884804625591535,95.07843700473228,,,ROUTE_AGENT,BROADER_INDIAN_MARINE_REGION
GRID_1627,INDIAN_MARINE,15.5,95.75,421.32294495515345,,18.0,0.11900001,-0.053500004,0.1304732,38.84215008504416,Straight baseline,0,0,845.7542278414345,0,421.32294495515345,23.406830275286303,187.25464220229043,0.7184928111111111,GOOD,ROUTE_AGENT,BROADER_INDIAN_MARINE_REGION
GRID_1628,INDIAN_MARINE,12.75,71.75,59.073061402420734,,1710.0,-0.042000003,0.0575,0.07120569,42.27517669383331,Straight baseline,0,0,362.5515975095471,0,59.073061402420734,3.28183674457893,26.25469395663144,0.9821985775,GOOD,ROUTE_AGENT,BROADER_INDIAN_MARINE_REGION
GRID_1629,INDIAN_MARINE,18.25,69.75,237.47469593341953,,2460.0,0.080000006,0.1435,0.16429318,83.01700237806027,200 NM,0,0,365.823236305639,0,237.47469593341953,13.193038662967751,105.54430930374201,0.9589267049999999,GOOD,ROUTE_AGENT,BROADER_INDIAN_MARINE_REGION
GRID_1630,INDIAN_MARINE,18.0,78.5,367.6389495778074,,0.0,,,,347.99868216451193,Straight baseline,0,0,319.752120957031,0,367.6389495778074,20.424386087655968,163.39508870124774,,,ROUTE_AGENT,BROADER_INDIAN_MARINE_REGION
GRID_1631,INDIAN_MARINE,15.75,69.75,316.55085973942494,,3758.0,0.024,-0.0825,0.08592003,20.759309016025327,200 NM,0,0,459.62651099039766,0,316.55085973942494,17.586158874412497,140.68927099529998,0.9785199924999999,GOOD,ROUTE_AGENT,BROADER_INDIAN_MARINE_REGION
GRID_1632,INDIAN_MARINE,8.5,92.5,240.85628858912995,,1032.0,-0.106000006,-0.071,0.12758136,50.251548188621555,Straight baseline,0,0,1450.795536330271,0,240.85628858912995,13.380904921618331,107.04723937294665,0.9681046599999998,GOOD,ROUTE_AGENT,BROADER_INDIAN_MARINE_REGION
GRID_1633,INDIAN_MARINE,20.75,76.25,397.711404466666,,0.0,,,,416.3850253079139,Straight baseline,0,0,94.9696197256703,0,397.711404466666,22.09507802592589,176.76062420740712,,,ROUTE_AGENT,BROADER_INDIAN_MARINE_REGION
GRID_1634,INDIAN_MARINE,6.5,75.75,178.39580767504285,,2073.0,-0.1195,0.2315,0.26052353,7.083100656379193,Treaty,0,0,261.097959203865,0,178.39580767504285,9.910878204169046,79.28702563335237,0.9348691174999999,GOOD,ROUTE_AGENT,BROADER_INDIAN_MARINE_REGION
GRID_1635,INDIAN_MARINE,14.75,86.25,468.66252262523614,,2939.0,0.012499999,-0.035499997,0.037636418,81.00572900989039,200 NM,0,0,551.9146552443301,0,468.66252262523614,26.03680681251312,208.29445450010496,0.9905908955,GOOD,ROUTE_AGENT,BROADER_INDIAN_MARINE_REGION
GRID_1636,INDIAN_MARINE,9.75,70.75,189.37906816455344,,4215.0,-0.252,0.0075000008,0.25211158,167.82578370309415,Straight baseline,0,0,593.8426034174444,0,189.37906816455344,10.52105934247519,84.16847473980152,0.9369721049999999,GOOD,ROUTE_AGENT,BROADER_INDIAN_MARINE_REGION
GRID_1637,INDIAN_MARINE,6.5,71.5,288.55116989046684,,3875.0,-0.12550001,0.0009999992,0.12550399,121.11947056008518,Archipelagic baseline,0,0,665.8480015943895,0,288.55116989046684,16.03062054947038,128.24496439576305,0.9686240024999999,GOOD,ROUTE_AGENT,BROADER_INDIAN_MARINE_REGION
GRID_1638,INDIAN_MARINE,11.75,77.0,170.21820638505815,,0.0,,,,158.37717841575403,Straight baseline,0,0,65.90203626596609,0,170.21820638505815,9.45656702139212,75.65253617113696,,,ROUTE_AGENT,BROADER_INDIAN_MARINE_REGION
GRID_1639,INDIAN_MARINE,11.75,73.5,74.61398136231122,,1988.0,0.097500004,-0.009,0.09791451,59.57918082614896,Straight baseline,0,0,221.84026836063305,0,74.61398136231122,4.145221186795068,33.16176949436054,0.9755213725,GOOD,ROUTE_AGENT,BROADER_INDIAN_MARINE_REGION
GRID_1640,INDIAN_MARINE,21.25,68.5,419.1542463053634,,272.0,0.0065,-0.029500002,0.030207615,135.89790633393085,Straight baseline,0,0,234.55675544638336,0,419.1542463053634,23.286347016964633,186.29077613571707,0.99244809625,GOOD,ROUTE_AGENT,BROADER_INDIAN_MARINE_REGION
GRID_1641,INDIAN_MARINE,15.5,76.0,250.7894342012317,,0.0,,,,224.20373505230933,Straight baseline,0,0,212.3403487844285,0,250.7894342012317,13.932746344512871,111.46197075610297,,,ROUTE_AGENT,BROADER_INDIAN_MARINE_REGION
GRID_1642,INDIAN_MARINE,10.75,89.5,302.17217455507296,,3244.0,-0.091000006,0.086500004,0.12555179,74.58030438721727,200 NM,0,0,1059.7136562480232,0,302.17217455507296,16.787343030837388,134.2987442466991,0.9686120524999999,GOOD,ROUTE_AGENT,BROADER_INDIAN_MARINE_REGION
GRID_1643,INDIAN_MARINE,21.25,76.25,413.1747944878187,,0.0,,,,435.6356610558907,Straight baseline,0,0,153.01236658765282,0,413.1747944878187,22.95415524932326,183.6332419945861,,,ROUTE_AGENT,BROADER_INDIAN_MARINE_REGION
GRID_1644,INDIAN_MARINE,10.5,95.25,265.7748360680197,,2837.0,-0.23650001,-0.0055,0.23656395,2.9427119476504977,Treaty,1,0,1380.9208383891894,0,265.7748360680197,14.765268670445538,118.1221493635643,0.7908590125000001,GOOD,ROUTE_AGENT,BROADER_INDIAN_MARINE_REGION
GRID_1645,INDIAN_MARINE,21.0,73.5,158.19900650970038,,0.0,,,,167.76378288789735,Straight baseline,0,0,129.89256158976485,0,158.19900650970038,8.788833694983355,70.31066955986684,,,ROUTE_AGENT,BROADER_INDIAN_MARINE_REGION
GRID_1646,INDIAN_MARINE,11.0,74.25,48.669232025888064,,2058.0,-0.0009999992,0.02,0.020024985,64.49790186747677,Straight baseline,0,0,195.7280342015472,0,48.669232025888064,2.703846223660448,21.630769789283583,0.99499375375,GOOD,ROUTE_AGENT,BROADER_INDIAN_MARINE_REGION
GRID_1647,INDIAN_MARINE,12.75,72.25,77.54270346740002,,1496.0,-0.0505,0.1355,0.14460464,56.82292802635513,Straight baseline,0,0,308.6326791914598,0,77.54270346740002,4.307927970411112,34.463423763288894,0.9638488399999998,GOOD,ROUTE_AGENT,BROADER_INDIAN_MARINE_REGION
GRID_1648,INDIAN_MARINE,12.25,92.25,93.13185979530462,,572.0,0.016499996,-0.026500002,0.031216983,27.8743119015738,Straight baseline,0,0,1138.7992640386838,0,93.13185979530462,5.1739922108502565,41.39193768680205,0.99219575425,GOOD,ROUTE_AGENT,BROADER_INDIAN_MARINE_REGION
GRID_1649,INDIAN_MARINE,13.75,79.75,82.81360347751489,,0.0,,,,56.39389532906743,Straight baseline,0,0,103.84618551008776,0,82.81360347751489,4.600755748750827,36.806045990006616,,,ROUTE_AGENT,BROADER_INDIAN_MARINE_REGION
GRID_1650,INDIAN_MARINE,13.25,77.25,271.1001129266524,,0.0,,,,266.713870052772,Straight baseline,0,0,110.77775800088746,0,271.1001129266524,15.061117384814022,120.48893907851217,,,ROUTE_AGENT,BROADER_INDIAN_MARINE_REGION
GRID_1651,INDIAN_MARINE,14.5,89.25,393.0965148205305,,2818.0,0.1535,0.124000005,0.19732778,32.69214786979649,200 NM,0,0,730.4615115127349,0,393.0965148205305,21.83869526780725,174.709562142458,0.950668055,GOOD,ROUTE_AGENT,BROADER_INDIAN_MARINE_REGION
GRID_1652,INDIAN_MARINE,13.75,80.0,55.91791510176195,,0.0,,,,28.678892658227472,Straight baseline,0,0,92.887357816181,0,55.91791510176195,3.106550838986775,24.8524067118942,,,ROUTE_AGENT,BROADER_INDIAN_MARINE_REGION
GRID_1653,INDIAN_MARINE,16.75,75.0,203.23066470745448,,0.0,,,,189.06523699203817,Straight baseline,0,0,115.89303113554446,0,203.23066470745448,11.29059248374747,90.32473986997977,,,ROUTE_AGENT,BROADER_INDIAN_MARINE_REGION
GRID_1654,INDIAN_MARINE,11.25,95.75,298.9329057966383,,2516.0,-0.138,-0.13750002,0.19480824,38.761094981156035,Treaty,0,0,1309.7753662604262,0,298.9329057966383,16.607383655368793,132.85906924295034,0.9512979399999999,GOOD,ROUTE_AGENT,BROADER_INDIAN_MARINE_REGION
GRID_1655,INDIAN_MARINE,18.25,80.25,269.8612444013094,,0.0,,,,278.91370127879344,Straight baseline,0,0,462.0242729419445,0,269.8612444013094,14.992291355628302,119.93833084502641,,,ROUTE_AGENT,BROADER_INDIAN_MARINE_REGION
GRID_1656,INDIAN_MARINE,19.25,79.25,417.29429435252325,,0.0,,,,437.67239430864345,Straight baseline,0,0,315.64050932299864,0,417.29429435252325,23.18301635291796,185.46413082334368,,,ROUTE_AGENT,BROADER_INDIAN_MARINE_REGION
GRID_1657,INDIAN_MARINE,6.25,79.25,312.77713768273225,,2573.0,-0.018000003,0.216,0.2167487,116.85071194327998,Treaty,0,0,291.4729130133056,0,312.77713768273225,17.37650764904068,139.01206119232543,0.945812825,GOOD,ROUTE_AGENT,BROADER_INDIAN_MARINE_REGION
GRID_1658,INDIAN_MARINE,7.25,72.0,189.67241191590944,,2827.0,0.0405,0.034,0.05287958,64.08048106021198,Treaty,0,0,584.5788329789809,0,189.67241191590944,10.537356217550524,84.2988497404042,0.986780105,GOOD,ROUTE_AGENT,BROADER_INDIAN_MARINE_REGION
GRID_1659,INDIAN_MARINE,12.75,72.5,97.32500896797856,,113.0,-0.0105,0.094000004,0.09458462,74.56145472541208,Straight baseline,0,0,281.90974771015345,0,97.32500896797856,5.406944942665476,43.255559541323805,0.976353845,GOOD,ROUTE_AGENT,BROADER_INDIAN_MARINE_REGION
GRID_1660,INDIAN_MARINE,5.5,74.25,350.2945437329214,,2698.0,-0.1905,0.29000002,0.346973,67.4661967751268,Archipelagic baseline,0,0,459.4752411349687,0,350.2945437329214,19.4608079851623,155.6864638812984,0.91325675,GOOD,ROUTE_AGENT,BROADER_INDIAN_MARINE_REGION
GRID_1661,INDIAN_MARINE,12.75,77.5,263.8484713228775,,0.0,,,,262.10017026407246,Straight baseline,0,0,88.5475469022841,0,263.8484713228775,14.658248406826528,117.26598725461223,,,ROUTE_AGENT,BROADER_INDIAN_MARINE_REGION
GRID_1662,INDIAN_MARINE,7.75,93.0,322.6325099860081,,1262.0,0.031000003,-0.11000001,0.11428474,32.36142485184001,Straight baseline,0,0,1525.764300057299,0,322.6325099860081,17.924028332556006,143.39222666044805,0.9714288149999999,GOOD,ROUTE_AGENT,BROADER_INDIAN_MARINE_REGION
GRID_1663,INDIAN_MARINE,10.75,83.25,290.4421657768927,,3560.0,-0.21700001,-0.0925,0.23589246,59.73093115490298,200 NM,0,0,390.5132254394614,0,290.4421657768927,16.135675876494037,129.0854070119523,0.9410268849999999,GOOD,ROUTE_AGENT,BROADER_INDIAN_MARINE_REGION
GRID_1664,INDIAN_MARINE,19.5,84.5,479.23104589425634,,0.0,,,,72.56584419062267,Straight baseline,0,0,56.310788927930474,0,479.23104589425634,26.62394699412535,212.9915759530028,,,ROUTE_AGENT,BROADER_INDIAN_MARINE_REGION
GRID_1665,INDIAN_MARINE,9.5,72.75,53.5770544584137,,1721.0,-0.042500004,0.18250002,0.18738332,29.106950634058524,Straight baseline,0,0,433.6467141005278,0,53.5770544584137,2.976503025467428,23.812024203739423,0.9531541699999999,GOOD,ROUTE_AGENT,BROADER_INDIAN_MARINE_REGION
GRID_1666,INDIAN_MARINE,14.75,74.5,71.04322420485443,,0.0,,,,37.20879713952685,Straight baseline,0,0,70.55830627375344,0,71.04322420485443,3.946845789158579,31.574766313268633,,,ROUTE_AGENT,BROADER_INDIAN_MARINE_REGION
GRID_1667,INDIAN_MARINE,13.75,73.25,51.01207268126111,,878.0,-0.050000004,0.051500004,0.07177918,123.09406238305132,Straight baseline,0,0,188.14362108639745,0,51.01207268126111,2.8340040378478393,22.672032302782714,0.982055205,GOOD,ROUTE_AGENT,BROADER_INDIAN_MARINE_REGION
GRID_1668,INDIAN_MARINE,18.0,83.25,269.01613508039736,,0.0,,,,34.37556280355541,Straight baseline,0,0,247.2759285344601,0,269.01613508039736,14.945340837799854,119.56272670239883,,,ROUTE_AGENT,BROADER_INDIAN_MARINE_REGION
GRID_1669,INDIAN_MARINE,9.0,70.25,265.6013968956476,,4145.0,-0.11450001,-0.119,0.16514009,102.00201368366146,Treaty,0,0,685.1781408408499,0,265.6013968956476,14.755633160869312,118.0450652869545,0.9587149774999999,GOOD,ROUTE_AGENT,BROADER_INDIAN_MARINE_REGION
GRID_1670,INDIAN_MARINE,16.0,90.0,421.9279397462549,,2537.0,0.16250001,0.1825,0.24436143,33.45290153058724,200 NM,0,0,655.3743382822863,0,421.9279397462549,23.44044109701416,187.52352877611327,0.9389096424999999,GOOD,ROUTE_AGENT,BROADER_INDIAN_MARINE_REGION
GRID_1671,INDIAN_MARINE,12.0,77.0,179.18089248288996,,0.0,,,,171.7821152845185,Straight baseline,0,0,45.83342633019496,0,179.18089248288996,9.95449402682722,79.63595221461776,,,ROUTE_AGENT,BROADER_INDIAN_MARINE_REGION
GRID_1672,INDIAN_MARINE,17.5,71.75,60.38760776361822,,72.0,0.0035000006,0.012,0.0125,151.01565225145984,Straight baseline,0,0,204.19308971689443,0,60.38760776361822,3.35486709797879,26.83893678383032,0.996875,GOOD,ROUTE_AGENT,BROADER_INDIAN_MARINE_REGION
GRID_1673,INDIAN_MARINE,9.5,91.25,179.79917401854095,,3468.0,0.0855,0.052499995,0.10033195,150.06457334438517,Straight baseline,0,0,1285.4204180438817,0,179.79917401854095,9.988843001030054,79.91074400824043,0.9749170125,GOOD,ROUTE_AGENT,BROADER_INDIAN_MARINE_REGION
GRID_1674,INDIAN_MARINE,6.75,75.5,172.12841480014274,,2139.0,-0.132,0.23200001,0.26692322,0.2253953933161842,Treaty,1,0,263.1067736396984,0,172.12841480014274,9.562689711119042,76.50151768895233,0.7832691949999999,GOOD,ROUTE_AGENT,BROADER_INDIAN_MARINE_REGION
GRID_1675,INDIAN_MARINE,15.75,95.75,438.5950741714892,,15.0,0.139,-0.072500005,0.15677133,65.87858290065488,Straight baseline,0,0,819.0054266529598,0,438.5950741714892,24.36639300952718,194.93114407621744,0.6885849452777778,MODERATE,ROUTE_AGENT,BROADER_INDIAN_MARINE_REGION
GRID_1676,INDIAN_MARINE,12.75,74.25,23.30416537473655,,93.0,0.014000001,0.060000002,0.06161169,63.34739445147568,Straight baseline,0,0,106.77657427446226,0,23.30416537473655,1.2946758541520305,10.357406833216244,0.9845970774999999,GOOD,ROUTE_AGENT,BROADER_INDIAN_MARINE_REGION
GRID_1677,INDIAN_MARINE,11.0,72.75,26.29103293973247,,1285.0,0.0225,0.101,0.10347585,59.67984474311561,Straight baseline,0,0,330.90181314781336,0,26.29103293973247,1.4606129410962483,11.684903528769986,0.9741310374999999,GOOD,ROUTE_AGENT,BROADER_INDIAN_MARINE_REGION
GRID_1678,INDIAN_MARINE,16.75,78.25,280.7868899387574,,0.0,,,,262.3896277932163,Straight baseline,0,0,423.4875637261531,0,280.7868899387574,15.599271663264298,124.79417330611439,,,ROUTE_AGENT,BROADER_INDIAN_MARINE_REGION
GRID_1679,INDIAN_MARINE,14.0,93.25,113.1134324697555,,35.0,0.1395,0.09400001,0.1682149,1.3625507742175902,Straight baseline,1,0,958.2896453887084,0,113.1134324697555,6.284079581653083,50.272636653224666,0.6912796083333334,MODERATE,ROUTE_AGENT,BROADER_INDIAN_MARINE_REGION
GRID_1680,INDIAN_MARINE,8.5,68.25,490.675916088376,,4565.0,-0.0145,-0.07000001,0.07148602,99.27902202704963,200 NM,0,0,905.6476181156088,0,490.675916088376,27.25977311602089,218.07818492816713,0.982128495,GOOD,ROUTE_AGENT,BROADER_INDIAN_MARINE_REGION
GRID_1681,INDIAN_MARINE,17.75,84.75,360.78540346603944,,2480.0,0.1435,0.328,0.35801712,95.39764002064636,Straight baseline,0,0,187.02701210018716,0,360.78540346603944,20.04363352589108,160.34906820712865,0.9104957199999999,GOOD,ROUTE_AGENT,BROADER_INDIAN_MARINE_REGION
GRID_1682,INDIAN_MARINE,5.0,75.25,352.1862425641298,,2408.0,-0.1505,0.3345,0.36679763,137.45690829655393,Treaty,0,0,427.5734844104021,0,352.1862425641298,19.565902364673878,156.52721891739102,0.9083005924999998,GOOD,ROUTE_AGENT,BROADER_INDIAN_MARINE_REGION
GRID_1683,INDIAN_MARINE,6.25,72.25,268.46668207343737,,1681.0,-0.16400002,0.08400001,0.1842607,34.01615221124082,Archipelagic baseline,0,0,602.3029375363409,0,268.46668207343737,14.91481567074652,119.31852536597216,0.9539348249999999,GOOD,ROUTE_AGENT,BROADER_INDIAN_MARINE_REGION
GRID_1684,INDIAN_MARINE,15.5,91.5,285.9188737586211,,2553.0,-0.0355,-0.127,0.1318683,58.525823652556696,Treaty,0,0,763.1661623596445,0,285.9188737586211,15.88438187547895,127.0750550038316,0.9670329249999998,GOOD,ROUTE_AGENT,BROADER_INDIAN_MARINE_REGION
GRID_1685,INDIAN_MARINE,7.75,69.0,453.67622504546705,,4649.0,0.054,-0.030500002,0.062018145,53.57940800291917,200 NM,0,0,879.4677431494462,0,453.67622504546705,25.20423472474817,201.63387779798535,0.9844954637499999,GOOD,ROUTE_AGENT,BROADER_INDIAN_MARINE_REGION
GRID_1686,INDIAN_MARINE,6.25,69.5,477.1465234579944,,4494.0,-0.008500002,0.11750001,0.11780705,32.72248591799774,200 NM,0,0,883.9734272413482,0,477.1465234579944,26.5081401921108,212.0651215368864,0.9705482374999999,GOOD,ROUTE_AGENT,BROADER_INDIAN_MARINE_REGION
GRID_1687,INDIAN_MARINE,17.75,75.75,315.713965262063,,0.0,,,,289.56696496802283,Straight baseline,0,0,209.5255672163787,0,315.713965262063,17.53966473678128,140.31731789425024,,,ROUTE_AGENT,BROADER_INDIAN_MARINE_REGION
GRID_1688,INDIAN_MARINE,15.0,84.5,279.1650240187309,,3091.0,0.12650001,0.036,0.13152282,83.27272458209484,200 NM,0,0,507.2213078238097,0,279.1650240187309,15.509168001040605,124.07334400832484,0.9671192949999998,GOOD,ROUTE_AGENT,BROADER_INDIAN_MARINE_REGION
GRID_1689,INDIAN_MARINE,16.5,68.5,406.4971105041695,,3667.0,-0.0335,0.07800001,0.08488964,142.32922190721442,200 NM,0,0,576.6156135104554,0,406.4971105041695,22.583172805787193,180.66538244629754,0.97877759,GOOD,ROUTE_AGENT,BROADER_INDIAN_MARINE_REGION
GRID_1690,INDIAN_MARINE,17.25,69.75,251.10993918300775,,3466.0,0.027000003,-0.058500003,0.0644302,17.39776403466303,200 NM,0,0,412.4020742234926,0,251.10993918300775,13.950552176833764,111.60441741467011,0.9838924499999999,GOOD,ROUTE_AGENT,BROADER_INDIAN_MARINE_REGION
GRID_1691,INDIAN_MARINE,16.0,95.25,419.75809531519747,,0.0,,,,73.29513426277778,Straight baseline,0,0,771.9435627289565,0,419.75809531519747,23.319894184177638,186.5591534734211,,,ROUTE_AGENT,BROADER_INDIAN_MARINE_REGION
GRID_1692,INDIAN_MARINE,7.5,70.25,342.14559559494234,,4175.0,0.2475,0.060500003,0.25478718,65.25546446897101,Treaty,0,0,762.4601409202531,0,342.14559559494234,19.008088644163465,152.06470915330772,0.936303205,GOOD,ROUTE_AGENT,BROADER_INDIAN_MARINE_REGION
GRID_1693,INDIAN_MARINE,18.75,72.25,20.249220837687336,,58.0,0.061,-0.065000005,0.08914035,61.84580625090041,Straight baseline,0,0,83.76340780179017,0,20.249220837687336,1.124956713204852,8.999653705638815,0.9777149125,GOOD,ROUTE_AGENT,BROADER_INDIAN_MARINE_REGION
GRID_1694,INDIAN_MARINE,10.75,84.0,371.5648872374307,,3526.0,-0.16100001,-0.097,0.18796277,9.30965331473471,200 NM,0,0,472.68614314825373,0,371.5648872374307,20.642493735412817,165.13994988330253,0.9530093074999999,GOOD,ROUTE_AGENT,BROADER_INDIAN_MARINE_REGION
GRID_1695,INDIAN_MARINE,14.75,85.0,338.690677386918,,3068.0,0.1285,-0.10900001,0.16850297,22.29696487945088,200 NM,0,0,533.2906983179535,0,338.690677386918,18.81614874371767,150.52918994974135,0.9578742574999999,GOOD,ROUTE_AGENT,BROADER_INDIAN_MARINE_REGION
GRID_1696,INDIAN_MARINE,17.25,76.0,322.3858624473532,,0.0,,,,306.7610880178755,Straight baseline,0,0,235.665044876481,0,322.3858624473532,17.91032569151962,143.28260553215696,,,ROUTE_AGENT,BROADER_INDIAN_MARINE_REGION
GRID_1697,INDIAN_MARINE,18.0,79.75,273.9235160191017,,0.0,,,,283.79629911863873,Straight baseline,0,0,427.8252001600026,0,273.9235160191017,15.217973112172318,121.74378489737855,,,ROUTE_AGENT,BROADER_INDIAN_MARINE_REGION
GRID_1698,INDIAN_MARINE,8.0,73.25,53.27198853698885,,2014.0,-0.17650001,0.23600002,0.2947003,38.041401287203925,Treaty,0,0,427.0480956759849,0,53.27198853698885,2.9595549187216026,23.67643934977282,0.9263249249999999,GOOD,ROUTE_AGENT,BROADER_INDIAN_MARINE_REGION
GRID_1699,INDIAN_MARINE,11.25,92.0,53.17637824705075,,1123.0,-0.030000005,-0.051000003,0.059169255,22.73353012599998,Straight baseline,0,0,1210.3615021147552,0,53.17637824705075,2.954243235947264,23.63394588757811,0.9852076862499999,GOOD,ROUTE_AGENT,BROADER_INDIAN_MARINE_REGION
GRID_1700,INDIAN_MARINE,8.5,89.5,394.91108601121994,,3380.0,0.063,0.047000006,0.07860026,9.67242874174416,200 NM,0,0,1128.1391611236018,0,394.91108601121994,21.93950477840111,175.51603822720887,0.980349935,GOOD,ROUTE_AGENT,BROADER_INDIAN_MARINE_REGION
