zone_id,region,latitude,longitude,saral_distance_km,wind_speed_ms,wave_height_m,wave_period_s,wave_direction_deg,dist_coast_m,ssha_m,saral_sst_c,saral_time
PFZ0001,ANDAMAN,13.170277777777777,92.64027777777778,374.79045257228347,,,,,,,,
PFZ0002,ANDAMAN,11.76,92.94694444444444,310.00816190877646,,,,,,,,
PFZ0003,ANDAMAN,11.745,93.00444444444445,303.536344799008,,,,,,,,
PFZ0004,ANDAMAN,11.694444444444445,93.02194444444444,300.51286408044444,,,,,,,,
PFZ0005,ANDAMAN,11.6325,93.02111111111113,299.1733179193314,,,,,,,,
PFZ0006,ANDAMAN,11.58777777777778,93.02583333333334,297.6288174595849,,,,,,,,
PFZ0007,ANDAMAN,11.56388888888889,92.99944444444444,299.9094712669128,,,,,,,,
PFZ0008,ANDAMAN,11.535555555555556,92.97555555555556,301.7840780857745,,,,,,,,
PFZ0009,ANDAMAN,11.501944444444444,92.98388888888888,300.13908000898476,,,,,,,,
PFZ0010,ANDAMAN,11.3625,92.97833333333334,297.50614213833376,,,,,,,,
PFZ0011,ANDAMAN,11.3,92.95277777777778,298.7885776661529,,,,,,,,
PFZ0012,ANDAMAN,11.255,92.89833333333334,303.56459666609265,,,,,,,,
PFZ0013,ANDAMAN,11.17611111111111,92.82166666666666,309.9215351627498,,,,,,,,
PFZ0014,ANDAMAN,10.916666666666666,92.68388888888887,318.6666589547255,,,,,,,,
PFZ0015,ANDAMAN,10.913333333333334,92.3475,354.5204684106996,,,,,,,,
PFZ0016,ANDAMAN,10.87527777777778,92.70972222222224,314.94876631939314,,,,,,,,
PFZ0017,ANDAMAN,10.805277777777778,92.73111111111112,311.05186338797176,,,,,,,,
PFZ0018,ANDAMAN,10.76888888888889,92.27083333333331,359.4089864211566,,,,,,,,
PFZ0019,ANDAMAN,10.727222222222222,92.74361111111112,307.92605086608944,,,,,,,,
PFZ0020,ANDAMAN,10.649722222222222,92.79833333333332,300.29136464048577,,,,,,,,
PFZ0021,GOA,15.530555555555557,73.04638888888888,2499.1642702701706,,,,,,,,
PFZ0022,GOA,15.436944444444444,73.11,2491.113563142341,,,,,,,,
PFZ0023,GOA,15.349722222222224,73.17166666666667,2483.34956940892,,,,,,,,
PFZ0024,GOA,15.233333333333333,73.39305555555556,2458.1633444378926,,,,,,,,
PFZ0025,GOA,15.193333333333332,73.4238888888889,2454.319114774632,,,,,,,,
PFZ0026,GOA,15.145555555555555,73.44277777777778,2451.6335718042483,,,,,,,,
PFZ0027,GOA,15.094444444444443,73.4475,2450.4049564393026,,,,,,,,
PFZ0028,KARNATAKA,14.746388888888887,73.52638888888889,2436.9989976436254,,,,,,,,
PFZ0029,KARNATAKA,14.653055555555556,73.53861111111111,2434.3369640560595,,,,,,,,
PFZ0030,KARNATAKA,14.568055555555556,73.50222222222222,2436.974129787492,,,,,,,,
PFZ0031,KARNATAKA,14.493055555555555,73.4475,2441.71202161542,,,,,,,,
PFZ0032,KARNATAKA,14.3575,73.97722222222222,2383.163381697093,,,,,,,,
PFZ0033,KARNATAKA,14.252222222222224,73.98666666666666,2380.571392297741,,,,,,,,
PFZ0034,KARNATAKA,14.149166666666666,74.01083333333334,2376.428922877519,,,,,,,,
PFZ0035,KARNATAKA,14.126944444444446,73.67555555555556,2411.908742431894,,,,,,,,
PFZ0036,KARNATAKA,14.079444444444444,73.74138888888889,2404.1551552891106,,,,,,,,
PFZ0037,KARNATAKA,14.051944444444445,74.05166666666666,2370.5847340169817,,,,,,,,
PFZ0038,KARNATAKA,14.043888888888889,73.81555555555555,2395.6924472225915,,,,,,,,
PFZ0039,KARNATAKA,13.9775,73.86361111111111,2389.544846781717,,,,,,,,
PFZ0040,KARNATAKA,13.630833333333332,73.70694444444445,2400.9635904454008,,,,,,,,
PFZ0041,KARNATAKA,13.575833333333334,73.75277777777778,2395.205197377672,,,,,,,,
PFZ0042,KARNATAKA,13.551666666666668,73.81972222222223,2387.66298224741,,,,,,,,
PFZ0043,KARNATAKA,13.4975,73.86527777777778,2381.940637843432,,,,,,,,
PFZ0044,KARNATAKA,13.209444444444443,73.52472222222222,2413.8890215603756,,,,,,,,
PFZ0045,KARNATAKA,13.16388888888889,73.57027777777778,2408.2853617776473,,,,,,,,
PFZ0046,KARNATAKA,13.105833333333331,73.59805555555555,2404.3873397949947,,,,,,,,
PFZ0047,KARNATAKA,13.054722222222225,73.64444444444445,2398.6013543771114,,,,,,,,
PFZ0048,KERALA,12.73,74.48555555555555,2303.1451011524127,,,,,,,,
PFZ0049,KERALA,12.673055555555557,74.45027777777779,2305.99175390126,,,,,,,,
PFZ0050,KERALA,12.6075,74.43583333333333,2306.4591780720043,,,,,,,,
PFZ0051,KERALA,12.54,74.43055555555556,2305.906397423633,,,,,,,,
PFZ0052,KERALA,12.473888888888888,74.435,2304.330439144875,,,,,,,,
PFZ0053,KERALA,12.470277777777778,74.69583333333334,2276.2720515133874,,,,,,,,
PFZ0054,KERALA,12.459722222222222,74.76027777777777,2269.1782041761035,,,,,,,,
PFZ0055,KERALA,12.4575,74.62972222222221,2283.155739244766,,,,,,,,
PFZ0056,KERALA,12.450833333333332,74.49666666666667,2297.326232633027,,,,,,,,
PFZ0057,KERALA,12.445833333333333,74.56333333333333,2290.0860167935366,,,,,,,,
PFZ0058,KERALA,12.1975,74.85305555555556,2254.796430152163,,,,,,,,
PFZ0059,KERALA,12.138333333333334,74.85527777777777,2253.5522512988264,,,,,,,,
PFZ0060,KERALA,12.080833333333333,74.8425,2253.9454934063665,,,,,,,,
PFZ0061,KERALA,12.024444444444445,74.82388888888889,2254.9825366835807,,,,,,,,
PFZ0062,KERALA,11.966944444444444,74.81,2255.491327133509,,,,,,,,
PFZ0063,KERALA,11.910555555555556,74.82194444444444,2253.2395197862006,,,,,,,,
PFZ0064,KERALA,11.875833333333334,74.86916666666666,2247.5648797905064,,,,,,,,
PFZ0065,KERALA,11.845277777777778,74.92,2241.5737041904217,,,,,,,,
PFZ0066,KERALA,11.808611111111112,74.96638888888889,2235.9531447319223,,,,,,,,
PFZ0067,KERALA,11.766666666666667,75.00805555555556,2230.747195328148,,,,,,,,
PFZ0068,KERALA,11.693888888888887,75.29333333333334,2198.8038729438213,,,,,,,,
PFZ0069,KERALA,11.692222222222222,75.3175,2196.1761502694526,,,,,,,,
PFZ0070,KERALA,11.689444444444444,75.26944444444445,2201.2948196880875,,,,,,,,
PFZ0071,KERALA,11.675,75.25027777777778,2203.1042917327486,,,,,,,,
PFZ0072,KERALA,11.655833333333334,75.23555555555555,2204.3537733887333,,,,,,,,
PFZ0073,KERALA,11.636388888888888,75.2213888888889,2205.535795685945,,,,,,,,
PFZ0074,KERALA,11.61888888888889,75.20444444444445,2207.0531340237303,,,,,,,,
PFZ0075,KERALA,11.6075,75.18305555555555,2209.155637047674,,,,,,,,
PFZ0076,KERALA,11.599166666666669,75.16027777777778,2211.4584493029097,,,,,,,,
PFZ0077,KERALA,11.59388888888889,75.13666666666667,2213.905360282005,,,,,,,,
PFZ0078,KERALA,11.48,75.19805555555556,2205.303869441946,,,,,,,,
PFZ0079,KERALA,11.443055555555556,75.23027777777779,2201.185190996666,,,,,,,,
PFZ0080,KERALA,11.393055555555556,75.22472222222223,2200.900301266149,,,,,,,,
PFZ0081,KERALA,11.3675,75.43583333333333,2177.72849239868,,,,,,,,
PFZ0082,KERALA,11.358611111111111,75.48555555555555,2172.2197126398696,,,,,,,,
PFZ0083,KERALA,11.35,75.39277777777778,2182.052802143819,,,,,,,,
PFZ0084,KERALA,11.345833333333331,75.23666666666666,2198.7801309442525,,,,,,,,
PFZ0085,KERALA,11.311944444444444,75.27333333333333,2194.2335342947226,,,,,,,,
PFZ0086,KERALA,11.305833333333334,75.36972222222222,2183.7492960410686,,,,,,,,
PFZ0087,KERALA,11.296944444444444,75.32083333333333,2188.85536069265,,,,,,,,
PFZ0088,KERALA,10.8175,75.415,2170.1104467755918,,,,,,,,
PFZ0089,KERALA,10.801111111111112,75.45916666666668,2165.054804009472,,,,,,,,
PFZ0090,KERALA,10.781111111111112,75.67694444444444,2141.222430406013,,,,,,,,
PFZ0091,KERALA,10.763333333333334,75.48833333333333,2161.2242407816575,,,,,,,,
PFZ0092,KERALA,10.756666666666666,75.63583333333334,2145.2087720870695,,,,,,,,
PFZ0093,KERALA,10.721388888888889,75.51166666666667,2157.9483245354527,,,,,,,,
PFZ0094,KERALA,10.71111111111111,75.63222222222221,2144.767401473518,,,,,,,,
PFZ0095,KERALA,10.680833333333332,75.53777777777778,2154.3927496900096,,,,,,,,
PFZ0096,KERALA,10.668055555555554,75.62472222222222,2144.787845163239,,,,,,,,
PFZ0097,KERALA,10.658055555555556,75.57805555555555,2149.637044614923,,,,,,,,
PFZ0098,KERALA,10.344166666666668,75.78222222222222,2121.8433684542833,,,,,,,,
PFZ0099,KERALA,10.33,75.82694444444444,2116.7574022395356,,,,,,,,
PFZ0100,KERALA,10.299722222222222,75.86361111111111,2112.240963565223,,,,,,,,
PFZ0101,KERALA,10.262222222222222,75.89277777777778,2108.3960524530467,,,,,,,,
PFZ0102,KERALA,10.21861111111111,75.9113888888889,2105.5754606515675,,,,,,,,
PFZ0103,KERALA,10.171666666666669,75.91777777777779,2104.0110381176414,,,,,,,,
PFZ0104,KERALA,10.124166666666667,75.91527777777779,2103.3927291634245,,,,,,,,
PFZ0105,KERALA,10.078055555555554,75.90444444444445,2103.6965127292046,,,,,,,,
PFZ0106,KERALA,10.034166666666666,75.88555555555556,2104.910949029478,,,,,,,,
PFZ0107,KERALA,9.995555555555557,75.85833333333333,2107.1245423751275,,,,,,,,
PFZ0108,KERALA,9.44888888888889,75.96833333333333,2084.866352092119,,,,,,,,
PFZ0109,KERALA,9.428888888888888,76.00111111111111,2080.939131823578,,,,,,,,
PFZ0110,KERALA,9.398333333333332,76.02472222222222,2077.8006377169318,,,,,,,,
PFZ0111,KERALA,9.361944444444443,76.03722222222223,2075.749774338757,,,,,,,,
PFZ0112,KERALA,9.323333333333332,76.03944444444444,2074.766883311429,,,,,,,,
PFZ0113,KERALA,9.299444444444443,76.17027777777778,2060.167608014118,,,,,,,,
PFZ0114,KERALA,9.28888888888889,76.02388888888889,2075.7815812007925,,,,,,,,
PFZ0115,KERALA,9.260277777777778,75.99805555555555,2078.0230867906075,,,,,,,,
PFZ0116,KERALA,9.251944444444444,76.18583333333333,2057.5661519043815,,,,,,,,
PFZ0117,KERALA,9.222777777777775,75.98861111111111,2078.317579317134,,,,,,,,
PFZ0118,KERALA,9.2175,76.22277777777778,2052.907316809623,,,,,,,,
PFZ0119,KERALA,9.186388888888889,75.9775,2078.8139977892906,,,,,,,,
PFZ0120,KERALA,9.171388888888888,76.2388888888889,2050.2711238258353,,,,,,,,
PFZ0121,KERALA,9.158611111111112,75.95055555555555,2081.1901594415062,,,,,,,,
PFZ0122,KERALA,9.12138888888889,76.23194444444445,2050.048909774553,,,,,,,,
PFZ0123,KERALA,9.078888888888889,76.205,2052.133960535817,,,,,,,,
PFZ0124,KERALA,9.04,76.1725,2054.890548916791,,,,,,,,
PFZ0125,KERALA,8.99472222222222,76.15083333333334,2056.351448203956,,,,,,,,
PFZ0126,KERALA,8.945277777777777,76.14083333333333,2056.4661527614003,,,,,,,,
PFZ0127,KERALA,8.89472222222222,76.13972222222223,2055.5958918299366,,,,,,,,
PFZ0128,KERALA,8.684166666666666,76.33277777777778,2030.5738260043745,,,,,,,,
PFZ0129,KERALA,8.642222222222221,76.36222222222221,2026.5597190298142,,,,,,,,
PFZ0130,KERALA,8.596111111111112,76.38444444444445,2023.2443791150995,,,,,,,,
PFZ0131,KERALA,8.546111111111111,76.39527777777778,2021.096385743694,,,,,,,,
PFZ0132,KERALA,8.495555555555555,76.38694444444445,2021.0273282027338,,,,,,,,
PFZ0133,KERALA,8.446388888888889,76.37249999999999,2021.6625990252803,,,,,,,,
PFZ0134,KERALA,8.395833333333332,76.36361111111111,2021.6852820240301,,,,,,,,
PFZ0135,KERALA,8.348333333333334,76.37944444444443,2019.0961312213474,,,,,,,,
PFZ0136,KERALA,8.31638888888889,76.41944444444445,2014.1746127936979,,,,,,,,
PFZ0137,KERALA,8.283333333333333,76.45833333333334,2009.3569198139433,,,,,,,,
PFZ0138,KERALA,8.222222222222223,76.91833333333334,1958.3050960618625,,,,,,,,
PFZ0139,KERALA,8.196388888888889,76.92722222222223,1956.873016653555,,,,,,,,
PFZ0140,KERALA,8.171111111111111,76.9375,1955.3033957123673,,,,,,,,
PFZ0141,KERALA,8.154166666666667,76.60916666666667,1990.6879823740246,,,,,,,,
PFZ0142,KERALA,8.1525,76.9575,1952.7988637016333,,,,,,,,
PFZ0143,KERALA,8.135555555555555,76.97916666666667,1950.1439314790887,,,,,,,,
PFZ0144,KERALA,8.125277777777779,76.65055555555556,1985.6877493735633,,,,,,,,
PFZ0145,KERALA,8.113333333333333,76.99472222222222,1948.0612273366341,,,,,,,,
PFZ0146,KERALA,8.086944444444445,77.00277777777778,1946.7233901579566,,,,,,,,
PFZ0147,KERALA,8.086388888888889,76.68416666666667,1981.365102328377,,,,,,,,
PFZ0148,KERALA,8.061944444444444,77.01361111111112,1945.1111470730543,,,,,,,,
PFZ0149,KERALA,8.055555555555557,77.03888888888889,1942.251514076407,,,,,,,,
PFZ0150,KERALA,8.045277777777777,76.715,1977.3133474165772,,,,,,,,
PFZ0151,KERALA,8.036388888888888,77.05777777777777,1939.866462898133,,,,,,,,
PFZ0152,KERALA,7.998333333333333,76.735,1974.3513662987536,,,,,,,,
PFZ0153,KERALA,7.947777777777778,76.74194444444444,1972.763616625072,,,,,,,,
PFZ0154,KERALA,7.916388888888889,76.70472222222223,1976.3112204594033,,,,,,,,
PFZ0155,KERALA,7.904166666666667,76.65472222222223,1981.5650533113871,,,,,,,,
PFZ0156,KERALA,7.895555555555555,76.60416666666666,1986.939245927832,,,,,,,,
PFZ0157,KERALA,7.895277777777777,76.55277777777778,1992.5373854234053,,,,,,,,
PFZ0158,LAKSHADWEEP,12.21888888888889,71.78472222222221,2584.9143257884652,,,,,,,,
PFZ0159,LAKSHADWEEP,11.857777777777777,72.41527777777779,2511.194620104985,,,,,,,,
PFZ0160,LAKSHADWEEP,11.688611111111111,72.53555555555555,2495.432962618322,,,,,,,,
PFZ0161,LAKSHADWEEP,11.676666666666666,71.76222222222222,2578.4976191600663,,,,,,,,
PFZ0162,LAKSHADWEEP,11.634444444444444,71.88861111111112,2564.1887267833854,,,,,,,,
PFZ0163,LAKSHADWEEP,11.494166666666668,72.67277777777778,2477.3870931777365,,,,,,,,
PFZ0164,LAKSHADWEEP,11.388055555555557,72.66166666666668,2476.784514481464,,,,,,,,
PFZ0165,LAKSHADWEEP,11.13277777777778,73.22805555555556,2411.374535291477,,,,,,,,
PFZ0166,LAKSHADWEEP,11.085277777777778,72.34444444444443,2505.7977842072055,,,,,,,,
PFZ0167,LAKSHADWEEP,11.081944444444444,72.52361111111111,2486.4267006469568,,,,,,,,
PFZ0168,LAKSHADWEEP,11.058055555555557,72.20944444444444,2519.8865585620792,,,,,,,,
PFZ0169,LAKSHADWEEP,10.998888888888889,73.80333333333333,2347.0381776647764,,,,,,,,
PFZ0170,LAKSHADWEEP,10.747777777777776,72.7825,2452.699341829508,,,,,,,,
PFZ0171,LAKSHADWEEP,10.25388888888889,73.44222222222223,2372.700194544364,,,,,,,,
PFZ0172,LAKSHADWEEP,9.96361111111111,72.4675,2472.7276844398652,,,,,,,,
PFZ0173,LAKSHADWEEP,9.959444444444443,72.6,2458.3363492362237,,,,,,,,
PFZ0174,LAKSHADWEEP,8.477222222222222,73.19861111111112,2367.1316693725253,,,,,,,,
PFZ0175,MAHARASHTRA,19.905277777777776,72.48,2613.7579568049364,,,,,,,,
PFZ0176,MAHARASHTRA,19.90361111111111,72.43194444444445,2618.7027232181076,,,,,,,,
PFZ0177,MAHARASHTRA,19.90138888888889,72.5275,2608.7814823981835,,,,,,,,
PFZ0178,MAHARASHTRA,19.898888888888887,72.38444444444445,2623.5418303720203,,,,,,,,
PFZ0179,MAHARASHTRA,19.891666666666666,72.33749999999999,2628.2847976791645,,,,,,,,
PFZ0180,MAHARASHTRA,19.868055555555557,72.2961111111111,2632.1960232697816,,,,,,,,
PFZ0181,MAHARASHTRA,19.834444444444443,72.26222222222222,2635.180154025129,,,,,,,,
PFZ0182,MAHARASHTRA,19.793333333333337,72.23805555555556,2637.0497294084093,,,,,,,,
PFZ0183,MAHARASHTRA,19.746944444444445,72.22777777777777,2637.4093476136823,,,,,,,,
PFZ0184,MAHARASHTRA,19.699166666666667,72.22527777777778,2636.951885020259,,,,,,,,
PFZ0185,MAHARASHTRA,19.478055555555553,72.38944444444445,2616.692052867035,,,,,,,,
PFZ0186,MAHARASHTRA,19.46638888888889,72.42611111111111,2612.7144694873505,,,,,,,,
PFZ0187,MAHARASHTRA,19.44472222222222,72.45722222222223,2609.1736257605985,,,,,,,,
PFZ0188,MAHARASHTRA,19.409444444444443,72.47222222222223,2607.119594880043,,,,,,,,
PFZ0189,MAHARASHTRA,19.371944444444445,72.48083333333334,2605.704257705403,,,,,,,,
PFZ0190,MAHARASHTRA,19.336388888888887,72.495,2603.742346120673,,,,,,,,
PFZ0191,MAHARASHTRA,19.309722222222224,72.5225,2600.5161324672645,,,,,,,,
PFZ0192,MAHARASHTRA,19.289166666666667,72.55499999999999,2596.8528863472193,,,,,,,,
PFZ0193,MAHARASHTRA,19.26638888888889,72.58583333333333,2593.3339456884432,,,,,,,,
PFZ0194,MAHARASHTRA,19.23611111111111,72.60944444444443,2590.4685657981063,,,,,,,,
PFZ0195,MAHARASHTRA,19.104444444444447,72.34166666666667,2616.709131006731,,,,,,,,
PFZ0196,MAHARASHTRA,19.09,72.3863888888889,2611.859895263284,,,,,,,,
PFZ0197,MAHARASHTRA,19.05138888888889,72.41388888888889,2608.511007727448,,,,,,,,
PFZ0198,MAHARASHTRA,19.00888888888889,72.43472222222222,2605.816011386391,,,,,,,,
PFZ0199,MAHARASHTRA,18.96361111111111,72.44944444444445,2603.7328986005687,,,,,,,,
PFZ0200,MAHARASHTRA,18.916944444444447,72.4588888888889,2602.1932143706345,,,,,,,,
PFZ0201,MAHARASHTRA,18.869722222222222,72.46194444444444,2601.324456128525,,,,,,,,
PFZ0202,MAHARASHTRA,18.822222222222223,72.45944444444444,2601.043825335354,,,,,,,,
PFZ0203,MAHARASHTRA,18.775277777777777,72.4525,2601.245195277614,,,,,,,,
PFZ0204,MAHARASHTRA,18.729166666666664,72.4413888888889,2601.9027783095107,,,,,,,,
PFZ0205,MAHARASHTRA,18.455555555555556,72.37055555555555,2606.405218527669,,,,,,,,
PFZ0206,MAHARASHTRA,18.439166666666665,72.28444444444445,2615.2700484472657,,,,,,,,
PFZ0207,MAHARASHTRA,18.35611111111111,72.26222222222222,2616.7081644842815,,,,,,,,
PFZ0208,MAHARASHTRA,18.274166666666662,72.29527777777777,2612.345880822796,,,,,,,,
PFZ0209,MAHARASHTRA,18.190277777777776,72.32222222222222,2608.596677192775,,,,,,,,
PFZ0210,MAHARASHTRA,18.101944444444445,72.30916666666667,2608.994224034447,,,,,,,,
PFZ0211,MAHARASHTRA,18.036944444444448,72.25083333333333,2614.4109173098955,,,,,,,,
PFZ0212,MAHARASHTRA,18.010833333333334,72.16527777777779,2623.1214430051177,,,,,,,,
PFZ0213,MAHARASHTRA,17.999722222222225,72.0761111111111,2632.382327567584,,,,,,,,
PFZ0214,MAHARASHTRA,17.995,71.98666666666666,2641.7430228298317,,,,,,,,
PFZ0215,MAHARASHTRA,17.60666666666667,72.69416666666667,2562.820450406706,,,,,,,,
PFZ0216,MAHARASHTRA,17.569166666666668,72.71888888888888,2559.7747279929695,,,,,,,,
PFZ0217,MAHARASHTRA,17.52861111111111,72.73777777777778,2557.3075557430034,,,,,,,,
PFZ0218,MAHARASHTRA,17.485555555555557,72.75055555555555,2555.4497795849643,,,,,,,,
PFZ0219,MAHARASHTRA,17.441388888888888,72.75916666666667,2554.0172364770633,,,,,,,,
PFZ0220,MAHARASHTRA,17.396944444444443,72.76527777777778,2552.8440792106417,,,,,,,,
PFZ0221,MAHARASHTRA,17.352222222222224,72.7675,2552.0768617640747,,,,,,,,
PFZ0222,MAHARASHTRA,17.3075,72.76333333333334,2551.979067490389,,,,,,,,
PFZ0223,MAHARASHTRA,17.264166666666668,72.75138888888888,2552.718116715538,,,,,,,,
PFZ0224,MAHARASHTRA,17.223611111111108,72.7325,2554.2237765071513,,,,,,,,
PFZ0225,MAHARASHTRA,17.02,72.86305555555555,2537.9523343750234,,,,,,,,
PFZ0226,MAHARASHTRA,16.980277777777776,72.875,2536.200614219523,,,,,,,,
PFZ0227,MAHARASHTRA,16.938333333333333,72.87305555555555,2535.889189758419,,,,,,,,
PFZ0228,MAHARASHTRA,16.897222222222222,72.86305555555555,2536.4351557098557,,,,,,,,
PFZ0229,MAHARASHTRA,16.859166666666667,72.84555555555555,2537.8122130988963,,,,,,,,
PFZ0230,MAHARASHTRA,16.824166666666667,72.82222222222222,2539.845536183169,,,,,,,,
PFZ0231,MAHARASHTRA,16.791666666666668,72.79555555555555,2542.259969103044,,,,,,,,
PFZ0232,MAHARASHTRA,16.764444444444443,72.76361111111112,2545.299765024592,,,,,,,,
PFZ0233,MAHARASHTRA,16.741944444444446,72.72916666666667,2548.6629373569053,,,,,,,,
PFZ0234,MAHARASHTRA,16.704722222222223,72.70944444444444,2550.2843619180403,,,,,,,,
PFZ0235,MAHARASHTRA,16.60388888888889,72.80722222222222,2538.6683733018017,,,,,,,,
PFZ0236,MAHARASHTRA,16.56138888888889,72.83,2535.716633387916,,,,,,,,
PFZ0237,MAHARASHTRA,16.5125,72.83888888888889,2534.1534964207076,,,,,,,,
PFZ0238,MAHARASHTRA,16.4625,72.83722222222222,2533.6921584563543,,,,,,,,
PFZ0239,MAHARASHTRA,16.41333333333333,72.8286111111111,2533.9755083465348,,,,,,,,
PFZ0240,MAHARASHTRA,16.366666666666667,72.81166666666667,2535.172817446604,,,,,,,,
PFZ0241,MAHARASHTRA,16.32472222222222,72.785,2537.458971514158,,,,,,,,
PFZ0242,MAHARASHTRA,16.2875,72.75166666666667,2540.51158836907,,,,,,,,
PFZ0243,MAHARASHTRA,16.255555555555556,72.71333333333334,2544.164249318307,,,,,,,,
PFZ0244,MAHARASHTRA,16.22972222222222,72.67083333333333,2548.336954710101,,,,,,,,
PFZ0245,MAHARASHTRA,15.9675,73.2713888888889,2481.1788760797017,,,,,,,,
PFZ0246,MAHARASHTRA,15.951666666666666,73.25027777777778,2483.20576488789,,,,,,,,
PFZ0247,MAHARASHTRA,15.933055555555557,73.23138888888889,2484.9616747731234,,,,,,,,
PFZ0248,MAHARASHTRA,15.911666666666669,73.21583333333334,2486.3262450867865,,,,,,,,
PFZ0249,MAHARASHTRA,15.887777777777778,73.20444444444445,2487.2135582800256,,,,,,,,
PFZ0250,MAHARASHTRA,15.861944444444443,73.19777777777779,2487.57545757963,,,,,,,,
PFZ0251,MAHARASHTRA,15.835833333333332,73.19500000000001,2487.5170583669515,,,,,,,,
PFZ0252,MAHARASHTRA,15.809444444444445,73.19861111111112,2486.7796792530767,,,,,,,,
PFZ0253,MAHARASHTRA,15.7875,73.21305555555556,2484.9473801413196,,,,,,,,
PFZ0254,MAHARASHTRA,15.771666666666668,73.23416666666667,2482.4906044138525,,,,,,,,
PFZ0255,NORTH TAMILNADU,13.208333333333332,80.63944444444445,1652.7099484773846,,,,,,,,
PFZ0256,NORTH TAMILNADU,13.203055555555554,80.69694444444445,1646.4738561129896,,,,,,,,
PFZ0257,NORTH TAMILNADU,13.201944444444443,80.58222222222221,1658.7036809071003,,,,,,,,
PFZ0258,NORTH TAMILNADU,13.189722222222224,80.75333333333333,1640.208155492051,,,,,,,,
PFZ0259,NORTH TAMILNADU,13.163333333333334,80.80472222222222,1634.2368232208216,,,,,,,,
PFZ0260,NORTH TAMILNADU,13.160555555555556,80.54638888888888,1661.780419071292,,,,,,,,
PFZ0261,NORTH TAMILNADU,13.145833333333332,80.91694444444445,1621.9311630943287,,,,,,,,
PFZ0262,NORTH TAMILNADU,13.145833333333332,80.85944444444443,1628.0725716160584,,,,,,,,
PFZ0263,NORTH TAMILNADU,13.103333333333332,80.54805555555555,1660.5623887239171,,,,,,,,
PFZ0264,NORTH TAMILNADU,13.048055555555557,80.56444444444445,1657.8054397287626,,,,,,,,
PFZ0265,NORTH TAMILNADU,12.778055555555556,80.5125,1658.4129713097534,,,,,,,,
PFZ0266,NORTH TAMILNADU,12.735277777777776,80.5363888888889,1655.0728290063919,,,,,,,,
PFZ0267,NORTH TAMILNADU,12.697222222222225,80.5675,1651.0432620485933,,,,,,,,
PFZ0268,NORTH TAMILNADU,12.666944444444445,80.60583333333332,1646.3852684252645,,,,,,,,
PFZ0269,NORTH TAMILNADU,12.6525,80.6525,1641.124793404117,,,,,,,,
PFZ0270,NORTH TAMILNADU,12.645555555555555,80.70111111111112,1635.7958488011243,,,,,,,,
PFZ0271,NORTH TAMILNADU,12.635277777777777,80.74916666666667,1630.4640189224765,,,,,,,,
PFZ0272,NORTH TAMILNADU,12.609444444444444,80.78999999999999,1625.615468126114,,,,,,,,
PFZ0273,NORTH TAMILNADU,12.570833333333333,80.82027777777778,1621.661118694742,,,,,,,,
PFZ0274,NORTH TAMILNADU,12.536388888888888,80.85472222222222,1617.3324763819276,,,,,,,,
PFZ0275,NORTH TAMILNADU,12.409444444444444,80.49916666666667,1653.0320911369865,,,,,,,,
PFZ0276,NORTH TAMILNADU,12.35,80.48222222222222,1653.7420076234694,,,,,,,,
PFZ0277,NORTH TAMILNADU,12.300277777777778,80.44666666666667,1656.624876530204,,,,,,,,
PFZ0278,NORTH TAMILNADU,12.259722222222225,80.40027777777779,1660.8393926016158,,,,,,,,
PFZ0279,NORTH TAMILNADU,12.219166666666666,80.35388888888889,1665.055653742603,,,,,,,,
PFZ0280,NORTH TAMILNADU,12.16972222222222,80.3175,1668.0345158537527,,,,,,,,
PFZ0281,NORTH TAMILNADU,12.110277777777778,80.30194444444444,1668.5923587424247,,,,,,,,
PFZ0282,NORTH TAMILNADU,12.053611111111111,80.27888888888889,1670.0050882487108,,,,,,,,
PFZ0283,NORTH TAMILNADU,12.007777777777775,80.23777777777778,1673.5543094973912,,,,,,,,
PFZ0284,NORTH TAMILNADU,11.95,80.21722222222222,1674.676736893467,,,,,,,,
PFZ0285,NORTH TAMILNADU,11.79888888888889,80.12138888888889,1682.1188646028988,,,,,,,,
PFZ0286,NORTH TAMILNADU,11.748055555555554,80.10388888888889,1683.0406711460566,,,,,,,,
PFZ0287,NORTH TAMILNADU,11.7075,80.06833333333333,1686.0936046479878,,,,,,,,
PFZ0288,NORTH TAMILNADU,11.654166666666669,80.06055555555555,1685.9246369502805,,,,,,,,
PFZ0289,NORTH TAMILNADU,11.600833333333332,80.07027777777778,1683.8767998901492,,,,,,,,
PFZ0290,NORTH TAMILNADU,11.55,80.08916666666666,1680.886201492291,,,,,,,,
PFZ0291,NORTH TAMILNADU,11.533055555555556,80.39305555555556,1647.9422049633165,,,,,,,,
PFZ0292,NORTH TAMILNADU,11.504444444444443,80.11861111111111,1676.8615901585024,,,,,,,,
PFZ0293,NORTH TAMILNADU,11.489722222222222,80.42916666666667,1643.2414901999525,,,,,,,,
PFZ0294,NORTH TAMILNADU,11.473611111111111,80.16250000000001,1671.5660413553464,,,,,,,,
PFZ0295,NORTH TAMILNADU,11.450555555555557,80.21027777777778,1665.9990228547044,,,,,,,,
PFZ0296,NORTH TAMILNADU,11.436666666666667,80.44722222222222,1640.2904778122072,,,,,,,,
PFZ0297,NORTH TAMILNADU,11.400277777777776,80.2275,1663.1924934393808,,,,,,,,
PFZ0298,NORTH TAMILNADU,11.380277777777778,80.44083333333333,1639.899647454765,,,,,,,,
PFZ0299,NORTH TAMILNADU,11.324166666666668,80.43166666666667,1639.8110858200646,,,,,,,,
PFZ0300,NORTH TAMILNADU,11.26888888888889,80.44055555555556,1637.7979453417845,,,,,,,,
PFZ0301,NORTH TAMILNADU,11.223888888888888,80.47472222222223,1633.2673152928883,,,,,,,,
PFZ0302,NORTH TAMILNADU,11.187222222222225,80.51805555555555,1627.9041051015088,,,,,,,,
PFZ0303,NORTH TAMILNADU,11.155555555555557,80.56527777777778,1622.223264569791,,,,,,,,
PFZ0304,NORTH TAMILNADU,11.126944444444446,80.61444444444444,1616.3877539950067,,,,,,,,
PFZ0305,NORTH TAMILNADU,11.061666666666667,80.35388888888889,1643.132646328765,,,,,,,,
PFZ0306,NORTH TAMILNADU,11.011944444444444,80.34638888888888,1642.9793008901554,,,,,,,,
PFZ0307,NORTH TAMILNADU,10.961666666666666,80.34388888888888,1642.2768326371965,,,,,,,,
PFZ0308,NORTH TAMILNADU,10.911388888888888,80.34777777777778,1640.8869303684987,,,,,,,,
PFZ0309,NORTH TAMILNADU,10.862222222222222,80.3586111111111,1638.7717412397326,,,,,,,,
PFZ0310,NORTH TAMILNADU,10.816111111111113,80.3786111111111,1635.72957787499,,,,,,,,
PFZ0311,NORTH TAMILNADU,10.778333333333334,80.41166666666668,1631.438369508768,,,,,,,,
PFZ0312,NORTH TAMILNADU,10.744166666666668,80.44888888888889,1626.7734374307659,,,,,,,,
PFZ0313,NORTH TAMILNADU,10.706944444444444,80.48277777777778,1622.4011503960703,,,,,,,,
PFZ0314,NORTH TAMILNADU,10.661111111111111,80.50194444444445,1619.4479673981903,,,,,,,,
PFZ0315,SOUTH ANDHRAPRADESH,16.050833333333333,81.34138888888889,1627.9501464364316,,,,,,,,
PFZ0316,SOUTH ANDHRAPRADESH,15.968333333333334,81.485,1611.3827272676876,,,,,,,,
PFZ0317,SOUTH ANDHRAPRADESH,15.932777777777778,81.2213888888889,1638.6372857409517,,,,,,,,
PFZ0318,SOUTH ANDHRAPRADESH,15.932222222222222,81.92083333333333,1564.72206172587,,,,,,,,
PFZ0319,SOUTH ANDHRAPRADESH,15.796111111111111,82.01916666666666,1551.9824966072636,,,,,,,,
PFZ0320,SOUTH ANDHRAPRADESH,15.715,81.8425,1569.2576140989856,,,,,,,,
PFZ0321,SOUTH ANDHRAPRADESH,15.640833333333331,81.98222222222222,1553.196206023297,,,,,,,,
PFZ0322,SOUTH ANDHRAPRADESH,15.561388888888889,81.21472222222222,1633.0297193029305,,,,,,,,
PFZ0323,SOUTH ANDHRAPRADESH,15.551388888888887,81.11277777777777,1643.6478204420239,,,,,,,,
PFZ0324,SOUTH ANDHRAPRADESH,15.528055555555556,81.01472222222222,1653.6323177852823,,,,,,,,
PFZ0325,SOUTH ANDHRAPRADESH,15.266944444444444,80.53833333333333,1699.6617477776758,,,,,,,,
PFZ0326,SOUTH ANDHRAPRADESH,15.23,80.40916666666668,1712.7298758686504,,,,,,,,
PFZ0327,SOUTH ANDHRAPRADESH,15.15388888888889,80.29944444444445,1723.079497418337,,,,,,,,
PFZ0328,SOUTH ANDHRAPRADESH,14.799722222222222,80.50194444444445,1695.5320516299219,,,,,,,,
PFZ0329,SOUTH ANDHRAPRADESH,14.678055555555554,80.54805555555555,1688.5324305677384,,,,,,,,
PFZ0330,SOUTH ANDHRAPRADESH,14.59388888888889,80.63777777777779,1677.5361677643766,,,,,,,,
PFZ0331,SOUTH ANDHRAPRADESH,14.256666666666666,80.52194444444444,1683.9629886676512,,,,,,,,
PFZ0332,SOUTH ANDHRAPRADESH,14.142777777777775,80.5261111111111,1681.518369549337,,,,,,,,
PFZ0333,SOUTH ANDHRAPRADESH,14.03472222222222,80.49027777777778,1683.4299600411675,,,,,,,,
PFZ0334,SOUTH ANDHRAPRADESH,13.826944444444443,80.62222222222222,1665.68465374231,,,,,,,,
PFZ0335,SOUTH ANDHRAPRADESH,13.799444444444443,80.73583333333333,1653.083653920905,,,,,,,,
PFZ0336,SOUTH ANDHRAPRADESH,13.790555555555557,80.51694444444445,1676.2575548726143,,,,,,,,
PFZ0337,SOUTH ANDHRAPRADESH,13.734166666666663,80.83333333333333,1641.5233826713252,,,,,,,,
GRID_0001,INDIAN_MARINE,18.5,78.25,1991.3825731577012,,,,,,,,
GRID_0002,INDIAN_MARINE,14.0,68.25,2990.5383192371387,,,,,,,,
GRID_0003,INDIAN_MARINE,16.0,82.5,1504.735136389039,,,,,,,,
GRID_0004,INDIAN_MARINE,20.0,83.25,1521.4333809455954,,,,,,,,
GRID_0005,INDIAN_MARINE,7.75,72.25,2461.146802823152,,,,,,,,
GRID_0006,INDIAN_MARINE,19.5,78.75,1959.8095132577034,,,,,,,,
GRID_0007,INDIAN_MARINE,10.0,79.0,1768.3138022018,,,,,,,,
GRID_0008,INDIAN_MARINE,13.25,72.5,2524.343501345362,,,,,,,,
GRID_0009,INDIAN_MARINE,6.25,74.75,2173.649988713509,,,,,,,,
GRID_0010,INDIAN_MARINE,8.0,74.75,2190.8086063488454,,,,,,,,
GRID_0011,INDIAN_MARINE,12.5,79.25,1788.4669430172041,,,,,,,,
GRID_0012,INDIAN_MARINE,11.0,74.5,2271.9817035307515,,,,,,,,
GRID_0013,INDIAN_MARINE,17.75,77.75,2032.6620822333996,,,,,,,,
GRID_0014,INDIAN_MARINE,14.75,93.5,319.8401416973434,,,,,,,,
GRID_0015,INDIAN_MARINE,21.25,70.75,2815.49434167495,,,,,,,,
GRID_0016,INDIAN_MARINE,12.25,88.25,821.4820493323843,,,,,,,,
GRID_0017,INDIAN_MARINE,13.0,78.75,1850.9301647819707,,,,,,,,
GRID_0018,INDIAN_MARINE,21.5,68.5,3049.852561264565,,,,,,,,
GRID_0019,INDIAN_MARINE,14.0,79.25,1814.9716015011923,,,,,,,,
GRID_0020,INDIAN_MARINE,10.25,91.0,483.6160152735459,,,,,,,,
GRID_0021,INDIAN_MARINE,13.0,71.0,2681.418512061414,,,,,,,,
GRID_0022,INDIAN_MARINE,13.25,85.0,1188.3937379850533,,,,,,,,
GRID_0023,INDIAN_MARINE,20.75,77.0,2169.388464042287,,,,,,,,
GRID_0024,INDIAN_MARINE,14.75,70.75,2733.224607434635,,,,,,,,
GRID_0025,INDIAN_MARINE,13.75,70.5,2746.0771358645816,,,,,,,,
GRID_0026,INDIAN_MARINE,16.0,92.0,505.4486224334233,,,,,,,,
GRID_0027,INDIAN_MARINE,5.75,77.5,1867.650933731419,,,,,,,,
GRID_0028,INDIAN_MARINE,20.25,73.0,2566.03361102895,,,,,,,,
GRID_0029,INDIAN_MARINE,7.75,72.75,2406.3445576528807,,,,,,,,
GRID_0030,INDIAN_MARINE,14.0,86.25,1070.3272995759644,,,,,,,,
GRID_0031,INDIAN_MARINE,10.5,92.75,301.98550491119386,,,,,,,,
GRID_0032,INDIAN_MARINE,6.25,70.25,2670.7041180153933,,,,,,,,
GRID_0033,INDIAN_MARINE,12.25,71.25,2642.917490375685,,,,,,,,
GRID_0034,INDIAN_MARINE,10.75,90.75,521.6348390853142,,,,,,,,
GRID_0035,INDIAN_MARINE,21.75,71.75,2724.5075338617457,,,,,,,,
GRID_0036,INDIAN_MARINE,8.5,81.5,1468.2461772000063,,,,,,,,
GRID_0037,INDIAN_MARINE,6.5,77.75,1844.3626759905464,,,,,,,,
GRID_0038,INDIAN_MARINE,12.75,78.5,1873.2634402074113,,,,,,,,
GRID_0039,INDIAN_MARINE,12.75,81.0,1605.7612597929037,,,,,,,,
GRID_0040,INDIAN_MARINE,11.75,90.25,597.2915655436054,,,,,,,,
GRID_0041,INDIAN_MARINE,7.0,74.75,2178.976345360417,,,,,,,,
GRID_0042,INDIAN_MARINE,8.75,90.0,557.1026655191782,,,,,,,,
GRID_0043,INDIAN_MARINE,18.5,77.0,2121.835975704317,,,,,,,,
GRID_0044,INDIAN_MARINE,14.5,75.25,2249.5534604465793,,,,,,,,
GRID_0045,INDIAN_MARINE,15.25,77.5,2021.779637945734,,,,,,,,
GRID_0046,INDIAN_MARINE,17.5,80.25,1766.384064293353,,,,,,,,
GRID_0047,INDIAN_MARINE,20.0,80.0,1845.7582843643436,,,,,,,,
GRID_0048,INDIAN_MARINE,9.5,73.75,2325.575359281299,,,,,,,,
GRID_0049,INDIAN_MARINE,11.25,80.25,1657.9077778945893,,,,,,,,
GRID_0050,INDIAN_MARINE,19.0,72.5,2598.8862340713504,,,,,,,,
GRID_0051,INDIAN_MARINE,19.5,72.5,2605.5110864527874,,,,,,,,
GRID_0052,INDIAN_MARINE,8.25,71.75,2521.941361882984,,,,,,,,
GRID_0053,INDIAN_MARINE,11.25,85.25,1121.3746340818377,,,,,,,,
GRID_0054,INDIAN_MARINE,12.75,90.25,619.225594825797,,,,,,,,
GRID_0055,INDIAN_MARINE,7.75,94.75,22.727669856292952,5.0600000000000005,1.192,5.86,214.49,129858.0,0.169,302.44,2024-06-16 11:38:20.232767104
GRID_0056,INDIAN_MARINE,10.0,79.25,1741.3617604105093,,,,,,,,
GRID_0057,INDIAN_MARINE,13.25,75.5,2202.9770282293484,,,,,,,,
GRID_0058,INDIAN_MARINE,13.0,76.25,2118.519601343079,,,,,,,,
GRID_0059,INDIAN_MARINE,13.25,84.0,1294.9455291742354,,,,,,,,
GRID_0060,INDIAN_MARINE,15.0,91.5,535.9905498851929,,,,,,,,
GRID_0061,INDIAN_MARINE,14.5,70.75,2729.83169143678,,,,,,,,
GRID_0062,INDIAN_MARINE,8.5,69.0,2825.668372353763,,,,,,,,
GRID_0063,INDIAN_MARINE,18.25,82.5,1545.0059243113938,,,,,,,,
GRID_0064,INDIAN_MARINE,13.5,77.5,1993.220131532727,,,,,,,,
GRID_0065,INDIAN_MARINE,10.5,82.5,1401.3558346198406,,,,,,,,
GRID_0066,INDIAN_MARINE,10.25,76.0,2096.6018848094627,,,,,,,,
GRID_0067,INDIAN_MARINE,14.25,77.25,2032.3620292637127,,,,,,,,
GRID_0068,INDIAN_MARINE,17.75,80.5,1744.0249009967429,,,,,,,,
GRID_0069,INDIAN_MARINE,14.75,82.0,1535.6092594903068,,,,,,,,
GRID_0070,INDIAN_MARINE,10.5,76.75,2020.3963814667359,,,,,,,,
GRID_0071,INDIAN_MARINE,8.75,70.0,2719.7189891043795,,,,,,,,
GRID_0072,INDIAN_MARINE,19.25,78.0,2031.3910314516131,,,,,,,,
GRID_0073,INDIAN_MARINE,10.0,92.0,370.77153540867107,,,,,,,,
GRID_0074,INDIAN_MARINE,11.5,95.0,85.31494990226689,,,,,,,,
GRID_0075,INDIAN_MARINE,19.75,82.75,1562.0569964618435,,,,,,,,
GRID_0076,INDIAN_MARINE,22.0,74.5,2454.799540087239,,,,,,,,
GRID_0077,INDIAN_MARINE,15.0,79.25,1831.8843128289554,,,,,,,,
GRID_0078,INDIAN_MARINE,15.75,91.25,578.5399482532332,,,,,,,,
GRID_0079,INDIAN_MARINE,9.0,71.75,2533.0458194061075,,,,,,,,
GRID_0080,INDIAN_MARINE,14.5,93.25,340.48806182082507,,,,,,,,
GRID_0081,INDIAN_MARINE,11.25,77.0,2007.3119590463261,,,,,,,,
GRID_0082,INDIAN_MARINE,16.75,90.5,681.3901056634551,,,,,,,,
GRID_0083,INDIAN_MARINE,8.75,79.75,1662.4565034262837,,,,,,,,
GRID_0084,INDIAN_MARINE,8.0,81.75,1430.7539802215722,,,,,,,,
GRID_0085,INDIAN_MARINE,14.0,75.25,2241.7679392815426,,,,,,,,
GRID_0086,INDIAN_MARINE,13.0,83.0,1396.799042100387,,,,,,,,
GRID_0087,INDIAN_MARINE,13.5,71.5,2635.2995543782263,,,,,,,,
GRID_0088,INDIAN_MARINE,16.5,79.25,1856.0864559175716,,,,,,,,
GRID_0089,INDIAN_MARINE,18.25,68.5,3011.2621321050724,,,,,,,,
GRID_0090,INDIAN_MARINE,10.25,81.75,1477.0209357198703,,,,,,,,
GRID_0091,INDIAN_MARINE,12.0,90.75,549.492593234941,,,,,,,,
GRID_0092,INDIAN_MARINE,13.0,91.25,518.4617772166239,,,,,,,,
GRID_0093,INDIAN_MARINE,12.5,72.5,2512.549189565296,,,,,,,,
GRID_0094,INDIAN_MARINE,11.75,89.0,730.7207015090963,,,,,,,,
GRID_0095,INDIAN_MARINE,18.5,75.25,2304.911517008727,,,,,,,,
GRID_0096,INDIAN_MARINE,12.0,74.25,2316.2463073253025,,,,,,,,
GRID_0097,INDIAN_MARINE,16.25,69.75,2858.5062798385006,,,,,,,,
GRID_0098,INDIAN_MARINE,18.75,69.75,2884.3923878178343,,,,,,,,
GRID_0099,INDIAN_MARINE,10.75,91.25,468.1332309373141,,,,,,,,
GRID_0100,INDIAN_MARINE,13.75,92.75,376.2816693656831,,,,,,,,
GRID_0101,INDIAN_MARINE,9.25,94.25,112.1542682859171,,,,,,,,
GRID_0102,INDIAN_MARINE,13.5,72.0,2581.7284689036205,,,,,,,,
GRID_0103,INDIAN_MARINE,21.5,73.0,2592.3408235264155,,,,,,,,
GRID_0104,INDIAN_MARINE,17.0,74.75,2338.3831190270253,,,,,,,,
GRID_0105,INDIAN_MARINE,18.0,84.5,1332.586464139547,,,,,,,,
GRID_0106,INDIAN_MARINE,6.75,93.25,160.60720676225841,,,,,,,,
GRID_0107,INDIAN_MARINE,8.25,75.75,2085.7582076541967,,,,,,,,
GRID_0108,INDIAN_MARINE,13.0,81.25,1583.6733733232497,,,,,,,,
GRID_0109,INDIAN_MARINE,15.25,81.0,1650.435388977986,,,,,,,,
GRID_0110,INDIAN_MARINE,16.0,77.0,2086.328411445487,,,,,,,,
GRID_0111,INDIAN_MARINE,22.0,73.0,2604.756162529988,,,,,,,,
GRID_0112,INDIAN_MARINE,17.0,68.0,3052.1955661748566,,,,,,,,
GRID_0113,INDIAN_MARINE,15.0,83.5,1381.0848718140994,,,,,,,,
GRID_0114,INDIAN_MARINE,12.0,72.75,2477.5344585337007,,,,,,,,
GRID_0115,INDIAN_MARINE,10.5,97.0,129.058216737484,,,,,,,,
GRID_0116,INDIAN_MARINE,17.25,74.25,2394.4015703307114,,,,,,,,
GRID_0117,INDIAN_MARINE,14.75,71.0,2706.5429013663397,,,,,,,,
GRID_0118,INDIAN_MARINE,12.5,73.75,2378.302648389953,,,,,,,,
GRID_0119,INDIAN_MARINE,19.75,81.75,1662.0799561237193,,,,,,,,
GRID_0120,INDIAN_MARINE,20.25,80.5,1803.093227746449,,,,,,,,
GRID_0121,INDIAN_MARINE,13.5,73.75,2394.3195783640376,,,,,,,,
GRID_0122,INDIAN_MARINE,8.75,80.0,1635.4463993806028,,,,,,,,
GRID_0123,INDIAN_MARINE,7.25,91.5,361.1175047874194,,,,,,,,
GRID_0124,INDIAN_MARINE,15.0,70.75,2736.561788367612,,,,,,,,
GRID_0125,INDIAN_MARINE,12.75,82.5,1445.4233842716499,,,,,,,,
GRID_0126,INDIAN_MARINE,13.5,96.5,25.779842293400623,4.71,1.181,5.24,233.73000000000002,177216.0,0.097,302.31,2024-06-16 11:36:42.103645824
GRID_0127,INDIAN_MARINE,6.0,71.0,2587.095261363718,,,,,,,,
GRID_0128,INDIAN_MARINE,19.0,71.75,2677.2979606215245,,,,,,,,
GRID_0129,INDIAN_MARINE,17.0,70.0,2840.4765144774447,,,,,,,,
GRID_0130,INDIAN_MARINE,9.75,91.75,391.83966573495843,,,,,,,,
GRID_0131,INDIAN_MARINE,11.5,76.25,2092.4993906054087,,,,,,,,
GRID_0132,INDIAN_MARINE,11.25,82.5,1416.3082927795203,,,,,,,,
GRID_0133,INDIAN_MARINE,11.0,90.0,607.4318792050504,,,,,,,,
GRID_0134,INDIAN_MARINE,5.5,74.75,2171.3907187276964,,,,,,,,
GRID_0135,INDIAN_MARINE,9.5,71.75,2541.8483785309018,,,,,,,,
GRID_0136,INDIAN_MARINE,15.25,78.0,1968.6874416601859,,,,,,,,
GRID_0137,INDIAN_MARINE,11.25,68.5,2923.203550945974,,,,,,,,
GRID_0138,INDIAN_MARINE,9.25,79.0,1753.5307904650915,,,,,,,,
GRID_0139,INDIAN_MARINE,13.25,68.25,2980.2865518230055,,,,,,,,
GRID_0140,INDIAN_MARINE,15.25,73.0,2500.2317933094796,,,,,,,,
GRID_0141,INDIAN_MARINE,16.75,81.0,1675.5671329545987,,,,,,,,
GRID_0142,INDIAN_MARINE,17.0,93.5,401.4565345389099,,,,,,,,
GRID_0143,INDIAN_MARINE,13.5,89.5,715.0790799140561,,,,,,,,
GRID_0144,INDIAN_MARINE,17.0,82.75,1495.6271001093094,,,,,,,,
GRID_0145,INDIAN_MARINE,8.75,95.75,60.75142903882238,,,,,,,,
GRID_0146,INDIAN_MARINE,8.0,79.0,1728.2753293732758,,,,,,,,
GRID_0147,INDIAN_MARINE,9.75,70.5,2681.5831284890555,,,,,,,,
GRID_0148,INDIAN_MARINE,7.5,70.5,2650.7391870944753,,,,,,,,
GRID_0149,INDIAN_MARINE,8.75,68.5,2883.391136572658,,,,,,,,
GRID_0150,INDIAN_MARINE,17.25,91.5,600.9105707237383,,,,,,,,
GRID_0151,INDIAN_MARINE,13.25,93.0,338.4709668328042,,,,,,,,
GRID_0152,INDIAN_MARINE,6.0,76.5,1979.1588027548985,,,,,,,,
GRID_0153,INDIAN_MARINE,20.0,80.75,1770.254846902944,,,,,,,,
GRID_0154,INDIAN_MARINE,11.25,74.25,2303.3212121655024,,,,,,,,
GRID_0155,INDIAN_MARINE,16.0,79.0,1874.623271067117,,,,,,,,
GRID_0156,INDIAN_MARINE,6.25,80.75,1511.6864172539956,,,,,,,,
GRID_0157,INDIAN_MARINE,5.75,77.25,1895.298165632821,,,,,,,,
GRID_0158,INDIAN_MARINE,6.5,80.5,1541.6139675115037,,,,,,,,
GRID_0159,INDIAN_MARINE,9.5,95.5,16.100384207843966,4.6000000000000005,1.1500000000000001,5.4,228.54,220257.0,0.014,302.51,2024-06-16 11:37:49.236561792
GRID_0160,INDIAN_MARINE,6.75,71.75,2507.484820823258,,,,,,,,
GRID_0161,INDIAN_MARINE,18.75,72.0,2648.3884189142573,,,,,,,,
GRID_0162,INDIAN_MARINE,12.25,75.5,2186.214740884703,,,,,,,,
GRID_0163,INDIAN_MARINE,12.25,82.0,1489.3531182611287,,,,,,,,
GRID_0164,INDIAN_MARINE,17.75,73.75,2453.310716952974,,,,,,,,
GRID_0165,INDIAN_MARINE,19.75,79.5,1889.4856057200388,,,,,,,,
GRID_0166,INDIAN_MARINE,7.25,70.5,2648.6601137517287,,,,,,,,
GRID_0167,INDIAN_MARINE,14.75,82.75,1456.026674210606,,,,,,,,
GRID_0168,INDIAN_MARINE,16.25,78.75,1904.9914026052347,,,,,,,,
GRID_0169,INDIAN_MARINE,11.5,71.75,2576.881501844548,,,,,,,,
GRID_0170,INDIAN_MARINE,7.0,81.25,1465.7932248273837,,,,,,,,
GRID_0171,INDIAN_MARINE,16.25,85.75,1166.729424905354,,,,,,,,
GRID_0172,INDIAN_MARINE,5.75,71.25,2558.972680077803,,,,,,,,
GRID_0173,INDIAN_MARINE,21.75,70.0,2901.793347027417,,,,,,,,
GRID_0174,INDIAN_MARINE,6.75,77.25,1901.6298376962156,,,,,,,,
GRID_0175,INDIAN_MARINE,5.75,80.0,1591.2240551286727,,,,,,,,
GRID_0176,INDIAN_MARINE,9.5,91.0,466.6144214679578,,,,,,,,
GRID_0177,INDIAN_MARINE,12.25,79.5,1757.1265670476353,,,,,,,,
GRID_0178,INDIAN_MARINE,9.75,82.75,1359.2132148350724,,,,,,,,
GRID_0179,INDIAN_MARINE,11.25,72.75,2464.9108415403616,,,,,,,,
GRID_0180,INDIAN_MARINE,10.75,95.0,67.53070270431603,,,,,,,,
GRID_0181,INDIAN_MARINE,18.25,84.0,1390.383769643941,,,,,,,,
GRID_0182,INDIAN_MARINE,15.75,71.0,2719.6327236765023,,,,,,,,
GRID_0183,INDIAN_MARINE,13.75,69.0,2906.792821529453,,,,,,,,
GRID_0184,INDIAN_MARINE,17.75,80.25,1770.2442246869166,,,,,,,,
GRID_0185,INDIAN_MARINE,14.0,71.25,2669.3667241149224,,,,,,,,
GRID_0186,INDIAN_MARINE,16.25,92.0,512.3236894876136,,,,,,,,
GRID_0187,INDIAN_MARINE,9.0,89.25,643.4197206732397,,,,,,,,
GRID_0188,INDIAN_MARINE,17.0,92.5,493.1107705438081,,,,,,,,
GRID_0189,INDIAN_MARINE,9.75,94.25,123.94885357956355,,,,,,,,
GRID_0190,INDIAN_MARINE,21.25,74.25,2459.96098064648,,,,,,,,
GRID_0191,INDIAN_MARINE,10.5,74.25,2289.9742853722855,,,,,,,,
GRID_0192,INDIAN_MARINE,14.75,71.25,2679.8603291926665,,,,,,,,
GRID_0193,INDIAN_MARINE,16.25,93.75,336.79471398638304,,,,,,,,
GRID_0194,INDIAN_MARINE,11.0,95.25,46.78029633106536,4.68,1.629,5.39,232.81,217595.0,0.116,302.49,2024-06-16 11:37:26.515666944
GRID_0195,INDIAN_MARINE,5.75,80.25,1563.586992342944,,,,,,,,
GRID_0196,INDIAN_MARINE,20.0,72.75,2587.410879056405,,,,,,,,
GRID_0197,INDIAN_MARINE,14.5,72.0,2596.32424048439,,,,,,,,
GRID_0198,INDIAN_MARINE,11.25,83.5,1309.0147638803394,,,,,,,,
GRID_0199,INDIAN_MARINE,17.0,74.0,2417.586164965627,,,,,,,,
GRID_0200,INDIAN_MARINE,10.0,82.0,1445.0744884305902,,,,,,,,
GRID_0201,INDIAN_MARINE,10.25,75.25,2177.515069810205,,,,,,,,
GRID_0202,INDIAN_MARINE,10.25,94.5,109.01211720960951,,,,,,,,
GRID_0203,INDIAN_MARINE,12.25,76.25,2105.702345736351,,,,,,,,
GRID_0204,INDIAN_MARINE,16.75,92.0,530.1862222837198,,,,,,,,
GRID_0205,INDIAN_MARINE,5.25,80.25,1562.3169186431346,,,,,,,,
GRID_0206,INDIAN_MARINE,11.0,88.75,741.1925997864145,,,,,,,,
GRID_0207,INDIAN_MARINE,7.75,80.0,1614.9673346384727,,,,,,,,
GRID_0208,INDIAN_MARINE,12.5,71.75,2593.1284881651873,,,,,,,,
GRID_0209,INDIAN_MARINE,19.5,81.0,1730.3541803301705,,,,,,,,
GRID_0210,INDIAN_MARINE,6.25,73.25,2339.300722748068,,,,,,,,
GRID_0211,INDIAN_MARINE,9.0,95.0,25.740554849018643,4.7,1.299,5.28,221.06,180344.0,0.084,302.49,2024-06-16 11:37:59.566852096
GRID_0212,INDIAN_MARINE,15.5,84.75,1258.1125907984406,,,,,,,,
GRID_0213,INDIAN_MARINE,9.75,74.75,2222.192027396893,,,,,,,,
GRID_0214,INDIAN_MARINE,11.75,92.75,330.7579604839666,,,,,,,,
GRID_0215,INDIAN_MARINE,20.75,71.25,2754.9449114461063,,,,,,,,
GRID_0216,INDIAN_MARINE,6.5,74.75,2175.085500327967,,,,,,,,
GRID_0217,INDIAN_MARINE,10.75,79.0,1782.776967603271,,,,,,,,
GRID_0218,INDIAN_MARINE,16.75,68.5,2996.6503738438196,,,,,,,,
GRID_0219,INDIAN_MARINE,8.25,82.25,1381.9828708058153,,,,,,,,
GRID_0220,INDIAN_MARINE,20.75,75.0,2371.894044943962,,,,,,,,
GRID_0221,INDIAN_MARINE,9.0,78.0,1856.5748172702258,,,,,,,,
GRID_0222,INDIAN_MARINE,16.25,82.75,1482.715937968657,,,,,,,,
GRID_0223,INDIAN_MARINE,10.0,80.5,1606.6478018753837,,,,,,,,
GRID_0224,INDIAN_MARINE,17.0,94.25,338.629226082176,,,,,,,,
GRID_0225,INDIAN_MARINE,12.5,92.5,374.4740492667865,,,,,,,,
GRID_0226,INDIAN_MARINE,16.5,81.75,1592.404718811716,,,,,,,,
GRID_0227,INDIAN_MARINE,6.75,70.5,2645.322741572537,,,,,,,,
GRID_0228,INDIAN_MARINE,8.5,72.0,2498.0946566860507,,,,,,,,
GRID_0229,INDIAN_MARINE,7.75,93.5,157.27266582259958,,,,,,,,
GRID_0230,INDIAN_MARINE,12.75,94.0,220.96762236180354,,,,,,,,
GRID_0231,INDIAN_MARINE,9.25,95.75,48.76278985143765,4.82,1.25,5.3500000000000005,226.15,206856.0,0.037,302.5,2024-06-16 11:37:52.334863232
GRID_0232,INDIAN_MARINE,5.25,80.0,1589.9986619146548,,,,,,,,
GRID_0233,INDIAN_MARINE,19.75,76.5,2196.261870404844,,,,,,,,
GRID_0234,INDIAN_MARINE,17.25,81.75,1604.8630910958448,,,,,,,,
GRID_0235,INDIAN_MARINE,17.25,72.5,2579.088099493641,,,,,,,,
GRID_0236,INDIAN_MARINE,8.75,91.75,368.8809151784528,,,,,,,,
GRID_0237,INDIAN_MARINE,7.75,76.0,2050.6818632711047,,,,,,,,
GRID_0238,INDIAN_MARINE,8.5,95.5,39.93201435054905,4.23,1.178,5.36,217.05,165338.0,0.151,302.47,2024-06-16 11:38:05.766627840
GRID_0239,INDIAN_MARINE,16.0,83.5,1399.202858979281,,,,,,,,
GRID_0240,INDIAN_MARINE,11.75,70.25,2742.5644681739063,,,,,,,,
GRID_0241,INDIAN_MARINE,11.0,82.5,1411.3529937279202,,,,,,,,
GRID_0242,INDIAN_MARINE,14.0,89.25,752.1974331158799,,,,,,,,
GRID_0243,INDIAN_MARINE,14.25,72.75,2512.61949818501,,,,,,,,
GRID_0244,INDIAN_MARINE,7.25,71.75,2511.146284334262,,,,,,,,
GRID_0245,INDIAN_MARINE,12.5,70.25,2754.35813335892,,,,,,,,
GRID_0246,INDIAN_MARINE,11.25,74.75,2249.4786457236114,,,,,,,,
GRID_0247,INDIAN_MARINE,7.0,71.5,2536.7029584268344,,,,,,,,
GRID_0248,INDIAN_MARINE,7.75,95.75,84.89345047202976,,,,,,,,
GRID_0249,INDIAN_MARINE,13.75,70.25,2772.8570873030703,,,,,,,,
GRID_0250,INDIAN_MARINE,11.25,97.0,110.70283675571164,,,,,,,,
GRID_0251,INDIAN_MARINE,18.75,81.75,1634.0678727423413,,,,,,,,
GRID_0252,INDIAN_MARINE,8.0,70.0,2710.5077515543035,,,,,,,,
GRID_0253,INDIAN_MARINE,5.0,76.25,2005.455766344546,,,,,,,,
GRID_0254,INDIAN_MARINE,7.25,89.5,576.96711160598,,,,,,,,
GRID_0255,INDIAN_MARINE,17.25,77.0,2104.5077091718613,,,,,,,,
GRID_0256,INDIAN_MARINE,10.25,96.75,131.39567352178082,,,,,,,,
GRID_0257,INDIAN_MARINE,8.25,75.25,2140.1606751670433,,,,,,,,
GRID_0258,INDIAN_MARINE,18.5,77.25,2095.7219771809187,,,,,,,,
GRID_0259,INDIAN_MARINE,13.5,89.25,741.6106755741981,,,,,,,,
GRID_0260,INDIAN_MARINE,5.0,74.0,2254.6616468333273,,,,,,,,
GRID_0261,INDIAN_MARINE,11.5,88.5,778.7528162349521,,,,,,,,
GRID_0262,INDIAN_MARINE,16.0,79.75,1795.2942157086673,,,,,,,,
GRID_0263,INDIAN_MARINE,9.25,92.0,353.52909357595604,,,,,,,,
GRID_0264,INDIAN_MARINE,16.0,72.75,2536.944733940846,,,,,,,,
GRID_0265,INDIAN_MARINE,9.5,83.75,1246.3260696172822,,,,,,,,
GRID_0266,INDIAN_MARINE,16.25,82.0,1561.8121065736264,,,,,,,,
GRID_0267,INDIAN_MARINE,5.25,76.5,1977.5470394278345,,,,,,,,
GRID_0268,INDIAN_MARINE,17.75,73.0,2532.2792314818835,,,,,,,,
GRID_0269,INDIAN_MARINE,10.5,68.0,2964.8930891776417,,,,,,,,
GRID_0270,INDIAN_MARINE,13.5,69.25,2876.500151659285,,,,,,,,
GRID_0271,INDIAN_MARINE,12.25,78.75,1837.5216610649986,,,,,,,,
GRID_0272,INDIAN_MARINE,9.25,88.75,702.7700928475265,,,,,,,,
GRID_0273,INDIAN_MARINE,20.25,76.75,2181.948709086024,,,,,,,,
GRID_0274,INDIAN_MARINE,14.0,94.25,223.57351245133438,,,,,,,,
GRID_0275,INDIAN_MARINE,9.5,71.5,2568.8913495579613,,,,,,,,
GRID_0276,INDIAN_MARINE,13.25,76.5,2095.951967999013,,,,,,,,
GRID_0277,INDIAN_MARINE,8.5,90.0,551.445103438338,,,,,,,,
GRID_0278,INDIAN_MARINE,12.0,83.25,1350.6927034112534,,,,,,,,
GRID_0279,INDIAN_MARINE,9.25,68.5,2890.2311882515446,,,,,,,,
GRID_0280,INDIAN_MARINE,16.75,93.25,409.57758889091093,,,,,,,,
GRID_0281,INDIAN_MARINE,7.75,71.0,2598.2298491345955,,,,,,,,
GRID_0282,INDIAN_MARINE,16.75,83.25,1438.7617360621596,,,,,,,,
GRID_0283,INDIAN_MARINE,12.5,68.0,2996.3655649500924,,,,,,,,
GRID_0284,INDIAN_MARINE,9.0,74.75,2207.9448379432497,,,,,,,,
GRID_0285,INDIAN_MARINE,9.5,94.0,144.84215341960993,,,,,,,,
GRID_0286,INDIAN_MARINE,12.75,77.0,2033.9207963597376,,,,,,,,
GRID_0287,INDIAN_MARINE,12.5,80.25,1681.3855881174188,,,,,,,,
GRID_0288,INDIAN_MARINE,13.5,90.0,662.0397790451004,,,,,,,,
GRID_0289,INDIAN_MARINE,19.5,69.75,2891.830874659676,,,,,,,,
GRID_0290,INDIAN_MARINE,14.0,69.25,2883.439160462461,,,,,,,,
GRID_0291,INDIAN_MARINE,9.75,72.0,2519.38060037924,,,,,,,,
GRID_0292,INDIAN_MARINE,16.0,90.5,662.5992314709799,,,,,,,,
GRID_0293,INDIAN_MARINE,21.5,70.0,2896.8178056894717,,,,,,,,
GRID_0294,INDIAN_MARINE,11.0,69.25,2838.183211284442,,,,,,,,
GRID_0295,INDIAN_MARINE,8.25,74.75,2194.6027956298753,,,,,,,,
GRID_0296,INDIAN_MARINE,14.0,69.75,2829.9049275459683,,,,,,,,
GRID_0297,INDIAN_MARINE,18.25,80.0,1804.6383082321247,,,,,,,,
GRID_0298,INDIAN_MARINE,6.0,72.0,2476.539281668456,,,,,,,,
GRID_0299,INDIAN_MARINE,15.25,76.0,2181.1425878078308,,,,,,,,
GRID_0300,INDIAN_MARINE,12.0,90.5,576.1451806387403,,,,,,,,
GRID_0301,INDIAN_MARINE,15.5,82.75,1469.5126209431864,,,,,,,,
GRID_0302,INDIAN_MARINE,12.75,71.0,2677.6047089118024,,,,,,,,
GRID_0303,INDIAN_MARINE,11.75,78.25,1882.0767617275624,,,,,,,,
GRID_0304,INDIAN_MARINE,19.75,73.5,2505.683253127547,,,,,,,,
GRID_0305,INDIAN_MARINE,16.25,73.75,2434.201041281797,,,,,,,,
GRID_0306,INDIAN_MARINE,7.5,93.0,205.2240513720755,,,,,,,,
GRID_0307,INDIAN_MARINE,6.25,79.75,1621.909056351705,,,,,,,,
GRID_0308,INDIAN_MARINE,6.5,70.5,2644.065481718893,,,,,,,,
GRID_0309,INDIAN_MARINE,18.5,77.5,2069.619153266739,,,,,,,,
GRID_0310,INDIAN_MARINE,11.75,72.0,2554.1088455700883,,,,,,,,
GRID_0311,INDIAN_MARINE,11.0,76.75,2029.6476519874811,,,,,,,,
GRID_0312,INDIAN_MARINE,15.75,68.5,2985.5942039925226,,,,,,,,
GRID_0313,INDIAN_MARINE,9.0,75.0,2180.9026482094528,,,,,,,,
GRID_0314,INDIAN_MARINE,19.75,68.5,3024.8816427375555,,,,,,,,
GRID_0315,INDIAN_MARINE,12.25,78.0,1917.9446670851166,,,,,,,,
GRID_0316,INDIAN_MARINE,10.25,79.5,1719.2999760216321,,,,,,,,
GRID_0317,INDIAN_MARINE,12.5,84.75,1200.1927317341108,,,,,,,,
GRID_0318,INDIAN_MARINE,12.0,83.5,1323.9341392881875,,,,,,,,
GRID_0319,INDIAN_MARINE,7.75,78.25,1805.2245506995407,,,,,,,,
GRID_0320,INDIAN_MARINE,13.0,73.5,2413.2157378784455,,,,,,,,
GRID_0321,INDIAN_MARINE,12.75,74.0,2355.5596146203056,,,,,,,,
GRID_0322,INDIAN_MARINE,7.5,76.75,1965.1806246200424,,,,,,,,
GRID_0323,INDIAN_MARINE,9.75,94.0,150.7392431142385,,,,,,,,
GRID_0324,INDIAN_MARINE,5.0,74.25,2226.972429614512,,,,,,,,
GRID_0325,INDIAN_MARINE,15.75,81.0,1658.9535429758828,,,,,,,,
GRID_0326,INDIAN_MARINE,14.25,71.25,2672.9220441190914,,,,,,,,
GRID_0327,INDIAN_MARINE,12.0,77.75,1940.2865570992267,,,,,,,,
GRID_0328,INDIAN_MARINE,10.5,93.5,221.81909368704612,,,,,,,,
GRID_0329,INDIAN_MARINE,16.75,72.5,2573.0134060620026,,,,,,,,
GRID_0330,INDIAN_MARINE,13.0,91.75,465.3756303222807,,,,,,,,
GRID_0331,INDIAN_MARINE,10.25,79.0,1773.1711160899044,,,,,,,,
GRID_0332,INDIAN_MARINE,14.75,73.75,2413.2151209576514,,,,,,,,
GRID_0333,INDIAN_MARINE,11.75,70.75,2688.709445860223,,,,,,,,
GRID_0334,INDIAN_MARINE,15.75,93.5,342.99586570440323,,,,,,,,
GRID_0335,INDIAN_MARINE,15.0,76.5,2124.1559962685233,,,,,,,,
GRID_0336,INDIAN_MARINE,17.25,74.5,2368.02845333958,,,,,,,,
GRID_0337,INDIAN_MARINE,11.5,91.5,458.34128823763825,,,,,,,,
GRID_0338,INDIAN_MARINE,10.25,84.75,1154.34270529032,,,,,,,,
GRID_0339,INDIAN_MARINE,20.5,77.25,2137.4643719312603,,,,,,,,
GRID_0340,INDIAN_MARINE,9.0,71.25,2587.3678138384366,,,,,,,,
GRID_0341,INDIAN_MARINE,10.5,69.75,2775.7844856564466,,,,,,,,
GRID_0342,INDIAN_MARINE,16.25,77.5,2037.1604280666188,,,,,,,,
GRID_0343,INDIAN_MARINE,6.75,82.25,1352.6608500917146,,,,,,,,
GRID_0344,INDIAN_MARINE,7.75,94.0,103.44705553169811,,,,,,,,
GRID_0345,INDIAN_MARINE,16.25,79.25,1852.1505015288951,,,,,,,,
GRID_0346,INDIAN_MARINE,20.5,72.75,2596.39327043498,,,,,,,,
GRID_0347,INDIAN_MARINE,14.75,90.5,635.996361587235,,,,,,,,
GRID_0348,INDIAN_MARINE,11.75,91.5,463.9697157737325,,,,,,,,
GRID_0349,INDIAN_MARINE,15.25,80.5,1703.4413944394141,,,,,,,,
GRID_0350,INDIAN_MARINE,14.5,72.75,2516.2539576697095,,,,,,,,
GRID_0351,INDIAN_MARINE,21.5,74.25,2466.269263022726,,,,,,,,
GRID_0352,INDIAN_MARINE,13.5,80.5,1672.8655755431791,,,,,,,,
GRID_0353,INDIAN_MARINE,11.75,80.5,1640.5800947898153,,,,,,,,
GRID_0354,INDIAN_MARINE,12.5,82.75,1413.9169507902848,,,,,,,,
GRID_0355,INDIAN_MARINE,7.5,75.0,2156.81905695034,,,,,,,,
GRID_0356,INDIAN_MARINE,10.5,93.25,248.52888002395127,,,,,,,,
GRID_0357,INDIAN_MARINE,7.25,95.25,43.131835287702515,3.89,1.428,6.07,212.6,107211.0,0.161,302.45,2024-06-16 11:38:26.432546176
GRID_0358,INDIAN_MARINE,20.0,69.0,2975.825593327075,,,,,,,,
GRID_0359,INDIAN_MARINE,5.0,72.5,2420.7951236400413,,,,,,,,
GRID_0360,INDIAN_MARINE,13.0,69.25,2869.317242323987,,,,,,,,
GRID_0361,INDIAN_MARINE,13.75,78.25,1917.3578154711247,,,,,,,,
GRID_0362,INDIAN_MARINE,17.25,94.25,357.86357049686336,,,,,,,,
GRID_0363,INDIAN_MARINE,18.5,84.75,1320.7488755911363,,,,,,,,
GRID_0364,INDIAN_MARINE,20.0,83.0,1546.0786368616668,,,,,,,,
GRID_0365,INDIAN_MARINE,13.25,78.75,1855.3241034885189,,,,,,,,
GRID_0366,INDIAN_MARINE,6.25,72.5,2422.140356604628,,,,,,,,
GRID_0367,INDIAN_MARINE,11.75,88.25,810.8349451976935,,,,,,,,
GRID_0368,INDIAN_MARINE,17.5,92.5,520.7333933208579,,,,,,,,
GRID_0369,INDIAN_MARINE,6.75,91.5,349.5119025169466,,,,,,,,
GRID_0370,INDIAN_MARINE,18.5,78.0,2017.4489426464077,,,,,,,,
GRID_0371,INDIAN_MARINE,18.75,84.75,1328.508724366321,,,,,,,,
GRID_0372,INDIAN_MARINE,14.0,77.5,2001.5918405774396,,,,,,,,
GRID_0373,INDIAN_MARINE,13.25,91.75,470.95452448973094,,,,,,,,
GRID_0374,INDIAN_MARINE,19.75,70.25,2842.7952264593246,,,,,,,,
GRID_0375,INDIAN_MARINE,5.0,78.75,1728.5532655721934,,,,,,,,
GRID_0376,INDIAN_MARINE,17.0,76.25,2180.0705476965622,,,,,,,,
GRID_0377,INDIAN_MARINE,5.25,71.25,2558.8634427623488,,,,,,,,
GRID_0378,INDIAN_MARINE,9.75,96.25,90.1040645617149,,,,,,,,
GRID_0379,INDIAN_MARINE,11.25,95.5,26.133936419795138,4.91,1.439,5.36,231.39000000000001,197238.0,0.157,302.48,2024-06-16 11:37:21.351826176
GRID_0380,INDIAN_MARINE,20.5,70.0,2879.33274147319,,,,,,,,
GRID_0381,INDIAN_MARINE,7.25,78.75,1742.8859026968591,,,,,,,,
GRID_0382,INDIAN_MARINE,10.75,69.0,2861.0247715262253,,,,,,,,
GRID_0383,INDIAN_MARINE,16.25,77.0,2090.053595010423,,,,,,,,
GRID_0384,INDIAN_MARINE,9.75,96.0,63.3805508191515,,,,,,,,
GRID_0385,INDIAN_MARINE,6.5,82.0,1376.7453325966687,,,,,,,,
GRID_0386,INDIAN_MARINE,20.5,77.0,2162.779998365156,,,,,,,,
GRID_0387,INDIAN_MARINE,16.25,85.25,1219.3475974389498,,,,,,,,
GRID_0388,INDIAN_MARINE,12.5,95.5,56.04931500757347,,,,,,,,
GRID_0389,INDIAN_MARINE,10.5,77.0,1993.452014764798,,,,,,,,
GRID_0390,INDIAN_MARINE,11.0,85.0,1143.0288284305352,,,,,,,,
GRID_0391,INDIAN_MARINE,12.0,91.5,469.5871841665439,,,,,,,,
GRID_0392,INDIAN_MARINE,11.25,88.75,746.6175283583879,,,,,,,,
GRID_0393,INDIAN_MARINE,9.75,77.25,1952.2459346958317,,,,,,,,
GRID_0394,INDIAN_MARINE,7.5,80.5,1555.9652001135873,,,,,,,,
GRID_0395,INDIAN_MARINE,9.75,96.75,143.5763455688273,,,,,,,,
GRID_0396,INDIAN_MARINE,10.75,69.75,2780.030490174919,,,,,,,,
GRID_0397,INDIAN_MARINE,9.75,79.0,1763.4211864527185,,,,,,,,
GRID_0398,INDIAN_MARINE,16.25,89.5,772.7376003792679,,,,,,,,
GRID_0399,INDIAN_MARINE,13.0,95.0,120.89769675681464,,,,,,,,
GRID_0400,INDIAN_MARINE,10.75,88.5,762.5396151037043,,,,,,,,
GRID_0401,INDIAN_MARINE,12.0,80.75,1618.4960855937666,,,,,,,,
GRID_0402,INDIAN_MARINE,14.0,90.75,593.3951166731318,,,,,,,,
GRID_0403,INDIAN_MARINE,9.5,72.5,2460.732862036876,,,,,,,,
GRID_0404,INDIAN_MARINE,9.75,72.75,2438.3057417579817,,,,,,,,
GRID_0405,INDIAN_MARINE,14.5,68.25,2997.052002122828,,,,,,,,
GRID_0406,INDIAN_MARINE,15.5,74.25,2370.7973335757692,,,,,,,,
GRID_0407,INDIAN_MARINE,12.5,76.5,2083.2053984981444,,,,,,,,
GRID_0408,INDIAN_MARINE,13.5,93.0,344.16619459849136,,,,,,,,
GRID_0409,INDIAN_MARINE,15.0,82.5,1487.0537730614988,,,,,,,,
GRID_0410,INDIAN_MARINE,19.5,79.25,1908.6294945889624,,,,,,,,
GRID_0411,INDIAN_MARINE,9.5,80.5,1596.659512992764,,,,,,,,
GRID_0412,INDIAN_MARINE,9.75,69.75,2762.7098405209767,,,,,,,,
GRID_0413,INDIAN_MARINE,17.5,69.0,2951.437878728143,,,,,,,,
GRID_0414,INDIAN_MARINE,17.0,84.5,1311.841989328378,,,,,,,,
GRID_0415,INDIAN_MARINE,12.75,82.25,1472.1378878901526,,,,,,,,
GRID_0416,INDIAN_MARINE,6.5,81.75,1404.206168886024,,,,,,,,
GRID_0417,INDIAN_MARINE,15.0,90.25,667.6980353335227,,,,,,,,
GRID_0418,INDIAN_MARINE,9.25,89.0,675.8873112356827,,,,,,,,
GRID_0419,INDIAN_MARINE,7.25,77.75,1852.364000571719,,,,,,,,
GRID_0420,INDIAN_MARINE,12.5,75.0,2244.1246753909286,,,,,,,,
GRID_0421,INDIAN_MARINE,13.5,88.75,794.6867565208246,,,,,,,,
GRID_0422,INDIAN_MARINE,19.75,69.25,2946.8050526640804,,,,,,,,
GRID_0423,INDIAN_MARINE,10.0,76.0,2091.918119148476,,,,,,,,
GRID_0424,INDIAN_MARINE,12.5,81.0,1601.1081675364023,,,,,,,,
GRID_0425,INDIAN_MARINE,16.5,82.75,1487.0533420204827,,,,,,,,
GRID_0426,INDIAN_MARINE,14.5,96.25,24.746238570722383,4.64,1.2690000000000001,5.46,236.53,138990.0,0.11800000000000001,302.28000000000003,2024-06-16 11:36:26.604208000
GRID_0427,INDIAN_MARINE,12.75,96.75,70.42978972553031,,,,,,,,
GRID_0428,INDIAN_MARINE,21.5,69.75,2922.291463152979,,,,,,,,
GRID_0429,INDIAN_MARINE,18.75,84.5,1353.737937800154,,,,,,,,
GRID_0430,INDIAN_MARINE,7.75,93.75,130.37883963384328,,,,,,,,
GRID_0431,INDIAN_MARINE,8.5,96.0,93.61848149499394,,,,,,,,
GRID_0432,INDIAN_MARINE,15.0,76.75,2097.5700043523902,,,,,,,,
GRID_0433,INDIAN_MARINE,19.25,80.75,1749.0706207165388,,,,,,,,
GRID_0434,INDIAN_MARINE,15.5,90.75,625.7118207826471,,,,,,,,
GRID_0435,INDIAN_MARINE,16.75,80.75,1701.8983222785446,,,,,,,,
GRID_0436,INDIAN_MARINE,6.75,93.75,106.65408623170102,,,,,,,,
GRID_0437,INDIAN_MARINE,9.25,94.5,85.33121210531841,,,,,,,,
GRID_0438,INDIAN_MARINE,14.5,90.75,604.231521692053,,,,,,,,
GRID_0439,INDIAN_MARINE,16.75,69.25,2917.162667357582,,,,,,,,
GRID_0440,INDIAN_MARINE,17.5,85.5,1217.1832389432318,,,,,,,,
GRID_0441,INDIAN_MARINE,9.25,84.0,1214.1547575854127,,,,,,,,
GRID_0442,INDIAN_MARINE,12.75,84.0,1285.2155252680927,,,,,,,,
GRID_0443,INDIAN_MARINE,19.5,69.5,2917.9017910322314,,,,,,,,
GRID_0444,INDIAN_MARINE,16.5,84.75,1276.5565209122697,,,,,,,,
GRID_0445,INDIAN_MARINE,15.25,89.75,725.6758421164122,,,,,,,,
GRID_0446,INDIAN_MARINE,20.0,82.75,1570.7833009664023,,,,,,,,
GRID_0447,INDIAN_MARINE,16.25,75.5,2248.819277264211,,,,,,,,
GRID_0448,INDIAN_MARINE,8.25,77.75,1868.615393695108,,,,,,,,
GRID_0449,INDIAN_MARINE,12.5,71.5,2619.994833014053,,,,,,,,
GRID_0450,INDIAN_MARINE,10.0,81.25,1525.8483381545211,,,,,,,,
GRID_0451,INDIAN_MARINE,19.25,69.25,2941.3935288713337,,,,,,,,
GRID_0452,INDIAN_MARINE,18.75,75.5,2282.1838451712892,,,,,,,,
GRID_0453,INDIAN_MARINE,17.75,68.25,3033.035839195342,,,,,,,,
GRID_0454,INDIAN_MARINE,11.5,74.75,2253.8684225175816,,,,,,,,
GRID_0455,INDIAN_MARINE,18.75,76.5,2177.864745597173,,,,,,,,
GRID_0456,INDIAN_MARINE,6.25,75.0,2146.0457743875863,,,,,,,,
GRID_0457,INDIAN_MARINE,11.5,81.5,1528.5070957058163,,,,,,,,
GRID_0458,INDIAN_MARINE,9.0,80.75,1559.5474598404292,,,,,,,,
GRID_0459,INDIAN_MARINE,9.25,70.5,2672.883674372387,,,,,,,,
GRID_0460,INDIAN_MARINE,6.5,75.0,2147.5125493720716,,,,,,,,
GRID_0461,INDIAN_MARINE,9.75,79.5,1709.4944368989006,,,,,,,,
GRID_0462,INDIAN_MARINE,18.0,77.0,2114.8747358521873,,,,,,,,
GRID_0463,INDIAN_MARINE,19.25,71.25,2732.4427303816638,,,,,,,,
GRID_0464,INDIAN_MARINE,5.25,76.0,2032.9112077324903,,,,,,,,
GRID_0465,INDIAN_MARINE,14.25,78.25,1925.7838116777664,,,,,,,,
GRID_0466,INDIAN_MARINE,11.75,90.0,623.965705974717,,,,,,,,
GRID_0467,INDIAN_MARINE,18.75,80.25,1788.5767260841285,,,,,,,,
GRID_0468,INDIAN_MARINE,20.5,74.5,2417.195737076964,,,,,,,,
GRID_0469,INDIAN_MARINE,7.25,81.25,1469.8788071243557,,,,,,,,
GRID_0470,INDIAN_MARINE,19.0,73.5,2494.437607123427,,,,,,,,
GRID_0471,INDIAN_MARINE,13.0,69.0,2896.170488687485,,,,,,,,
GRID_0472,INDIAN_MARINE,5.5,70.5,2641.787448051455,,,,,,,,
GRID_0473,INDIAN_MARINE,16.75,73.25,2493.6636108185576,,,,,,,,
GRID_0474,INDIAN_MARINE,9.0,76.25,2045.7304754576,,,,,,,,
GRID_0475,INDIAN_MARINE,11.0,73.75,2352.8049566291493,,,,,,,,
GRID_0476,INDIAN_MARINE,10.0,91.5,424.3539721077327,,,,,,,,
GRID_0477,INDIAN_MARINE,10.5,90.5,542.7866663526797,,,,,,,,
GRID_0478,INDIAN_MARINE,22.0,75.5,2355.3711896003083,,,,,,,,
GRID_0479,INDIAN_MARINE,9.25,88.5,729.6539570403571,,,,,,,,
GRID_0480,INDIAN_MARINE,7.5,79.5,1664.8399760730988,,,,,,,,
GRID_0481,INDIAN_MARINE,6.5,92.75,208.69220738695952,,,,,,,,
GRID_0482,INDIAN_MARINE,19.75,73.25,2531.555155909077,,,,,,,,
GRID_0483,INDIAN_MARINE,10.0,94.5,103.0890555570635,,,,,,,,
GRID_0484,INDIAN_MARINE,8.25,84.25,1165.9512071651918,,,,,,,,
GRID_0485,INDIAN_MARINE,7.75,92.5,264.95739659740366,,,,,,,,
GRID_0486,INDIAN_MARINE,9.75,91.5,418.6553696727184,,,,,,,,
GRID_0487,INDIAN_MARINE,21.5,76.0,2290.780155689355,,,,,,,,
GRID_0488,INDIAN_MARINE,8.25,92.5,276.6133920418597,,,,,,,,
GRID_0489,INDIAN_MARINE,11.5,79.5,1743.20702899349,,,,,,,,
GRID_0490,INDIAN_MARINE,15.0,92.25,457.0213588206987,,,,,,,,
GRID_0491,INDIAN_MARINE,13.75,71.0,2692.526737303027,,,,,,,,
GRID_0492,INDIAN_MARINE,6.25,76.75,1952.8576927193694,,,,,,,,
GRID_0493,INDIAN_MARINE,9.75,78.0,1871.3075107147527,,,,,,,,
GRID_0494,INDIAN_MARINE,12.5,83.75,1307.025207410966,,,,,,,,
GRID_0495,INDIAN_MARINE,15.75,94.75,216.4520670496957,,,,,,,,
GRID_0496,INDIAN_MARINE,19.25,76.75,2160.527875070778,,,,,,,,
GRID_0497,INDIAN_MARINE,7.5,93.25,178.2875582139177,,,,,,,,
GRID_0498,INDIAN_MARINE,10.25,82.0,1450.1134154203714,,,,,,,,
GRID_0499,INDIAN_MARINE,11.5,73.5,2388.4123157537965,,,,,,,,
GRID_0500,INDIAN_MARINE,6.75,76.75,1956.648911597429,,,,,,,,
GRID_0501,INDIAN_MARINE,16.75,90.75,655.8855535764358,,,,,,,,
GRID_0502,INDIAN_MARINE,12.5,72.0,2566.2674443252886,,,,,,,,
GRID_0503,INDIAN_MARINE,12.0,74.75,2262.5033532548887,,,,,,,,
GRID_0504,INDIAN_MARINE,16.25,74.5,2354.7319508593932,,,,,,,,
GRID_0505,INDIAN_MARINE,14.0,78.25,1921.5906277893228,,,,,,,,
GRID_0506,INDIAN_MARINE,10.5,94.0,168.35521466313998,,,,,,,,
GRID_0507,INDIAN_MARINE,12.25,94.0,209.34086680716666,,,,,,,,
GRID_0508,INDIAN_MARINE,11.5,70.25,2738.518664015615,,,,,,,,
GRID_0509,INDIAN_MARINE,11.0,84.0,1250.3179280176273,,,,,,,,
GRID_0510,INDIAN_MARINE,9.5,69.5,2785.500988178513,,,,,,,,
GRID_0511,INDIAN_MARINE,20.0,81.0,1745.163329562878,,,,,,,,
GRID_0512,INDIAN_MARINE,15.0,92.5,430.71646739251634,,,,,,,,
GRID_0513,INDIAN_MARINE,11.25,82.75,1389.4790693452494,,,,,,,,
GRID_0514,INDIAN_MARINE,13.25,76.25,2122.702597844822,,,,,,,,
GRID_0515,INDIAN_MARINE,15.5,72.75,2530.2636888679117,,,,,,,,
GRID_0516,INDIAN_MARINE,6.5,79.5,1651.64356021714,,,,,,,,
GRID_0517,INDIAN_MARINE,13.75,89.25,746.9125404713388,,,,,,,,
GRID_0518,INDIAN_MARINE,18.75,83.75,1429.717846770497,,,,,,,,
GRID_0519,INDIAN_MARINE,5.75,75.5,2088.8456869930687,,,,,,,,
GRID_0520,INDIAN_MARINE,10.5,94.75,88.25560391142723,,,,,,,,
GRID_0521,INDIAN_MARINE,6.5,73.25,2340.5608219818605,,,,,,,,
GRID_0522,INDIAN_MARINE,7.0,78.25,1794.4180992801769,,,,,,,,
GRID_0523,INDIAN_MARINE,17.75,73.5,2479.630706087325,,,,,,,,
GRID_0524,INDIAN_MARINE,8.0,82.0,1403.7269176929062,,,,,,,,
GRID_0525,INDIAN_MARINE,18.25,78.5,1961.2254452388645,,,,,,,,
GRID_0526,INDIAN_MARINE,17.25,92.25,529.5527143323645,,,,,,,,
GRID_0527,INDIAN_MARINE,10.25,93.25,242.70696613594146,,,,,,,,
GRID_0528,INDIAN_MARINE,14.75,73.5,2439.864759656136,,,,,,,,
GRID_0529,INDIAN_MARINE,13.0,75.0,2252.4299560347367,,,,,,,,
GRID_0530,INDIAN_MARINE,17.5,92.75,498.5800531439107,,,,,,,,
GRID_0531,INDIAN_MARINE,16.75,70.5,2784.7388345755526,,,,,,,,
GRID_0532,INDIAN_MARINE,7.25,79.75,1633.5491074377082,,,,,,,,
GRID_0533,INDIAN_MARINE,14.5,71.5,2649.718164026666,,,,,,,,
GRID_0534,INDIAN_MARINE,13.0,71.5,2627.756374716498,,,,,,,,
GRID_0535,INDIAN_MARINE,8.5,96.5,147.306585722237,,,,,,,,
GRID_0536,INDIAN_MARINE,8.0,81.0,1511.8515932789953,,,,,,,,
GRID_0537,INDIAN_MARINE,7.5,73.75,2293.8794392385603,,,,,,,,
GRID_0538,INDIAN_MARINE,12.0,84.5,1216.9234805886679,,,,,,,,
GRID_0539,INDIAN_MARINE,17.0,71.5,2681.8009624279516,,,,,,,,
GRID_0540,INDIAN_MARINE,12.25,69.0,2884.997214580183,,,,,,,,
GRID_0541,INDIAN_MARINE,18.0,75.75,2246.125322609683,,,,,,,,
GRID_0542,INDIAN_MARINE,8.0,69.75,2737.9103059079184,,,,,,,,
GRID_0543,INDIAN_MARINE,17.5,78.0,2002.823643116051,,,,,,,,
GRID_0544,INDIAN_MARINE,19.5,75.75,2268.605531096871,,,,,,,,
GRID_0545,INDIAN_MARINE,14.25,82.25,1500.0345322310416,,,,,,,,
GRID_0546,INDIAN_MARINE,6.75,79.25,1681.731205019527,,,,,,,,
GRID_0547,INDIAN_MARINE,9.25,90.75,487.78203802897934,,,,,,,,
GRID_0548,INDIAN_MARINE,7.0,70.5,2646.854444748864,,,,,,,,
GRID_0549,INDIAN_MARINE,13.75,81.5,1570.759461165776,,,,,,,,
GRID_0550,INDIAN_MARINE,17.0,80.25,1758.550686852962,,,,,,,,
GRID_0551,INDIAN_MARINE,12.25,70.0,2777.3825751152553,,,,,,,,
GRID_0552,INDIAN_MARINE,10.25,97.0,135.14439089204572,,,,,,,,
GRID_0553,INDIAN_MARINE,5.5,80.5,1535.0465606027797,,,,,,,,
GRID_0554,INDIAN_MARINE,5.5,75.0,2143.72106666246,,,,,,,,
GRID_0555,INDIAN_MARINE,10.75,88.25,789.3211543402574,,,,,,,,
GRID_0556,INDIAN_MARINE,13.25,95.25,100.33136181045056,,,,,,,,
GRID_0557,INDIAN_MARINE,11.75,72.5,2500.2850925962075,,,,,,,,
GRID_0558,INDIAN_MARINE,13.75,94.25,217.7597465613398,,,,,,,,
GRID_0559,INDIAN_MARINE,15.25,93.0,383.7305978753258,,,,,,,,
GRID_0560,INDIAN_MARINE,14.5,82.25,1504.5726663155554,,,,,,,,
GRID_0561,INDIAN_MARINE,5.75,72.0,2476.003213124024,,,,,,,,
GRID_0562,INDIAN_MARINE,11.5,70.75,2684.630218703923,,,,,,,,
GRID_0563,INDIAN_MARINE,19.5,80.75,1755.7308519427515,,,,,,,,
GRID_0564,INDIAN_MARINE,16.75,79.0,1886.3431258852,,,,,,,,
GRID_0565,INDIAN_MARINE,15.25,94.5,226.23361966335688,,,,,,,,
GRID_0566,INDIAN_MARINE,15.75,78.5,1923.5934525884784,,,,,,,,
GRID_0567,INDIAN_MARINE,7.5,73.5,2321.306316089329,,,,,,,,
GRID_0568,INDIAN_MARINE,18.5,74.0,2435.9303719959644,,,,,,,,
GRID_0569,INDIAN_MARINE,9.0,79.5,1694.527949387906,,,,,,,,
GRID_0570,INDIAN_MARINE,17.25,74.0,2420.773765433876,,,,,,,,
GRID_0571,INDIAN_MARINE,11.25,92.5,345.94518456510235,,,,,,,,
GRID_0572,INDIAN_MARINE,10.25,81.5,1503.9311899388847,,,,,,,,
GRID_0573,INDIAN_MARINE,21.0,74.0,2479.311124875737,,,,,,,,
GRID_0574,INDIAN_MARINE,14.25,81.75,1553.1990975449564,,,,,,,,
GRID_0575,INDIAN_MARINE,10.25,81.0,1557.7548506903631,,,,,,,,
GRID_0576,INDIAN_MARINE,11.75,81.0,1586.9517137572086,,,,,,,,
GRID_0577,INDIAN_MARINE,17.0,69.75,2866.930478283873,,,,,,,,
GRID_0578,INDIAN_MARINE,12.0,95.25,70.65199216920188,,,,,,,,
GRID_0579,INDIAN_MARINE,9.75,81.25,1520.825619388049,,,,,,,,
GRID_0580,INDIAN_MARINE,5.75,74.25,2227.108524641313,,,,,,,,
GRID_0581,INDIAN_MARINE,6.75,79.0,1709.2006744585276,,,,,,,,
GRID_0582,INDIAN_MARINE,9.25,77.25,1942.5401216884914,,,,,,,,
GRID_0583,INDIAN_MARINE,15.25,78.25,1942.1434885332228,,,,,,,,
GRID_0584,INDIAN_MARINE,22.0,73.75,2529.6646964446486,,,,,,,,
GRID_0585,INDIAN_MARINE,5.5,79.75,1618.0378723814742,,,,,,,,
GRID_0586,INDIAN_MARINE,9.25,80.75,1564.6356308340394,,,,,,,,
GRID_0587,INDIAN_MARINE,9.25,72.25,2483.1547253058347,,,,,,,,
GRID_0588,INDIAN_MARINE,7.0,69.5,2757.0356972773448,,,,,,,,
GRID_0589,INDIAN_MARINE,15.25,73.75,2420.415138559944,,,,,,,,
GRID_0590,INDIAN_MARINE,9.0,88.25,751.0247688788128,,,,,,,,
GRID_0591,INDIAN_MARINE,16.5,74.5,2358.1317520889606,,,,,,,,
GRID_0592,INDIAN_MARINE,15.75,84.75,1262.7653353501819,,,,,,,,
GRID_0593,INDIAN_MARINE,9.25,77.0,1969.5505176565832,,,,,,,,
GRID_0594,INDIAN_MARINE,13.75,80.75,1650.691063891338,,,,,,,,
GRID_0595,INDIAN_MARINE,9.75,95.0,43.655463115889695,5.48,1.299,5.37,230.05,229771.0,0.084,302.52,2024-06-16 11:37:47.171023872
GRID_0596,INDIAN_MARINE,9.0,74.0,2289.0801937077154,,,,,,,,
GRID_0597,INDIAN_MARINE,14.5,95.25,129.9203581555638,,,,,,,,
GRID_0598,INDIAN_MARINE,6.25,77.0,1925.2661438243572,,,,,,,,
GRID_0599,INDIAN_MARINE,12.25,90.75,555.0266866886752,,,,,,,,
GRID_0600,INDIAN_MARINE,15.0,85.5,1169.3609425254676,,,,,,,,
GRID_0601,INDIAN_MARINE,7.0,76.75,1959.114930723889,,,,,,,,
GRID_0602,INDIAN_MARINE,18.0,76.0,2219.8685221346914,,,,,,,,
GRID_0603,INDIAN_MARINE,8.0,80.25,1592.9678764148643,,,,,,,,
GRID_0604,INDIAN_MARINE,10.5,92.25,355.48032299914394,,,,,,,,
GRID_0605,INDIAN_MARINE,10.25,70.5,2690.4284755229332,,,,,,,,
GRID_0606,INDIAN_MARINE,17.25,75.25,2288.937280556419,,,,,,,,
GRID_0607,INDIAN_MARINE,17.0,78.25,1969.1891968818252,,,,,,,,
GRID_0608,INDIAN_MARINE,8.0,80.75,1538.8866319520466,,,,,,,,
GRID_0609,INDIAN_MARINE,11.5,96.0,21.308015028049606,4.42,1.332,5.44,229.5,181199.0,0.08,302.46,2024-06-16 11:37:16.187986816
GRID_0610,INDIAN_MARINE,8.0,75.75,2081.703688688673,,,,,,,,
GRID_0611,INDIAN_MARINE,17.0,92.75,469.5938354246383,,,,,,,,
GRID_0612,INDIAN_MARINE,9.5,74.75,2217.486909749671,,,,,,,,
GRID_0613,INDIAN_MARINE,6.75,94.75,2.4016722166545543,10.5,9.496,6.29,216.35,89574.0,-20.558,302.45,2024-06-16 11:38:36.765504896
GRID_0614,INDIAN_MARINE,16.75,84.5,1307.3597194522404,,,,,,,,
GRID_0615,INDIAN_MARINE,19.25,78.75,1954.1247262740105,,,,,,,,
GRID_0616,INDIAN_MARINE,12.75,85.5,1125.1456641998993,,,,,,,,
GRID_0617,INDIAN_MARINE,13.5,94.0,238.36965224216317,,,,,,,,
GRID_0618,INDIAN_MARINE,14.75,89.0,794.3558240350674,,,,,,,,
GRID_0619,INDIAN_MARINE,13.5,97.25,29.534094730378662,2.19,1.243,5.12,232.14000000000001,50277.0,0.189,302.38,2024-06-18 23:15:10.445483264
GRID_0620,INDIAN_MARINE,8.75,74.5,2230.282228200169,,,,,,,,
GRID_0621,INDIAN_MARINE,17.25,84.25,1342.508325197155,,,,,,,,
GRID_0622,INDIAN_MARINE,11.75,73.0,2446.4725686487354,,,,,,,,
GRID_0623,INDIAN_MARINE,7.5,71.25,2568.3332847329143,,,,,,,,
GRID_0624,INDIAN_MARINE,10.75,75.0,2213.617416433303,,,,,,,,
GRID_0625,INDIAN_MARINE,19.75,73.75,2479.823003980217,,,,,,,,
GRID_0626,INDIAN_MARINE,8.75,82.0,1419.445440197435,,,,,,,,
GRID_0627,INDIAN_MARINE,9.75,78.75,1790.3913320286654,,,,,,,,
GRID_0628,INDIAN_MARINE,16.25,92.5,461.21995719310576,,,,,,,,
GRID_0629,INDIAN_MARINE,10.25,73.0,2420.378366091009,,,,,,,,
GRID_0630,INDIAN_MARINE,19.0,72.25,2625.0167416761087,,,,,,,,
GRID_0631,INDIAN_MARINE,14.75,70.25,2786.600062971342,,,,,,,,
GRID_0632,INDIAN_MARINE,6.0,78.75,1730.588156863256,,,,,,,,
GRID_0633,INDIAN_MARINE,11.75,68.0,2985.0322934585847,,,,,,,,
GRID_0634,INDIAN_MARINE,9.75,89.0,686.9739103144785,,,,,,,,
GRID_0635,INDIAN_MARINE,7.0,71.25,2564.2378071634566,,,,,,,,
GRID_0636,INDIAN_MARINE,16.25,91.75,538.0534627684793,,,,,,,,
GRID_0637,INDIAN_MARINE,8.75,77.75,1878.6179751574568,,,,,,,,
GRID_0638,INDIAN_MARINE,18.5,85.75,1219.6163345437678,,,,,,,,
GRID_0639,INDIAN_MARINE,8.75,74.75,2203.182945644354,,,,,,,,
GRID_0640,INDIAN_MARINE,13.0,78.25,1904.423464052483,,,,,,,,
GRID_0641,INDIAN_MARINE,10.25,74.5,2258.449232253311,,,,,,,,
GRID_0642,INDIAN_MARINE,14.0,95.75,65.47699613796244,,,,,,,,
GRID_0643,INDIAN_MARINE,14.5,86.25,1080.2299580583408,,,,,,,,
GRID_0644,INDIAN_MARINE,9.75,73.5,2357.248966983421,,,,,,,,
GRID_0645,INDIAN_MARINE,15.5,82.0,1548.8600870193882,,,,,,,,
GRID_0646,INDIAN_MARINE,19.5,71.5,2709.520397015768,,,,,,,,
GRID_0647,INDIAN_MARINE,13.0,81.5,1556.9642582380989,,,,,,,,
GRID_0648,INDIAN_MARINE,9.5,91.5,412.9476238562519,,,,,,,,
GRID_0649,INDIAN_MARINE,10.25,73.25,2393.384216132619,,,,,,,,
GRID_0650,INDIAN_MARINE,11.25,88.5,773.3650626279871,,,,,,,,
GRID_0651,INDIAN_MARINE,17.0,71.0,2734.680915017911,,,,,,,,
GRID_0652,INDIAN_MARINE,7.0,74.25,2233.9795046641325,,,,,,,,
GRID_0653,INDIAN_MARINE,9.75,89.75,606.4424389007306,,,,,,,,
GRID_0654,INDIAN_MARINE,13.0,91.0,545.0050747758453,,,,,,,,
GRID_0655,INDIAN_MARINE,5.5,76.25,2005.3750446941358,,,,,,,,
GRID_0656,INDIAN_MARINE,5.0,77.75,1839.3150928063144,,,,,,,,
GRID_0657,INDIAN_MARINE,8.0,81.5,1457.78507407289,,,,,,,,
GRID_0658,INDIAN_MARINE,9.5,77.25,1947.412291349165,,,,,,,,
GRID_0659,INDIAN_MARINE,13.75,82.75,1437.6133048944303,,,,,,,,
GRID_0660,INDIAN_MARINE,16.0,77.75,2006.9134763391683,,,,,,,,
GRID_0661,INDIAN_MARINE,7.5,70.0,2705.691457507048,,,,,,,,
GRID_0662,INDIAN_MARINE,10.25,87.75,832.1196030502011,,,,,,,,
GRID_0663,INDIAN_MARINE,8.5,90.5,497.6266063793957,,,,,,,,
GRID_0664,INDIAN_MARINE,13.0,68.25,2976.744168179616,,,,,,,,
GRID_0665,INDIAN_MARINE,12.25,74.5,2293.605931926744,,,,,,,,
GRID_0666,INDIAN_MARINE,19.0,81.0,1717.1765227322671,,,,,,,,
GRID_0667,INDIAN_MARINE,18.25,77.0,2118.24449154183,,,,,,,,
GRID_0668,INDIAN_MARINE,9.0,83.25,1289.7739527167794,,,,,,,,
GRID_0669,INDIAN_MARINE,16.0,94.75,229.24572036220704,,,,,,,,
GRID_0670,INDIAN_MARINE,15.5,79.25,1840.1090879087922,,,,,,,,
GRID_0671,INDIAN_MARINE,15.25,90.0,699.3362939830348,,,,,,,,
GRID_0672,INDIAN_MARINE,12.25,73.75,2374.1758961697615,,,,,,,,
GRID_0673,INDIAN_MARINE,15.75,74.5,2347.7803726579778,,,,,,,,
GRID_0674,INDIAN_MARINE,19.5,70.75,2787.6112669003983,,,,,,,,
GRID_0675,INDIAN_MARINE,13.75,97.0,49.74796696981211,2.38,1.1400000000000001,5.25,232.65,47865.0,0.227,302.31,2024-06-18 23:15:15.606684160
GRID_0676,INDIAN_MARINE,10.25,83.75,1261.8537585890128,,,,,,,,
GRID_0677,INDIAN_MARINE,16.25,85.0,1245.6632032675502,,,,,,,,
GRID_0678,INDIAN_MARINE,12.0,92.75,336.4886970970677,,,,,,,,
GRID_0679,INDIAN_MARINE,15.5,83.25,1416.639307982061,,,,,,,,
GRID_0680,INDIAN_MARINE,14.0,68.0,3017.3177092283627,,,,,,,,
GRID_0681,INDIAN_MARINE,9.75,77.5,1925.2637204966127,,,,,,,,
GRID_0682,INDIAN_MARINE,10.25,74.25,2285.4311094491622,,,,,,,,
GRID_0683,INDIAN_MARINE,5.5,72.0,2475.763307852622,,,,,,,,
GRID_0684,INDIAN_MARINE,14.25,95.25,124.00651367910929,,,,,,,,
GRID_0685,INDIAN_MARINE,18.0,84.75,1306.8422878290673,,,,,,,,
GRID_0686,INDIAN_MARINE,11.5,90.5,565.0837446704626,,,,,,,,
GRID_0687,INDIAN_MARINE,11.25,75.5,2168.7327178576497,,,,,,,,
GRID_0688,INDIAN_MARINE,7.5,80.0,1610.3748752061626,,,,,,,,
GRID_0689,INDIAN_MARINE,5.25,77.5,1866.8185996271022,,,,,,,,
GRID_0690,INDIAN_MARINE,17.75,70.75,2769.3514462655135,,,,,,,,
GRID_0691,INDIAN_MARINE,14.0,68.75,2936.9837683763462,,,,,,,,
GRID_0692,INDIAN_MARINE,8.75,77.25,1932.6807833655137,,,,,,,,
GRID_0693,INDIAN_MARINE,19.75,80.75,1762.7938685713773,,,,,,,,
GRID_0694,INDIAN_MARINE,6.5,74.0,2257.815527760576,,,,,,,,
GRID_0695,INDIAN_MARINE,17.75,82.75,1508.6227208099795,,,,,,,,
GRID_0696,INDIAN_MARINE,7.0,76.25,2014.0550234682971,,,,,,,,
GRID_0697,INDIAN_MARINE,7.0,82.0,1383.8648569684824,,,,,,,,
GRID_0698,INDIAN_MARINE,14.75,90.75,609.6235970883719,,,,,,,,
GRID_0699,INDIAN_MARINE,15.5,95.0,181.20473167939056,,,,,,,,
GRID_0700,INDIAN_MARINE,8.0,77.5,1891.1396233145454,,,,,,,,
GRID_0701,INDIAN_MARINE,14.0,81.5,1575.291338468734,,,,,,,,
GRID_0702,INDIAN_MARINE,13.0,74.75,2279.2184213760906,,,,,,,,
GRID_0703,INDIAN_MARINE,7.25,95.5,70.0741907779664,,,,,,,,
GRID_0704,INDIAN_MARINE,11.25,72.0,2545.738193411859,,,,,,,,
GRID_0705,INDIAN_MARINE,6.25,76.25,2008.0462262826438,,,,,,,,
GRID_0706,INDIAN_MARINE,15.5,93.25,363.10523545104553,,,,,,,,
GRID_0707,INDIAN_MARINE,6.75,75.75,2066.7301308304304,,,,,,,,
GRID_0708,INDIAN_MARINE,10.5,81.25,1535.801546415621,,,,,,,,
GRID_0709,INDIAN_MARINE,11.25,76.5,2061.1071375833403,,,,,,,,
GRID_0710,INDIAN_MARINE,14.5,94.75,182.5086014192397,,,,,,,,
GRID_0711,INDIAN_MARINE,17.25,75.5,2262.578212037399,,,,,,,,
GRID_0712,INDIAN_MARINE,18.0,74.25,2403.7451823856186,,,,,,,,
GRID_0713,INDIAN_MARINE,15.5,93.75,310.66654321700685,,,,,,,,
GRID_0714,INDIAN_MARINE,8.75,89.0,664.73919372223,,,,,,,,
GRID_0715,INDIAN_MARINE,9.0,77.5,1910.6117933935463,,,,,,,,
GRID_0716,INDIAN_MARINE,13.0,80.25,1690.533603800643,,,,,,,,
GRID_0717,INDIAN_MARINE,16.25,89.75,746.5076634166528,,,,,,,,
GRID_0718,INDIAN_MARINE,17.5,73.5,2476.6094152169894,,,,,,,,
GRID_0719,INDIAN_MARINE,7.25,90.0,522.9870033351339,,,,,,,,
GRID_0720,INDIAN_MARINE,20.75,68.5,3037.7652558452132,,,,,,,,
GRID_0721,INDIAN_MARINE,21.25,68.25,3071.2186587574247,,,,,,,,
GRID_0722,INDIAN_MARINE,11.0,68.75,2892.1568058098323,,,,,,,,
GRID_0723,INDIAN_MARINE,16.5,76.5,2146.586295739287,,,,,,,,
GRID_0724,INDIAN_MARINE,16.75,81.75,1596.591816582999,,,,,,,,
GRID_0725,INDIAN_MARINE,14.75,77.0,2067.0381204872474,,,,,,,,
GRID_0726,INDIAN_MARINE,16.0,69.5,2882.144173954858,,,,,,,,
GRID_0727,INDIAN_MARINE,9.75,74.0,2303.2186449337,,,,,,,,
GRID_0728,INDIAN_MARINE,9.0,93.25,213.52409695435335,,,,,,,,
GRID_0729,INDIAN_MARINE,20.0,73.25,2535.794677510079,,,,,,,,
GRID_0730,INDIAN_MARINE,5.75,76.0,2033.5436709788328,,,,,,,,
GRID_0731,INDIAN_MARINE,9.0,92.25,320.907288806538,,,,,,,,
GRID_0732,INDIAN_MARINE,10.75,68.25,2942.036911970172,,,,,,,,
GRID_0733,INDIAN_MARINE,10.75,79.75,1702.0693980339342,,,,,,,,
GRID_0734,INDIAN_MARINE,17.5,74.75,2344.888733543494,,,,,,,,
GRID_0735,INDIAN_MARINE,11.0,75.5,2164.2502077309923,,,,,,,,
GRID_0736,INDIAN_MARINE,11.75,83.25,1345.7662981311598,,,,,,,,
GRID_0737,INDIAN_MARINE,16.0,94.0,301.11878839809384,,,,,,,,
GRID_0738,INDIAN_MARINE,11.0,94.5,126.77674560398941,,,,,,,,
GRID_0739,INDIAN_MARINE,11.75,77.5,1962.6296588233315,,,,,,,,
GRID_0740,INDIAN_MARINE,11.75,75.25,2204.441558210205,,,,,,,,
GRID_0741,INDIAN_MARINE,16.25,71.75,2646.258150592654,,,,,,,,
GRID_0742,INDIAN_MARINE,10.5,69.5,2802.79545793299,,,,,,,,
GRID_0743,INDIAN_MARINE,14.5,69.75,2836.6881290057777,,,,,,,,
GRID_0744,INDIAN_MARINE,11.0,79.5,1733.7490727151887,,,,,,,,
GRID_0745,INDIAN_MARINE,14.75,94.5,214.63571377342913,,,,,,,,
GRID_0746,INDIAN_MARINE,12.25,68.75,2911.908187595289,,,,,,,,
GRID_0747,INDIAN_MARINE,12.0,80.25,1672.0995743530088,,,,,,,,
GRID_0748,INDIAN_MARINE,12.25,93.5,262.4529063064384,,,,,,,,
GRID_0749,INDIAN_MARINE,18.0,70.75,2771.974653889523,,,,,,,,
GRID_0750,INDIAN_MARINE,7.0,94.5,31.806996246315325,5.2700000000000005,1.6500000000000001,6.15,214.79,90362.0,0.20400000000000001,302.45,2024-06-16 11:38:33.665616000
GRID_0751,INDIAN_MARINE,13.5,78.25,1913.0855095740949,,,,,,,,
GRID_0752,INDIAN_MARINE,12.0,79.75,1725.709722526369,,,,,,,,
GRID_0753,INDIAN_MARINE,7.0,82.75,1302.0624288283634,,,,,,,,
GRID_0754,INDIAN_MARINE,14.5,68.0,3023.786944019853,,,,,,,,
GRID_0755,INDIAN_MARINE,10.75,68.75,2888.025138700116,,,,,,,,
GRID_0756,INDIAN_MARINE,14.25,97.0,37.604741657532195,2.94,1.088,5.3,234.35,46781.0,0.223,302.28000000000003,2024-06-18 23:15:23.864603008
GRID_0757,INDIAN_MARINE,14.25,74.0,2379.114112754851,,,,,,,,
GRID_0758,INDIAN_MARINE,11.75,79.25,1774.7156092246346,,,,,,,,
GRID_0759,INDIAN_MARINE,18.0,72.5,2587.7837780556406,,,,,,,,
GRID_0760,INDIAN_MARINE,6.75,72.5,2424.8016471792134,,,,,,,,
GRID_0761,INDIAN_MARINE,6.25,77.75,1842.503412234019,,,,,,,,
GRID_0762,INDIAN_MARINE,6.0,73.0,2365.991124194328,,,,,,,,
GRID_0763,INDIAN_MARINE,17.75,83.5,1430.4756074823579,,,,,,,,
GRID_0764,INDIAN_MARINE,14.25,91.25,545.9694204627004,,,,,,,,
GRID_0765,INDIAN_MARINE,15.25,81.75,1570.961145144413,,,,,,,,
GRID_0766,INDIAN_MARINE,12.25,94.25,182.76734509138615,,,,,,,,
GRID_0767,INDIAN_MARINE,6.25,71.75,2504.988059363352,,,,,,,,
GRID_0768,INDIAN_MARINE,19.75,74.0,2453.9748248776873,,,,,,,,
GRID_0769,INDIAN_MARINE,15.5,90.0,704.5996317126634,,,,,,,,
GRID_0770,INDIAN_MARINE,17.75,77.0,2111.465144015648,,,,,,,,
GRID_0771,INDIAN_MARINE,13.25,70.75,2711.9937894055306,,,,,,,,
GRID_0772,INDIAN_MARINE,21.0,75.0,2377.936516371943,,,,,,,,
GRID_0773,INDIAN_MARINE,15.75,72.25,2586.7609531818,,,,,,,,
GRID_0774,INDIAN_MARINE,19.25,78.25,2005.6161349171798,,,,,,,,
GRID_0775,INDIAN_MARINE,14.75,91.5,530.5254806657824,,,,,,,,
GRID_0776,INDIAN_MARINE,11.25,79.5,1738.4956238432374,,,,,,,,
GRID_0777,INDIAN_MARINE,12.5,95.75,29.521148512183206,4.55,1.2710000000000001,5.33,228.4,170735.0,0.115,302.39,2024-06-16 11:37:00.696467840
GRID_0778,INDIAN_MARINE,20.25,80.75,1778.108774665355,,,,,,,,
GRID_0779,INDIAN_MARINE,16.5,95.75,194.78183334530613,,,,,,,,
GRID_0780,INDIAN_MARINE,18.5,83.75,1422.6463542635286,,,,,,,,
GRID_0781,INDIAN_MARINE,11.75,71.5,2607.9417505008782,,,,,,,,
GRID_0782,INDIAN_MARINE,6.5,73.75,2285.395685522729,,,,,,,,
GRID_0783,INDIAN_MARINE,11.25,90.0,612.9569141978592,,,,,,,,
GRID_0784,INDIAN_MARINE,7.25,82.5,1333.8890118417585,,,,,,,,
GRID_0785,INDIAN_MARINE,15.75,85.75,1157.2790730863605,,,,,,,,
GRID_0786,INDIAN_MARINE,8.5,91.25,416.8989082902455,,,,,,,,
GRID_0787,INDIAN_MARINE,9.5,80.75,1569.6925353723948,,,,,,,,
GRID_0788,INDIAN_MARINE,20.75,70.0,2883.3391734734937,,,,,,,,
GRID_0789,INDIAN_MARINE,17.5,82.0,1582.7187767763169,,,,,,,,
GRID_0790,INDIAN_MARINE,11.0,96.75,113.05913516909288,,,,,,,,
GRID_0791,INDIAN_MARINE,17.25,80.5,1736.2080514664874,,,,,,,,
GRID_0792,INDIAN_MARINE,15.5,86.5,1073.368608356859,,,,,,,,
GRID_0793,INDIAN_MARINE,9.5,90.25,547.1479947488524,,,,,,,,
GRID_0794,INDIAN_MARINE,18.5,80.5,1757.455915427336,,,,,,,,
GRID_0795,INDIAN_MARINE,14.5,70.0,2809.9682652607785,,,,,,,,
GRID_0796,INDIAN_MARINE,11.5,87.75,858.9438878723565,,,,,,,,
GRID_0797,INDIAN_MARINE,15.0,74.5,2336.979386586587,,,,,,,,
GRID_0798,INDIAN_MARINE,8.75,80.5,1581.4335014016199,,,,,,,,
GRID_0799,INDIAN_MARINE,15.75,93.25,368.9396567753464,,,,,,,,
GRID_0800,INDIAN_MARINE,19.0,85.25,1286.8944443166727,,,,,,,,
GRID_0801,INDIAN_MARINE,12.0,97.0,92.40031583195189,,,,,,,,
GRID_0802,INDIAN_MARINE,8.5,93.25,201.8240613479882,,,,,,,,
GRID_0803,INDIAN_MARINE,11.25,69.75,2788.3451844241663,,,,,,,,
GRID_0804,INDIAN_MARINE,7.5,77.25,1910.4904044431662,,,,,,,,
GRID_0805,INDIAN_MARINE,13.25,82.75,1428.2244748202988,,,,,,,,
GRID_0806,INDIAN_MARINE,8.5,73.25,2361.889312753147,,,,,,,,
GRID_0807,INDIAN_MARINE,8.5,96.75,174.10852115474083,,,,,,,,
GRID_0808,INDIAN_MARINE,10.5,90.0,596.3415793834653,,,,,,,,
GRID_0809,INDIAN_MARINE,14.75,75.0,2280.0046567852937,,,,,,,,
GRID_0810,INDIAN_MARINE,17.25,68.5,3001.785748010756,,,,,,,,
GRID_0811,INDIAN_MARINE,15.25,83.5,1385.6591552147493,,,,,,,,
GRID_0812,INDIAN_MARINE,7.25,71.5,2538.6437679591877,,,,,,,,
GRID_0813,INDIAN_MARINE,20.5,72.5,2622.0531661439672,,,,,,,,
GRID_0814,INDIAN_MARINE,12.75,88.75,778.8185063750439,,,,,,,,
GRID_0815,INDIAN_MARINE,15.5,83.5,1390.2036189578785,,,,,,,,
GRID_0816,INDIAN_MARINE,9.0,70.5,2668.913335602985,,,,,,,,
GRID_0817,INDIAN_MARINE,15.5,89.25,783.5382918462719,,,,,,,,
GRID_0818,INDIAN_MARINE,10.0,90.75,504.75863784643377,,,,,,,,
GRID_0819,INDIAN_MARINE,15.75,68.75,2958.9846629820154,,,,,,,,
GRID_0820,INDIAN_MARINE,14.5,95.5,103.64903569382572,,,,,,,,
GRID_0821,INDIAN_MARINE,14.0,92.75,381.9300879598676,,,,,,,,
GRID_0822,INDIAN_MARINE,5.5,76.0,2033.0439143379804,,,,,,,,
GRID_0823,INDIAN_MARINE,17.75,85.75,1197.4528544877267,,,,,,,,
GRID_0824,INDIAN_MARINE,12.25,74.0,2347.3157520081704,,,,,,,,
GRID_0825,INDIAN_MARINE,18.5,68.0,3066.0343570943314,,,,,,,,
GRID_0826,INDIAN_MARINE,18.75,70.25,2831.9258658046238,,,,,,,,
GRID_0827,INDIAN_MARINE,18.75,78.5,1969.804953352681,,,,,,,,
GRID_0828,INDIAN_MARINE,9.75,92.0,365.03196712148537,,,,,,,,
GRID_0829,INDIAN_MARINE,11.0,93.5,233.4553947684378,,,,,,,,
GRID_0830,INDIAN_MARINE,9.75,74.5,2249.1998741867446,,,,,,,,
GRID_0831,INDIAN_MARINE,8.75,70.5,2665.210206726254,,,,,,,,
GRID_0832,INDIAN_MARINE,15.5,81.0,1654.7119459921164,,,,,,,,
GRID_0833,INDIAN_MARINE,12.5,96.75,76.52991797895385,,,,,,,,
GRID_0834,INDIAN_MARINE,14.75,95.25,135.830979807854,,,,,,,,
GRID_0835,INDIAN_MARINE,16.0,89.75,741.3259060225341,,,,,,,,
GRID_0836,INDIAN_MARINE,16.75,77.5,2044.5934467288077,,,,,,,,
GRID_0837,INDIAN_MARINE,12.5,92.25,401.03368473967384,,,,,,,,
GRID_0838,INDIAN_MARINE,20.25,82.75,1579.9416591408378,,,,,,,,
GRID_0839,INDIAN_MARINE,16.25,75.0,2301.7689405916176,,,,,,,,
GRID_0840,INDIAN_MARINE,20.0,76.25,2227.281137804381,,,,,,,,
GRID_0841,INDIAN_MARINE,11.25,70.25,2734.418318176567,,,,,,,,
GRID_0842,INDIAN_MARINE,8.75,92.0,341.99595692332224,,,,,,,,
GRID_0843,INDIAN_MARINE,21.25,72.5,2637.299111052159,,,,,,,,
GRID_0844,INDIAN_MARINE,7.0,69.0,2812.1362722132926,,,,,,,,
GRID_0845,INDIAN_MARINE,7.75,74.75,2187.347354409336,,,,,,,,
GRID_0846,INDIAN_MARINE,11.75,91.0,517.2784503360708,,,,,,,,
GRID_0847,INDIAN_MARINE,18.25,79.75,1830.701053305283,,,,,,,,
GRID_0848,INDIAN_MARINE,7.25,92.25,280.22721595840756,,,,,,,,
GRID_0849,INDIAN_MARINE,7.0,91.25,382.3100940239738,,,,,,,,
GRID_0850,INDIAN_MARINE,13.25,81.5,1561.5952249175116,,,,,,,,
GRID_0851,INDIAN_MARINE,12.25,91.25,501.79493338917746,,,,,,,,
GRID_0852,INDIAN_MARINE,6.0,71.5,2531.8163783917357,,,,,,,,
GRID_0853,INDIAN_MARINE,8.5,79.5,1684.3796919971894,,,,,,,,
GRID_0854,INDIAN_MARINE,5.75,73.75,2282.4163411449044,,,,,,,,
GRID_0855,INDIAN_MARINE,12.25,97.25,59.794742267722235,,,,,,,,
GRID_0856,INDIAN_MARINE,22.0,75.0,2405.0263155544512,,,,,,,,
GRID_0857,INDIAN_MARINE,14.75,85.5,1164.5479737725598,,,,,,,,
GRID_0858,INDIAN_MARINE,10.0,92.5,317.21413046506905,,,,,,,,
GRID_0859,INDIAN_MARINE,20.75,74.5,2422.743464689632,,,,,,,,
GRID_0860,INDIAN_MARINE,10.75,72.25,2510.1846478911793,,,,,,,,
GRID_0861,INDIAN_MARINE,7.5,75.25,2129.4231629031683,,,,,,,,
GRID_0862,INDIAN_MARINE,16.5,95.5,208.45942558775596,,,,,,,,
GRID_0863,INDIAN_MARINE,13.0,77.5,1984.6851556363447,,,,,,,,
GRID_0864,INDIAN_MARINE,10.0,68.5,2902.314881015023,,,,,,,,
GRID_0865,INDIAN_MARINE,5.5,72.75,2392.7517197269,,,,,,,,
GRID_0866,INDIAN_MARINE,15.0,78.75,1884.9913683256445,,,,,,,,
GRID_0867,INDIAN_MARINE,16.5,84.25,1329.1503953318918,,,,,,,,
GRID_0868,INDIAN_MARINE,7.25,69.5,2758.714629081392,,,,,,,,
GRID_0869,INDIAN_MARINE,13.75,69.25,2879.9995252534236,,,,,,,,
GRID_0870,INDIAN_MARINE,11.5,76.5,2065.6117361541333,,,,,,,,
GRID_0871,INDIAN_MARINE,16.75,76.0,2202.974605757345,,,,,,,,
GRID_0872,INDIAN_MARINE,12.5,97.0,80.24503801336427,,,,,,,,
GRID_0873,INDIAN_MARINE,18.75,68.0,3068.1010848628557,,,,,,,,
GRID_0874,INDIAN_MARINE,7.75,82.25,1371.3975949744597,,,,,,,,
GRID_0875,INDIAN_MARINE,10.0,72.75,2442.864258386593,,,,,,,,
GRID_0876,INDIAN_MARINE,15.25,74.5,2340.6297905137653,,,,,,,,
GRID_0877,INDIAN_MARINE,10.75,71.75,2564.136461000927,,,,,,,,
GRID_0878,INDIAN_MARINE,15.0,91.0,588.6539379466482,,,,,,,,
GRID_0879,INDIAN_MARINE,7.0,83.0,1274.827159685577,,,,,,,,
GRID_0880,INDIAN_MARINE,10.25,96.25,77.98304393139694,,,,,,,,
GRID_0881,INDIAN_MARINE,14.25,81.0,1632.9778356122265,,,,,,,,
GRID_0882,INDIAN_MARINE,17.25,72.0,2631.8850407523323,,,,,,,,
GRID_0883,INDIAN_MARINE,13.25,84.25,1268.3022119695129,,,,,,,,
GRID_0884,INDIAN_MARINE,8.25,91.0,438.0743858279159,,,,,,,,
GRID_0885,INDIAN_MARINE,5.5,77.0,1922.3696341623584,,,,,,,,
GRID_0886,INDIAN_MARINE,7.0,90.0,517.262969717278,,,,,,,,
GRID_0887,INDIAN_MARINE,14.0,94.0,249.94141025934934,,,,,,,,
GRID_0888,INDIAN_MARINE,14.0,89.75,699.2471630295353,,,,,,,,
GRID_0889,INDIAN_MARINE,8.25,78.75,1760.3741619841962,,,,,,,,
GRID_0890,INDIAN_MARINE,11.25,73.75,2357.175925138972,,,,,,,,
GRID_0891,INDIAN_MARINE,10.75,89.0,708.9704479026545,,,,,,,,
GRID_0892,INDIAN_MARINE,12.75,68.25,2973.1360087548373,,,,,,,,
GRID_0893,INDIAN_MARINE,16.0,72.25,2590.0197955979197,,,,,,,,
GRID_0894,INDIAN_MARINE,17.25,76.5,2157.183628114489,,,,,,,,
GRID_0895,INDIAN_MARINE,19.5,74.0,2449.7764799084584,,,,,,,,
GRID_0896,INDIAN_MARINE,6.25,93.5,121.80036176651419,,,,,,,,
GRID_0897,INDIAN_MARINE,8.25,79.5,1679.255650383783,,,,,,,,
GRID_0898,INDIAN_MARINE,10.0,95.25,23.077514469037666,4.92,1.337,5.24,233.13,255326.0,0.021,302.53000000000003,2024-06-16 11:37:42.007185024
GRID_0899,INDIAN_MARINE,6.5,93.5,127.71220123453718,,,,,,,,
GRID_0900,INDIAN_MARINE,18.5,82.0,1602.3612027178112,,,,,,,,
GRID_0901,INDIAN_MARINE,10.25,94.25,135.7422025231938,,,,,,,,
GRID_0902,INDIAN_MARINE,13.5,94.5,185.5264779306157,,,,,,,,
GRID_0903,INDIAN_MARINE,7.5,80.25,1583.1627489150972,,,,,,,,
GRID_0904,INDIAN_MARINE,14.25,91.5,519.5563583330124,,,,,,,,
GRID_0905,INDIAN_MARINE,12.5,70.0,2781.237522409363,,,,,,,,
GRID_0906,INDIAN_MARINE,13.5,70.75,2715.675426504124,,,,,,,,
GRID_0907,INDIAN_MARINE,9.0,90.25,535.8707555039898,,,,,,,,
GRID_0908,INDIAN_MARINE,10.0,84.25,1202.9108070127493,,,,,,,,
GRID_0909,INDIAN_MARINE,8.5,94.75,40.75052339723704,4.05,1.002,5.42,216.0,162055.0,0.17200000000000001,302.46,2024-06-16 11:38:07.833218048
GRID_0910,INDIAN_MARINE,7.0,93.25,166.50212327825454,,,,,,,,
GRID_0911,INDIAN_MARINE,13.75,70.75,2719.302168970212,,,,,,,,
GRID_0912,INDIAN_MARINE,12.0,74.5,2289.373832282956,,,,,,,,
GRID_0913,INDIAN_MARINE,7.75,83.0,1290.2966668140994,,,,,,,,
GRID_0914,INDIAN_MARINE,8.0,70.25,2683.109234184746,,,,,,,,
GRID_0915,INDIAN_MARINE,6.5,72.25,2450.908708517015,,,,,,,,
GRID_0916,INDIAN_MARINE,17.5,77.75,2029.1148606865238,,,,,,,,
GRID_0917,INDIAN_MARINE,8.5,75.25,2144.4220106445555,,,,,,,,
GRID_0918,INDIAN_MARINE,15.75,71.5,2666.4745582082874,,,,,,,,
GRID_0919,INDIAN_MARINE,10.75,77.0,1998.1119641649318,,,,,,,,
GRID_0920,INDIAN_MARINE,19.25,80.5,1774.6117625083446,,,,,,,,
GRID_0921,INDIAN_MARINE,6.25,78.5,1759.7606325473453,,,,,,,,
GRID_0922,INDIAN_MARINE,15.25,70.75,2739.8379601982138,,,,,,,,
GRID_0923,INDIAN_MARINE,9.0,79.25,1721.5298148696322,,,,,,,,
GRID_0924,INDIAN_MARINE,16.75,84.25,1333.6323021936798,,,,,,,,
GRID_0925,INDIAN_MARINE,15.25,71.0,2713.2037592798624,,,,,,,,
GRID_0926,INDIAN_MARINE,18.0,83.5,1435.8857969237156,,,,,,,,
GRID_0927,INDIAN_MARINE,19.25,71.75,2680.2678839859514,,,,,,,,
GRID_0928,INDIAN_MARINE,16.5,70.5,2781.8463311289006,,,,,,,,
GRID_0929,INDIAN_MARINE,9.75,95.25,17.044731804575175,5.59,1.359,5.33,230.79,234685.0,0.03,302.52,2024-06-16 11:37:46.138256128
GRID_0930,INDIAN_MARINE,20.0,80.25,1820.5539494591299,,,,,,,,
GRID_0931,INDIAN_MARINE,16.25,84.75,1271.9880940166363,,,,,,,,
GRID_0932,INDIAN_MARINE,15.0,70.5,2763.2227749346844,,,,,,,,
GRID_0933,INDIAN_MARINE,12.0,68.75,2908.0783931508317,,,,,,,,
GRID_0934,INDIAN_MARINE,18.0,76.5,2167.364352426658,,,,,,,,
GRID_0935,INDIAN_MARINE,16.5,77.0,2093.735181981552,,,,,,,,
GRID_0936,INDIAN_MARINE,13.75,90.0,667.4151975105398,,,,,,,,
GRID_0937,INDIAN_MARINE,8.5,71.0,2607.1895166480094,,,,,,,,
GRID_0938,INDIAN_MARINE,9.5,81.5,1488.8176275619692,,,,,,,,
GRID_0939,INDIAN_MARINE,7.75,79.75,1642.1030831289506,,,,,,,,
GRID_0940,INDIAN_MARINE,19.0,82.0,1614.9016916538678,,,,,,,,
GRID_0941,INDIAN_MARINE,9.75,90.5,525.9363234164265,,,,,,,,
GRID_0942,INDIAN_MARINE,12.0,91.0,522.8483688156135,,,,,,,,
GRID_0943,INDIAN_MARINE,12.0,70.5,2719.6398766909697,,,,,,,,
GRID_0944,INDIAN_MARINE,7.75,91.25,399.640856388328,,,,,,,,
GRID_0945,INDIAN_MARINE,10.5,96.5,98.6293754382492,,,,,,,,
GRID_0946,INDIAN_MARINE,14.75,81.25,1615.2278829816635,,,,,,,,
GRID_0947,INDIAN_MARINE,8.75,83.5,1257.5482696425377,,,,,,,,
GRID_0948,INDIAN_MARINE,16.75,81.5,1622.9143053617222,,,,,,,,
GRID_0949,INDIAN_MARINE,15.5,70.5,2769.669102141618,,,,,,,,
GRID_0950,INDIAN_MARINE,17.75,69.75,2874.7942655503293,,,,,,,,
GRID_0951,INDIAN_MARINE,22.0,70.25,2881.7206357083223,,,,,,,,
GRID_0952,INDIAN_MARINE,18.5,83.0,1499.4762505116553,,,,,,,,
GRID_0953,INDIAN_MARINE,19.75,72.0,2661.075984801572,,,,,,,,
GRID_0954,INDIAN_MARINE,14.25,93.5,308.43431705787,,,,,,,,
GRID_0955,INDIAN_MARINE,20.0,76.0,2252.9003914414097,,,,,,,,
GRID_0956,INDIAN_MARINE,8.5,93.0,228.6836140609671,,,,,,,,
GRID_0957,INDIAN_MARINE,8.5,75.5,2117.2858640681657,,,,,,,,
GRID_0958,INDIAN_MARINE,12.75,94.75,141.45620608501332,,,,,,,,
GRID_0959,INDIAN_MARINE,8.5,80.0,1630.3328773164224,,,,,,,,
GRID_0960,INDIAN_MARINE,11.5,77.0,2011.851485679385,,,,,,,,
GRID_0961,INDIAN_MARINE,5.25,78.0,1811.4543968161763,,,,,,,,
GRID_0962,INDIAN_MARINE,13.5,85.25,1166.7078660861403,,,,,,,,
GRID_0963,INDIAN_MARINE,20.25,75.75,2283.9746469199144,,,,,,,,
GRID_0964,INDIAN_MARINE,17.75,81.75,1613.0890721884589,,,,,,,,
GRID_0965,INDIAN_MARINE,8.75,75.0,2176.095773671664,,,,,,,,
GRID_0966,INDIAN_MARINE,12.75,73.25,2436.0335859515144,,,,,,,,
GRID_0967,INDIAN_MARINE,19.0,79.5,1871.397870508914,,,,,,,,
GRID_0968,INDIAN_MARINE,15.25,69.75,2846.4050243479664,,,,,,,,
GRID_0969,INDIAN_MARINE,13.0,72.5,2520.465830032798,,,,,,,,
GRID_0970,INDIAN_MARINE,14.75,81.5,1588.684813916212,,,,,,,,
GRID_0971,INDIAN_MARINE,6.25,72.0,2477.371320809284,,,,,,,,
GRID_0972,INDIAN_MARINE,16.0,93.25,376.44381218112414,,,,,,,,
GRID_0973,INDIAN_MARINE,15.25,96.25,49.66115634412229,4.45,1.189,5.47,236.24,123164.0,0.137,302.3,2024-06-16 11:36:18.337842048
GRID_0974,INDIAN_MARINE,21.75,68.5,3054.338802564771,,,,,,,,
GRID_0975,INDIAN_MARINE,10.5,77.5,1939.5715874228322,,,,,,,,
GRID_0976,INDIAN_MARINE,8.75,78.75,1770.5201065098918,,,,,,,,
GRID_0977,INDIAN_MARINE,18.75,70.0,2858.157679590448,,,,,,,,
GRID_0978,INDIAN_MARINE,15.5,84.25,1310.933961057123,,,,,,,,
GRID_0979,INDIAN_MARINE,13.25,70.0,2792.4542674051268,,,,,,,,
GRID_0980,INDIAN_MARINE,21.0,69.0,2990.1973132579647,,,,,,,,
GRID_0981,INDIAN_MARINE,9.25,75.5,2131.656326636674,,,,,,,,
GRID_0982,INDIAN_MARINE,14.25,81.25,1606.3797496131199,,,,,,,,
GRID_0983,INDIAN_MARINE,8.25,83.25,1273.9482077782638,,,,,,,,
GRID_0984,INDIAN_MARINE,5.0,74.75,2171.5937445671984,,,,,,,,
GRID_0985,INDIAN_MARINE,5.25,72.0,2475.819652136303,,,,,,,,
GRID_0986,INDIAN_MARINE,21.0,72.25,2657.448977851236,,,,,,,,
GRID_0987,INDIAN_MARINE,18.25,84.75,1313.5237731375269,,,,,,,,
GRID_0988,INDIAN_MARINE,16.75,80.5,1728.2357775486107,,,,,,,,
GRID_0989,INDIAN_MARINE,7.0,75.75,2069.012883576794,,,,,,,,
GRID_0990,INDIAN_MARINE,14.75,92.0,477.82030294887,,,,,,,,
GRID_0991,INDIAN_MARINE,5.0,79.75,1617.7904186141411,,,,,,,,
GRID_0992,INDIAN_MARINE,10.5,69.0,2856.8186512030948,,,,,,,,
GRID_0993,INDIAN_MARINE,15.25,68.5,2979.676764951669,,,,,,,,
GRID_0994,INDIAN_MARINE,13.0,94.0,226.77380555014557,,,,,,,,
GRID_0995,INDIAN_MARINE,17.0,70.25,2814.022151729702,,,,,,,,
GRID_0996,INDIAN_MARINE,11.25,84.25,1228.5751341533628,,,,,,,,
GRID_0997,INDIAN_MARINE,12.75,79.0,1819.7392496254681,,,,,,,,
GRID_0998,INDIAN_MARINE,13.25,72.25,2551.142119518298,,,,,,,,
GRID_0999,INDIAN_MARINE,12.75,94.5,167.94481126268388,,,,,,,,
GRID_1000,INDIAN_MARINE,7.75,89.5,588.3376101480047,,,,,,,,
GRID_1001,INDIAN_MARINE,19.25,73.25,2523.9256302227896,,,,,,,,
GRID_1002,INDIAN_MARINE,8.75,81.5,1473.4331341281984,,,,,,,,
GRID_1003,INDIAN_MARINE,16.75,91.25,605.1953594929349,,,,,,,,
GRID_1004,INDIAN_MARINE,11.25,79.25,1765.3670335948998,,,,,,,,
GRID_1005,INDIAN_MARINE,18.0,82.5,1539.6215621120914,,,,,,,,
GRID_1006,INDIAN_MARINE,8.0,95.5,52.00487705273243,,,,,,,,
GRID_1007,INDIAN_MARINE,11.5,85.25,1126.5078692645814,,,,,,,,
GRID_1008,INDIAN_MARINE,12.0,94.75,123.75044016634469,,,,,,,,
GRID_1009,INDIAN_MARINE,21.25,72.25,2662.7075053334015,,,,,,,,
GRID_1010,INDIAN_MARINE,13.75,85.5,1145.0441671590545,,,,,,,,
GRID_1011,INDIAN_MARINE,19.5,80.0,1832.0511940234223,,,,,,,,
GRID_1012,INDIAN_MARINE,14.5,88.75,815.5921399941408,,,,,,,,
GRID_1013,INDIAN_MARINE,11.75,89.5,677.338085425051,,,,,,,,
GRID_1014,INDIAN_MARINE,11.75,90.75,543.9459500282593,,,,,,,,
GRID_1015,INDIAN_MARINE,14.25,69.5,2860.0703626011586,,,,,,,,
GRID_1016,INDIAN_MARINE,12.25,81.0,1596.4220777968692,,,,,,,,
GRID_1017,INDIAN_MARINE,19.75,82.25,1611.973868023553,,,,,,,,
GRID_1018,INDIAN_MARINE,9.0,95.5,27.922397180581537,4.63,1.106,5.2700000000000005,222.56,187146.0,0.075,302.49,2024-06-16 11:37:57.500260864
GRID_1019,INDIAN_MARINE,16.25,68.25,3017.8084775517395,,,,,,,,
GRID_1020,INDIAN_MARINE,9.0,80.25,1613.5336173429796,,,,,,,,
GRID_1021,INDIAN_MARINE,5.5,71.5,2531.1045845573085,,,,,,,,
GRID_1022,INDIAN_MARINE,12.0,71.25,2638.9155481574694,,,,,,,,
GRID_1023,INDIAN_MARINE,8.5,94.5,67.50542094384598,,,,,,,,
GRID_1024,INDIAN_MARINE,8.0,73.0,2382.034119575943,,,,,,,,
GRID_1025,INDIAN_MARINE,20.25,68.5,3030.8589339898344,,,,,,,,
GRID_1026,INDIAN_MARINE,6.0,72.5,2421.2641369122875,,,,,,,,
GRID_1027,INDIAN_MARINE,20.5,73.5,2519.499885514112,,,,,,,,
GRID_1028,INDIAN_MARINE,18.75,69.25,2936.8678161716175,,,,,,,,
GRID_1029,INDIAN_MARINE,11.5,95.25,58.708065272114574,,,,,,,,
GRID_1030,INDIAN_MARINE,15.75,95.0,192.3644184210076,,,,,,,,
GRID_1031,INDIAN_MARINE,7.75,90.5,480.4926452837684,,,,,,,,
GRID_1032,INDIAN_MARINE,14.5,84.0,1318.788429637427,,,,,,,,
GRID_1033,INDIAN_MARINE,7.0,93.0,193.47465955819314,,,,,,,,
GRID_1034,INDIAN_MARINE,11.5,96.5,74.27367404958453,,,,,,,,
GRID_1035,INDIAN_MARINE,7.0,78.0,1821.8533193157762,,,,,,,,
GRID_1036,INDIAN_MARINE,12.75,71.25,2650.7514331299526,,,,,,,,
GRID_1037,INDIAN_MARINE,16.5,94.25,304.15588358220174,,,,,,,,
GRID_1038,INDIAN_MARINE,5.0,78.0,1811.624735472617,,,,,,,,
GRID_1039,INDIAN_MARINE,8.0,76.25,2027.204879482304,,,,,,,,
GRID_1040,INDIAN_MARINE,17.0,77.25,2074.6000671544602,,,,,,,,
GRID_1041,INDIAN_MARINE,17.0,94.0,358.80461603814194,,,,,,,,
GRID_1042,INDIAN_MARINE,5.5,74.5,2199.0604962948532,,,,,,,,
GRID_1043,INDIAN_MARINE,15.0,71.5,2656.5905524478685,,,,,,,,
GRID_1044,INDIAN_MARINE,11.5,71.5,2603.8145856916044,,,,,,,,
GRID_1045,INDIAN_MARINE,13.25,73.0,2470.753357674183,,,,,,,,
GRID_1046,INDIAN_MARINE,21.75,74.0,2497.9231567977085,,,,,,,,
GRID_1047,INDIAN_MARINE,15.75,85.25,1210.0123097975484,,,,,,,,
GRID_1048,INDIAN_MARINE,14.5,74.0,2382.8649343707684,,,,,,,,
GRID_1049,INDIAN_MARINE,8.25,70.75,2631.2654387933862,,,,,,,,
GRID_1050,INDIAN_MARINE,8.25,81.25,1490.0534030827005,,,,,,,,
GRID_1051,INDIAN_MARINE,17.0,84.0,1364.3295899405614,,,,,,,,
GRID_1052,INDIAN_MARINE,5.5,76.75,1950.0378913939796,,,,,,,,
GRID_1053,INDIAN_MARINE,14.25,83.25,1393.7471675544743,,,,,,,,
GRID_1054,INDIAN_MARINE,13.5,70.25,2769.2729832921636,,,,,,,,
GRID_1055,INDIAN_MARINE,17.75,82.5,1534.7124073259752,,,,,,,,
GRID_1056,INDIAN_MARINE,12.25,89.5,688.1993525991896,,,,,,,,
GRID_1057,INDIAN_MARINE,15.75,82.0,1553.211326492975,,,,,,,,
GRID_1058,INDIAN_MARINE,14.0,76.25,2134.9915280314926,,,,,,,,
GRID_1059,INDIAN_MARINE,21.25,70.0,2892.0828130197074,,,,,,,,
GRID_1060,INDIAN_MARINE,13.75,90.75,587.9549620411356,,,,,,,,
GRID_1061,INDIAN_MARINE,11.5,79.25,1770.0594845649805,,,,,,,,
GRID_1062,INDIAN_MARINE,10.5,75.75,2128.1998594237916,,,,,,,,
GRID_1063,INDIAN_MARINE,10.25,88.75,724.822234949476,,,,,,,,
GRID_1064,INDIAN_MARINE,9.25,88.0,783.4404645674241,,,,,,,,
GRID_1065,INDIAN_MARINE,12.75,68.0,3000.018745918728,,,,,,,,
GRID_1066,INDIAN_MARINE,20.0,73.5,2510.0050706265397,,,,,,,,
GRID_1067,INDIAN_MARINE,14.75,79.0,1854.2921921815432,,,,,,,,
GRID_1068,INDIAN_MARINE,11.25,77.5,1953.5264643055878,,,,,,,,
GRID_1069,INDIAN_MARINE,9.25,73.25,2374.9528274947925,,,,,,,,
GRID_1070,INDIAN_MARINE,8.0,81.25,1484.8198584554775,,,,,,,,
GRID_1071,INDIAN_MARINE,10.5,93.0,275.2517618209677,,,,,,,,
GRID_1072,INDIAN_MARINE,21.5,71.75,2718.912735647188,,,,,,,,
GRID_1073,INDIAN_MARINE,15.75,73.25,2480.516464443773,,,,,,,,
GRID_1074,INDIAN_MARINE,16.0,70.0,2829.0054509589236,,,,,,,,
GRID_1075,INDIAN_MARINE,16.5,93.75,349.50834115395963,,,,,,,,
GRID_1076,INDIAN_MARINE,20.0,77.25,2125.002503385042,,,,,,,,
GRID_1077,INDIAN_MARINE,13.0,85.5,1130.1566805449254,,,,,,,,
GRID_1078,INDIAN_MARINE,18.75,68.25,3041.850417111929,,,,,,,,
GRID_1079,INDIAN_MARINE,9.5,94.75,64.45020605386362,,,,,,,,
GRID_1080,INDIAN_MARINE,10.0,75.0,2199.8611196563484,,,,,,,,
GRID_1081,INDIAN_MARINE,14.25,77.0,2059.0175985047294,,,,,,,,
GRID_1082,INDIAN_MARINE,15.75,75.5,2241.6516481828935,,,,,,,,
GRID_1083,INDIAN_MARINE,19.5,77.25,2113.877696581959,,,,,,,,
GRID_1084,INDIAN_MARINE,20.0,71.0,2768.414974725813,,,,,,,,
GRID_1085,INDIAN_MARINE,10.0,71.25,2604.960617680445,,,,,,,,
GRID_1086,INDIAN_MARINE,11.5,69.75,2792.417447112513,,,,,,,,
GRID_1087,INDIAN_MARINE,14.0,70.25,2776.381282427612,,,,,,,,
GRID_1088,INDIAN_MARINE,10.0,97.0,141.2370554821417,,,,,,,,
GRID_1089,INDIAN_MARINE,22.0,68.5,3059.051971745684,,,,,,,,
GRID_1090,INDIAN_MARINE,14.5,94.25,235.1605126833326,,,,,,,,
GRID_1091,INDIAN_MARINE,8.0,90.75,459.2806899516412,,,,,,,,
GRID_1092,INDIAN_MARINE,19.75,71.0,2764.8653755942623,,,,,,,,
GRID_1093,INDIAN_MARINE,7.0,74.5,2206.476255574116,,,,,,,,
GRID_1094,INDIAN_MARINE,10.75,89.25,682.1964192279376,,,,,,,,
GRID_1095,INDIAN_MARINE,9.0,89.5,616.5228318666192,,,,,,,,
GRID_1096,INDIAN_MARINE,16.25,90.0,720.2880972106143,,,,,,,,
GRID_1097,INDIAN_MARINE,8.25,90.75,465.00055717974664,,,,,,,,
GRID_1098,INDIAN_MARINE,12.75,95.75,35.494803178632964,4.55,1.2770000000000001,5.24,229.03,178304.0,0.095,302.37,2024-06-16 11:36:56.565395840
GRID_1099,INDIAN_MARINE,11.25,70.75,2680.4973722245127,,,,,,,,
GRID_1100,INDIAN_MARINE,19.0,79.25,1897.1812468801422,,,,,,,,
GRID_1101,INDIAN_MARINE,12.5,83.0,1387.1861869450195,,,,,,,,
GRID_1102,INDIAN_MARINE,18.5,83.25,1473.8316550966688,,,,,,,,
GRID_1103,INDIAN_MARINE,19.5,72.25,2631.5005744018426,,,,,,,,
GRID_1104,INDIAN_MARINE,17.5,84.5,1321.1840314805047,,,,,,,,
GRID_1105,INDIAN_MARINE,8.25,95.5,45.9634071841201,3.96,1.074,5.48,214.92000000000002,159744.0,0.17400000000000002,302.46,2024-06-16 11:38:09.899810816
GRID_1106,INDIAN_MARINE,17.0,85.0,1259.375758020783,,,,,,,,
GRID_1107,INDIAN_MARINE,19.25,68.75,2993.685701667926,,,,,,,,
GRID_1108,INDIAN_MARINE,5.0,73.5,2310.0398249430273,,,,,,,,
GRID_1109,INDIAN_MARINE,16.0,89.25,793.8406089651265,,,,,,,,
GRID_1110,INDIAN_MARINE,7.5,90.0,528.7005500881638,,,,,,,,
GRID_1111,INDIAN_MARINE,9.0,74.25,2262.0289240087805,,,,,,,,
GRID_1112,INDIAN_MARINE,9.5,79.0,1758.4934420033146,,,,,,,,
GRID_1113,INDIAN_MARINE,18.25,81.25,1674.573833758421,,,,,,,,
GRID_1114,INDIAN_MARINE,9.0,73.0,2397.403783242777,,,,,,,,
GRID_1115,INDIAN_MARINE,19.25,85.0,1320.8155776366066,,,,,,,,
GRID_1116,INDIAN_MARINE,9.25,79.5,1699.5518752032133,,,,,,,,
GRID_1117,INDIAN_MARINE,11.75,71.25,2634.860834183891,,,,,,,,
GRID_1118,INDIAN_MARINE,15.25,96.0,71.65138224401696,,,,,,,,
GRID_1119,INDIAN_MARINE,7.5,92.75,232.16952291174488,,,,,,,,
GRID_1120,INDIAN_MARINE,7.0,72.25,2454.1115439565992,,,,,,,,
GRID_1121,INDIAN_MARINE,13.0,68.5,2949.882885388799,,,,,,,,
GRID_1122,INDIAN_MARINE,9.5,88.25,762.0477390307173,,,,,,,,
GRID_1123,INDIAN_MARINE,11.75,82.75,1399.3414079920258,,,,,,,,
GRID_1124,INDIAN_MARINE,12.5,79.75,1734.9208122124255,,,,,,,,
GRID_1125,INDIAN_MARINE,11.5,72.5,2496.0948275083083,,,,,,,,
GRID_1126,INDIAN_MARINE,14.25,84.25,1287.5257774711993,,,,,,,,
GRID_1127,INDIAN_MARINE,8.0,93.0,216.96145313230573,,,,,,,,
GRID_1128,INDIAN_MARINE,8.75,78.0,1851.5904461343464,,,,,,,,
GRID_1129,INDIAN_MARINE,12.75,90.0,645.8128900120142,,,,,,,,
GRID_1130,INDIAN_MARINE,10.0,96.25,84.03903426340896,,,,,,,,
GRID_1131,INDIAN_MARINE,10.0,80.75,1579.7120572413783,,,,,,,,
GRID_1132,INDIAN_MARINE,15.5,73.75,2423.9400765047617,,,,,,,,
GRID_1133,INDIAN_MARINE,8.25,69.5,2768.0371841043543,,,,,,,,
GRID_1134,INDIAN_MARINE,13.0,93.25,306.26542028902725,,,,,,,,
GRID_1135,INDIAN_MARINE,19.0,75.0,2338.0173364055586,,,,,,,,
GRID_1136,INDIAN_MARINE,11.5,70.0,2765.46681557922,,,,,,,,
GRID_1137,INDIAN_MARINE,13.25,91.5,497.46684229275377,,,,,,,,
GRID_1138,INDIAN_MARINE,16.25,83.75,1377.3122704500975,,,,,,,,
GRID_1139,INDIAN_MARINE,17.0,82.5,1521.8982680298138,,,,,,,,
GRID_1140,INDIAN_MARINE,7.75,75.25,2132.6594500505075,,,,,,,,
GRID_1141,INDIAN_MARINE,15.5,92.5,441.8375983033915,,,,,,,,
GRID_1142,INDIAN_MARINE,16.0,71.0,2722.7618677794767,,,,,,,,
GRID_1143,INDIAN_MARINE,6.5,72.5,2423.3196744011893,,,,,,,,
GRID_1144,INDIAN_MARINE,16.25,77.25,2063.606925402203,,,,,,,,
GRID_1145,INDIAN_MARINE,13.5,79.0,1832.9812796440074,,,,,,,,
GRID_1146,INDIAN_MARINE,12.25,80.5,1649.9762853724426,,,,,,,,
GRID_1147,INDIAN_MARINE,13.0,95.5,67.93803821336013,,,,,,,,
GRID_1148,INDIAN_MARINE,15.5,89.0,809.8610764531761,,,,,,,,
GRID_1149,INDIAN_MARINE,11.25,96.5,80.36351964559579,,,,,,,,
GRID_1150,INDIAN_MARINE,20.5,74.75,2391.662754951175,,,,,,,,
GRID_1151,INDIAN_MARINE,18.0,82.75,1513.6517429268386,,,,,,,,
GRID_1152,INDIAN_MARINE,19.75,77.25,2119.2715903483586,,,,,,,,
GRID_1153,INDIAN_MARINE,12.75,83.75,1311.909815683405,,,,,,,,
GRID_1154,INDIAN_MARINE,6.0,79.25,1675.3668748645284,,,,,,,,
GRID_1155,INDIAN_MARINE,15.25,72.75,2526.8413303107386,,,,,,,,
GRID_1156,INDIAN_MARINE,16.5,95.25,224.50528883357597,,,,,,,,
GRID_1157,INDIAN_MARINE,15.0,72.25,2576.648803223727,,,,,,,,
GRID_1158,INDIAN_MARINE,5.25,78.5,1756.0902563886107,,,,,,,,
GRID_1159,INDIAN_MARINE,12.5,94.75,135.55659584068258,,,,,,,,
GRID_1160,INDIAN_MARINE,12.75,70.0,2785.0350001597144,,,,,,,,
GRID_1161,INDIAN_MARINE,13.25,96.5,31.878342587016157,4.73,1.288,5.26,232.14000000000001,184787.0,0.074,302.33,2024-06-16 11:36:46.236832128
GRID_1162,INDIAN_MARINE,15.25,84.5,1279.868515347398,,,,,,,,
GRID_1163,INDIAN_MARINE,19.75,81.5,1687.1985849856785,,,,,,,,
GRID_1164,INDIAN_MARINE,14.0,88.25,858.1662628811417,,,,,,,,
GRID_1165,INDIAN_MARINE,13.5,78.75,1859.6799322993484,,,,,,,,
GRID_1166,INDIAN_MARINE,19.75,79.25,1914.916024101596,,,,,,,,
GRID_1167,INDIAN_MARINE,13.5,77.0,2046.6596532514134,,,,,,,,
GRID_1168,INDIAN_MARINE,13.75,84.0,1304.565947365198,,,,,,,,
GRID_1169,INDIAN_MARINE,21.25,71.25,2764.5045926673743,,,,,,,,
GRID_1170,INDIAN_MARINE,14.0,85.75,1123.4069685978934,,,,,,,,
GRID_1171,INDIAN_MARINE,5.5,77.75,1839.3663137782678,,,,,,,,
GRID_1172,INDIAN_MARINE,18.0,76.75,2141.1162636880676,,,,,,,,
GRID_1173,INDIAN_MARINE,11.0,70.25,2730.257998085801,,,,,,,,
GRID_1174,INDIAN_MARINE,17.25,93.75,396.98669438502804,,,,,,,,
GRID_1175,INDIAN_MARINE,13.25,79.5,1775.1743290026704,,,,,,,,
GRID_1176,INDIAN_MARINE,9.0,76.75,1991.6764532583761,,,,,,,,
GRID_1177,INDIAN_MARINE,12.75,76.0,2141.086297688967,,,,,,,,
GRID_1178,INDIAN_MARINE,10.0,93.25,236.87974879105266,,,,,,,,
GRID_1179,INDIAN_MARINE,15.25,94.75,200.01441599198387,,,,,,,,
GRID_1180,INDIAN_MARINE,13.5,74.75,2287.293832311961,,,,,,,,
GRID_1181,INDIAN_MARINE,10.0,89.75,612.0199224711308,,,,,,,,
GRID_1182,INDIAN_MARINE,18.0,72.75,2561.4822583867635,,,,,,,,
GRID_1183,INDIAN_MARINE,19.25,76.25,2212.2928146744157,,,,,,,,
GRID_1184,INDIAN_MARINE,17.5,79.0,1897.7005464527476,,,,,,,,
GRID_1185,INDIAN_MARINE,14.75,81.0,1641.777977049263,,,,,,,,
GRID_1186,INDIAN_MARINE,6.25,78.0,1814.9201269030561,,,,,,,,
GRID_1187,INDIAN_MARINE,6.75,71.5,2535.0492996567978,,,,,,,,
GRID_1188,INDIAN_MARINE,13.75,77.5,1997.42652317303,,,,,,,,
GRID_1189,INDIAN_MARINE,16.0,79.5,1821.7359914452943,,,,,,,,
GRID_1190,INDIAN_MARINE,7.0,79.25,1684.743724922018,,,,,,,,
GRID_1191,INDIAN_MARINE,15.25,89.25,778.359545231155,,,,,,,,
GRID_1192,INDIAN_MARINE,7.0,91.5,355.3180984493794,,,,,,,,
GRID_1193,INDIAN_MARINE,8.75,88.25,745.4896628777593,,,,,,,,
GRID_1194,INDIAN_MARINE,8.0,78.5,1782.5062736502296,,,,,,,,
GRID_1195,INDIAN_MARINE,15.75,77.5,2029.556146208413,,,,,,,,
GRID_1196,INDIAN_MARINE,10.75,96.0,39.23092926166894,4.92,1.414,5.39,233.1,222053.0,0.129,302.5,2024-06-16 11:37:27.548433792
GRID_1197,INDIAN_MARINE,5.0,77.0,1922.3857513610862,,,,,,,,
GRID_1198,INDIAN_MARINE,15.25,95.25,147.5840182071778,,,,,,,,
GRID_1199,INDIAN_MARINE,9.0,84.0,1208.8888282015482,,,,,,,,
GRID_1200,INDIAN_MARINE,19.25,76.0,2238.196541850269,,,,,,,,
GRID_1201,INDIAN_MARINE,12.75,75.25,2221.4916083419384,,,,,,,,
GRID_1202,INDIAN_MARINE,12.0,79.0,1806.1528980338762,,,,,,,,
GRID_1203,INDIAN_MARINE,10.5,91.75,408.9695391021209,,,,,,,,
GRID_1204,INDIAN_MARINE,15.5,69.0,2929.400838139134,,,,,,,,
GRID_1205,INDIAN_MARINE,14.0,92.25,434.7646881187316,,,,,,,,
GRID_1206,INDIAN_MARINE,18.25,75.0,2328.0256947745706,,,,,,,,
GRID_1207,INDIAN_MARINE,13.0,73.25,2440.0239992444535,,,,,,,,
GRID_1208,INDIAN_MARINE,14.0,82.5,1468.8599561241858,,,,,,,,
GRID_1209,INDIAN_MARINE,18.25,75.75,2249.3301890830653,,,,,,,,
GRID_1210,INDIAN_MARINE,17.5,79.25,1871.4282241402113,,,,,,,,
GRID_1211,INDIAN_MARINE,7.5,75.75,2074.649321913447,,,,,,,,
GRID_1212,INDIAN_MARINE,14.25,83.75,1340.6313529004672,,,,,,,,
GRID_1213,INDIAN_MARINE,16.5,84.5,1302.8486295274101,,,,,,,,
GRID_1214,INDIAN_MARINE,13.75,75.0,2264.530867829583,,,,,,,,
GRID_1215,INDIAN_MARINE,9.25,90.25,541.5151157451174,,,,,,,,
GRID_1216,INDIAN_MARINE,13.0,75.5,2198.855355991967,,,,,,,,
GRID_1217,INDIAN_MARINE,17.25,81.5,1631.1218443894443,,,,,,,,
GRID_1218,INDIAN_MARINE,21.5,68.25,3075.4007436819525,,,,,,,,
GRID_1219,INDIAN_MARINE,16.75,92.75,456.9481262430709,,,,,,,,
GRID_1220,INDIAN_MARINE,6.0,77.5,1868.6695126896225,,,,,,,,
GRID_1221,INDIAN_MARINE,6.5,94.25,46.80349143026039,7.66,2.3890000000000002,6.62,216.54,82933.0,0.20500000000000002,302.46,2024-06-16 11:38:41.931982976
GRID_1222,INDIAN_MARINE,8.0,92.75,243.87022740829354,,,,,,,,
GRID_1223,INDIAN_MARINE,16.0,85.5,1188.3560649827189,,,,,,,,
GRID_1224,INDIAN_MARINE,6.75,80.75,1517.0493395278006,,,,,,,,
GRID_1225,INDIAN_MARINE,16.75,85.5,1202.3278098687051,,,,,,,,
GRID_1226,INDIAN_MARINE,12.0,69.0,2881.1530320266797,,,,,,,,
GRID_1227,INDIAN_MARINE,14.0,77.75,1974.9196135748296,,,,,,,,
GRID_1228,INDIAN_MARINE,14.0,82.25,1495.4647431568058,,,,,,,,
GRID_1229,INDIAN_MARINE,15.75,69.0,2932.379775616619,,,,,,,,
GRID_1230,INDIAN_MARINE,12.75,88.5,805.4331930902771,,,,,,,,
GRID_1231,INDIAN_MARINE,16.75,94.0,341.91645090207226,,,,,,,,
GRID_1232,INDIAN_MARINE,11.25,70.5,2707.4557987426297,,,,,,,,
GRID_1233,INDIAN_MARINE,11.5,91.25,485.01453664896167,,,,,,,,
GRID_1234,INDIAN_MARINE,14.25,79.5,1792.6367618680151,,,,,,,,
GRID_1235,INDIAN_MARINE,7.75,71.25,2570.8049838283036,,,,,,,,
GRID_1236,INDIAN_MARINE,9.5,78.25,1839.44470623459,,,,,,,,
GRID_1237,INDIAN_MARINE,12.25,94.5,156.20434693436536,,,,,,,,
GRID_1238,INDIAN_MARINE,9.25,96.0,75.5178403419055,,,,,,,,
GRID_1239,INDIAN_MARINE,5.25,75.5,2088.275300207686,,,,,,,,
GRID_1240,INDIAN_MARINE,10.5,83.5,1293.8501292136425,,,,,,,,
GRID_1241,INDIAN_MARINE,15.5,68.25,3009.3048430751164,,,,,,,,
GRID_1242,INDIAN_MARINE,18.5,85.25,1270.0753667622766,,,,,,,,
GRID_1243,INDIAN_MARINE,11.25,93.5,239.26588603934044,,,,,,,,
GRID_1244,INDIAN_MARINE,21.75,75.5,2347.932239866329,,,,,,,,
GRID_1245,INDIAN_MARINE,13.25,82.5,1454.8894727490363,,,,,,,,
GRID_1246,INDIAN_MARINE,19.25,71.5,2706.3518193909076,,,,,,,,
GRID_1247,INDIAN_MARINE,13.0,90.5,598.1065118487376,,,,,,,,
GRID_1248,INDIAN_MARINE,17.25,70.25,2816.765878885274,,,,,,,,
GRID_1249,INDIAN_MARINE,13.25,79.0,1828.6048627252205,,,,,,,,
GRID_1250,INDIAN_MARINE,9.75,97.25,120.60085458726427,,,,,,,,
GRID_1251,INDIAN_MARINE,16.25,69.0,2938.1455226847884,,,,,,,,
GRID_1252,INDIAN_MARINE,12.0,73.25,2423.7609419385403,,,,,,,,
GRID_1253,INDIAN_MARINE,15.0,79.5,1805.3342758517767,,,,,,,,
GRID_1254,INDIAN_MARINE,13.75,81.25,1597.396928677505,,,,,,,,
GRID_1255,INDIAN_MARINE,7.75,90.25,507.4448847338165,,,,,,,,
GRID_1256,INDIAN_MARINE,14.25,88.75,810.3933280513115,,,,,,,,
GRID_1257,INDIAN_MARINE,18.25,76.75,2144.4490597234917,,,,,,,,
GRID_1258,INDIAN_MARINE,18.0,77.5,2062.399804272898,,,,,,,,
GRID_1259,INDIAN_MARINE,20.25,68.75,3004.957826318696,,,,,,,,
GRID_1260,INDIAN_MARINE,11.25,81.75,1496.8152660066935,,,,,,,,
GRID_1261,INDIAN_MARINE,7.25,77.0,1934.5506529784573,,,,,,,,
GRID_1262,INDIAN_MARINE,13.5,81.5,1566.1936731478004,,,,,,,,
GRID_1263,INDIAN_MARINE,11.75,96.5,68.19245750384403,,,,,,,,
GRID_1264,INDIAN_MARINE,12.0,78.0,1913.4557764535766,,,,,,,,
GRID_1265,INDIAN_MARINE,9.5,84.25,1192.471343221924,,,,,,,,
GRID_1266,INDIAN_MARINE,17.75,80.75,1717.8103984519928,,,,,,,,
GRID_1267,INDIAN_MARINE,8.0,79.75,1647.0521227985814,,,,,,,,
GRID_1268,INDIAN_MARINE,8.25,69.75,2740.673333423502,,,,,,,,
GRID_1269,INDIAN_MARINE,16.0,76.5,2139.2917390468783,,,,,,,,
GRID_1270,INDIAN_MARINE,19.5,82.0,1629.205470184213,,,,,,,,
GRID_1271,INDIAN_MARINE,12.25,83.75,1302.1132565153437,,,,,,,,
GRID_1272,INDIAN_MARINE,16.75,90.25,706.9855922355835,,,,,,,,
GRID_1273,INDIAN_MARINE,15.0,73.75,2416.8406889270855,,,,,,,,
GRID_1274,INDIAN_MARINE,6.25,69.75,2725.948088708727,,,,,,,,
GRID_1275,INDIAN_MARINE,10.5,91.0,489.2542122264535,,,,,,,,
GRID_1276,INDIAN_MARINE,8.75,88.5,718.5668270085257,,,,,,,,
GRID_1277,INDIAN_MARINE,7.5,69.5,2760.6548320678075,,,,,,,,
GRID_1278,INDIAN_MARINE,13.25,71.75,2604.748071314368,,,,,,,,
GRID_1279,INDIAN_MARINE,5.25,71.0,2586.544564771788,,,,,,,,
GRID_1280,INDIAN_MARINE,14.0,91.0,566.9442064604184,,,,,,,,
GRID_1281,INDIAN_MARINE,15.5,79.75,1787.1182164030024,,,,,,,,
GRID_1282,INDIAN_MARINE,11.5,94.25,165.19660027827706,,,,,,,,
GRID_1283,INDIAN_MARINE,19.5,82.5,1578.8706203679583,,,,,,,,
GRID_1284,INDIAN_MARINE,18.5,80.0,1809.3224593377502,,,,,,,,
GRID_1285,INDIAN_MARINE,9.0,90.5,508.9830311262079,,,,,,,,
GRID_1286,INDIAN_MARINE,18.75,81.0,1711.2114701187252,,,,,,,,
GRID_1287,INDIAN_MARINE,8.75,74.0,2284.51537019167,,,,,,,,
GRID_1288,INDIAN_MARINE,7.75,81.5,1452.511223414951,,,,,,,,
GRID_1289,INDIAN_MARINE,17.25,71.75,2658.286865906266,,,,,,,,
GRID_1290,INDIAN_MARINE,15.25,92.75,410.007601400164,,,,,,,,
GRID_1291,INDIAN_MARINE,7.75,69.5,2762.855753919539,,,,,,,,
GRID_1292,INDIAN_MARINE,14.75,80.75,1668.326195055494,,,,,,,,
GRID_1293,INDIAN_MARINE,15.0,95.25,141.7148465518445,,,,,,,,
GRID_1294,INDIAN_MARINE,10.5,82.25,1428.236703560069,,,,,,,,
GRID_1295,INDIAN_MARINE,21.5,69.5,2947.7784899656394,,,,,,,,
GRID_1296,INDIAN_MARINE,15.75,74.25,2374.3216157435254,,,,,,,,
GRID_1297,INDIAN_MARINE,8.25,79.75,1652.2195218332347,,,,,,,,
GRID_1298,INDIAN_MARINE,9.25,69.75,2754.331239964138,,,,,,,,
GRID_1299,INDIAN_MARINE,5.5,73.25,2337.4109548585784,,,,,,,,
GRID_1300,INDIAN_MARINE,18.75,79.0,1917.9356173214017,,,,,,,,
GRID_1301,INDIAN_MARINE,12.5,76.25,2110.018288397355,,,,,,,,
GRID_1302,INDIAN_MARINE,8.0,94.0,109.35885913559115,,,,,,,,
GRID_1303,INDIAN_MARINE,16.5,85.5,1197.697095260382,,,,,,,,
GRID_1304,INDIAN_MARINE,18.0,75.0,2324.9193375310356,,,,,,,,
GRID_1305,INDIAN_MARINE,17.75,68.0,3059.418634141285,,,,,,,,
GRID_1306,INDIAN_MARINE,12.0,78.75,1832.9759549664661,,,,,,,,
GRID_1307,INDIAN_MARINE,10.75,92.5,334.475245538884,,,,,,,,
GRID_1308,INDIAN_MARINE,9.5,81.75,1461.861034335189,,,,,,,,
GRID_1309,INDIAN_MARINE,19.5,75.0,2346.1732066746863,,,,,,,,
GRID_1310,INDIAN_MARINE,6.5,81.25,1459.1497515931312,,,,,,,,
GRID_1311,INDIAN_MARINE,16.0,84.5,1293.741129416636,,,,,,,,
GRID_1312,INDIAN_MARINE,19.25,84.0,1420.3142933150266,,,,,,,,
GRID_1313,INDIAN_MARINE,13.25,69.25,2872.9392862708455,,,,,,,,
GRID_1314,INDIAN_MARINE,6.5,93.0,181.71713707899082,,,,,,,,
GRID_1315,INDIAN_MARINE,12.0,85.0,1163.436597532509,,,,,,,,
GRID_1316,INDIAN_MARINE,6.5,92.5,235.67737405243284,,,,,,,,
GRID_1317,INDIAN_MARINE,8.0,91.75,351.55040873357694,,,,,,,,
GRID_1318,INDIAN_MARINE,13.5,73.0,2474.6210408725697,,,,,,,,
GRID_1319,INDIAN_MARINE,16.0,84.0,1346.4663105180891,,,,,,,,
GRID_1320,INDIAN_MARINE,19.75,84.25,1413.6455958917218,,,,,,,,
GRID_1321,INDIAN_MARINE,14.75,84.75,1243.9907656993646,,,,,,,,
GRID_1322,INDIAN_MARINE,18.25,76.5,2170.662481401598,,,,,,,,
GRID_1323,INDIAN_MARINE,7.75,89.75,561.3677779187176,,,,,,,,
GRID_1324,INDIAN_MARINE,6.5,73.5,2312.977471297796,,,,,,,,
GRID_1325,INDIAN_MARINE,6.0,72.75,2393.6273521878793,,,,,,,,
GRID_1326,INDIAN_MARINE,11.25,71.25,2626.5866828066833,,,,,,,,
GRID_1327,INDIAN_MARINE,13.75,70.0,2799.6383733966723,,,,,,,,
GRID_1328,INDIAN_MARINE,16.5,78.25,1961.6697557436762,,,,,,,,
GRID_1329,INDIAN_MARINE,7.25,78.5,1770.2432188136465,,,,,,,,
GRID_1330,INDIAN_MARINE,12.5,75.5,2190.474218902568,,,,,,,,
GRID_1331,INDIAN_MARINE,17.0,80.0,1784.866512846343,,,,,,,,
GRID_1332,INDIAN_MARINE,17.0,75.0,2311.990216531212,,,,,,,,
GRID_1333,INDIAN_MARINE,16.5,78.0,1988.0775237919993,,,,,,,,
GRID_1334,INDIAN_MARINE,7.5,93.75,124.45515745891896,,,,,,,,
GRID_1335,INDIAN_MARINE,9.25,69.0,2835.849488107387,,,,,,,,
GRID_1336,INDIAN_MARINE,17.5,86.0,1165.3641669687474,,,,,,,,
GRID_1337,INDIAN_MARINE,17.75,74.0,2426.9952038652373,,,,,,,,
GRID_1338,INDIAN_MARINE,11.75,73.75,2365.77213059891,,,,,,,,
GRID_1339,INDIAN_MARINE,12.0,73.0,2450.6484250327717,,,,,,,,
GRID_1340,INDIAN_MARINE,8.25,80.0,1625.187182634284,,,,,,,,
GRID_1341,INDIAN_MARINE,7.0,72.0,2481.6397476940733,,,,,,,,
GRID_1342,INDIAN_MARINE,15.5,85.25,1205.3046979332705,,,,,,,,
GRID_1343,INDIAN_MARINE,16.5,91.0,622.554123567045,,,,,,,,
GRID_1344,INDIAN_MARINE,12.25,95.75,23.576846094910525,4.78,1.438,5.45,228.18,167378.0,0.051000000000000004,302.41,2024-06-16 11:37:04.827539968
GRID_1345,INDIAN_MARINE,19.25,70.25,2836.871370509006,,,,,,,,
GRID_1346,INDIAN_MARINE,9.0,90.0,562.7485128115297,,,,,,,,
GRID_1347,INDIAN_MARINE,12.5,69.75,2808.120120264521,,,,,,,,
GRID_1348,INDIAN_MARINE,17.5,74.25,2397.5665838144037,,,,,,,,
GRID_1349,INDIAN_MARINE,9.5,84.0,1219.396073502543,,,,,,,,
GRID_1350,INDIAN_MARINE,9.5,96.0,69.44601368034544,,,,,,,,
GRID_1351,INDIAN_MARINE,13.5,97.0,55.8428641091677,,,,,,,,
GRID_1352,INDIAN_MARINE,13.0,82.25,1476.8651725915122,,,,,,,,
GRID_1353,INDIAN_MARINE,17.5,83.75,1399.4477382678172,,,,,,,,
GRID_1354,INDIAN_MARINE,13.75,91.75,482.07790855520705,,,,,,,,
GRID_1355,INDIAN_MARINE,17.5,83.0,1477.8960809558394,,,,,,,,
GRID_1356,INDIAN_MARINE,21.5,70.25,2871.3579267011946,,,,,,,,
GRID_1357,INDIAN_MARINE,15.5,75.25,2264.5505889044616,,,,,,,,
GRID_1358,INDIAN_MARINE,20.5,69.0,2982.539730095765,,,,,,,,
GRID_1359,INDIAN_MARINE,17.5,84.25,1347.2493626972323,,,,,,,,
GRID_1360,INDIAN_MARINE,11.0,81.5,1518.7693586396754,,,,,,,,
GRID_1361,INDIAN_MARINE,11.25,91.0,506.1029161197664,,,,,,,,
GRID_1362,INDIAN_MARINE,9.75,81.0,1547.7693914243005,,,,,,,,
GRID_1363,INDIAN_MARINE,16.0,81.25,1636.746952628241,,,,,,,,
GRID_1364,INDIAN_MARINE,15.25,72.0,2606.693956131588,,,,,,,,
GRID_1365,INDIAN_MARINE,15.25,95.0,173.8142964285591,,,,,,,,
GRID_1366,INDIAN_MARINE,14.5,92.25,445.9154528272295,,,,,,,,
GRID_1367,INDIAN_MARINE,12.25,81.5,1542.8786756513607,,,,,,,,
GRID_1368,INDIAN_MARINE,8.75,91.25,422.6343345393134,,,,,,,,
GRID_1369,INDIAN_MARINE,10.0,83.75,1256.7033793313171,,,,,,,,
GRID_1370,INDIAN_MARINE,12.5,79.0,1815.2473856591155,,,,,,,,
GRID_1371,INDIAN_MARINE,19.5,73.5,2501.647159701711,,,,,,,,
GRID_1372,INDIAN_MARINE,16.25,71.0,2725.8285885516793,,,,,,,,
GRID_1373,INDIAN_MARINE,16.0,89.0,820.1042113083125,,,,,,,,
GRID_1374,INDIAN_MARINE,9.25,78.25,1834.5216779764617,,,,,,,,
GRID_1375,INDIAN_MARINE,5.25,77.75,1839.1364929488493,,,,,,,,
GRID_1376,INDIAN_MARINE,16.75,85.0,1254.8325482471864,,,,,,,,
GRID_1377,INDIAN_MARINE,9.25,81.5,1483.7190307334338,,,,,,,,
GRID_1378,INDIAN_MARINE,15.5,77.5,2025.6905139091741,,,,,,,,
GRID_1379,INDIAN_MARINE,17.0,69.5,2893.389951826328,,,,,,,,
GRID_1380,INDIAN_MARINE,14.25,84.5,1260.9841312265435,,,,,,,,
GRID_1381,INDIAN_MARINE,12.0,92.0,416.32010342034476,,,,,,,,
GRID_1382,INDIAN_MARINE,12.0,95.0,97.1872876588901,,,,,,,,
GRID_1383,INDIAN_MARINE,8.0,91.25,405.4019999694125,,,,,,,,
GRID_1384,INDIAN_MARINE,18.5,70.75,2777.0338994618774,,,,,,,,
GRID_1385,INDIAN_MARINE,12.75,91.25,512.9228860647545,,,,,,,,
GRID_1386,INDIAN_MARINE,13.25,93.75,259.04638081677683,,,,,,,,
GRID_1387,INDIAN_MARINE,6.25,74.5,2201.2554998735345,,,,,,,,
GRID_1388,INDIAN_MARINE,5.5,72.5,2420.422197068967,,,,,,,,
GRID_1389,INDIAN_MARINE,11.0,92.5,340.21411110440727,,,,,,,,
GRID_1390,INDIAN_MARINE,21.0,70.0,2887.5895573299626,,,,,,,,
GRID_1391,INDIAN_MARINE,15.75,81.75,1579.639481600494,,,,,,,,
GRID_1392,INDIAN_MARINE,12.0,75.0,2235.6382364481115,,,,,,,,
GRID_1393,INDIAN_MARINE,14.25,96.0,45.06243032355251,4.75,1.297,5.2700000000000005,236.45000000000002,148396.0,0.095,302.27,2024-06-16 11:36:31.770688000
GRID_1394,INDIAN_MARINE,13.75,83.75,1331.1711044148988,,,,,,,,
GRID_1395,INDIAN_MARINE,8.5,81.25,1495.2568927289694,,,,,,,,
GRID_1396,INDIAN_MARINE,10.5,81.75,1482.014731123366,,,,,,,,
GRID_1397,INDIAN_MARINE,18.25,70.75,2774.53331573294,,,,,,,,
GRID_1398,INDIAN_MARINE,16.5,76.25,2173.018131804627,,,,,,,,
GRID_1399,INDIAN_MARINE,10.25,88.25,778.4614496479007,,,,,,,,
GRID_1400,INDIAN_MARINE,8.5,70.25,2689.077256350929,,,,,,,,
GRID_1401,INDIAN_MARINE,17.5,68.75,2977.845102191664,,,,,,,,
GRID_1402,INDIAN_MARINE,15.5,91.0,599.4237420456898,,,,,,,,
GRID_1403,INDIAN_MARINE,14.25,68.0,3020.586279580035,,,,,,,,
GRID_1404,INDIAN_MARINE,9.75,89.5,633.279463239879,,,,,,,,
GRID_1405,INDIAN_MARINE,6.75,94.0,79.70139579525204,,,,,,,,
GRID_1406,INDIAN_MARINE,10.75,75.25,2186.6689780850497,,,,,,,,
GRID_1407,INDIAN_MARINE,12.25,83.25,1355.5910329230594,,,,,,,,
GRID_1408,INDIAN_MARINE,20.5,75.25,2340.652753068759,,,,,,,,
GRID_1409,INDIAN_MARINE,10.0,78.5,1822.2227071986583,,,,,,,,
GRID_1410,INDIAN_MARINE,22.0,69.0,3008.3129713314033,,,,,,,,
GRID_1411,INDIAN_MARINE,15.75,82.5,1500.3633632036106,,,,,,,,
GRID_1412,INDIAN_MARINE,10.75,75.75,2132.784621141001,,,,,,,,
GRID_1413,INDIAN_MARINE,8.5,93.5,174.93702578618573,,,,,,,,
GRID_1414,INDIAN_MARINE,18.0,70.0,2850.9553343117277,,,,,,,,
GRID_1415,INDIAN_MARINE,21.0,71.75,2708.493952124246,,,,,,,,
GRID_1416,INDIAN_MARINE,8.25,92.25,303.52056895794783,,,,,,,,
GRID_1417,INDIAN_MARINE,19.25,81.0,1723.5589664383851,,,,,,,,
GRID_1418,INDIAN_MARINE,15.75,89.75,736.1265654316186,,,,,,,,
GRID_1419,INDIAN_MARINE,7.5,82.25,1366.0642053925467,,,,,,,,
GRID_1420,INDIAN_MARINE,9.75,80.0,1655.574812447769,,,,,,,,
GRID_1421,INDIAN_MARINE,7.25,69.75,2731.1976965449667,,,,,,,,
GRID_1422,INDIAN_MARINE,10.75,71.0,2645.0800603877283,,,,,,,,
GRID_1423,INDIAN_MARINE,6.75,95.0,28.185164155745834,4.0,1.841,6.24,216.06,89388.0,0.267,302.45,2024-06-16 11:38:35.732206848
GRID_1424,INDIAN_MARINE,18.5,69.25,2934.630322091647,,,,,,,,
GRID_1425,INDIAN_MARINE,13.5,72.5,2528.1689203934193,,,,,,,,
GRID_1426,INDIAN_MARINE,9.75,93.25,231.04744261343595,,,,,,,,
GRID_1427,INDIAN_MARINE,11.0,78.75,1814.414668410682,,,,,,,,
GRID_1428,INDIAN_MARINE,7.75,96.25,138.64228604632262,,,,,,,,
GRID_1429,INDIAN_MARINE,12.0,88.5,789.477186029497,,,,,,,,
GRID_1430,INDIAN_MARINE,8.5,95.25,13.171848913054648,4.09,1.006,5.39,216.54,163633.0,0.154,302.47,2024-06-16 11:38:06.799922048
GRID_1431,INDIAN_MARINE,11.0,94.25,153.4229651963027,,,,,,,,
GRID_1432,INDIAN_MARINE,13.5,76.0,2153.577941835866,,,,,,,,
GRID_1433,INDIAN_MARINE,13.0,85.0,1183.452341730412,,,,,,,,
GRID_1434,INDIAN_MARINE,14.25,82.75,1446.8812613032392,,,,,,,,
GRID_1435,INDIAN_MARINE,7.5,73.0,2376.1734526300256,,,,,,,,
GRID_1436,INDIAN_MARINE,11.0,92.25,366.92074899832176,,,,,,,,
GRID_1437,INDIAN_MARINE,18.5,70.5,2803.2921899664843,,,,,,,,
GRID_1438,INDIAN_MARINE,8.75,73.25,2365.945465496847,,,,,,,,
GRID_1439,INDIAN_MARINE,19.25,83.0,1520.710812074788,,,,,,,,
GRID_1440,INDIAN_MARINE,18.25,68.75,2984.947495714959,,,,,,,,
GRID_1441,INDIAN_MARINE,16.25,76.5,2142.9613649613393,,,,,,,,
GRID_1442,INDIAN_MARINE,7.5,92.5,259.1221757081086,,,,,,,,
GRID_1443,INDIAN_MARINE,16.75,73.5,2467.222146105553,,,,,,,,
GRID_1444,INDIAN_MARINE,17.25,70.75,2763.927659585866,,,,,,,,
GRID_1445,INDIAN_MARINE,12.25,88.5,794.8134651300595,,,,,,,,
GRID_1446,INDIAN_MARINE,10.25,88.0,805.2872555686754,,,,,,,,
GRID_1447,INDIAN_MARINE,10.5,92.5,328.72875478540976,,,,,,,,
GRID_1448,INDIAN_MARINE,18.5,81.25,1679.8062719615145,,,,,,,,
GRID_1449,INDIAN_MARINE,10.75,81.75,1486.978512660546,,,,,,,,
GRID_1450,INDIAN_MARINE,16.75,77.25,2070.978970031068,,,,,,,,
GRID_1451,INDIAN_MARINE,5.25,79.0,1700.726221262761,,,,,,,,
GRID_1452,INDIAN_MARINE,18.25,69.0,2958.6372400035466,,,,,,,,
GRID_1453,INDIAN_MARINE,14.0,94.75,170.81508838613894,,,,,,,,
GRID_1454,INDIAN_MARINE,20.75,71.0,2780.6000458044196,,,,,,,,
GRID_1455,INDIAN_MARINE,18.0,68.75,2982.6469401405357,,,,,,,,
GRID_1456,INDIAN_MARINE,14.75,80.0,1748.0024223340868,,,,,,,,
GRID_1457,INDIAN_MARINE,10.25,84.5,1181.2187408846773,,,,,,,,
GRID_1458,INDIAN_MARINE,15.75,90.5,657.3125630875123,,,,,,,,
GRID_1459,INDIAN_MARINE,11.0,90.75,527.2324796836941,,,,,,,,
GRID_1460,INDIAN_MARINE,17.0,76.5,2153.698399979097,,,,,,,,
GRID_1461,INDIAN_MARINE,13.25,92.75,364.9564780761624,,,,,,,,
GRID_1462,INDIAN_MARINE,8.5,83.5,1252.2599392384855,,,,,,,,
GRID_1463,INDIAN_MARINE,8.5,92.25,309.32242488332935,,,,,,,,
GRID_1464,INDIAN_MARINE,20.25,69.5,2927.301057548246,,,,,,,,
GRID_1465,INDIAN_MARINE,8.0,90.5,486.21549555794996,,,,,,,,
GRID_1466,INDIAN_MARINE,14.75,95.75,83.27091866654881,,,,,,,,
GRID_1467,INDIAN_MARINE,10.0,84.75,1149.1271378977735,,,,,,,,
GRID_1468,INDIAN_MARINE,5.5,73.5,2309.7406815933214,,,,,,,,
GRID_1469,INDIAN_MARINE,13.0,81.75,1530.2602763687823,,,,,,,,
GRID_1470,INDIAN_MARINE,16.5,95.0,242.4496456531528,,,,,,,,
GRID_1471,INDIAN_MARINE,17.0,78.75,1916.5070746096917,,,,,,,,
GRID_1472,INDIAN_MARINE,19.25,74.5,2393.884820677166,,,,,,,,
GRID_1473,INDIAN_MARINE,9.0,81.0,1532.5588334086133,,,,,,,,
GRID_1474,INDIAN_MARINE,7.5,79.25,1692.0916234697693,,,,,,,,
GRID_1475,INDIAN_MARINE,9.5,82.0,1434.9092667288576,,,,,,,,
GRID_1476,INDIAN_MARINE,7.25,92.75,226.31349258616754,,,,,,,,
GRID_1477,INDIAN_MARINE,7.25,81.0,1497.124655321113,,,,,,,,
GRID_1478,INDIAN_MARINE,9.25,91.75,380.37645358426903,,,,,,,,
GRID_1479,INDIAN_MARINE,10.5,95.75,18.55365106756281,5.07,1.534,5.37,233.9,246175.0,0.085,302.51,2024-06-16 11:37:32.712274048
GRID_1480,INDIAN_MARINE,5.25,73.0,2365.0936941163704,,,,,,,,
GRID_1481,INDIAN_MARINE,17.75,85.5,1223.2140579672741,,,,,,,,
GRID_1482,INDIAN_MARINE,14.0,70.75,2722.868530236107,,,,,,,,
GRID_1483,INDIAN_MARINE,11.75,80.25,1667.4031971669767,,,,,,,,
GRID_1484,INDIAN_MARINE,7.75,93.25,184.17692942131623,,,,,,,,
GRID_1485,INDIAN_MARINE,16.0,94.25,276.64201068064256,,,,,,,,
GRID_1486,INDIAN_MARINE,10.5,73.25,2397.872362799459,,,,,,,,
GRID_1487,INDIAN_MARINE,9.75,69.5,2789.7593031463775,,,,,,,,
GRID_1488,INDIAN_MARINE,10.25,92.0,376.50265358160055,,,,,,,,
GRID_1489,INDIAN_MARINE,6.0,75.5,2089.6655887342213,,,,,,,,
GRID_1490,INDIAN_MARINE,13.75,96.5,19.691388050688495,4.83,1.108,5.22,234.07,162777.0,0.084,302.29,2024-06-16 11:36:37.970462848
GRID_1491,INDIAN_MARINE,13.5,81.25,1592.8555669981065,,,,,,,,
GRID_1492,INDIAN_MARINE,14.5,80.5,1690.5490347698799,,,,,,,,
GRID_1493,INDIAN_MARINE,8.0,79.5,1674.1090244375807,,,,,,,,
GRID_1494,INDIAN_MARINE,15.5,85.75,1152.5154077629884,,,,,,,,
GRID_1495,INDIAN_MARINE,7.5,79.0,1719.3551868184957,,,,,,,,
GRID_1496,INDIAN_MARINE,22.0,76.0,2305.842211475116,,,,,,,,
GRID_1497,INDIAN_MARINE,15.5,71.75,2636.636410564606,,,,,,,,
GRID_1498,INDIAN_MARINE,14.25,71.75,2619.4767724964563,,,,,,,,
GRID_1499,INDIAN_MARINE,15.25,84.0,1332.756927039535,,,,,,,,
GRID_1500,INDIAN_MARINE,10.0,76.25,2064.93952519561,,,,,,,,
GRID_1501,INDIAN_MARINE,10.25,79.75,1692.37167156146,,,,,,,,
GRID_1502,INDIAN_MARINE,7.5,90.5,474.7598362903961,,,,,,,,
GRID_1503,INDIAN_MARINE,12.5,78.75,1842.028749348991,,,,,,,,
GRID_1504,INDIAN_MARINE,16.25,94.75,244.54191317811353,,,,,,,,
GRID_1505,INDIAN_MARINE,19.5,83.0,1528.716976425154,,,,,,,,
GRID_1506,INDIAN_MARINE,12.25,75.0,2239.9040225177923,,,,,,,,
GRID_1507,INDIAN_MARINE,15.0,96.75,18.453094520194764,4.45,1.189,5.47,236.24,123164.0,0.137,302.3,2024-06-16 11:36:18.337842048
GRID_1508,INDIAN_MARINE,5.5,79.5,1645.7025930340078,,,,,,,,
GRID_1509,INDIAN_MARINE,12.75,68.5,2946.257853265668,,,,,,,,
GRID_1510,INDIAN_MARINE,16.0,76.0,2192.269227163573,,,,,,,,
GRID_1511,INDIAN_MARINE,15.25,93.25,357.46499002068606,,,,,,,,
GRID_1512,INDIAN_MARINE,17.25,73.25,2499.917873300955,,,,,,,,
GRID_1513,INDIAN_MARINE,13.0,75.75,2172.0739541106072,,,,,,,,
GRID_1514,INDIAN_MARINE,9.0,92.0,347.76616578176214,,,,,,,,
GRID_1515,INDIAN_MARINE,12.25,85.25,1141.7652138571027,,,,,,,,
GRID_1516,INDIAN_MARINE,18.25,85.25,1262.4890014064533,,,,,,,,
GRID_1517,INDIAN_MARINE,15.75,80.25,1738.3048229520966,,,,,,,,
GRID_1518,INDIAN_MARINE,13.25,91.25,523.988534895537,,,,,,,,
GRID_1519,INDIAN_MARINE,5.75,71.75,2503.659492451045,,,,,,,,
GRID_1520,INDIAN_MARINE,20.75,76.5,2219.8680270755285,,,,,,,,
GRID_1521,INDIAN_MARINE,14.25,75.25,2245.6839710382174,,,,,,,,
GRID_1522,INDIAN_MARINE,21.25,73.0,2586.5351166231108,,,,,,,,
GRID_1523,INDIAN_MARINE,11.5,91.75,431.6741229468541,,,,,,,,
GRID_1524,INDIAN_MARINE,10.75,93.75,200.9267491930395,,,,,,,,
GRID_1525,INDIAN_MARINE,11.0,96.5,86.46037756368924,,,,,,,,
GRID_1526,INDIAN_MARINE,7.25,73.0,2373.7034158384113,,,,,,,,
GRID_1527,INDIAN_MARINE,5.25,75.75,2060.593265265604,,,,,,,,
GRID_1528,INDIAN_MARINE,14.5,78.5,1903.3207633707452,,,,,,,,
GRID_1529,INDIAN_MARINE,18.5,71.75,2672.023620914841,,,,,,,,
GRID_1530,INDIAN_MARINE,17.75,74.75,2348.0646739429635,,,,,,,,
GRID_1531,INDIAN_MARINE,16.5,83.5,1408.0812359133097,,,,,,,,
GRID_1532,INDIAN_MARINE,15.25,91.5,541.442107688859,,,,,,,,
GRID_1533,INDIAN_MARINE,17.75,83.75,1404.4711287723037,,,,,,,,
GRID_1534,INDIAN_MARINE,9.0,83.75,1235.8476035201354,,,,,,,,
GRID_1535,INDIAN_MARINE,5.5,80.0,1590.3736071753167,,,,,,,,
GRID_1536,INDIAN_MARINE,20.25,72.0,2669.0344430352675,,,,,,,,
GRID_1537,INDIAN_MARINE,20.0,72.5,2613.2366490178188,,,,,,,,
GRID_1538,INDIAN_MARINE,13.75,94.5,191.37739101881382,,,,,,,,
GRID_1539,INDIAN_MARINE,13.25,75.0,2256.5095042413373,,,,,,,,
GRID_1540,INDIAN_MARINE,9.0,83.5,1262.8113225647066,,,,,,,,
GRID_1541,INDIAN_MARINE,7.25,93.0,199.3506250778134,,,,,,,,
GRID_1542,INDIAN_MARINE,11.5,70.5,2711.575102649436,,,,,,,,
GRID_1543,INDIAN_MARINE,7.25,82.25,1361.0518329194222,,,,,,,,
GRID_1544,INDIAN_MARINE,8.25,71.5,2549.2639061683753,,,,,,,,
GRID_1545,INDIAN_MARINE,18.0,71.75,2666.703549338112,,,,,,,,
GRID_1546,INDIAN_MARINE,9.5,77.0,1974.4109660039394,,,,,,,,
GRID_1547,INDIAN_MARINE,16.5,68.0,3047.0441580091638,,,,,,,,
GRID_1548,INDIAN_MARINE,14.0,80.25,1708.4101459041008,,,,,,,,
GRID_1549,INDIAN_MARINE,19.0,82.25,1589.4127774586852,,,,,,,,
GRID_1550,INDIAN_MARINE,15.0,86.0,1116.4724173559357,,,,,,,,
GRID_1551,INDIAN_MARINE,7.75,82.0,1398.4316359908948,,,,,,,,
GRID_1552,INDIAN_MARINE,16.75,94.75,280.9451427077504,,,,,,,,
GRID_1553,INDIAN_MARINE,12.5,90.0,640.3727979537567,,,,,,,,
GRID_1554,INDIAN_MARINE,7.75,74.5,2214.70133674143,,,,,,,,
GRID_1555,INDIAN_MARINE,7.5,74.5,2211.6276487235773,,,,,,,,
GRID_1556,INDIAN_MARINE,10.25,95.25,29.013291516343926,4.84,1.5190000000000001,5.26,233.70000000000002,259559.0,-0.014,302.52,2024-06-16 11:37:38.908881152
GRID_1557,INDIAN_MARINE,12.0,89.5,682.7763590954273,,,,,,,,
GRID_1558,INDIAN_MARINE,11.0,95.5,20.125648638313006,4.57,1.323,5.39,232.53,213229.0,0.17400000000000002,302.49,2024-06-16 11:37:25.482898176
GRID_1559,INDIAN_MARINE,12.75,94.25,194.44980986680136,,,,,,,,
GRID_1560,INDIAN_MARINE,14.25,85.25,1181.3742776167085,,,,,,,,
GRID_1561,INDIAN_MARINE,16.5,68.75,2967.457011176914,,,,,,,,
GRID_1562,INDIAN_MARINE,6.5,80.25,1569.113674428442,,,,,,,,
GRID_1563,INDIAN_MARINE,15.0,91.75,509.6646491205518,,,,,,,,
GRID_1564,INDIAN_MARINE,12.25,75.75,2159.375077835752,,,,,,,,
GRID_1565,INDIAN_MARINE,6.5,69.25,2782.0652105322383,,,,,,,,
GRID_1566,INDIAN_MARINE,18.25,75.25,2301.791788268542,,,,,,,,
GRID_1567,INDIAN_MARINE,9.5,69.25,2812.618177198263,,,,,,,,
GRID_1568,INDIAN_MARINE,9.75,84.25,1197.7033316549412,,,,,,,,
GRID_1569,INDIAN_MARINE,11.5,74.5,2280.770170211598,,,,,,,,
GRID_1570,INDIAN_MARINE,14.0,96.0,39.11266084708935,5.0200000000000005,1.1480000000000001,5.21,234.92000000000002,156963.0,0.08700000000000001,302.27,2024-06-16 11:36:35.903872000
GRID_1571,INDIAN_MARINE,10.75,73.5,2375.347498871872,,,,,,,,
GRID_1572,INDIAN_MARINE,16.75,73.0,2520.1114477817264,,,,,,,,
GRID_1573,INDIAN_MARINE,19.5,84.25,1404.2553583275248,,,,,,,,
GRID_1574,INDIAN_MARINE,12.75,92.5,380.1444080792686,,,,,,,,
GRID_1575,INDIAN_MARINE,10.5,80.5,1616.5066469892074,,,,,,,,
GRID_1576,INDIAN_MARINE,8.25,95.75,72.8035675822046,,,,,,,,
GRID_1577,INDIAN_MARINE,17.0,72.0,2628.9330098576384,,,,,,,,
GRID_1578,INDIAN_MARINE,20.75,69.75,2909.0517856397514,,,,,,,,
GRID_1579,INDIAN_MARINE,6.5,74.5,2202.6603640748467,,,,,,,,
GRID_1580,INDIAN_MARINE,10.0,96.5,110.7612192597918,,,,,,,,
GRID_1581,INDIAN_MARINE,18.75,77.75,2047.725635970012,,,,,,,,
GRID_1582,INDIAN_MARINE,6.5,75.25,2119.9415915566715,,,,,,,,
GRID_1583,INDIAN_MARINE,5.25,77.25,1894.5007120826067,,,,,,,,
GRID_1584,INDIAN_MARINE,17.25,73.5,2473.532360736999,,,,,,,,
GRID_1585,INDIAN_MARINE,7.75,91.0,426.59323150800566,,,,,,,,
GRID_1586,INDIAN_MARINE,13.0,71.75,2600.9303145406807,,,,,,,,
GRID_1587,INDIAN_MARINE,15.25,78.75,1889.0725306354436,,,,,,,,
GRID_1588,INDIAN_MARINE,15.5,76.25,2158.3546731984998,,,,,,,,
GRID_1589,INDIAN_MARINE,10.75,68.5,2915.0294935148595,,,,,,,,
GRID_1590,INDIAN_MARINE,11.5,88.75,752.0261871312676,,,,,,,,
GRID_1591,INDIAN_MARINE,5.75,75.75,2061.1944332696876,,,,,,,,
GRID_1592,INDIAN_MARINE,7.75,96.0,111.76283564641139,,,,,,,,
GRID_1593,INDIAN_MARINE,18.75,71.0,2753.2484009887735,,,,,,,,
GRID_1594,INDIAN_MARINE,14.0,71.0,2696.1173118033926,,,,,,,,
GRID_1595,INDIAN_MARINE,19.25,79.75,1851.3994831298994,,,,,,,,
GRID_1596,INDIAN_MARINE,10.75,81.0,1567.61458727418,,,,,,,,
GRID_1597,INDIAN_MARINE,5.75,80.5,1535.9511936026638,,,,,,,,
GRID_1598,INDIAN_MARINE,13.25,85.5,1135.1435972063052,,,,,,,,
GRID_1599,INDIAN_MARINE,6.75,78.0,1819.1319486073403,,,,,,,,
GRID_1600,INDIAN_MARINE,13.25,73.5,2417.1749711505554,,,,,,,,
GRID_1601,INDIAN_MARINE,8.25,70.25,2685.9595787962767,,,,,,,,
GRID_1602,INDIAN_MARINE,13.25,94.0,232.57455731522862,,,,,,,,
GRID_1603,INDIAN_MARINE,15.0,85.25,1195.8105609190077,,,,,,,,
GRID_1604,INDIAN_MARINE,10.0,95.5,4.763541444996093,4.92,1.337,5.24,233.13,255326.0,0.021,302.53000000000003,2024-06-16 11:37:42.007185024
GRID_1605,INDIAN_MARINE,6.75,78.5,1764.156142576771,,,,,,,,
GRID_1606,INDIAN_MARINE,11.25,82.0,1469.973683072161,,,,,,,,
GRID_1607,INDIAN_MARINE,9.25,78.75,1780.5262776628617,,,,,,,,
GRID_1608,INDIAN_MARINE,12.75,78.0,1926.8028191128192,,,,,,,,
GRID_1609,INDIAN_MARINE,9.5,90.0,574.0037892775366,,,,,,,,
GRID_1610,INDIAN_MARINE,19.5,80.5,1781.140179350103,,,,,,,,
GRID_1611,INDIAN_MARINE,20.0,70.25,2846.1328010368884,,,,,,,,
GRID_1612,INDIAN_MARINE,12.75,74.5,2301.9235654882955,,,,,,,,
GRID_1613,INDIAN_MARINE,12.75,96.0,9.057142895356892,4.61,1.372,5.23,229.19,180861.0,0.10300000000000001,302.37,2024-06-16 11:36:55.532628992
GRID_1614,INDIAN_MARINE,14.75,93.25,346.15616815559423,,,,,,,,
GRID_1615,INDIAN_MARINE,16.5,90.75,648.2992655458759,,,,,,,,
GRID_1616,INDIAN_MARINE,14.0,80.5,1681.7773521123074,,,,,,,,
GRID_1617,INDIAN_MARINE,8.0,93.75,136.27112728451948,,,,,,,,
GRID_1618,INDIAN_MARINE,12.0,68.5,2935.0084608763186,,,,,,,,
GRID_1619,INDIAN_MARINE,9.0,78.25,1829.5623012509918,,,,,,,,
GRID_1620,INDIAN_MARINE,6.0,70.5,2642.3757777090045,,,,,,,,
GRID_1621,INDIAN_MARINE,12.5,77.75,1949.1870586561422,,,,,,,,
GRID_1622,INDIAN_MARINE,8.25,91.25,411.15478066672017,,,,,,,,
GRID_1623,INDIAN_MARINE,18.25,71.0,2748.2446298929785,,,,,,,,
GRID_1624,INDIAN_MARINE,5.25,71.5,2531.1822484794075,,,,,,,,
GRID_1625,INDIAN_MARINE,9.25,70.25,2700.0245994586317,,,,,,,,
GRID_1626,INDIAN_MARINE,8.75,80.25,1608.440424911005,,,,,,,,
GRID_1627,INDIAN_MARINE,15.5,95.75,109.04564256816688,,,,,,,,
GRID_1628,INDIAN_MARINE,12.75,71.75,2597.0568777149206,,,,,,,,
GRID_1629,INDIAN_MARINE,18.25,69.75,2879.720253914965,,,,,,,,
GRID_1630,INDIAN_MARINE,18.0,78.5,1957.495380449702,,,,,,,,
GRID_1631,INDIAN_MARINE,15.75,69.75,2852.5788254390804,,,,,,,,
GRID_1632,INDIAN_MARINE,8.5,92.5,282.4336430437946,,,,,,,,
GRID_1633,INDIAN_MARINE,20.75,76.25,2245.146705134256,,,,,,,,
GRID_1634,INDIAN_MARINE,6.5,75.75,2064.8059977559255,,,,,,,,
GRID_1635,INDIAN_MARINE,14.75,86.25,1085.1458421049726,,,,,,,,
GRID_1636,INDIAN_MARINE,9.75,70.75,2654.5447787588105,,,,,,,,
GRID_1637,INDIAN_MARINE,6.5,71.5,2533.6833552502844,,,,,,,,
GRID_1638,INDIAN_MARINE,11.75,77.0,2016.3475032024428,,,,,,,,
GRID_1639,INDIAN_MARINE,11.75,73.5,2392.6717438591695,,,,,,,,
GRID_1640,INDIAN_MARINE,21.25,68.5,3045.5942559320106,,,,,,,,
GRID_1641,INDIAN_MARINE,15.5,76.0,2184.897695228237,,,,,,,,
GRID_1642,INDIAN_MARINE,10.75,89.5,655.4299186515352,,,,,,,,
GRID_1643,INDIAN_MARINE,21.25,76.25,2258.6222412486763,,,,,,,,
GRID_1644,INDIAN_MARINE,10.5,95.25,34.9047524286119,5.4,1.5230000000000001,5.3500000000000005,234.19,254453.0,0.033,302.51,2024-06-16 11:37:34.777811968
GRID_1645,INDIAN_MARINE,21.0,73.5,2530.1187753224162,,,,,,,,
GRID_1646,INDIAN_MARINE,11.0,74.25,2298.9195917181614,,,,,,,,
GRID_1647,INDIAN_MARINE,12.75,72.25,2543.3730987994604,,,,,,,,
GRID_1648,INDIAN_MARINE,12.25,92.25,395.3713553240538,,,,,,,,
GRID_1649,INDIAN_MARINE,13.75,79.75,1757.31346048701,,,,,,,,
GRID_1650,INDIAN_MARINE,13.25,77.25,2015.7134409222929,,,,,,,,
GRID_1651,INDIAN_MARINE,14.5,89.25,762.7151676888893,,,,,,,,
GRID_1652,INDIAN_MARINE,13.75,80.0,1730.6541505929881,,,,,,,,
GRID_1653,INDIAN_MARINE,16.75,75.0,2308.632811824843,,,,,,,,
GRID_1654,INDIAN_MARINE,11.25,95.75,2.180862745116248,5.13,1.448,5.37,230.93,193630.0,0.126,302.47,2024-06-16 11:37:20.319058944
GRID_1655,INDIAN_MARINE,18.25,80.25,1778.591151152201,,,,,,,,
GRID_1656,INDIAN_MARINE,19.25,79.25,1902.7167364147128,,,,,,,,
GRID_1657,INDIAN_MARINE,6.25,79.25,1677.040910805458,,,,,,,,
GRID_1658,INDIAN_MARINE,7.25,72.0,2483.6516305954324,,,,,,,,
GRID_1659,INDIAN_MARINE,12.75,72.5,2516.5327677793384,,,,,,,,
GRID_1660,INDIAN_MARINE,5.5,74.25,2226.7303900781285,,,,,,,,
GRID_1661,INDIAN_MARINE,12.75,77.5,1980.356920974637,,,,,,,,
GRID_1662,INDIAN_MARINE,7.75,93.0,211.09441277250548,,,,,,,,
GRID_1663,INDIAN_MARINE,10.75,83.25,1325.7837566488936,,,,,,,,
GRID_1664,INDIAN_MARINE,19.5,84.5,1379.5443807856075,,,,,,,,
GRID_1665,INDIAN_MARINE,9.5,72.75,2433.6962250394454,,,,,,,,
GRID_1666,INDIAN_MARINE,14.75,74.5,2333.2785044895486,,,,,,,,
GRID_1667,INDIAN_MARINE,13.75,73.25,2451.6876574768926,,,,,,,,
GRID_1668,INDIAN_MARINE,18.0,83.25,1461.782545775444,,,,,,,,
GRID_1669,INDIAN_MARINE,9.0,70.25,2696.1108095440827,,,,,,,,
GRID_1670,INDIAN_MARINE,16.0,90.0,715.075638554561,,,,,,,,
GRID_1671,INDIAN_MARINE,12.0,77.0,2020.8022534760125,,,,,,,,
GRID_1672,INDIAN_MARINE,17.5,71.75,2661.1510039780665,,,,,,,,
GRID_1673,INDIAN_MARINE,9.5,91.25,439.78532982604776,,,,,,,,
GRID_1674,INDIAN_MARINE,6.75,75.5,2094.2585511242182,,,,,,,,
GRID_1675,INDIAN_MARINE,15.75,95.75,126.82685295627688,,,,,,,,
GRID_1676,INDIAN_MARINE,12.75,74.25,2328.7415403925975,,,,,,,,
GRID_1677,INDIAN_MARINE,11.0,72.75,2460.602284956248,,,,,,,,
GRID_1678,INDIAN_MARINE,16.75,78.25,1965.4500916534178,,,,,,,,
GRID_1679,INDIAN_MARINE,14.0,93.25,329.12582176413645,,,,,,,,
GRID_1680,INDIAN_MARINE,8.5,68.25,2907.682723503346,,,,,,,,
GRID_1681,INDIAN_MARINE,17.75,84.75,1300.7127983997698,,,,,,,,
GRID_1682,INDIAN_MARINE,5.0,75.25,2116.2147329650443,,,,,,,,
GRID_1683,INDIAN_MARINE,6.25,72.25,2449.7554086150203,,,,,,,,
GRID_1684,INDIAN_MARINE,15.5,91.5,546.8791081826457,,,,,,,,
GRID_1685,INDIAN_MARINE,7.75,69.0,2817.757556282668,,,,,,,,
GRID_1686,INDIAN_MARINE,6.25,69.5,2753.5709513372244,,,,,,,,
GRID_1687,INDIAN_MARINE,17.75,75.75,2242.873284613238,,,,,,,,
GRID_1688,INDIAN_MARINE,15.0,84.5,1275.1885936108365,,,,,,,,
GRID_1689,INDIAN_MARINE,16.5,68.5,2993.9827288335177,,,,,,,,
GRID_1690,INDIAN_MARINE,17.25,69.75,2869.6158256783606,,,,,,,,
GRID_1691,INDIAN_MARINE,16.0,95.25,185.2516173118166,,,,,,,,
GRID_1692,INDIAN_MARINE,7.5,70.25,2678.213888124153,,,,,,,,
GRID_1693,INDIAN_MARINE,18.75,72.25,2622.1858858559867,,,,,,,,
GRID_1694,INDIAN_MARINE,10.75,84.0,1245.227829235933,,,,,,,,
GRID_1695,INDIAN_MARINE,14.75,85.0,1217.5033082959344,,,,,,,,
GRID_1696,INDIAN_MARINE,17.25,76.0,2209.8738590678213,,,,,,,,
GRID_1697,INDIAN_MARINE,18.0,79.75,1826.5192233085488,,,,,,,,
GRID_1698,INDIAN_MARINE,8.0,73.25,2354.696149271974,,,,,,,,
GRID_1699,INDIAN_MARINE,11.25,92.0,399.32087184574215,,,,,,,,
GRID_1700,INDIAN_MARINE,8.5,89.5,605.2863151052983,,,,,,,,
