zone_id,region,latitude,longitude,saral_distance_km,wind_speed_ms,wave_height_m,wave_period_s,wave_direction_deg,dist_coast_m,ssha_m,saral_sst_c,saral_time,cyclone_distance_km,cyclone_wind_kt,cyclone_grade,cyclone_pressure_hpa,cyclone_pressure_drop_hpa,cyclone_basin
PFZ0001,ANDAMAN,13.170277777777777,92.64027777777778,374.7904525722834,,,,,,,,,192.40181318686862,25.0,D,990.0,3.0995834159888913,BOB
PFZ0002,ANDAMAN,11.76,92.94694444444444,310.00816190877646,,,,,,,,,342.5952617522272,25.0,D,990.0,3.0995834159888913,BOB
PFZ0003,ANDAMAN,11.745,93.00444444444445,303.536344799008,,,,,,,,,346.9607374377355,25.0,D,990.0,3.0995834159888913,BOB
PFZ0004,ANDAMAN,11.694444444444445,93.02194444444444,300.51286408044444,,,,,,,,,352.82271892294324,25.0,D,990.0,3.0995834159888913,BOB
PFZ0005,ANDAMAN,11.6325,93.02111111111113,299.1733179193314,,,,,,,,,358.8950682262179,25.0,D,990.0,3.0995834159888913,BOB
PFZ0006,ANDAMAN,11.58777777777778,93.02583333333334,297.6288174595849,,,,,,,,,363.55897467980884,25.0,D,990.0,3.0995834159888913,BOB
PFZ0007,ANDAMAN,11.56388888888889,92.99944444444444,299.9094712669128,,,,,,,,,364.6483520830415,25.0,D,990.0,3.0995834159888913,BOB
PFZ0008,ANDAMAN,11.535555555555556,92.97555555555556,301.7840780857745,,,,,,,,,366.3393067762384,25.0,D,990.0,3.0995834159888913,BOB
PFZ0009,ANDAMAN,11.501944444444444,92.98388888888888,300.13908000898476,,,,,,,,,370.1014805688679,25.0,D,990.0,3.0995834159888913,BOB
PFZ0010,ANDAMAN,11.3625,92.97833333333334,297.50614213833376,,,,,,,,,383.8935321558379,25.0,D,990.0,3.0995834159888913,BOB
PFZ0011,ANDAMAN,11.3,92.95277777777778,298.7885776661529,,,,,,,,,389.0990412210379,25.0,D,990.0,3.0995834159888913,BOB
PFZ0012,ANDAMAN,11.255,92.89833333333334,303.56459666609265,,,,,,,,,391.36287223916094,25.0,D,990.0,3.0995834159888913,BOB
PFZ0013,ANDAMAN,11.17611111111111,92.82166666666666,309.9215351627498,,,,,,,,,396.3948097519698,25.0,D,990.0,3.0995834159888913,BOB
PFZ0014,ANDAMAN,10.916666666666666,92.68388888888887,318.6666589547255,,,,,,,,,418.62397909834095,25.0,D,990.0,3.0995834159888913,BOB
PFZ0015,ANDAMAN,10.913333333333334,92.3475,354.5204684106996,,,,,,,,,409.27324498694304,25.0,D,990.0,3.0995834159888913,BOB
PFZ0016,ANDAMAN,10.87527777777778,92.70972222222224,314.94876631939314,,,,,,,,,423.8686687201688,25.0,D,990.0,3.0995834159888913,BOB
PFZ0017,ANDAMAN,10.805277777777778,92.73111111111112,311.05186338797176,,,,,,,,,431.9935178082016,25.0,D,990.0,3.0995834159888913,BOB
PFZ0018,ANDAMAN,10.76888888888889,92.27083333333331,359.4089864211566,,,,,,,,,423.2236705190064,25.0,D,990.0,3.0995834159888913,BOB
PFZ0019,ANDAMAN,10.727222222222222,92.74361111111112,307.92605086608944,,,,,,,,,440.67509798524117,25.0,D,990.0,3.0995834159888913,BOB
PFZ0020,ANDAMAN,10.649722222222222,92.79833333333332,300.29136464048577,,,,,,,,,450.7128324417398,25.0,D,990.0,3.0995834159888913,BOB
PFZ0021,GOA,15.530555555555557,73.04638888888888,2499.1642702701706,,,,,,,,,315.4346296641014,25.0,D,,3.0,ARB
PFZ0022,GOA,15.436944444444444,73.11,2491.113563142341,,,,,,,,,313.0375381523984,25.0,D,,3.0,ARB
PFZ0023,GOA,15.349722222222224,73.17166666666667,2483.34956940892,,,,,,,,,311.43416565787334,25.0,D,,3.0,ARB
PFZ0024,GOA,15.233333333333333,73.39305555555556,2458.1633444378926,,,,,,,,,321.8520933466123,25.0,D,,3.0,ARB
PFZ0025,GOA,15.193333333333332,73.4238888888889,2454.319114774632,,,,,,,,,321.91557006872114,25.0,D,,3.0,ARB
PFZ0026,GOA,15.145555555555555,73.44277777777778,2451.6335718042483,,,,,,,,,320.52928247684383,25.0,D,,3.0,ARB
PFZ0027,GOA,15.094444444444443,73.4475,2450.4049564393026,,,,,,,,,317.7667322129476,25.0,D,,3.0,ARB
PFZ0028,KARNATAKA,14.746388888888887,73.52638888888889,2436.9989976436254,,,,,,,,,305.6498720149293,25.0,D,,3.0,ARB
PFZ0029,KARNATAKA,14.653055555555556,73.53861111111111,2434.3369640560595,,,,,,,,,302.3307135737146,25.0,D,,3.0,ARB
PFZ0030,KARNATAKA,14.568055555555556,73.50222222222222,2436.974129787492,,,,,,,,,294.8954439355065,25.0,D,,3.0,ARB
PFZ0031,KARNATAKA,14.493055555555555,73.4475,2441.71202161542,,,,,,,,,286.2223366169179,25.0,D,,3.0,ARB
PFZ0032,KARNATAKA,14.3575,73.97722222222222,2383.163381697093,,,,,,,,,335.1611346148864,25.0,D,,3.0,ARB
PFZ0033,KARNATAKA,14.252222222222224,73.98666666666666,2380.571392297741,,,,,,,,,333.07878821459985,25.0,D,,3.0,ARB
PFZ0034,KARNATAKA,14.149166666666666,74.01083333333334,2376.428922877519,,,,,,,,,333.0046147587472,25.0,D,,3.0,ARB
PFZ0035,KARNATAKA,14.126944444444446,73.67555555555556,2411.908742431894,,,,,,,,,297.19256267780736,25.0,D,,3.0,ARB
PFZ0036,KARNATAKA,14.079444444444444,73.74138888888889,2404.1551552891106,,,,,,,,,302.9698132473481,25.0,D,,3.0,ARB
PFZ0037,KARNATAKA,14.051944444444445,74.05166666666666,2370.5847340169817,,,,,,,,,335.23099550427537,25.0,D,,3.0,ARB
PFZ0038,KARNATAKA,14.043888888888889,73.81555555555555,2395.6924472225915,,,,,,,,,310.0277499810617,25.0,D,,3.0,ARB
PFZ0039,KARNATAKA,13.9775,73.86361111111111,2389.544846781717,,,,,,,,,313.8298993404279,25.0,D,,3.0,ARB
PFZ0040,KARNATAKA,13.630833333333332,73.70694444444445,2400.9635904454008,,,,,,,,,292.96132631727573,25.0,D,,3.0,ARB
PFZ0041,KARNATAKA,13.575833333333334,73.75277777777778,2395.205197377672,,,,,,,,,297.7079907080866,25.0,D,,3.0,ARB
PFZ0042,KARNATAKA,13.551666666666668,73.81972222222223,2387.66298224741,,,,,,,,,304.8951070156681,25.0,D,,3.0,ARB
PFZ0043,KARNATAKA,13.4975,73.86527777777778,2381.940637843432,,,,,,,,,309.8012766007115,25.0,D,,3.0,ARB
PFZ0044,KARNATAKA,13.209444444444443,73.52472222222222,2413.8890215603756,,,,,,,,,275.04743987882665,25.0,D,,3.0,ARB
PFZ0045,KARNATAKA,13.16388888888889,73.57027777777778,2408.2853617776473,,,,,,,,,280.5980306767949,25.0,D,,3.0,ARB
PFZ0046,KARNATAKA,13.105833333333331,73.59805555555555,2404.3873397949947,,,,,,,,,284.532911529872,25.0,D,,3.0,ARB
PFZ0047,KARNATAKA,13.054722222222225,73.64444444444445,2398.6013543771114,,,,,,,,,290.4380774477771,25.0,D,,3.0,ARB
PFZ0048,KERALA,12.73,74.48555555555555,2303.1451011524127,,,,,,,,,387.04937865771774,25.0,D,,3.0,ARB
PFZ0049,KERALA,12.673055555555557,74.45027777777779,2305.99175390126,,,,,,,,,384.82998842704075,25.0,D,,3.0,ARB
PFZ0050,KERALA,12.6075,74.43583333333333,2306.4591780720043,,,,,,,,,385.17195309726236,25.0,D,,3.0,ARB
PFZ0051,KERALA,12.54,74.43055555555556,2305.906397423633,,,,,,,,,386.6723386356551,25.0,D,,3.0,ARB
PFZ0052,KERALA,12.473888888888888,74.435,2304.330439144875,,,,,,,,,389.2730055598248,25.0,D,,3.0,ARB
PFZ0053,KERALA,12.470277777777778,74.69583333333334,2276.2720515133874,,,,,,,,,416.4875232795222,25.0,D,,3.0,ARB
PFZ0054,KERALA,12.459722222222222,74.76027777777777,2269.1782041761035,,,,,,,,,423.5324506012829,25.0,D,,3.0,ARB
PFZ0055,KERALA,12.4575,74.62972222222221,2283.155739244766,,,,,,,,,410.0143175143108,25.0,D,,3.0,ARB
PFZ0056,KERALA,12.450833333333332,74.49666666666667,2297.326232633027,,,,,,,,,396.42920428671124,25.0,D,,3.0,ARB
PFZ0057,KERALA,12.445833333333333,74.56333333333333,2290.0860167935366,,,,,,,,,403.5031879988374,25.0,D,,3.0,ARB
PFZ0058,KERALA,12.1975,74.85305555555556,2254.796430152163,,,,,,,,,442.09473670425183,25.0,D,,3.0,ARB
PFZ0059,KERALA,12.138333333333334,74.85527777777777,2253.5522512988264,,,,,,,,,444.5653563524032,25.0,D,,3.0,ARB
PFZ0060,KERALA,12.080833333333333,74.8425,2253.9454934063665,,,,,,,,,445.5311404378183,25.0,D,,3.0,ARB
PFZ0061,KERALA,12.024444444444445,74.82388888888889,2254.9825366835807,,,,,,,,,445.9554663803647,25.0,D,,3.0,ARB
PFZ0062,KERALA,11.966944444444444,74.81,2255.491327133509,,,,,,,,,446.9970002482782,25.0,D,,3.0,ARB
PFZ0063,KERALA,11.910555555555556,74.82194444444444,2253.2395197862006,,,,,,,,,450.6583123157348,25.0,D,,3.0,ARB
PFZ0064,KERALA,11.875833333333334,74.86916666666666,2247.5648797905064,,,,,,,,,456.9124412140374,25.0,D,,3.0,ARB
PFZ0065,KERALA,11.845277777777778,74.92,2241.5737041904217,,,,,,,,,463.3442030585925,25.0,D,,3.0,ARB
PFZ0066,KERALA,11.808611111111112,74.96638888888889,2235.9531447319223,,,,,,,,,469.6125787324876,25.0,D,,3.0,ARB
PFZ0067,KERALA,11.766666666666667,75.00805555555556,2230.747195328148,,,,,,,,,475.6605889422236,25.0,D,,3.0,ARB
PFZ0068,KERALA,11.693888888888887,75.29333333333334,2198.8038729438213,,,,,,,,,461.69294689869895,25.0,,,3.0,BOB
PFZ0069,KERALA,11.692222222222222,75.3175,2196.1761502694526,,,,,,,,,459.2903204823094,25.0,,,3.0,BOB
PFZ0070,KERALA,11.689444444444444,75.26944444444445,2201.2948196880875,,,,,,,,,463.75075170474133,25.0,,,3.0,BOB
PFZ0071,KERALA,11.675,75.25027777777778,2203.1042917327486,,,,,,,,,464.8401939475894,25.0,,,3.0,BOB
PFZ0072,KERALA,11.655833333333334,75.23555555555555,2204.3537733887333,,,,,,,,,465.2703435098711,25.0,,,3.0,BOB
PFZ0073,KERALA,11.636388888888888,75.2213888888889,2205.535795685945,,,,,,,,,465.6476435720502,25.0,,,3.0,BOB
PFZ0074,KERALA,11.61888888888889,75.20444444444445,2207.0531340237303,,,,,,,,,466.4075698980143,25.0,,,3.0,BOB
PFZ0075,KERALA,11.6075,75.18305555555555,2209.155637047674,,,,,,,,,467.91878803712683,25.0,,,3.0,BOB
PFZ0076,KERALA,11.599166666666669,75.16027777777778,2211.4584493029097,,,,,,,,,469.726662054091,25.0,,,3.0,BOB
PFZ0077,KERALA,11.59388888888889,75.13666666666667,2213.905360282005,,,,,,,,,471.77380425391965,25.0,,,3.0,BOB
PFZ0078,KERALA,11.48,75.19805555555556,2205.303869441946,,,,,,,,,460.26583187058327,25.0,,,3.0,BOB
PFZ0079,KERALA,11.443055555555556,75.23027777777779,2201.185190996666,,,,,,,,,455.34825329464246,25.0,,,3.0,BOB
PFZ0080,KERALA,11.393055555555556,75.22472222222223,2200.900301266149,,,,,,,,,453.59352227618183,25.0,,,3.0,BOB
PFZ0081,KERALA,11.3675,75.43583333333333,2177.72849239868,,,,,,,,,431.49065051056834,25.0,,,3.0,BOB
PFZ0082,KERALA,11.358611111111111,75.48555555555555,2172.2197126398696,,,,,,,,,426.16554334132564,25.0,,,3.0,BOB
PFZ0083,KERALA,11.35,75.39277777777778,2182.052802143819,,,,,,,,,434.9312433035922,25.0,,,3.0,BOB
PFZ0084,KERALA,11.345833333333331,75.23666666666666,2198.7801309442525,,,,,,,,,450.27589348093153,25.0,,,3.0,BOB
PFZ0085,KERALA,11.311944444444444,75.27333333333333,2194.233534294722,,,,,,,,,445.1067348355161,25.0,,,3.0,BOB
PFZ0086,KERALA,11.305833333333334,75.36972222222222,2183.7492960410686,,,,,,,,,435.2062916827341,25.0,,,3.0,BOB
PFZ0087,KERALA,11.296944444444444,75.32083333333333,2188.85536069265,,,,,,,,,439.6913395479535,25.0,,,3.0,BOB
PFZ0088,KERALA,10.8175,75.415,2170.110446775592,,,,,,,,,411.4637484851369,25.0,,,3.0,BOB
PFZ0089,KERALA,10.801111111111112,75.45916666666668,2165.054804009472,,,,,,,,,406.3164381557085,25.0,,,3.0,BOB
PFZ0090,KERALA,10.781111111111112,75.67694444444444,2141.222430406013,,,,,,,,,382.969897126716,25.0,,,3.0,BOB
PFZ0091,KERALA,10.763333333333334,75.48833333333333,2161.2242407816575,,,,,,,,,402.0414595467867,25.0,,,3.0,BOB
PFZ0092,KERALA,10.756666666666666,75.63583333333334,2145.2087720870695,,,,,,,,,386.42210928964295,25.0,,,3.0,BOB
PFZ0093,KERALA,10.721388888888889,75.51166666666667,2157.9483245354527,,,,,,,,,398.27136475248005,25.0,,,3.0,BOB
PFZ0094,KERALA,10.71111111111111,75.63222222222221,2144.767401473518,,,,,,,,,385.31578252423964,25.0,,,3.0,BOB
PFZ0095,KERALA,10.680833333333332,75.53777777777778,2154.3927496900096,,,,,,,,,394.2858852646224,25.0,,,3.0,BOB
PFZ0096,KERALA,10.668055555555554,75.62472222222222,2144.787845163239,,,,,,,,,384.7584288629675,25.0,,,3.0,BOB
PFZ0097,KERALA,10.658055555555556,75.57805555555555,2149.637044614923,,,,,,,,,389.36435193673566,25.0,,,3.0,BOB
PFZ0098,KERALA,10.344166666666668,75.78222222222222,2121.8433684542833,,,,,,,,,359.54443058685047,25.0,,,3.0,BOB
PFZ0099,KERALA,10.33,75.82694444444444,2116.7574022395356,,,,,,,,,354.439832763056,25.0,,,3.0,BOB
PFZ0100,KERALA,10.299722222222222,75.86361111111111,2112.240963565223,,,,,,,,,349.8635444085458,25.0,,,3.0,BOB
PFZ0101,KERALA,10.262222222222222,75.89277777777778,2108.3960524530467,,,,,,,,,345.97049392587064,25.0,,,3.0,BOB
PFZ0102,KERALA,10.21861111111111,75.9113888888889,2105.5754606515675,,,,,,,,,343.14042973432305,25.0,,,3.0,BOB
PFZ0103,KERALA,10.171666666666669,75.91777777777779,2104.0110381176414,,,,,,,,,341.6346277254657,25.0,,,3.0,BOB
PFZ0104,KERALA,10.124166666666667,75.91527777777779,2103.3927291634245,,,,,,,,,341.1593974410751,25.0,,,3.0,BOB
PFZ0105,KERALA,10.078055555555554,75.90444444444445,2103.6965127292046,,,,,,,,,341.6897962787547,25.0,,,3.0,BOB
PFZ0106,KERALA,10.034166666666666,75.88555555555556,2104.910949029478,,,,,,,,,343.2034189484316,25.0,,,3.0,BOB
PFZ0107,KERALA,9.995555555555557,75.85833333333333,2107.1245423751275,,,,,,,,,345.7538837531299,25.0,,,3.0,BOB
PFZ0108,KERALA,9.44888888888889,75.96833333333333,2084.866352092119,,,,,,,,,333.57948552721484,25.0,,,3.0,BOB
PFZ0109,KERALA,9.428888888888888,76.00111111111111,2080.939131823578,,,,,,,,,330.20351717079774,25.0,,,3.0,BOB
PFZ0110,KERALA,9.398333333333332,76.02472222222222,2077.800637716932,,,,,,,,,327.97007550965543,25.0,,,3.0,BOB
PFZ0111,KERALA,9.361944444444443,76.03722222222223,2075.749774338757,,,,,,,,,327.0640893346062,25.0,,,3.0,BOB
PFZ0112,KERALA,9.323333333333332,76.03944444444444,2074.766883311429,,,,,,,,,327.3616911486664,25.0,,,3.0,BOB
PFZ0113,KERALA,9.299444444444443,76.17027777777778,2060.167608014118,,,,,,,,,313.51413816835753,25.0,,,3.0,BOB
PFZ0114,KERALA,9.28888888888889,76.02388888888889,2075.7815812007925,,,,,,,,,329.57919218658446,25.0,,,3.0,BOB
PFZ0115,KERALA,9.260277777777778,75.99805555555555,2078.0230867906075,,,,,,,,,332.85113739883076,25.0,,,3.0,BOB
PFZ0116,KERALA,9.251944444444444,76.18583333333333,2057.5661519043815,,,,,,,,,312.6446511318503,25.0,,,3.0,BOB
PFZ0117,KERALA,9.222777777777775,75.98861111111111,2078.317579317134,,,,,,,,,334.52949307203556,25.0,,,3.0,BOB
PFZ0118,KERALA,9.2175,76.22277777777778,2052.907316809623,,,,,,,,,309.30142074293224,25.0,,,3.0,BOB
PFZ0119,KERALA,9.186388888888889,75.9775,2078.8139977892906,,,,,,,,,336.41317535678627,25.0,,,3.0,BOB
PFZ0120,KERALA,9.171388888888888,76.2388888888889,2050.2711238258353,,,,,,,,,308.51671842373804,25.0,,,3.0,BOB
PFZ0121,KERALA,9.158611111111112,75.95055555555555,2081.1901594415062,,,,,,,,,339.8727231067124,25.0,,,3.0,BOB
PFZ0122,KERALA,9.12138888888889,76.23194444444445,2050.048909774553,,,,,,,,,310.3905078915856,25.0,,,3.0,BOB
PFZ0123,KERALA,9.078888888888889,76.205,2052.133960535817,,,,,,,,,314.30536222214255,25.0,,,3.0,BOB
PFZ0124,KERALA,9.04,76.1725,2054.890548916791,,,,,,,,,318.7690174896168,25.0,,,3.0,BOB
PFZ0125,KERALA,8.99472222222222,76.15083333333334,2056.351448203956,,,,,,,,,322.2901940230515,25.0,,,3.0,BOB
PFZ0126,KERALA,8.945277777777777,76.14083333333333,2056.4661527614003,,,,,,,,,324.75292869624656,25.0,,,3.0,BOB
PFZ0127,KERALA,8.89472222222222,76.13972222222223,2055.5958918299366,,,,,,,,,326.3895624084652,25.0,,,3.0,BOB
PFZ0128,KERALA,8.684166666666666,76.33277777777778,2030.5738260043745,,,,,,,,,313.80272417695096,25.0,,,3.0,BOB
PFZ0129,KERALA,8.642222222222221,76.36222222222221,2026.5597190298145,,,,,,,,,312.5304658937871,25.0,,,3.0,BOB
PFZ0130,KERALA,8.596111111111112,76.38444444444445,2023.2443791150995,,,,,,,,,312.268326027365,25.0,,,3.0,BOB
PFZ0131,KERALA,8.546111111111111,76.39527777777778,2021.096385743694,,,,,,,,,313.4278072489079,25.0,,,3.0,BOB
PFZ0132,KERALA,8.495555555555555,76.38694444444445,2021.0273282027335,,,,,,,,,316.6174477686839,25.0,,,3.0,BOB
PFZ0133,KERALA,8.446388888888889,76.37249999999999,2021.6625990252803,,,,,,,,,320.41306914575864,25.0,,,3.0,BOB
PFZ0134,KERALA,8.395833333333332,76.36361111111111,2021.68528202403,,,,,,,,,323.78847017026925,25.0,,,3.0,BOB
PFZ0135,KERALA,8.348333333333334,76.37944444444443,2019.0961312213472,,,,,,,,,324.6625277396043,25.0,,,3.0,BOB
PFZ0136,KERALA,8.31638888888889,76.41944444444445,2014.174612793698,,,,,,,,,322.4657081630519,25.0,,,3.0,BOB
PFZ0137,KERALA,8.283333333333333,76.45833333333334,2009.3569198139433,,,,,,,,,320.5201136967207,25.0,,,3.0,BOB
PFZ0138,KERALA,8.222222222222223,76.91833333333334,1958.3050960618623,,,,,,,,,281.5617762446457,25.0,,,3.0,BOB
PFZ0139,KERALA,8.196388888888889,76.92722222222223,1956.873016653555,,,,,,,,,282.4666542981839,25.0,,,3.0,BOB
PFZ0140,KERALA,8.171111111111111,76.9375,1955.303395712367,,,,,,,,,283.24176640884986,25.0,,,3.0,BOB
PFZ0141,KERALA,8.154166666666667,76.60916666666667,1990.6879823740248,,,,,,,,,313.87037421176547,25.0,,,3.0,BOB
PFZ0142,KERALA,8.1525,76.9575,1952.7988637016333,,,,,,,,,282.74680689712426,25.0,,,3.0,BOB
PFZ0143,KERALA,8.135555555555555,76.97916666666667,1950.143931479089,,,,,,,,,282.0242689551788,25.0,,,3.0,BOB
PFZ0144,KERALA,8.125277777777779,76.65055555555556,1985.6877493735633,,,,,,,,,311.8767797958357,25.0,,,3.0,BOB
PFZ0145,KERALA,8.113333333333333,76.99472222222222,1948.061227336634,,,,,,,,,282.22448497402945,25.0,,,3.0,BOB
PFZ0146,KERALA,8.086944444444445,77.00277777777778,1946.7233901579568,,,,,,,,,283.3883534133252,25.0,,,3.0,BOB
PFZ0147,KERALA,8.086388888888889,76.68416666666667,1981.365102328377,,,,,,,,,311.31132213031015,25.0,,,3.0,BOB
PFZ0148,KERALA,8.061944444444444,77.01361111111112,1945.1111470730543,,,,,,,,,284.24680825164495,25.0,,,3.0,BOB
PFZ0149,KERALA,8.055555555555557,77.03888888888889,1942.251514076407,,,,,,,,,282.5810804709258,25.0,,,3.0,BOB
PFZ0150,KERALA,8.045277777777777,76.715,1977.3133474165772,,,,,,,,,311.24101214949394,25.0,,,3.0,BOB
PFZ0151,KERALA,8.036388888888888,77.05777777777777,1939.866462898133,,,,,,,,,282.39774054521405,25.0,,,3.0,BOB
PFZ0152,KERALA,7.998333333333333,76.735,1974.3513662987536,,,,,,,,,312.6155552103855,25.0,,,3.0,BOB
PFZ0153,KERALA,7.947777777777778,76.74194444444444,1972.763616625072,,,,,,,,,315.4623117776407,25.0,,,3.0,BOB
PFZ0154,KERALA,7.916388888888889,76.70472222222223,1976.311220459403,,,,,,,,,320.8426741832099,25.0,,,3.0,BOB
PFZ0155,KERALA,7.904166666666667,76.65472222222223,1981.5650533113871,,,,,,,,,326.0128760929859,25.0,,,3.0,BOB
PFZ0156,KERALA,7.895555555555555,76.60416666666666,1986.939245927832,,,,,,,,,331.0033248998763,25.0,,,3.0,BOB
PFZ0157,KERALA,7.895277777777777,76.55277777777778,1992.537385423405,,,,,,,,,335.53032248370846,25.0,,,3.0,BOB
PFZ0158,LAKSHADWEEP,12.21888888888889,71.78472222222221,2584.9143257884652,,,,,,,,,165.91923030812168,25.0,D,,3.0,ARB
PFZ0159,LAKSHADWEEP,11.857777777777777,72.41527777777779,2511.194620104985,,,,,,,,,238.57093917839796,25.0,D,,3.0,ARB
PFZ0160,LAKSHADWEEP,11.688611111111111,72.53555555555555,2495.432962618322,,,,,,,,,261.4082106613918,25.0,D,,3.0,ARB
PFZ0161,LAKSHADWEEP,11.676666666666666,71.76222222222222,2578.4976191600663,,,,,,,,,218.96865979589245,25.0,D,,3.0,ARB
PFZ0162,LAKSHADWEEP,11.634444444444444,71.88861111111112,2564.1887267833854,,,,,,,,,228.7608706153665,25.0,D,,3.0,ARB
PFZ0163,LAKSHADWEEP,11.494166666666668,72.67277777777778,2477.3870931777365,,,,,,,,,287.6105198796599,25.0,D,,3.0,ARB
PFZ0164,LAKSHADWEEP,11.388055555555557,72.66166666666668,2476.784514481464,,,,,,,,,296.13954859341004,25.0,D,,3.0,ARB
PFZ0165,LAKSHADWEEP,11.13277777777778,73.22805555555556,2411.374535291477,,,,,,,,,357.5793891498651,25.0,D,,3.0,ARB
PFZ0166,LAKSHADWEEP,11.085277777777778,72.34444444444443,2505.7977842072055,,,,,,,,,305.6583748518905,25.0,D,,3.0,ARB
PFZ0167,LAKSHADWEEP,11.081944444444444,72.52361111111111,2486.4267006469568,,,,,,,,,315.73886544494457,25.0,D,,3.0,ARB
PFZ0168,LAKSHADWEEP,11.058055555555557,72.20944444444444,2519.8865585620792,,,,,,,,,301.6528942436192,25.0,D,,3.0,ARB
PFZ0169,LAKSHADWEEP,10.998888888888889,73.80333333333333,2347.0381776647764,,,,,,,,,412.45742749942497,25.0,D,,3.0,ARB
PFZ0170,LAKSHADWEEP,10.747777777777776,72.7825,2452.699341829508,,,,,,,,,362.21572008728333,25.0,D,,3.0,ARB
PFZ0171,LAKSHADWEEP,10.25388888888889,73.44222222222223,2372.700194544364,,,,,,,,,448.2035305357205,25.0,D,,3.0,ARB
PFZ0172,LAKSHADWEEP,9.96361111111111,72.4675,2472.7276844398652,,,,,,,,,424.43588927074546,25.0,D,,3.0,ARB
PFZ0173,LAKSHADWEEP,9.959444444444443,72.6,2458.3363492362237,,,,,,,,,430.4959064572257,25.0,D,,3.0,ARB
PFZ0174,LAKSHADWEEP,8.477222222222222,73.19861111111112,2367.1316693725253,,,,,,,,,607.8530688552254,,,,,
PFZ0175,MAHARASHTRA,19.905277777777776,72.48,2613.7579568049364,,,,,,,,,216.9429916929415,90.0,ESCS,962.0,40.0,ARB
PFZ0176,MAHARASHTRA,19.90361111111111,72.43194444444445,2618.7027232181076,,,,,,,,,212.2313455640148,90.0,ESCS,962.0,40.0,ARB
PFZ0177,MAHARASHTRA,19.90138888888889,72.5275,2608.7814823981835,,,,,,,,,221.80082170446565,90.0,ESCS,962.0,40.0,ARB
PFZ0178,MAHARASHTRA,19.898888888888887,72.38444444444445,2623.5418303720203,,,,,,,,,207.6997843614586,90.0,ESCS,962.0,40.0,ARB
PFZ0179,MAHARASHTRA,19.891666666666666,72.33749999999999,2628.2847976791645,,,,,,,,,203.33759255344194,90.0,ESCS,962.0,40.0,ARB
PFZ0180,MAHARASHTRA,19.868055555555557,72.2961111111111,2632.1960232697816,,,,,,,,,200.18925308565736,90.0,ESCS,962.0,40.0,ARB
PFZ0181,MAHARASHTRA,19.834444444444443,72.26222222222222,2635.180154025129,,,,,,,,,198.2643406906954,90.0,ESCS,962.0,40.0,ARB
PFZ0182,MAHARASHTRA,19.793333333333337,72.23805555555556,2637.0497294084093,,,,,,,,,197.72030111068648,90.0,ESCS,962.0,40.0,ARB
PFZ0183,MAHARASHTRA,19.746944444444445,72.22777777777777,2637.4093476136823,,,,,,,,,198.8767899735624,90.0,ESCS,962.0,40.0,ARB
PFZ0184,MAHARASHTRA,19.699166666666667,72.22527777777778,2636.951885020259,,,,,,,,,200.96180265258448,90.0,ESCS,962.0,40.0,ARB
PFZ0185,MAHARASHTRA,19.478055555555553,72.38944444444445,2616.692052867035,,,,,,,,,227.8017231511586,90.0,ESCS,962.0,40.0,ARB
PFZ0186,MAHARASHTRA,19.46638888888889,72.42611111111111,2612.7144694873505,,,,,,,,,231.7772471354371,90.0,ESCS,962.0,40.0,ARB
PFZ0187,MAHARASHTRA,19.44472222222222,72.45722222222223,2609.1736257605985,,,,,,,,,235.80761285411998,90.0,ESCS,962.0,40.0,ARB
PFZ0188,MAHARASHTRA,19.409444444444443,72.47222222222223,2607.119594880043,,,,,,,,,239.15331889944935,90.0,ESCS,962.0,40.0,ARB
PFZ0189,MAHARASHTRA,19.371944444444445,72.48083333333334,2605.704257705403,,,,,,,,,242.08447022108726,90.0,ESCS,962.0,40.0,ARB
PFZ0190,MAHARASHTRA,19.336388888888887,72.495,2603.742346120673,,,,,,,,,245.43312361056343,90.0,ESCS,962.0,40.0,ARB
PFZ0191,MAHARASHTRA,19.309722222222224,72.5225,2600.5161324672645,,,,,,,,,249.45613841684374,90.0,ESCS,962.0,40.0,ARB
PFZ0192,MAHARASHTRA,19.289166666666667,72.55499999999999,2596.8528863472193,,,,,,,,,253.5606591867054,90.0,ESCS,962.0,40.0,ARB
PFZ0193,MAHARASHTRA,19.26638888888889,72.58583333333333,2593.3339456884432,,,,,,,,,257.65073844222314,90.0,ESCS,962.0,40.0,ARB
PFZ0194,MAHARASHTRA,19.23611111111111,72.60944444444443,2590.4685657981063,,,,,,,,,261.5550410539221,90.0,ESCS,962.0,40.0,ARB
PFZ0195,MAHARASHTRA,19.104444444444447,72.34166666666667,2616.709131006731,,,,,,,,,247.3884072561245,90.0,ESCS,962.0,40.0,ARB
PFZ0196,MAHARASHTRA,19.09,72.3863888888889,2611.859895263284,,,,,,,,,252.05212760435265,90.0,ESCS,962.0,40.0,ARB
PFZ0197,MAHARASHTRA,19.05138888888889,72.41388888888889,2608.511007727448,,,,,,,,,256.9988476812363,90.0,ESCS,962.0,40.0,ARB
PFZ0198,MAHARASHTRA,19.00888888888889,72.43472222222222,2605.816011386391,,,,,,,,,261.69013014660476,90.0,ESCS,962.0,40.0,ARB
PFZ0199,MAHARASHTRA,18.96361111111111,72.44944444444445,2603.7328986005687,,,,,,,,,263.03727235769435,80.0,VSCS,970.0,30.0,ARB
PFZ0200,MAHARASHTRA,18.916944444444447,72.4588888888889,2602.1932143706345,,,,,,,,,263.083950108088,80.0,VSCS,970.0,30.0,ARB
PFZ0201,MAHARASHTRA,18.869722222222222,72.46194444444444,2601.324456128525,,,,,,,,,262.5632709445437,80.0,VSCS,970.0,30.0,ARB
PFZ0202,MAHARASHTRA,18.822222222222223,72.45944444444444,2601.043825335354,,,,,,,,,261.563504316561,80.0,VSCS,970.0,30.0,ARB
PFZ0203,MAHARASHTRA,18.775277777777777,72.4525,2601.245195277614,,,,,,,,,260.2088036286788,80.0,VSCS,970.0,30.0,ARB
PFZ0204,MAHARASHTRA,18.729166666666664,72.4413888888889,2601.9027783095107,,,,,,,,,258.5254056671106,80.0,VSCS,970.0,30.0,ARB
PFZ0205,MAHARASHTRA,18.455555555555556,72.37055555555555,2606.405218527669,,,,,,,,,250.0516519373865,80.0,VSCS,970.0,30.0,ARB
PFZ0206,MAHARASHTRA,18.439166666666665,72.28444444444445,2615.2700484472657,,,,,,,,,241.02795418282116,80.0,VSCS,970.0,30.0,ARB
PFZ0207,MAHARASHTRA,18.35611111111111,72.26222222222222,2616.7081644842815,,,,,,,,,239.18271137776583,80.0,VSCS,970.0,30.0,ARB
PFZ0208,MAHARASHTRA,18.274166666666662,72.29527777777777,2612.345880822796,,,,,,,,,243.48990715346778,80.0,VSCS,970.0,30.0,ARB
PFZ0209,MAHARASHTRA,18.190277777777776,72.32222222222222,2608.596677192775,,,,,,,,,247.50181924145866,80.0,VSCS,970.0,30.0,ARB
PFZ0210,MAHARASHTRA,18.101944444444445,72.30916666666667,2608.994224034447,,,,,,,,,247.76370136627648,80.0,VSCS,970.0,30.0,ARB
PFZ0211,MAHARASHTRA,18.036944444444448,72.25083333333333,2614.4109173098955,,,,,,,,,243.17782005961521,80.0,VSCS,970.0,30.0,ARB
PFZ0212,MAHARASHTRA,18.010833333333334,72.16527777777779,2623.1214430051177,,,,,,,,,235.02839149602943,80.0,VSCS,970.0,30.0,ARB
PFZ0213,MAHARASHTRA,17.999722222222225,72.0761111111111,2632.382327567584,,,,,,,,,226.1863120702348,80.0,VSCS,970.0,30.0,ARB
PFZ0214,MAHARASHTRA,17.995,71.98666666666666,2641.7430228298317,,,,,,,,,217.18145800030086,80.0,VSCS,970.0,30.0,ARB
PFZ0215,MAHARASHTRA,17.60666666666667,72.69416666666667,2562.820450406706,,,,,,,,,301.6475145911682,80.0,VSCS,970.0,30.0,ARB
PFZ0216,MAHARASHTRA,17.569166666666668,72.71888888888888,2559.7747279929695,,,,,,,,,305.5324460554994,80.0,VSCS,970.0,30.0,ARB
PFZ0217,MAHARASHTRA,17.52861111111111,72.73777777777778,2557.3075557430034,,,,,,,,,308.99059965879877,80.0,VSCS,970.0,30.0,ARB
PFZ0218,MAHARASHTRA,17.485555555555557,72.75055555555555,2555.4497795849643,,,,,,,,,311.9886068624456,80.0,VSCS,970.0,30.0,ARB
PFZ0219,MAHARASHTRA,17.441388888888888,72.75916666666667,2554.0172364770633,,,,,,,,,314.675432239927,80.0,VSCS,970.0,30.0,ARB
PFZ0220,MAHARASHTRA,17.396944444444443,72.76527777777778,2552.8440792106417,,,,,,,,,317.1867304669078,80.0,VSCS,970.0,30.0,ARB
PFZ0221,MAHARASHTRA,17.352222222222224,72.7675,2552.0768617640747,,,,,,,,,319.39159309728456,80.0,VSCS,970.0,30.0,ARB
PFZ0222,MAHARASHTRA,17.3075,72.76333333333334,2551.979067490389,,,,,,,,,321.04271041571866,80.0,VSCS,970.0,30.0,ARB
PFZ0223,MAHARASHTRA,17.264166666666668,72.75138888888888,2552.718116715538,,,,,,,,,321.95106293051015,80.0,VSCS,970.0,30.0,ARB
PFZ0224,MAHARASHTRA,17.223611111111108,72.7325,2554.2237765071513,,,,,,,,,322.1352688055146,80.0,VSCS,970.0,30.0,ARB
PFZ0225,MAHARASHTRA,17.02,72.86305555555555,2537.9523343750234,,,,,,,,,344.95734317146673,80.0,VSCS,970.0,30.0,ARB
PFZ0226,MAHARASHTRA,16.980277777777776,72.875,2536.200614219523,,,,,,,,,348.2205452271097,80.0,VSCS,970.0,30.0,ARB
PFZ0227,MAHARASHTRA,16.938333333333333,72.87305555555555,2535.889189758419,,,,,,,,,350.3591486754586,80.0,VSCS,970.0,30.0,ARB
PFZ0228,MAHARASHTRA,16.897222222222222,72.86305555555555,2536.4351557098557,,,,,,,,,351.7630992943706,80.0,VSCS,970.0,30.0,ARB
PFZ0229,MAHARASHTRA,16.859166666666667,72.84555555555555,2537.8122130988963,,,,,,,,,352.3655428029838,80.0,VSCS,970.0,30.0,ARB
PFZ0230,MAHARASHTRA,16.824166666666667,72.82222222222222,2539.845536183169,,,,,,,,,352.3204058331502,80.0,VSCS,970.0,30.0,ARB
PFZ0231,MAHARASHTRA,16.791666666666668,72.79555555555555,2542.259969103044,,,,,,,,,351.8857016601281,80.0,VSCS,970.0,30.0,ARB
PFZ0232,MAHARASHTRA,16.764444444444443,72.76361111111112,2545.299765024592,,,,,,,,,350.71600449864764,80.0,VSCS,970.0,30.0,ARB
PFZ0233,MAHARASHTRA,16.741944444444446,72.72916666666667,2548.6629373569053,,,,,,,,,349.08379499145434,80.0,VSCS,970.0,30.0,ARB
PFZ0234,MAHARASHTRA,16.704722222222223,72.70944444444444,2550.2843619180403,,,,,,,,,349.72413240339836,80.0,VSCS,970.0,30.0,ARB
PFZ0235,MAHARASHTRA,16.60388888888889,72.80722222222222,2538.6683733018017,,,,,,,,,364.7136714502598,80.0,VSCS,970.0,30.0,ARB
PFZ0236,MAHARASHTRA,16.56138888888889,72.83,2535.716633387916,,,,,,,,,369.45200821937516,80.0,VSCS,970.0,30.0,ARB
PFZ0237,MAHARASHTRA,16.5125,72.83888888888889,2534.1534964207076,,,,,,,,,373.44115077728173,80.0,VSCS,970.0,30.0,ARB
PFZ0238,MAHARASHTRA,16.4625,72.83722222222222,2533.6921584563543,,,,,,,,,376.64911341567836,80.0,VSCS,970.0,30.0,ARB
PFZ0239,MAHARASHTRA,16.41333333333333,72.8286111111111,2533.9755083465348,,,,,,,,,378.84300831914715,25.0,D,,3.0,ARB
PFZ0240,MAHARASHTRA,16.366666666666667,72.81166666666667,2535.172817446604,,,,,,,,,373.4753619785689,25.0,D,,3.0,ARB
PFZ0241,MAHARASHTRA,16.32472222222222,72.785,2537.458971514158,,,,,,,,,368.0119954218627,25.0,D,,3.0,ARB
PFZ0242,MAHARASHTRA,16.2875,72.75166666666667,2540.51158836907,,,,,,,,,362.62315343379146,25.0,D,,3.0,ARB
PFZ0243,MAHARASHTRA,16.255555555555556,72.71333333333334,2544.164249318307,,,,,,,,,357.4604916265487,25.0,D,,3.0,ARB
PFZ0244,MAHARASHTRA,16.22972222222222,72.67083333333333,2548.336954710101,,,,,,,,,352.6602642038501,25.0,D,,3.0,ARB
PFZ0245,MAHARASHTRA,15.9675,73.2713888888889,2481.1788760797017,,,,,,,,,367.3324270032999,25.0,D,,3.0,ARB
PFZ0246,MAHARASHTRA,15.951666666666666,73.25027777777778,2483.20576488789,,,,,,,,,364.5144625270749,25.0,D,,3.0,ARB
PFZ0247,MAHARASHTRA,15.933055555555557,73.23138888888889,2484.9616747731234,,,,,,,,,361.6254589891112,25.0,D,,3.0,ARB
PFZ0248,MAHARASHTRA,15.911666666666669,73.21583333333334,2486.3262450867865,,,,,,,,,358.74433632224515,25.0,D,,3.0,ARB
PFZ0249,MAHARASHTRA,15.887777777777778,73.20444444444445,2487.2135582800256,,,,,,,,,355.95507849023,25.0,D,,3.0,ARB
PFZ0250,MAHARASHTRA,15.861944444444443,73.19777777777779,2487.57545757963,,,,,,,,,353.3472253506252,25.0,D,,3.0,ARB
PFZ0251,MAHARASHTRA,15.835833333333332,73.19500000000001,2487.5170583669515,,,,,,,,,351.00329590079286,25.0,D,,3.0,ARB
PFZ0252,MAHARASHTRA,15.809444444444445,73.19861111111112,2486.7796792530767,,,,,,,,,349.11052911556504,25.0,D,,3.0,ARB
PFZ0253,MAHARASHTRA,15.7875,73.21305555555556,2484.9473801413196,,,,,,,,,348.38782394175587,25.0,D,,3.0,ARB
PFZ0254,MAHARASHTRA,15.771666666666668,73.23416666666667,2482.4906044138525,,,,,,,,,348.6721757917681,25.0,D,,3.0,ARB
PFZ0255,NORTH TAMILNADU,13.208333333333332,80.63944444444445,1652.7099484773846,,,,,,,,,89.30999981571878,55.0,SCS,982.0,18.0,BOB
PFZ0256,NORTH TAMILNADU,13.203055555555554,80.69694444444445,1646.4738561129896,,,,,,,,,91.1365572944731,55.0,SCS,982.0,18.0,BOB
PFZ0257,NORTH TAMILNADU,13.201944444444443,80.58222222222221,1658.7036809071003,,,,,,,,,89.18354343341602,55.0,SCS,982.0,18.0,BOB
PFZ0258,NORTH TAMILNADU,13.189722222222224,80.75333333333333,1640.208155492051,,,,,,,,,94.16712164677924,55.0,SCS,982.0,18.0,BOB
PFZ0259,NORTH TAMILNADU,13.163333333333334,80.80472222222222,1634.2368232208216,,,,,,,,,91.27985087715696,55.0,SCS,982.0,18.0,BOB
PFZ0260,NORTH TAMILNADU,13.160555555555556,80.54638888888888,1661.780419071292,,,,,,,,,93.47653050746301,55.0,SCS,982.0,18.0,BOB
PFZ0261,NORTH TAMILNADU,13.145833333333332,80.91694444444445,1621.931163094329,,,,,,,,,80.31602565023339,55.0,SCS,982.0,18.0,BOB
PFZ0262,NORTH TAMILNADU,13.145833333333332,80.85944444444443,1628.0725716160584,,,,,,,,,85.30576206815044,55.0,SCS,982.0,18.0,BOB
PFZ0263,NORTH TAMILNADU,13.103333333333332,80.54805555555555,1660.5623887239171,,,,,,,,,99.84001668157825,55.0,SCS,982.0,18.0,BOB
PFZ0264,NORTH TAMILNADU,13.048055555555557,80.56444444444445,1657.8054397287626,,,,,,,,,106.08043118085799,55.0,SCS,982.0,18.0,BOB
PFZ0265,NORTH TAMILNADU,12.778055555555556,80.5125,1658.4129713097534,,,,,,,,,107.45312494318527,55.0,SCS,982.0,18.0,BOB
PFZ0266,NORTH TAMILNADU,12.735277777777776,80.5363888888889,1655.072829006392,,,,,,,,,104.59349252312661,55.0,SCS,982.0,18.0,BOB
PFZ0267,NORTH TAMILNADU,12.697222222222225,80.5675,1651.0432620485933,,,,,,,,,101.15343401367554,55.0,SCS,982.0,18.0,BOB
PFZ0268,NORTH TAMILNADU,12.666944444444445,80.60583333333332,1646.3852684252645,,,,,,,,,97.07014174046587,55.0,SCS,982.0,18.0,BOB
PFZ0269,NORTH TAMILNADU,12.6525,80.6525,1641.124793404117,,,,,,,,,92.09225546370158,55.0,SCS,982.0,18.0,BOB
PFZ0270,NORTH TAMILNADU,12.645555555555555,80.70111111111112,1635.7958488011243,,,,,,,,,86.87948044001345,55.0,SCS,982.0,18.0,BOB
PFZ0271,NORTH TAMILNADU,12.635277777777777,80.74916666666667,1630.4640189224765,,,,,,,,,81.77388932290687,55.0,SCS,982.0,18.0,BOB
PFZ0272,NORTH TAMILNADU,12.609444444444444,80.78999999999999,1625.615468126114,,,,,,,,,77.68588384917562,55.0,SCS,982.0,18.0,BOB
PFZ0273,NORTH TAMILNADU,12.570833333333333,80.82027777777778,1621.661118694742,,,,,,,,,74.19914645696728,50.0,SCS,986.0,14.0,BOB
PFZ0274,NORTH TAMILNADU,12.536388888888888,80.85472222222222,1617.3324763819276,,,,,,,,,70.16263207165123,50.0,SCS,986.0,14.0,BOB
PFZ0275,NORTH TAMILNADU,12.409444444444444,80.49916666666667,1653.0320911369863,,,,,,,,,109.13407100484643,50.0,SCS,986.0,14.0,BOB
PFZ0276,NORTH TAMILNADU,12.35,80.48222222222222,1653.7420076234694,,,,,,,,,111.77245472030239,50.0,SCS,986.0,14.0,BOB
PFZ0277,NORTH TAMILNADU,12.300277777777778,80.44666666666667,1656.624876530204,,,,,,,,,116.52864330294115,50.0,SCS,986.0,14.0,BOB
PFZ0278,NORTH TAMILNADU,12.259722222222225,80.40027777777779,1660.8393926016158,,,,,,,,,122.3917527407847,50.0,SCS,986.0,14.0,BOB
PFZ0279,NORTH TAMILNADU,12.219166666666666,80.35388888888889,1665.055653742603,,,,,,,,,128.3447143665412,50.0,SCS,986.0,14.0,BOB
PFZ0280,NORTH TAMILNADU,12.16972222222222,80.3175,1668.0345158537527,,,,,,,,,133.5992480568509,50.0,SCS,986.0,14.0,BOB
PFZ0281,NORTH TAMILNADU,12.110277777777778,80.30194444444444,1668.5923587424247,,,,,,,,,137.1813855489059,50.0,SCS,986.0,14.0,BOB
PFZ0282,NORTH TAMILNADU,12.053611111111111,80.27888888888889,1670.0050882487108,,,,,,,,,141.65667209547826,50.0,SCS,986.0,14.0,BOB
PFZ0283,NORTH TAMILNADU,12.007777777777775,80.23777777777778,1673.5543094973912,,,,,,,,,147.67189793725709,50.0,SCS,986.0,14.0,BOB
PFZ0284,NORTH TAMILNADU,11.95,80.21722222222222,1674.676736893467,,,,,,,,,152.22822481779863,50.0,SCS,986.0,14.0,BOB
PFZ0285,NORTH TAMILNADU,11.79888888888889,80.12138888888889,1682.1188646028988,,,,,,,,,168.92523027861893,50.0,SCS,986.0,14.0,BOB
PFZ0286,NORTH TAMILNADU,11.748055555555554,80.10388888888889,1683.0406711460566,,,,,,,,,173.2833815294003,50.0,SCS,986.0,14.0,BOB
PFZ0287,NORTH TAMILNADU,11.7075,80.06833333333333,1686.0936046479878,,,,,,,,,178.86727224576254,50.0,SCS,986.0,14.0,BOB
PFZ0288,NORTH TAMILNADU,11.654166666666669,80.06055555555555,1685.9246369502805,,,,,,,,,182.59969916568085,50.0,SCS,986.0,14.0,BOB
PFZ0289,NORTH TAMILNADU,11.600833333333332,80.07027777777778,1683.8767998901492,,,,,,,,,184.84671333355269,50.0,SCS,986.0,14.0,BOB
PFZ0290,NORTH TAMILNADU,11.55,80.08916666666666,1680.886201492291,,,,,,,,,186.28059674973724,50.0,SCS,986.0,14.0,BOB
PFZ0291,NORTH TAMILNADU,11.533055555555556,80.39305555555556,1647.9422049633165,,,,,,,,,161.41133909926577,50.0,SCS,986.0,14.0,BOB
PFZ0292,NORTH TAMILNADU,11.504444444444443,80.11861111111111,1676.8615901585024,,,,,,,,,186.62180245460695,50.0,SCS,986.0,14.0,BOB
PFZ0293,NORTH TAMILNADU,11.489722222222222,80.42916666666667,1643.2414901999523,,,,,,,,,161.81767008090245,50.0,SCS,986.0,14.0,BOB
PFZ0294,NORTH TAMILNADU,11.473611111111111,80.16250000000001,1671.5660413553464,,,,,,,,,184.9035897199454,50.0,SCS,986.0,14.0,BOB
PFZ0295,NORTH TAMILNADU,11.450555555555557,80.21027777777778,1665.9990228547044,,,,,,,,,182.47666012588084,50.0,SCS,986.0,14.0,BOB
PFZ0296,NORTH TAMILNADU,11.436666666666667,80.44722222222222,1640.2904778122072,,,,,,,,,164.60309648200214,50.0,SCS,986.0,14.0,BOB
PFZ0297,NORTH TAMILNADU,11.400277777777776,80.2275,1663.1924934393808,,,,,,,,,184.70292381119762,50.0,SCS,986.0,14.0,BOB
PFZ0298,NORTH TAMILNADU,11.380277777777778,80.44083333333333,1639.899647454765,,,,,,,,,169.64255985242062,50.0,SCS,986.0,14.0,BOB
PFZ0299,NORTH TAMILNADU,11.324166666666668,80.43166666666667,1639.8110858200646,,,,,,,,,174.94211046017236,50.0,SCS,986.0,14.0,BOB
PFZ0300,NORTH TAMILNADU,11.26888888888889,80.44055555555556,1637.7979453417845,,,,,,,,,178.96533302739155,50.0,SCS,986.0,14.0,BOB
PFZ0301,NORTH TAMILNADU,11.223888888888888,80.47472222222223,1633.2673152928885,,,,,,,,,180.505714441003,50.0,SCS,986.0,14.0,BOB
PFZ0302,NORTH TAMILNADU,11.187222222222225,80.51805555555555,1627.9041051015088,,,,,,,,,180.9075917322721,50.0,SCS,986.0,14.0,BOB
PFZ0303,NORTH TAMILNADU,11.155555555555557,80.56527777777778,1622.223264569791,,,,,,,,,180.8237835898762,50.0,SCS,986.0,14.0,BOB
PFZ0304,NORTH TAMILNADU,11.126944444444446,80.61444444444444,1616.3877539950067,,,,,,,,,179.46211312226146,35.0,CS,994.0,6.0,BOB
PFZ0305,NORTH TAMILNADU,11.061666666666667,80.35388888888889,1643.132646328765,,,,,,,,,197.18394163591475,25.0,,,3.0,BOB
PFZ0306,NORTH TAMILNADU,11.011944444444444,80.34638888888888,1642.9793008901554,,,,,,,,,191.93919876703183,25.0,,,3.0,BOB
PFZ0307,NORTH TAMILNADU,10.961666666666666,80.34388888888888,1642.2768326371963,,,,,,,,,186.93022744487104,25.0,,,3.0,BOB
PFZ0308,NORTH TAMILNADU,10.911388888888888,80.34777777777778,1640.8869303684987,,,,,,,,,182.31028809689406,25.0,,,3.0,BOB
PFZ0309,NORTH TAMILNADU,10.862222222222222,80.3586111111111,1638.7717412397326,,,,,,,,,178.25179639386258,25.0,,,3.0,BOB
PFZ0310,NORTH TAMILNADU,10.816111111111113,80.3786111111111,1635.72957787499,,,,,,,,,175.11200066991947,25.0,,,3.0,BOB
PFZ0311,NORTH TAMILNADU,10.778333333333334,80.41166666666668,1631.438369508768,,,,,,,,,173.6734546894672,25.0,,,3.0,BOB
PFZ0312,NORTH TAMILNADU,10.744166666666668,80.44888888888889,1626.773437430766,,,,,,,,,172.9963129256742,25.0,,,3.0,BOB
PFZ0313,NORTH TAMILNADU,10.706944444444444,80.48277777777778,1622.4011503960703,,,,,,,,,172.00402777594343,25.0,,,3.0,BOB
PFZ0314,NORTH TAMILNADU,10.661111111111111,80.50194444444445,1619.4479673981905,,,,,,,,,169.41373771255383,25.0,,,3.0,BOB
PFZ0315,SOUTH ANDHRAPRADESH,16.050833333333333,81.34138888888889,1627.9501464364316,,,,,,,,,136.4995388317226,35.0,CS,,6.0,BOB
PFZ0316,SOUTH ANDHRAPRADESH,15.968333333333334,81.485,1611.3827272676876,,,,,,,,,120.47058123863539,40.0,CS,,8.0,BOB
PFZ0317,SOUTH ANDHRAPRADESH,15.932777777777778,81.2213888888889,1638.6372857409517,,,,,,,,,133.11763283082394,35.0,CS,,6.0,BOB
PFZ0318,SOUTH ANDHRAPRADESH,15.932222222222222,81.92083333333333,1564.72206172587,,,,,,,,,78.44066159035577,40.0,CS,,8.0,BOB
PFZ0319,SOUTH ANDHRAPRADESH,15.796111111111111,82.01916666666666,1551.9824966072636,,,,,,,,,61.112843953488486,40.0,CS,,8.0,BOB
PFZ0320,SOUTH ANDHRAPRADESH,15.715,81.8425,1569.2576140989856,,,,,,,,,74.36252170825146,40.0,CS,,8.0,BOB
PFZ0321,SOUTH ANDHRAPRADESH,15.640833333333331,81.98222222222222,1553.196206023297,,,,,,,,,57.62979460983601,40.0,CS,,8.0,BOB
PFZ0322,SOUTH ANDHRAPRADESH,15.561388888888889,81.21472222222222,1633.0297193029303,,,,,,,,,104.84099297130935,35.0,CS,,6.0,BOB
PFZ0323,SOUTH ANDHRAPRADESH,15.551388888888887,81.11277777777777,1643.647820442024,,,,,,,,,113.20853298230362,35.0,CS,,6.0,BOB
PFZ0324,SOUTH ANDHRAPRADESH,15.528055555555556,81.01472222222222,1653.6323177852823,,,,,,,,,120.90737454648122,35.0,CS,,6.0,BOB
PFZ0325,SOUTH ANDHRAPRADESH,15.266944444444444,80.53833333333333,1699.6617477776758,,,,,,,,,103.0508894542935,50.0,SCS,986.0,14.0,BOB
PFZ0326,SOUTH ANDHRAPRADESH,15.23,80.40916666666668,1712.7298758686504,,,,,,,,,92.31833449991008,50.0,SCS,986.0,14.0,BOB
PFZ0327,SOUTH ANDHRAPRADESH,15.15388888888889,80.29944444444445,1723.079497418337,,,,,,,,,79.51523454822706,50.0,SCS,986.0,14.0,BOB
PFZ0328,SOUTH ANDHRAPRADESH,14.799722222222222,80.50194444444445,1695.532051629922,,,,,,,,,63.45570439870571,50.0,SCS,986.0,14.0,BOB
PFZ0329,SOUTH ANDHRAPRADESH,14.678055555555554,80.54805555555555,1688.5324305677384,,,,,,,,,62.21069887257125,50.0,SCS,986.0,14.0,BOB
PFZ0330,SOUTH ANDHRAPRADESH,14.59388888888889,80.63777777777779,1677.5361677643766,,,,,,,,,67.68555973480272,55.0,SCS,982.0,18.0,BOB
PFZ0331,SOUTH ANDHRAPRADESH,14.256666666666666,80.52194444444444,1683.9629886676512,,,,,,,,,28.637959924898635,55.0,SCS,982.0,18.0,BOB
PFZ0332,SOUTH ANDHRAPRADESH,14.142777777777775,80.5261111111111,1681.518369549337,,,,,,,,,16.124024007047986,55.0,SCS,982.0,18.0,BOB
PFZ0333,SOUTH ANDHRAPRADESH,14.03472222222222,80.49027777777778,1683.4299600411675,,,,,,,,,4.000868362519731,55.0,SCS,982.0,18.0,BOB
PFZ0334,SOUTH ANDHRAPRADESH,13.826944444444443,80.62222222222222,1665.68465374231,,,,,,,,,23.330477588795866,55.0,SCS,982.0,18.0,BOB
PFZ0335,SOUTH ANDHRAPRADESH,13.799444444444443,80.73583333333333,1653.083653920905,,,,,,,,,33.84242743706835,55.0,SCS,982.0,18.0,BOB
PFZ0336,SOUTH ANDHRAPRADESH,13.790555555555557,80.51694444444445,1676.2575548726145,,,,,,,,,23.36086879829171,55.0,SCS,982.0,18.0,BOB
PFZ0337,SOUTH ANDHRAPRADESH,13.734166666666663,80.83333333333333,1641.5233826713252,,,,,,,,,46.568749079158756,55.0,SCS,982.0,18.0,BOB
GRID_0001,INDIAN_MARINE,18.5,78.25,1991.3825731577012,,,,,,,,,55.84762308003903,20.0,D,998.0,3.0,BOB
GRID_0002,INDIAN_MARINE,14.0,68.25,2990.5383192371387,,,,,,,,,98.10473566401322,25.0,D,,3.0,ARB
GRID_0003,INDIAN_MARINE,16.0,82.5,1504.735136389039,,,,,,,,,53.443698998789124,45.0,CS,,10.0,BOB
GRID_0004,INDIAN_MARINE,20.0,83.25,1521.4333809455954,,,,,,,,,191.39590263255386,20.0,D,,3.0,BOB
GRID_0005,INDIAN_MARINE,7.75,72.25,2461.146802823152,,,,,,,,,594.021779206525,,,,,
GRID_0006,INDIAN_MARINE,19.5,78.75,1959.8095132577032,,,,,,,,,72.9567031322811,20.0,D,998.0,3.0,BOB
GRID_0007,INDIAN_MARINE,10.0,79.0,1768.3138022018,,,,,,,,,33.358477993367664,25.0,,,3.0,BOB
GRID_0008,INDIAN_MARINE,13.25,72.5,2524.343501345362,,,,,,,,,164.63199741939385,25.0,D,,3.0,ARB
GRID_0009,INDIAN_MARINE,6.25,74.75,2173.649988713509,,,,,,,,,605.0831988271112,,,,,
GRID_0010,INDIAN_MARINE,8.0,74.75,2190.8086063488454,,,,,,,,,503.7436323834465,,,,,
GRID_0011,INDIAN_MARINE,12.5,79.25,1788.466943017204,,,,,,,,,214.7621635017404,55.0,SCS,982.0,18.0,BOB
GRID_0012,INDIAN_MARINE,11.0,74.5,2271.9817035307515,,,,,,,,,471.0549691915628,25.0,D,,3.0,ARB
GRID_0013,INDIAN_MARINE,17.75,77.75,2032.6620822333996,,,,,,,,,64.50262297631964,20.0,D,998.0,3.0,BOB
GRID_0014,INDIAN_MARINE,14.75,93.5,319.8401416973434,,,,,,,,,216.97149548433077,25.0,D,990.0,3.0995834159888913,BOB
GRID_0015,INDIAN_MARINE,21.25,70.75,2815.49434167495,,,,,,,,,87.34735995954735,90.0,ESCS,962.0,40.0,ARB
GRID_0016,INDIAN_MARINE,12.25,88.25,821.4820493323843,,,,,,,,,407.7680145932287,30.0,DD,,5.0,BOB
GRID_0017,INDIAN_MARINE,13.0,78.75,1850.9301647819707,,,,,,,,,214.58386975986602,50.0,SCS,986.0,14.0,BOB
GRID_0018,INDIAN_MARINE,21.5,68.5,3049.852561264565,,,,,,,,,76.00053114472006,25.0,D,,3.0,ARB
GRID_0019,INDIAN_MARINE,14.0,79.25,1814.9716015011925,,,,,,,,,98.10473566401322,50.0,SCS,986.0,14.0,BOB
GRID_0020,INDIAN_MARINE,10.25,91.0,483.6160152735459,,,,,,,,,475.6868101494582,25.0,D,990.0,3.0995834159888913,BOB
GRID_0021,INDIAN_MARINE,13.0,71.0,2681.418512061414,,,,,,,,,55.59746332227927,25.0,D,,3.0,ARB
GRID_0022,INDIAN_MARINE,13.25,85.0,1188.3937379850531,,,,,,,,,282.7398036648474,25.0,D,,3.0,BOB
GRID_0023,INDIAN_MARINE,20.75,77.0,2169.388464042287,,,,,,,,,301.306925580203,20.0,D,998.0,3.0,BOB
GRID_0024,INDIAN_MARINE,14.75,70.75,2733.224607434635,,,,,,,,,116.10794664627237,30.0,DD,,5.0,ARB
GRID_0025,INDIAN_MARINE,13.75,70.5,2746.0771358645816,,,,,,,,,60.71313524105158,30.0,DD,,5.0,ARB
GRID_0026,INDIAN_MARINE,16.0,92.0,505.4486224334233,,,,,,,,,106.88732068989688,40.0,CS,984.0,7.934933544931562,BOB
GRID_0027,INDIAN_MARINE,5.75,77.5,1867.650933731419,,,,,,,,,469.2757959116768,25.0,,,3.0,BOB
GRID_0028,INDIAN_MARINE,20.25,73.0,2566.03361102895,,,,,,,,,250.18858495025714,50.0,SCS,990.0,12.0,ARB
GRID_0029,INDIAN_MARINE,7.75,72.75,2406.3445576528807,,,,,,,,,647.6248507661459,,,,,
GRID_0030,INDIAN_MARINE,14.0,86.25,1070.3272995759644,,,,,,,,,168.94474930342085,30.0,DD,,5.0,BOB
GRID_0031,INDIAN_MARINE,10.5,92.75,301.98550491119386,,,,,,,,,465.0102969169925,25.0,D,990.0,3.0995834159888913,BOB
GRID_0032,INDIAN_MARINE,6.25,70.25,2670.7041180153933,,,,,,,,,470.9323028365131,25.0,D,,3.0,ARB
GRID_0033,INDIAN_MARINE,12.25,71.25,2642.917490375685,,,,,,,,,141.61074850874337,25.0,D,,3.0,ARB
GRID_0034,INDIAN_MARINE,10.75,90.75,521.6348390853142,,,,,,,,,424.84477207193174,25.0,D,990.0,3.0995834159888913,BOB
GRID_0035,INDIAN_MARINE,21.75,71.75,2724.5075338617457,,,,,,,,,153.40567127446442,50.0,SCS,990.0,12.0,ARB
GRID_0036,INDIAN_MARINE,8.5,81.5,1468.2461772000063,,,,,,,,,78.17034368438863,25.0,,,3.0,BOB
GRID_0037,INDIAN_MARINE,6.5,77.75,1844.3626759905464,,,,,,,,,381.4983677410445,25.0,,,3.0,BOB
GRID_0038,INDIAN_MARINE,12.75,78.5,1873.2634402074111,,,,,,,,,253.25711213007614,50.0,SCS,986.0,14.0,BOB
GRID_0039,INDIAN_MARINE,12.75,81.0,1605.7612597929035,,,,,,,,,54.51613947002312,55.0,SCS,982.0,18.0,BOB
GRID_0040,INDIAN_MARINE,11.75,90.25,597.2915655436054,,,,,,,,,334.40102481106146,25.0,D,990.0,3.0995834159888913,BOB
GRID_0041,INDIAN_MARINE,7.0,74.75,2178.976345360417,,,,,,,,,555.6179087607678,,,,,
GRID_0042,INDIAN_MARINE,8.75,90.0,557.1026655191782,,,,,,,,,293.92250553522666,25.0,D,,3.0,BOB
GRID_0043,INDIAN_MARINE,18.5,77.0,2121.835975704317,,,,,,,,,148.11230198828326,20.0,D,998.0,3.0,BOB
GRID_0044,INDIAN_MARINE,14.5,75.25,2249.5534604465793,,,,,,,,,386.48611310874753,25.0,D,997.0,3.0,BOB
GRID_0045,INDIAN_MARINE,15.25,77.5,2021.779637945734,,,,,,,,,135.727876046825,25.0,D,997.0,3.0,BOB
GRID_0046,INDIAN_MARINE,17.5,80.25,1766.384064293353,,,,,,,,,193.97543906100998,20.0,D,998.0,3.0,BOB
GRID_0047,INDIAN_MARINE,20.0,80.0,1845.7582843643436,,,,,,,,,139.2676310533215,20.0,D,998.0,3.0,BOB
GRID_0048,INDIAN_MARINE,9.5,73.75,2325.575359281299,,,,,,,,,536.2609485094584,,,,,
GRID_0049,INDIAN_MARINE,11.25,80.25,1657.9077778945891,,,,,,,,,194.47249942747078,50.0,SCS,986.0,14.0,BOB
GRID_0050,INDIAN_MARINE,19.0,72.5,2598.8862340713504,,,,,,,,,267.6295208628275,90.0,ESCS,962.0,40.0,ARB
GRID_0051,INDIAN_MARINE,19.5,72.5,2605.5110864527874,,,,,,,,,236.71521216897227,90.0,ESCS,962.0,40.0,ARB
GRID_0052,INDIAN_MARINE,8.25,71.75,2521.941361882984,,,,,,,,,528.8128138582044,,,,,
GRID_0053,INDIAN_MARINE,11.25,85.25,1121.3746340818377,,,,,,,,,247.00946114228887,25.0,D,990.0,3.0,BOB
GRID_0054,INDIAN_MARINE,12.75,90.25,619.225594825797,,,,,,,,,236.87798713363927,25.0,D,990.0,3.0995834159888913,BOB
GRID_0055,INDIAN_MARINE,7.75,94.75,22.727669856292952,5.0600000000000005,1.192,5.86,214.49,129858.0,0.169,302.44,2024-06-16 11:38:20.232767104,749.001118311621,,,,,
GRID_0056,INDIAN_MARINE,10.0,79.25,1741.3617604105093,,,,,,,,,43.16179727446121,25.0,,,3.0,BOB
GRID_0057,INDIAN_MARINE,13.25,75.5,2202.9770282293484,,,,,,,,,424.6085176757657,30.0,DD,996.0,4.0,BOB
GRID_0058,INDIAN_MARINE,13.0,76.25,2118.519601343079,,,,,,,,,370.78060803539597,30.0,DD,996.0,4.0,BOB
GRID_0059,INDIAN_MARINE,13.25,84.0,1294.9455291742354,,,,,,,,,182.29192819046446,25.0,D,,3.0,BOB
GRID_0060,INDIAN_MARINE,15.0,91.5,535.9905498851929,,,,,,,,,55.59746332227909,25.0,D,990.0,3.0995834159888913,BOB
GRID_0061,INDIAN_MARINE,14.5,70.75,2729.83169143678,,,,,,,,,98.10473566401436,30.0,DD,,5.0,ARB
GRID_0062,INDIAN_MARINE,8.5,69.0,2825.668372353763,,,,,,,,,226.72310588189734,25.0,D,,3.0,ARB
GRID_0063,INDIAN_MARINE,18.25,82.5,1545.0059243113938,,,,,,,,,127.87416564124237,25.0,DD,,4.0,BOB
GRID_0064,INDIAN_MARINE,13.5,77.5,1993.220131532727,,,,,,,,,232.27547186611713,30.0,DD,996.0,4.0,BOB
GRID_0065,INDIAN_MARINE,10.5,82.5,1401.3558346198406,,,,,,,,,55.59746332227927,30.0,DD,992.0,4.0,BOB
GRID_0066,INDIAN_MARINE,10.25,76.0,2096.6018848094627,,,,,,,,,334.1833088509426,25.0,,,3.0,BOB
GRID_0067,INDIAN_MARINE,14.25,77.25,2032.3620292637129,,,,,,,,,205.9267596325638,30.0,DD,996.0,4.0,BOB
GRID_0068,INDIAN_MARINE,17.75,80.5,1744.0249009967429,,,,,,,,,195.2879438674539,20.0,D,998.0,3.0,BOB
GRID_0069,INDIAN_MARINE,14.75,82.0,1535.6092594903068,,,,,,,,,27.798731661139367,35.0,CS,,6.0,BOB
GRID_0070,INDIAN_MARINE,10.5,76.75,2020.396381466736,,,,,,,,,261.88007610684275,25.0,,,3.0,BOB
GRID_0071,INDIAN_MARINE,8.75,70.0,2719.7189891043795,,,,,,,,,330.7599276988298,25.0,D,,3.0,ARB
GRID_0072,INDIAN_MARINE,19.25,78.0,2031.3910314516131,,,,,,,,,129.09727972199758,20.0,D,998.0,3.0,BOB
GRID_0073,INDIAN_MARINE,10.0,92.0,370.771535408671,,,,,,,,,503.31649943048166,,,,,
GRID_0074,INDIAN_MARINE,11.5,95.0,85.31494990226689,,,,,,,,,505.01166270727595,,,,,
GRID_0075,INDIAN_MARINE,19.75,82.75,1562.0569964618437,,,,,,,,,229.3311484374801,20.0,D,998.0,3.0,BOB
GRID_0076,INDIAN_MARINE,22.0,74.5,2454.799540087239,,,,,,,,,151.38516063044474,35.0,CS,995.0,7.0,ARB
GRID_0077,INDIAN_MARINE,15.0,79.25,1831.8843128289552,,,,,,,,,26.85151142270055,30.0,DD,995.0,5.0,BOB
GRID_0078,INDIAN_MARINE,15.75,91.25,578.5399482532332,,,,,,,,,38.57091978119738,40.0,CS,984.0,7.934933544931562,BOB
GRID_0079,INDIAN_MARINE,9.0,71.75,2533.0458194061075,,,,,,,,,495.5939253707822,25.0,D,,3.0,ARB
GRID_0080,INDIAN_MARINE,14.5,93.25,340.48806182082507,,,,,,,,,188.39247612801097,25.0,D,990.0,3.0995834159888913,BOB
GRID_0081,INDIAN_MARINE,11.25,77.0,2007.311959046326,,,,,,,,,278.43201959033695,25.0,,,3.0,BOB
GRID_0082,INDIAN_MARINE,16.75,90.5,681.3901056634551,,,,,,,,,27.798731661139723,40.0,CS,984.0,7.934933544931562,BOB
GRID_0083,INDIAN_MARINE,8.75,79.75,1662.4565034262837,,,,,,,,,87.79662698596896,25.0,,,3.0,BOB
GRID_0084,INDIAN_MARINE,8.0,81.75,1430.7539802215722,,,,,,,,,114.54334340253274,25.0,,,3.0,BOB
GRID_0085,INDIAN_MARINE,14.0,75.25,2241.7679392815426,,,,,,,,,413.8715394181228,25.0,D,997.0,3.0,BOB
GRID_0086,INDIAN_MARINE,13.0,83.0,1396.799042100387,,,,,,,,,123.6399933087371,25.0,D,,3.0,BOB
GRID_0087,INDIAN_MARINE,13.5,71.5,2635.2995543782263,,,,,,,,,54.06129163646226,25.0,D,,3.0,ARB
GRID_0088,INDIAN_MARINE,16.5,79.25,1856.0864559175716,,,,,,,,,97.30513028736544,20.0,D,998.0,3.0,BOB
GRID_0089,INDIAN_MARINE,18.25,68.5,3011.2621321050724,,,,,,,,,160.7101301067217,80.0,VSCS,970.0,30.0,ARB
GRID_0090,INDIAN_MARINE,10.25,81.75,1477.0209357198703,,,,,,,,,116.93289210360838,30.0,DD,992.0,4.0,BOB
GRID_0091,INDIAN_MARINE,12.0,90.75,549.492593234941,,,,,,,,,289.5950402290297,25.0,D,990.0,3.0995834159888913,BOB
GRID_0092,INDIAN_MARINE,13.0,91.25,518.4617772166239,,,,,,,,,168.96379598075876,25.0,D,990.0,3.0995834159888913,BOB
GRID_0093,INDIAN_MARINE,12.5,72.5,2512.549189565296,,,,,,,,,196.91470064988724,25.0,D,,3.0,ARB
GRID_0094,INDIAN_MARINE,11.75,89.0,730.7207015090963,,,,,,,,,408.38757247889066,25.0,D,990.0,3.0995834159888913,BOB
GRID_0095,INDIAN_MARINE,18.5,75.25,2304.911517008727,,,,,,,,,326.84356590937267,20.0,D,998.0,3.0,BOB
GRID_0096,INDIAN_MARINE,12.0,74.25,2316.2463073253025,,,,,,,,,389.93185136200015,25.0,D,,3.0,ARB
GRID_0097,INDIAN_MARINE,16.25,69.75,2858.5062798385006,,,,,,,,,210.5495138694623,25.0,D,,3.0,ARB
GRID_0098,INDIAN_MARINE,18.75,69.75,2884.3923878178343,,,,,,,,,38.297723980383225,80.0,VSCS,970.0,30.0,ARB
GRID_0099,INDIAN_MARINE,10.75,91.25,468.1332309373141,,,,,,,,,417.86203889207945,25.0,D,990.0,3.0995834159888913,BOB
GRID_0100,INDIAN_MARINE,13.75,92.75,376.2816693656831,,,,,,,,,158.50318834651628,25.0,D,990.0,3.0995834159888913,BOB
GRID_0101,INDIAN_MARINE,9.25,94.25,112.1542682859171,,,,,,,,,655.9461374644499,,,,,
GRID_0102,INDIAN_MARINE,13.5,72.0,2581.7284689036205,,,,,,,,,108.122527180103,25.0,D,,3.0,ARB
GRID_0103,INDIAN_MARINE,21.5,73.0,2592.3408235264155,,,,,,,,,111.19492664455854,50.0,SCS,990.0,12.0,ARB
GRID_0104,INDIAN_MARINE,17.0,74.75,2338.3831190270253,,,,,,,,,392.538916853172,20.0,D,998.0,3.0,BOB
GRID_0105,INDIAN_MARINE,18.0,84.5,1332.586464139547,,,,,,,,,123.19004751177624,55.0,SCS,,15.001983733386234,BOB
GRID_0106,INDIAN_MARINE,6.75,93.25,160.6072067622584,,,,,,,,,580.2387414691698,,,,,
GRID_0107,INDIAN_MARINE,8.25,75.75,2085.7582076541967,,,,,,,,,391.67268211235876,25.0,,,3.0,BOB
GRID_0108,INDIAN_MARINE,13.0,81.25,1583.6733733232495,,,,,,,,,42.98061433627066,55.0,SCS,982.0,18.0,BOB
GRID_0109,INDIAN_MARINE,15.25,81.0,1650.435388977986,,,,,,,,,110.88394321271471,35.0,CS,,6.0,BOB
GRID_0110,INDIAN_MARINE,16.0,77.0,2086.328411445487,,,,,,,,,160.33078775487584,25.0,D,997.0,3.0,BOB
GRID_0111,INDIAN_MARINE,22.0,73.0,2604.756162529988,,,,,,,,,55.597463322279445,50.0,SCS,990.0,12.0,ARB
GRID_0112,INDIAN_MARINE,17.0,68.0,3052.1955661748566,,,,,,,,,76.97659093538385,65.0,VSCS,980.0,22.0,ARB
GRID_0113,INDIAN_MARINE,15.0,83.5,1381.0848718140994,,,,,,,,,120.82983905325376,40.0,CS,,8.0,BOB
GRID_0114,INDIAN_MARINE,12.0,72.75,2477.5344585337007,,,,,,,,,252.66293285280153,25.0,D,,3.0,ARB
GRID_0115,INDIAN_MARINE,10.5,97.0,129.058216737484,,,,,,,,,744.411838630598,,,,,
GRID_0116,INDIAN_MARINE,17.25,74.25,2394.4015703307114,,,,,,,,,437.2150776933151,20.0,D,998.0,3.0,BOB
GRID_0117,INDIAN_MARINE,14.75,71.0,2706.5429013663397,,,,,,,,,136.22380911994068,30.0,DD,,5.0,ARB
GRID_0118,INDIAN_MARINE,12.5,73.75,2378.302648389953,,,,,,,,,318.01620353550845,25.0,D,,3.0,ARB
GRID_0119,INDIAN_MARINE,19.75,81.75,1662.0799561237193,,,,,,,,,159.47021774748038,20.0,D,998.0,3.0,BOB
GRID_0120,INDIAN_MARINE,20.25,80.5,1803.093227746449,,,,,,,,,98.29753199259503,20.0,D,998.0,3.0,BOB
GRID_0121,INDIAN_MARINE,13.5,73.75,2394.3195783640376,,,,,,,,,297.3355997295168,25.0,D,,3.0,ARB
GRID_0122,INDIAN_MARINE,8.75,80.0,1635.4463993806028,,,,,,,,,99.84094584159799,25.0,,,3.0,BOB
GRID_0123,INDIAN_MARINE,7.25,91.5,361.1175047874194,,,,,,,,,387.174947470355,25.0,D,,3.0,BOB
GRID_0124,INDIAN_MARINE,15.0,70.75,2736.561788367612,,,,,,,,,137.41552764660372,30.0,DD,,5.0,ARB
GRID_0125,INDIAN_MARINE,12.75,82.5,1445.42338427165,,,,,,,,,99.51877164699287,35.0,CS,994.0,6.0,BOB
GRID_0126,INDIAN_MARINE,13.5,96.5,25.779842293400623,4.71,1.181,5.24,233.73,177216.0,0.097,302.31,2024-06-16 11:36:42.103645824,463.9386679328021,30.0,DD,,4.463400119024003,BOB
GRID_0127,INDIAN_MARINE,6.0,71.0,2587.095261363718,,,,,,,,,552.8917376368673,,,,,
GRID_0128,INDIAN_MARINE,19.0,71.75,2677.2979606215245,,,,,,,,,192.46768336100698,80.0,VSCS,970.0,30.0,ARB
GRID_0129,INDIAN_MARINE,17.0,70.0,2840.4765144774447,,,,,,,,,166.792389966838,80.0,VSCS,970.0,30.0,ARB
GRID_0130,INDIAN_MARINE,9.75,91.75,391.8396657349584,,,,,,,,,513.4720554327723,,,,,
GRID_0131,INDIAN_MARINE,11.5,76.25,2092.4993906054087,,,,,,,,,361.0992158144622,25.0,,,3.0,BOB
GRID_0132,INDIAN_MARINE,11.25,82.5,1416.3082927795203,,,,,,,,,27.798731661139723,30.0,DD,992.0,4.0,BOB
GRID_0133,INDIAN_MARINE,11.0,90.0,607.4318792050504,,,,,,,,,421.8031855757211,25.0,D,990.0,3.0995834159888913,BOB
GRID_0134,INDIAN_MARINE,5.5,74.75,2171.3907187276964,,,,,,,,,661.3812166134732,,,,,
GRID_0135,INDIAN_MARINE,9.5,71.75,2541.8483785309018,,,,,,,,,452.22164677678546,25.0,D,,3.0,ARB
GRID_0136,INDIAN_MARINE,15.25,78.0,1968.687441660186,,,,,,,,,99.10455109229984,25.0,D,997.0,3.0,BOB
GRID_0137,INDIAN_MARINE,11.25,68.5,2923.203550945974,,,,,,,,,61.184965155729145,25.0,D,,3.0,ARB
GRID_0138,INDIAN_MARINE,9.25,79.0,1753.5307904650915,,,,,,,,,50.03771699005132,25.0,,,3.0,BOB
GRID_0139,INDIAN_MARINE,13.25,68.25,2980.2865518230055,,,,,,,,,160.85365465781607,25.0,D,,3.0,ARB
GRID_0140,INDIAN_MARINE,15.25,73.0,2500.2317933094796,,,,,,,,,290.2928939936368,25.0,D,,3.0,ARB
GRID_0141,INDIAN_MARINE,16.75,81.0,1675.5671329545987,,,,,,,,,162.01254306836017,40.0,CS,,8.0,BOB
GRID_0142,INDIAN_MARINE,17.0,93.5,401.4565345389099,,,,,,,,,55.59746332227909,115.0,VSCS,,65.58718508232494,BOB
GRID_0143,INDIAN_MARINE,13.5,89.5,715.0790799140561,,,,,,,,,242.74541078651163,25.0,D,990.0,3.0995834159888913,BOB
GRID_0144,INDIAN_MARINE,17.0,82.75,1495.6271001093094,,,,,,,,,26.584057494619127,40.0,CS,,8.0,BOB
GRID_0145,INDIAN_MARINE,8.75,95.75,60.75142903882238,,,,,,,,,789.2087932772055,,,,,
GRID_0146,INDIAN_MARINE,8.0,79.0,1728.2753293732758,,,,,,,,,175.61054027541053,25.0,,,3.0,BOB
GRID_0147,INDIAN_MARINE,9.75,70.5,2681.5831284890555,,,,,,,,,335.42319761887785,25.0,D,,3.0,ARB
GRID_0148,INDIAN_MARINE,7.5,70.5,2650.7391870944753,,,,,,,,,419.7069480421449,25.0,D,,3.0,ARB
GRID_0149,INDIAN_MARINE,8.75,68.5,2883.391136572658,,,,,,,,,167.12336866169764,25.0,D,,3.0,ARB
GRID_0150,INDIAN_MARINE,17.25,91.5,600.9105707237383,,,,,,,,,27.798731661139723,115.0,VSCS,,65.58718508232494,BOB
GRID_0151,INDIAN_MARINE,13.25,93.0,338.4709668328042,,,,,,,,,213.39591634263274,25.0,D,990.0,3.0995834159888913,BOB
GRID_0152,INDIAN_MARINE,6.0,76.5,1979.1588027548985,,,,,,,,,495.05025674618275,25.0,,,3.0,BOB
GRID_0153,INDIAN_MARINE,20.0,80.75,1770.254846902944,,,,,,,,,114.20280275715993,20.0,D,998.0,3.0,BOB
GRID_0154,INDIAN_MARINE,11.25,74.25,2303.3212121655024,,,,,,,,,432.6365079607204,25.0,D,,3.0,ARB
GRID_0155,INDIAN_MARINE,16.0,79.0,1874.623271067117,,,,,,,,,53.44369899878775,25.0,D,997.0,3.0,BOB
GRID_0156,INDIAN_MARINE,6.25,80.75,1511.6864172539956,,,,,,,,,335.3809036404501,25.0,,,3.0,BOB
GRID_0157,INDIAN_MARINE,5.75,77.25,1895.298165632821,,,,,,,,,479.66666962433754,25.0,,,3.0,BOB
GRID_0158,INDIAN_MARINE,6.5,80.5,1541.6139675115037,,,,,,,,,323.39782269057395,25.0,,,3.0,BOB
GRID_0159,INDIAN_MARINE,9.5,95.5,16.100384207843966,4.6000000000000005,1.15,5.4,228.54,220257.0,0.014,302.51,2024-06-16 11:37:49.236561792,705.8650077448541,,,,,
GRID_0160,INDIAN_MARINE,6.75,71.75,2507.484820823258,,,,,,,,,579.9026093071503,,,,,
GRID_0161,INDIAN_MARINE,18.75,72.0,2648.3884189142573,,,,,,,,,212.56733560972194,80.0,VSCS,970.0,30.0,ARB
GRID_0162,INDIAN_MARINE,12.25,75.5,2186.214740884703,,,,,,,,,475.75577125217393,25.0,,,3.0,BOB
GRID_0163,INDIAN_MARINE,12.25,82.0,1489.3531182611289,,,,,,,,,27.798731661139545,35.0,CS,994.0,6.0,BOB
GRID_0164,INDIAN_MARINE,17.75,73.75,2453.310716952974,,,,,,,,,404.96003029478084,80.0,VSCS,970.0,30.0,ARB
GRID_0165,INDIAN_MARINE,19.75,79.5,1889.4856057200388,,,,,,,,,89.13597924970874,20.0,D,998.0,3.0,BOB
GRID_0166,INDIAN_MARINE,7.25,70.5,2648.6601137517287,,,,,,,,,431.61310633341435,25.0,D,,3.0,ARB
GRID_0167,INDIAN_MARINE,14.75,82.75,1456.026674210606,,,,,,,,,38.681674099146534,30.0,DD,,5.0,BOB
GRID_0168,INDIAN_MARINE,16.25,78.75,1904.9914026052347,,,,,,,,,38.54775020446417,25.0,D,997.0,3.0,BOB
GRID_0169,INDIAN_MARINE,11.5,71.75,2576.881501844548,,,,,,,,,236.82395188753583,25.0,D,,3.0,ARB
GRID_0170,INDIAN_MARINE,7.0,81.25,1465.7932248273837,,,,,,,,,237.22716057942193,25.0,,,3.0,BOB
GRID_0171,INDIAN_MARINE,16.25,85.75,1166.729424905354,,,,,,,,,38.54775020446417,35.0,CS,,7.0,BOB
GRID_0172,INDIAN_MARINE,5.75,71.25,2558.972680077803,,,,,,,,,591.7643759122858,,,,,
GRID_0173,INDIAN_MARINE,21.75,70.0,2901.793347027417,,,,,,,,,148.353143873116,90.0,ESCS,962.0,40.0,ARB
GRID_0174,INDIAN_MARINE,6.75,77.25,1901.6298376962156,,,,,,,,,380.37137905635274,25.0,,,3.0,BOB
GRID_0175,INDIAN_MARINE,5.75,80.0,1591.2240551286727,,,,,,,,,420.60509516728445,25.0,,,3.0,BOB
GRID_0176,INDIAN_MARINE,9.5,91.0,466.6144214679578,,,,,,,,,431.5618284852138,25.0,D,,3.0,BOB
GRID_0177,INDIAN_MARINE,12.25,79.5,1757.1265670476353,,,,,,,,,218.99364764994817,50.0,SCS,986.0,14.0,BOB
GRID_0178,INDIAN_MARINE,9.75,82.75,1359.2132148350724,,,,,,,,,117.15457753162123,25.0,,,3.0,BOB
GRID_0179,INDIAN_MARINE,11.25,72.75,2464.9108415403616,,,,,,,,,314.1901947826496,25.0,D,,3.0,ARB
GRID_0180,INDIAN_MARINE,10.75,95.0,67.53070270431603,,,,,,,,,563.9493036177546,,,,,
GRID_0181,INDIAN_MARINE,18.25,84.0,1390.383769643941,,,,,,,,,174.32422836629692,20.0,D,,3.0,BOB
GRID_0182,INDIAN_MARINE,15.75,71.0,2719.6327236765023,,,,,,,,,222.29281049624893,30.0,DD,,5.0,ARB
GRID_0183,INDIAN_MARINE,13.75,69.0,2906.792821529453,,,,,,,,,83.39619498341916,25.0,D,,3.0,ARB
GRID_0184,INDIAN_MARINE,17.75,80.25,1770.2442246869166,,,,,,,,,177.75148048451706,20.0,D,998.0,3.0,BOB
GRID_0185,INDIAN_MARINE,14.0,71.25,2669.3667241149224,,,,,,,,,61.80764189205728,25.0,D,,3.0,ARB
GRID_0186,INDIAN_MARINE,16.25,92.0,512.3236894876136,,,,,,,,,110.24660492519581,40.0,CS,984.0,7.934933544931562,BOB
GRID_0187,INDIAN_MARINE,9.0,89.25,643.4197206732397,,,,,,,,,261.53438470277047,25.0,D,,3.0,BOB
GRID_0188,INDIAN_MARINE,17.0,92.5,493.1107705438081,,,,,,,,,76.8785495925866,115.0,VSCS,,65.58718508232494,BOB
GRID_0189,INDIAN_MARINE,9.75,94.25,123.94885357956356,,,,,,,,,606.8694181421,,,,,
GRID_0190,INDIAN_MARINE,21.25,74.25,2459.96098064648,,,,,,,,,189.61947481143602,50.0,SCS,990.0,12.0,ARB
GRID_0191,INDIAN_MARINE,10.5,74.25,2289.9742853722855,,,,,,,,,486.0016270976465,25.0,D,,3.0,ARB
GRID_0192,INDIAN_MARINE,14.75,71.25,2679.8603291926665,,,,,,,,,141.58372137731521,25.0,D,,3.0,ARB
GRID_0193,INDIAN_MARINE,16.25,93.75,336.79471398638304,,,,,,,,,141.44614679626724,115.0,VSCS,,65.58718508232494,BOB
GRID_0194,INDIAN_MARINE,11.0,95.25,46.78029633106536,4.68,1.629,5.39,232.81,217595.0,0.116,302.49,2024-06-16 11:37:26.515666944,562.8541799137362,,,,,
GRID_0195,INDIAN_MARINE,5.75,80.25,1563.586992342944,,,,,,,,,409.6697410778166,25.0,,,3.0,BOB
GRID_0196,INDIAN_MARINE,20.0,72.75,2587.410879056405,,,,,,,,,241.21660686521074,90.0,ESCS,962.0,40.0,ARB
GRID_0197,INDIAN_MARINE,14.5,72.0,2596.32424048439,,,,,,,,,154.9342418408281,25.0,D,,3.0,ARB
GRID_0198,INDIAN_MARINE,11.25,83.5,1309.0147638803394,,,,,,,,,112.5909794635821,30.0,DD,992.0,4.0,BOB
GRID_0199,INDIAN_MARINE,17.0,74.0,2417.586164965627,,,,,,,,,455.2382249648553,80.0,VSCS,970.0,30.0,ARB
GRID_0200,INDIAN_MARINE,10.0,82.0,1445.0744884305902,,,,,,,,,111.19492664455872,25.0,,,3.0,BOB
GRID_0201,INDIAN_MARINE,10.25,75.25,2177.515069810205,,,,,,,,,415.2024992679866,25.0,,,3.0,BOB
GRID_0202,INDIAN_MARINE,10.25,94.5,109.01211720960951,,,,,,,,,573.969940117309,,,,,
GRID_0203,INDIAN_MARINE,12.25,76.25,2105.702345736351,,,,,,,,,412.9137788495221,25.0,,,3.0,BOB
GRID_0204,INDIAN_MARINE,16.75,92.0,530.1862222837198,,,,,,,,,83.39619498341881,115.0,VSCS,,65.58718508232494,BOB
GRID_0205,INDIAN_MARINE,5.25,80.25,1562.3169186431346,,,,,,,,,459.5022442296277,25.0,,,3.0,BOB
GRID_0206,INDIAN_MARINE,11.0,88.75,741.1925997864145,,,,,,,,,452.33919557343614,25.0,D,,3.0,BOB
GRID_0207,INDIAN_MARINE,7.75,80.0,1614.9673346384727,,,,,,,,,202.2053722513179,25.0,,,3.0,BOB
GRID_0208,INDIAN_MARINE,12.5,71.75,2593.1284881651873,,,,,,,,,137.72108746629846,25.0,D,,3.0,ARB
GRID_0209,INDIAN_MARINE,19.5,81.0,1730.3541803301705,,,,,,,,,166.79238996683833,20.0,D,998.0,3.0,BOB
GRID_0210,INDIAN_MARINE,6.25,73.25,2339.300722748068,,,,,,,,,740.2415600024062,,,,,
GRID_0211,INDIAN_MARINE,9.0,95.0,25.740554849018643,4.7,1.299,5.28,221.06,180344.0,0.084,302.49,2024-06-16 11:37:59.566852096,720.4680607903869,,,,,
GRID_0212,INDIAN_MARINE,15.5,84.75,1258.1125907984406,,,,,,,,,92.88657211902928,45.0,CS,,10.0,BOB
GRID_0213,INDIAN_MARINE,9.75,74.75,2222.192027396893,,,,,,,,,465.8175344935765,25.0,,,3.0,BOB
GRID_0214,INDIAN_MARINE,11.75,92.75,330.7579604839666,,,,,,,,,334.401024811062,25.0,D,990.0,3.0995834159888913,BOB
GRID_0215,INDIAN_MARINE,20.75,71.25,2754.9449114461063,,,,,,,,,82.85349991488997,90.0,ESCS,962.0,40.0,ARB
GRID_0216,INDIAN_MARINE,6.5,74.75,2175.085500327967,,,,,,,,,587.7454872956035,,,,,
GRID_0217,INDIAN_MARINE,10.75,79.0,1782.776967603271,,,,,,,,,116.75467297678684,25.0,,,3.0,BOB
GRID_0218,INDIAN_MARINE,16.75,68.5,2996.6503738438196,,,,,,,,,110.11326112365292,65.0,VSCS,980.0,22.0,ARB
GRID_0219,INDIAN_MARINE,8.25,82.25,1381.9828708058153,,,,,,,,,87.80833476906403,25.0,,,3.0,BOB
GRID_0220,INDIAN_MARINE,20.75,75.0,2371.894044943962,,,,,,,,,283.90220230256165,50.0,SCS,990.0,12.0,ARB
GRID_0221,INDIAN_MARINE,9.0,78.0,1856.5748172702256,,,,,,,,,134.52248949270205,25.0,,,3.0,BOB
GRID_0222,INDIAN_MARINE,16.25,82.75,1482.715937968657,,,,,,,,,38.524243710974666,50.0,SCS,,14.0,BOB
GRID_0223,INDIAN_MARINE,10.0,80.5,1606.6478018753835,,,,,,,,,122.88490015632298,25.0,,,3.0,BOB
GRID_0224,INDIAN_MARINE,17.0,94.25,338.629226082176,,,,,,,,,42.64226073639493,115.0,VSCS,,65.58718508232494,BOB
GRID_0225,INDIAN_MARINE,12.5,92.5,374.4740492667865,,,,,,,,,247.2778505596892,25.0,D,990.0,3.0995834159888913,BOB
GRID_0226,INDIAN_MARINE,16.5,81.75,1592.404718811716,,,,,,,,,97.30513028736432,40.0,CS,,8.0,BOB
GRID_0227,INDIAN_MARINE,6.75,70.5,2645.322741572537,,,,,,,,,459.557138342351,25.0,D,,3.0,ARB
GRID_0228,INDIAN_MARINE,8.5,72.0,2498.0946566860507,,,,,,,,,550.5381351986118,,,,,
GRID_0229,INDIAN_MARINE,7.75,93.5,157.27266582259958,,,,,,,,,612.2111012445773,,,,,
GRID_0230,INDIAN_MARINE,12.75,94.0,220.9676223618035,,,,,,,,,332.93712177910714,25.0,D,990.0,3.0995834159888913,BOB
GRID_0231,INDIAN_MARINE,9.25,95.75,48.76278985143765,4.82,1.25,5.3500000000000005,226.15,206856.0,0.037,302.5,2024-06-16 11:37:52.334863232,744.641701562571,,,,,
GRID_0232,INDIAN_MARINE,5.25,80.0,1589.9986619146548,,,,,,,,,471.75335385689544,25.0,,,3.0,BOB
GRID_0233,INDIAN_MARINE,19.75,76.5,2196.261870404844,,,,,,,,,271.53171611377917,20.0,D,998.0,3.0,BOB
GRID_0234,INDIAN_MARINE,17.25,81.75,1604.8630910958448,,,,,,,,,81.40431124841983,25.0,DD,,4.0,BOB
GRID_0235,INDIAN_MARINE,17.25,72.5,2579.088099493641,,,,,,,,,298.84946403090044,80.0,VSCS,970.0,30.0,ARB
GRID_0236,INDIAN_MARINE,8.75,91.75,368.8809151784528,,,,,,,,,456.57382265156315,25.0,D,,3.0,BOB
GRID_0237,INDIAN_MARINE,7.75,76.0,2050.6818632711047,,,,,,,,,394.61590410792405,25.0,,,3.0,BOB
GRID_0238,INDIAN_MARINE,8.5,95.5,39.93201435054905,4.23,1.178,5.36,217.05,165338.0,0.151,302.47,2024-06-16 11:38:05.766627840,796.7952624617901,,,,,
GRID_0239,INDIAN_MARINE,16.0,83.5,1399.202858979281,,,,,,,,,53.44369899878775,45.0,CS,,10.0,BOB
GRID_0240,INDIAN_MARINE,11.75,70.25,2742.5644681739063,,,,,,,,,210.92126354149366,25.0,D,,3.0,ARB
GRID_0241,INDIAN_MARINE,11.0,82.5,1411.3529937279202,,,,,,,,,0.0,30.0,DD,992.0,4.0,BOB
GRID_0242,INDIAN_MARINE,14.0,89.25,752.1974331158799,,,,,,,,,248.78067035990446,25.0,D,990.0,3.0995834159888913,BOB
GRID_0243,INDIAN_MARINE,14.25,72.75,2512.61949818501,,,,,,,,,206.5002552980247,25.0,D,,3.0,ARB
GRID_0244,INDIAN_MARINE,7.25,71.75,2511.146284334262,,,,,,,,,557.8865107611341,,,,,
GRID_0245,INDIAN_MARINE,12.5,70.25,2754.35813335892,,,,,,,,,137.72108746629763,25.0,D,,3.0,ARB
GRID_0246,INDIAN_MARINE,11.25,74.75,2249.4786457236114,,,,,,,,,477.96927042280095,25.0,D,,3.0,ARB
GRID_0247,INDIAN_MARINE,7.0,71.5,2536.7029584268344,,,,,,,,,543.0986145282594,,,,,
GRID_0248,INDIAN_MARINE,7.75,95.75,84.89345047202976,,,,,,,,,858.6738012760346,,,,,
GRID_0249,INDIAN_MARINE,13.75,70.25,2772.8570873030703,,,,,,,,,38.744012550711545,30.0,DD,,5.0,ARB
GRID_0250,INDIAN_MARINE,11.25,97.0,110.70283675571164,,,,,,,,,681.0574711012202,,,,,
GRID_0251,INDIAN_MARINE,18.75,81.75,1634.0678727423413,,,,,,,,,199.8934440838709,25.0,DD,,4.0,BOB
GRID_0252,INDIAN_MARINE,8.0,70.0,2710.5077515543035,,,,,,,,,348.15003662868634,25.0,D,,3.0,ARB
GRID_0253,INDIAN_MARINE,5.0,76.25,2005.455766344546,,,,,,,,,604.1920134548861,,,,,
GRID_0254,INDIAN_MARINE,7.25,89.5,576.96711160598,,,,,,,,,167.822548588507,25.0,D,,3.0,BOB
GRID_0255,INDIAN_MARINE,17.25,77.0,2104.5077091718613,,,,,,,,,161.04187057312114,20.0,D,998.0,3.0,BOB
GRID_0256,INDIAN_MARINE,10.25,96.75,131.39567352178082,,,,,,,,,740.4651221094723,,,,,
GRID_0257,INDIAN_MARINE,8.25,75.25,2140.1606751670433,,,,,,,,,442.2966493640965,25.0,,,3.0,BOB
GRID_0258,INDIAN_MARINE,18.5,77.25,2095.7219771809187,,,,,,,,,124.03917402520115,20.0,D,998.0,3.0,BOB
GRID_0259,INDIAN_MARINE,13.5,89.25,741.6106755741981,,,,,,,,,267.00751499753335,25.0,D,990.0,3.0995834159888913,BOB
GRID_0260,INDIAN_MARINE,5.0,74.0,2254.6616468333273,,,,,,,,,759.6014267414268,,,,,
GRID_0261,INDIAN_MARINE,11.5,88.5,778.7528162349521,,,,,,,,,465.7223965894464,25.0,D,990.0,3.0995834159888913,BOB
GRID_0262,INDIAN_MARINE,16.0,79.75,1795.2942157086673,,,,,,,,,114.37600411774807,30.0,DD,995.0,5.0,BOB
GRID_0263,INDIAN_MARINE,9.25,92.0,353.52909357595604,,,,,,,,,506.4026573359748,,,,,
GRID_0264,INDIAN_MARINE,16.0,72.75,2536.944733940846,,,,,,,,,335.6801319166709,25.0,D,,3.0,ARB
GRID_0265,INDIAN_MARINE,9.5,83.75,1246.3260696172822,,,,,,,,,29.590210636565548,25.0,D,990.0,3.0,BOB
GRID_0266,INDIAN_MARINE,16.25,82.0,1561.8121065736264,,,,,,,,,98.95920524450656,40.0,CS,,8.0,BOB
GRID_0267,INDIAN_MARINE,5.25,76.5,1977.5470394278343,,,,,,,,,566.368253588815,,,,,
GRID_0268,INDIAN_MARINE,17.75,73.0,2532.2792314818835,,,,,,,,,327.81138587414705,80.0,VSCS,970.0,30.0,ARB
GRID_0269,INDIAN_MARINE,10.5,68.0,2964.8930891776417,,,,,,,,,77.93966804833673,30.0,DD,,5.0,ARB
GRID_0270,INDIAN_MARINE,13.5,69.25,2876.500151659285,,,,,,,,,98.24985108282917,30.0,DD,,5.0,ARB
GRID_0271,INDIAN_MARINE,12.25,78.75,1837.5216610649984,,,,,,,,,271.61650294711103,55.0,SCS,982.0,18.0,BOB
GRID_0272,INDIAN_MARINE,9.25,88.75,702.7700928475265,,,,,,,,,263.45663167449,25.0,D,,3.0,BOB
GRID_0273,INDIAN_MARINE,20.25,76.75,2181.948709086024,,,,,,,,,291.8207536506174,20.0,D,998.0,3.0,BOB
GRID_0274,INDIAN_MARINE,14.0,94.25,223.5735124513344,,,,,,,,,301.54417338515526,25.0,D,990.0,3.0995834159888913,BOB
GRID_0275,INDIAN_MARINE,9.5,71.5,2568.8913495579613,,,,,,,,,442.5744029121172,25.0,D,,3.0,ARB
GRID_0276,INDIAN_MARINE,13.25,76.5,2095.951967999013,,,,,,,,,332.46509939281094,30.0,DD,996.0,4.0,BOB
GRID_0277,INDIAN_MARINE,8.5,90.0,551.445103438338,,,,,,,,,276.35947978751227,25.0,D,,3.0,BOB
GRID_0278,INDIAN_MARINE,12.0,83.25,1350.6927034112534,,,,,,,,,135.9561968313897,35.0,CS,994.0,6.0,BOB
GRID_0279,INDIAN_MARINE,9.25,68.5,2890.2311882515446,,,,,,,,,167.0111010419087,25.0,D,,3.0,ARB
GRID_0280,INDIAN_MARINE,16.75,93.25,409.577588890911,,,,,,,,,87.52530319773199,115.0,VSCS,,65.58718508232494,BOB
GRID_0281,INDIAN_MARINE,7.75,71.0,2598.2298491345955,,,,,,,,,461.4559215161286,25.0,D,,3.0,ARB
GRID_0282,INDIAN_MARINE,16.75,83.25,1438.7617360621596,,,,,,,,,38.500401475386084,45.0,CS,,10.042650267804008,BOB
GRID_0283,INDIAN_MARINE,12.5,68.0,2996.3655649500924,,,,,,,,,111.19492664455872,25.0,D,,3.0,ARB
GRID_0284,INDIAN_MARINE,9.0,74.75,2207.9448379432497,,,,,,,,,472.7457677283227,25.0,,,3.0,BOB
GRID_0285,INDIAN_MARINE,9.5,94.0,144.84215341960993,,,,,,,,,618.8622373997645,,,,,
GRID_0286,INDIAN_MARINE,12.75,77.0,2033.9207963597376,,,,,,,,,330.454411428367,30.0,DD,996.0,4.0,BOB
GRID_0287,INDIAN_MARINE,12.5,80.25,1681.3855881174188,,,,,,,,,135.6988275426496,50.0,SCS,986.0,14.0,BOB
GRID_0288,INDIAN_MARINE,13.5,90.0,662.0397790451004,,,,,,,,,196.35415738699962,25.0,D,990.0,3.0995834159888913,BOB
GRID_0289,INDIAN_MARINE,19.5,69.75,2891.830874659676,,,,,,,,,114.25912607695156,80.0,VSCS,970.0,30.0,ARB
GRID_0290,INDIAN_MARINE,14.0,69.25,2883.439160462461,,,,,,,,,61.782025080593655,25.0,D,,3.0,ARB
GRID_0291,INDIAN_MARINE,9.75,72.0,2519.38060037924,,,,,,,,,430.96474895550597,25.0,D,,3.0,ARB
GRID_0292,INDIAN_MARINE,16.0,90.5,662.5992314709799,,,,,,,,,53.44369899878775,40.0,CS,984.0,7.934933544931562,BOB
GRID_0293,INDIAN_MARINE,21.5,70.0,2896.8178056894717,,,,,,,,,122.71230232197038,90.0,ESCS,962.0,40.0,ARB
GRID_0294,INDIAN_MARINE,11.0,69.25,2838.183211284442,,,,,,,,,147.2238442156723,25.0,D,,3.0,ARB
GRID_0295,INDIAN_MARINE,8.25,74.75,2194.6027956298753,,,,,,,,,493.83823311654254,25.0,,,3.0,BOB
GRID_0296,INDIAN_MARINE,14.0,69.75,2829.9049275459683,,,,,,,,,26.972989274410153,30.0,DD,,5.0,ARB
GRID_0297,INDIAN_MARINE,18.25,80.0,1804.6383082321247,,,,,,,,,118.57825546519028,20.0,D,998.0,3.0,BOB
GRID_0298,INDIAN_MARINE,6.0,72.0,2476.539281668456,,,,,,,,,644.2390659777828,,,,,
GRID_0299,INDIAN_MARINE,15.25,76.0,2181.1425878078308,,,,,,,,,280.39935981628173,25.0,D,997.0,3.0,BOB
GRID_0300,INDIAN_MARINE,12.0,90.5,576.1451806387403,,,,,,,,,298.3111534136304,25.0,D,990.0,3.0995834159888913,BOB
GRID_0301,INDIAN_MARINE,15.5,82.75,1469.5126209431864,,,,,,,,,26.787702871649646,40.0,CS,,8.0,BOB
GRID_0302,INDIAN_MARINE,12.75,71.0,2677.6047089118024,,,,,,,,,83.396194983419,25.0,D,,3.0,ARB
GRID_0303,INDIAN_MARINE,11.75,78.25,1882.0767617275624,,,,,,,,,242.22776324209784,25.0,,,3.0,BOB
GRID_0304,INDIAN_MARINE,19.75,73.5,2505.683253127547,,,,,,,,,310.1514668683808,50.0,SCS,990.0,12.0,ARB
GRID_0305,INDIAN_MARINE,16.25,73.75,2434.201041281797,,,,,,,,,425.2372853205395,25.0,D,,3.0,ARB
GRID_0306,INDIAN_MARINE,7.5,93.0,205.2240513720755,,,,,,,,,554.3201812054326,,,,,
GRID_0307,INDIAN_MARINE,6.25,79.75,1621.909056351705,,,,,,,,,362.430807457995,25.0,,,3.0,BOB
GRID_0308,INDIAN_MARINE,6.5,70.5,2644.065481718893,,,,,,,,,475.3521867619541,25.0,D,,3.0,ARB
GRID_0309,INDIAN_MARINE,18.5,77.5,2069.619153266739,,,,,,,,,101.13411891991824,20.0,D,998.0,3.0,BOB
GRID_0310,INDIAN_MARINE,11.75,72.0,2554.1088455700883,,,,,,,,,222.79648961455837,25.0,D,,3.0,ARB
GRID_0311,INDIAN_MARINE,11.0,76.75,2029.6476519874811,,,,,,,,,285.4233452062849,25.0,,,3.0,BOB
GRID_0312,INDIAN_MARINE,15.75,68.5,2985.5942039925226,,,,,,,,,135.51854584153787,65.0,VSCS,980.0,22.0,ARB
GRID_0313,INDIAN_MARINE,9.0,75.0,2180.9026482094528,,,,,,,,,445.71422998823596,25.0,,,3.0,BOB
GRID_0314,INDIAN_MARINE,19.75,68.5,3024.8816427375555,,,,,,,,,98.38705802507843,25.0,D,,3.0,ARB
GRID_0315,INDIAN_MARINE,12.25,78.0,1917.9446670851169,,,,,,,,,303.830391374939,25.0,,,3.0,BOB
GRID_0316,INDIAN_MARINE,10.25,79.5,1719.299976021632,,,,,,,,,82.08842687585663,25.0,,,3.0,BOB
GRID_0317,INDIAN_MARINE,12.5,84.75,1200.1927317341108,,,,,,,,,295.16338102454824,25.0,D,,3.0,BOB
GRID_0318,INDIAN_MARINE,12.0,83.5,1323.9341392881877,,,,,,,,,155.68179481457904,30.0,DD,992.0,4.0,BOB
GRID_0319,INDIAN_MARINE,7.75,78.25,1805.2245506995407,,,,,,,,,231.96870445240907,25.0,,,3.0,BOB
GRID_0320,INDIAN_MARINE,13.0,73.5,2413.2157378784455,,,,,,,,,276.2377560534388,25.0,D,,3.0,ARB
GRID_0321,INDIAN_MARINE,12.75,74.0,2355.5596146203056,,,,,,,,,335.3994560751584,25.0,D,,3.0,ARB
GRID_0322,INDIAN_MARINE,7.5,76.75,1965.1806246200424,,,,,,,,,347.89326741842257,25.0,,,3.0,BOB
GRID_0323,INDIAN_MARINE,9.75,94.0,150.7392431142385,,,,,,,,,593.9601490686465,,,,,
GRID_0324,INDIAN_MARINE,5.0,74.25,2226.972429614512,,,,,,,,,739.8429606895728,,,,,
GRID_0325,INDIAN_MARINE,15.75,81.0,1658.9535429758828,,,,,,,,,135.8302016718701,35.0,CS,,6.0,BOB
GRID_0326,INDIAN_MARINE,14.25,71.25,2672.9220441190914,,,,,,,,,87.65411244114547,25.0,D,,3.0,ARB
GRID_0327,INDIAN_MARINE,12.0,77.75,1940.286557099227,,,,,,,,,289.8949623787477,25.0,,,3.0,BOB
GRID_0328,INDIAN_MARINE,10.5,93.5,221.81909368704612,,,,,,,,,494.92136533006413,25.0,D,990.0,3.0995834159888913,BOB
GRID_0329,INDIAN_MARINE,16.75,72.5,2573.0134060620026,,,,,,,,,328.7093420087525,80.0,VSCS,970.0,30.0,ARB
GRID_0330,INDIAN_MARINE,13.0,91.75,465.3756303222807,,,,,,,,,168.963795980759,25.0,D,990.0,3.0995834159888913,BOB
GRID_0331,INDIAN_MARINE,10.25,79.0,1773.1711160899044,,,,,,,,,61.15720965450739,25.0,,,3.0,BOB
GRID_0332,INDIAN_MARINE,14.75,73.75,2413.2151209576514,,,,,,,,,327.4912607626077,25.0,D,,3.0,ARB
GRID_0333,INDIAN_MARINE,11.75,70.75,2688.709445860223,,,,,,,,,196.47262188772766,25.0,D,,3.0,ARB
GRID_0334,INDIAN_MARINE,15.75,93.5,342.99586570440323,,,,,,,,,194.5911216279777,115.0,VSCS,,65.58718508232494,BOB
GRID_0335,INDIAN_MARINE,15.0,76.5,2124.1559962685233,,,,,,,,,241.42852902263598,25.0,D,997.0,3.0,BOB
GRID_0336,INDIAN_MARINE,17.25,74.5,2368.02845333958,,,,,,,,,411.2403778192075,20.0,D,998.0,3.0,BOB
GRID_0337,INDIAN_MARINE,11.5,91.5,458.34128823763825,,,,,,,,,333.5847799336763,25.0,D,990.0,3.0995834159888913,BOB
GRID_0338,INDIAN_MARINE,10.25,84.75,1154.34270529032,,,,,,,,,125.24172819907832,25.0,D,990.0,3.0,BOB
GRID_0339,INDIAN_MARINE,20.5,77.25,2137.4643719312603,,,,,,,,,263.5577166312665,20.0,D,998.0,3.0,BOB
GRID_0340,INDIAN_MARINE,9.0,71.25,2587.3678138384366,,,,,,,,,451.3497957345141,25.0,D,,3.0,ARB
GRID_0341,INDIAN_MARINE,10.5,69.75,2775.7844856564466,,,,,,,,,221.02095938603154,25.0,D,,3.0,ARB
GRID_0342,INDIAN_MARINE,16.25,77.5,2037.1604280666188,,,,,,,,,110.37799398665071,25.0,D,997.0,3.0,BOB
GRID_0343,INDIAN_MARINE,6.75,82.25,1352.6608500917146,,,,,,,,,210.32708191568616,25.0,,,3.0,BOB
GRID_0344,INDIAN_MARINE,7.75,94.0,103.44705553169813,,,,,,,,,666.8754038797266,,,,,
GRID_0345,INDIAN_MARINE,16.25,79.25,1852.1505015288951,,,,,,,,,84.80093910217292,25.0,D,997.0,3.0,BOB
GRID_0346,INDIAN_MARINE,20.5,72.75,2596.39327043498,,,,,,,,,223.8886236597757,50.0,SCS,990.0,12.0,ARB
GRID_0347,INDIAN_MARINE,14.75,90.5,635.996361587235,,,,,,,,,99.17411124465083,35.0,CS,986.0,6.075183495338227,BOB
GRID_0348,INDIAN_MARINE,11.75,91.5,463.9697157737325,,,,,,,,,305.7860482725366,25.0,D,990.0,3.0995834159888913,BOB
GRID_0349,INDIAN_MARINE,15.25,80.5,1703.441394439414,,,,,,,,,99.20810569368744,50.0,SCS,986.0,14.0,BOB
GRID_0350,INDIAN_MARINE,14.5,72.75,2516.2539576697095,,,,,,,,,219.11787791359694,25.0,D,,3.0,ARB
GRID_0351,INDIAN_MARINE,21.5,74.25,2466.269263022726,,,,,,,,,170.2109214583075,50.0,SCS,990.0,12.0,ARB
GRID_0352,INDIAN_MARINE,13.5,80.5,1672.8655755431791,,,,,,,,,55.597463322279445,55.0,SCS,982.0,18.0,BOB
GRID_0353,INDIAN_MARINE,11.75,80.5,1640.5800947898151,,,,,,,,,137.01653507412067,50.0,SCS,986.0,14.0,BOB
GRID_0354,INDIAN_MARINE,12.5,82.75,1413.9169507902848,,,,,,,,,98.65518012268193,35.0,CS,994.0,6.0,BOB
GRID_0355,INDIAN_MARINE,7.5,75.0,2156.81905695034,,,,,,,,,503.21117311280017,,,,,
GRID_0356,INDIAN_MARINE,10.5,93.25,248.52888002395127,,,,,,,,,483.63609976596575,25.0,D,990.0,3.0995834159888913,BOB
GRID_0357,INDIAN_MARINE,7.25,95.25,43.131835287702515,3.89,1.428,6.07,212.6,107211.0,0.161,302.45,2024-06-16 11:38:26.432546176,800.4119451729524,,,,,
GRID_0358,INDIAN_MARINE,20.0,69.0,2975.825593327075,,,,,,,,,55.597463322279445,25.0,D,,3.0,ARB
GRID_0359,INDIAN_MARINE,5.0,72.5,2420.7951236400413,,,,,,,,,752.4185961512721,,,,,
GRID_0360,INDIAN_MARINE,13.0,69.25,2869.317242323987,,,,,,,,,137.62272848074684,30.0,DD,,5.0,ARB
GRID_0361,INDIAN_MARINE,13.75,78.25,1917.3578154711247,,,,,,,,,160.76432647997373,30.0,DD,996.0,4.0,BOB
GRID_0362,INDIAN_MARINE,17.25,94.25,357.86357049686336,,,,,,,,,27.120730878885762,115.0,VSCS,,65.58718508232494,BOB
GRID_0363,INDIAN_MARINE,18.5,84.75,1320.7488755911363,,,,,,,,,96.57812775904192,25.0,D,,4.0,BOB
GRID_0364,INDIAN_MARINE,20.0,83.0,1546.0786368616668,,,,,,,,,216.56412799677344,20.0,D,,3.0,BOB
GRID_0365,INDIAN_MARINE,13.25,78.75,1855.3241034885189,,,,,,,,,193.71784273602705,50.0,SCS,986.0,14.0,BOB
GRID_0366,INDIAN_MARINE,6.25,72.5,2422.140356604628,,,,,,,,,678.867504367019,,,,,
GRID_0367,INDIAN_MARINE,11.75,88.25,810.8349451976935,,,,,,,,,457.84543513235036,30.0,DD,,5.0,BOB
GRID_0368,INDIAN_MARINE,17.5,92.5,520.7333933208579,,,,,,,,,53.02422797501986,115.0,VSCS,,65.58718508232494,BOB
GRID_0369,INDIAN_MARINE,6.75,91.5,349.5119025169466,,,,,,,,,387.38142681770216,25.0,D,,3.0,BOB
GRID_0370,INDIAN_MARINE,18.5,78.0,2017.4489426464077,,,,,,,,,63.99003390123804,20.0,D,998.0,3.0,BOB
GRID_0371,INDIAN_MARINE,18.75,84.75,1328.508724366321,,,,,,,,,83.66482520478596,25.0,D,,4.0,BOB
GRID_0372,INDIAN_MARINE,14.0,77.5,2001.5918405774396,,,,,,,,,196.05892935606585,30.0,DD,996.0,4.0,BOB
GRID_0373,INDIAN_MARINE,13.25,91.75,470.95452448973094,,,,,,,,,141.58931197730317,25.0,D,990.0,3.0995834159888913,BOB
GRID_0374,INDIAN_MARINE,19.75,70.25,2842.795226459325,,,,,,,,,87.38534021157518,90.0,ESCS,962.0,40.0,ARB
GRID_0375,INDIAN_MARINE,5.0,78.75,1728.5532655721934,,,,,,,,,507.16642346200615,,,,,
GRID_0376,INDIAN_MARINE,17.0,76.25,2180.0705476965622,,,,,,,,,239.2552193482191,20.0,D,998.0,3.0,BOB
GRID_0377,INDIAN_MARINE,5.25,71.25,2558.8634427623488,,,,,,,,,627.4423752897981,,,,,
GRID_0378,INDIAN_MARINE,9.75,96.25,90.1040645617149,,,,,,,,,738.5465667251285,,,,,
GRID_0379,INDIAN_MARINE,11.25,95.5,26.133936419795138,4.91,1.439,5.36,231.39,197238.0,0.157,302.48,2024-06-16 11:37:21.351826176,564.3957231008611,,,,,
GRID_0380,INDIAN_MARINE,20.5,70.0,2879.33274147319,,,,,,,,,52.07657742020061,90.0,ESCS,962.0,40.0,ARB
GRID_0381,INDIAN_MARINE,7.25,78.75,1742.8859026968591,,,,,,,,,263.44026945536024,25.0,,,3.0,BOB
GRID_0382,INDIAN_MARINE,10.75,69.0,2861.0247715262253,,,,,,,,,137.32703991829553,25.0,D,,3.0,ARB
GRID_0383,INDIAN_MARINE,16.25,77.0,2090.053595010423,,,,,,,,,162.62350323499413,25.0,D,997.0,3.0,BOB
GRID_0384,INDIAN_MARINE,9.75,96.0,63.3805508191515,,,,,,,,,719.8188463197442,,,,,
GRID_0385,INDIAN_MARINE,6.5,82.0,1376.7453325966687,,,,,,,,,247.1551061217471,25.0,,,3.0,BOB
GRID_0386,INDIAN_MARINE,20.5,77.0,2162.779998365156,,,,,,,,,284.2967845781474,20.0,D,998.0,3.0,BOB
GRID_0387,INDIAN_MARINE,16.25,85.25,1219.3475974389498,,,,,,,,,38.54775020446417,35.0,CS,,7.0,BOB
GRID_0388,INDIAN_MARINE,12.5,95.5,56.04931500757347,,,,,,,,,486.29083684386677,25.0,D,990.0,3.0995834159888913,BOB
GRID_0389,INDIAN_MARINE,10.5,77.0,1993.452014764798,,,,,,,,,236.3227048260984,25.0,,,3.0,BOB
GRID_0390,INDIAN_MARINE,11.0,85.0,1143.0288284305352,,,,,,,,,208.87401402224646,25.0,D,990.0,3.0,BOB
GRID_0391,INDIAN_MARINE,12.0,91.5,469.5871841665439,,,,,,,,,277.98731661139686,25.0,D,990.0,3.0995834159888913,BOB
GRID_0392,INDIAN_MARINE,11.25,88.75,746.6175283583879,,,,,,,,,468.43583048651533,25.0,D,990.0,3.0995834159888913,BOB
GRID_0393,INDIAN_MARINE,9.75,77.25,1952.2459346958317,,,,,,,,,191.8751662999129,25.0,,,3.0,BOB
GRID_0394,INDIAN_MARINE,7.5,80.5,1555.9652001135871,,,,,,,,,234.65912489581657,25.0,,,3.0,BOB
GRID_0395,INDIAN_MARINE,9.75,96.75,143.5763455688273,,,,,,,,,777.4980477130409,,,,,
GRID_0396,INDIAN_MARINE,10.75,69.75,2780.030490174919,,,,,,,,,208.35117671071174,25.0,D,,3.0,ARB
GRID_0397,INDIAN_MARINE,9.75,79.0,1763.4211864527183,,,,,,,,,5.559746332227944,25.0,,,3.0,BOB
GRID_0398,INDIAN_MARINE,16.25,89.5,772.7376003792679,,,,,,,,,98.95920524450656,40.0,CS,984.0,7.934933544931562,BOB
GRID_0399,INDIAN_MARINE,13.0,95.0,120.89769675681464,,,,,,,,,413.17496328892094,25.0,D,990.0,3.0995834159888913,BOB
GRID_0400,INDIAN_MARINE,10.75,88.5,762.5396151037043,,,,,,,,,420.58231144522375,25.0,D,,3.0,BOB
GRID_0401,INDIAN_MARINE,12.0,80.75,1618.4960855937666,,,,,,,,,98.65518012268193,50.0,SCS,986.0,14.0,BOB
GRID_0402,INDIAN_MARINE,14.0,90.75,593.3951166731318,,,,,,,,,98.10473566401322,25.0,D,990.0,3.0995834159888913,BOB
GRID_0403,INDIAN_MARINE,9.5,72.5,2460.732862036876,,,,,,,,,473.8466666446294,25.0,D,,3.0,ARB
GRID_0404,INDIAN_MARINE,9.75,72.75,2438.3057417579817,,,,,,,,,458.4611137360048,25.0,D,,3.0,ARB
GRID_0405,INDIAN_MARINE,14.5,68.25,2997.052002122828,,,,,,,,,80.73979325204708,25.0,D,,3.0,ARB
GRID_0406,INDIAN_MARINE,15.5,74.25,2370.7973335757692,,,,,,,,,414.54926815813315,25.0,D,,3.0,ARB
GRID_0407,INDIAN_MARINE,12.5,76.5,2083.2053984981444,,,,,,,,,387.5227307935972,30.0,DD,996.0,4.0,BOB
GRID_0408,INDIAN_MARINE,13.5,93.0,344.16619459849136,,,,,,,,,196.35415738700075,25.0,D,990.0,3.0995834159888913,BOB
GRID_0409,INDIAN_MARINE,15.0,82.5,1487.0537730614988,,,,,,,,,53.70301428409936,35.0,CS,,6.0,BOB
GRID_0410,INDIAN_MARINE,19.5,79.25,1908.6294945889624,,,,,,,,,55.84468275950014,20.0,D,998.0,3.0,BOB
GRID_0411,INDIAN_MARINE,9.5,80.5,1596.659512992764,,,,,,,,,109.66991719403114,25.0,,,3.0,BOB
GRID_0412,INDIAN_MARINE,9.75,69.75,2762.7098405209767,,,,,,,,,272.8385669122133,25.0,D,,3.0,ARB
GRID_0413,INDIAN_MARINE,17.5,69.0,2951.437878728143,,,,,,,,,153.45206349766423,80.0,VSCS,970.0,30.0,ARB
GRID_0414,INDIAN_MARINE,17.0,84.5,1311.841989328378,,,,,,,,,53.16810417314237,55.0,SCS,,15.001983733386234,BOB
GRID_0415,INDIAN_MARINE,12.75,82.25,1472.1378878901526,,,,,,,,,81.53760034439291,55.0,SCS,982.0,18.0,BOB
GRID_0416,INDIAN_MARINE,6.5,81.75,1404.206168886024,,,,,,,,,272.0794485302033,25.0,,,3.0,BOB
GRID_0417,INDIAN_MARINE,15.0,90.25,667.6980353335227,,,,,,,,,97.79962779148555,35.0,CS,986.0,6.075183495338227,BOB
GRID_0418,INDIAN_MARINE,9.25,89.0,675.8873112356827,,,,,,,,,273.3313064692653,25.0,D,,3.0,BOB
GRID_0419,INDIAN_MARINE,7.25,77.75,1852.364000571719,,,,,,,,,305.1447390210359,25.0,,,3.0,BOB
GRID_0420,INDIAN_MARINE,12.5,75.0,2244.1246753909286,,,,,,,,,447.4071644647868,25.0,D,,3.0,ARB
GRID_0421,INDIAN_MARINE,13.5,88.75,794.6867565208246,,,,,,,,,316.8489848474651,25.0,D,990.0,3.0995834159888913,BOB
GRID_0422,INDIAN_MARINE,19.75,69.25,2946.8050526640804,,,,,,,,,87.38534021157558,25.0,D,,3.0,ARB
GRID_0423,INDIAN_MARINE,10.0,76.0,2091.918119148476,,,,,,,,,330.3544429665067,25.0,,,3.0,BOB
GRID_0424,INDIAN_MARINE,12.5,81.0,1601.1081675364023,,,,,,,,,54.27957337896803,50.0,SCS,986.0,14.0,BOB
GRID_0425,INDIAN_MARINE,16.5,82.75,1487.053342020483,,,,,,,,,26.65397081543464,50.0,SCS,,14.0,BOB
GRID_0426,INDIAN_MARINE,14.5,96.25,24.746238570722383,4.64,1.269,5.46,236.53,138990.0,0.118,302.28000000000003,2024-06-16 11:36:26.604208000,363.2507077749198,115.0,VSCS,,65.58718508232494,BOB
GRID_0427,INDIAN_MARINE,12.75,96.75,70.42978972553031,,,,,,,,,529.3013857887188,,,,,
GRID_0428,INDIAN_MARINE,21.5,69.75,2922.291463152979,,,,,,,,,135.74166549767145,90.0,ESCS,962.0,40.0,ARB
GRID_0429,INDIAN_MARINE,18.75,84.5,1353.737937800154,,,,,,,,,98.56037096339622,20.0,D,,3.0,BOB
GRID_0430,INDIAN_MARINE,7.75,93.75,130.37883963384328,,,,,,,,,639.5331551272053,,,,,
GRID_0431,INDIAN_MARINE,8.5,96.0,93.61848149499394,,,,,,,,,827.821620736742,,,,,
GRID_0432,INDIAN_MARINE,15.0,76.75,2097.5700043523902,,,,,,,,,218.00112880108998,25.0,D,997.0,3.0,BOB
GRID_0433,INDIAN_MARINE,19.25,80.75,1749.0706207165388,,,,,,,,,165.194398959234,20.0,D,998.0,3.0,BOB
GRID_0434,INDIAN_MARINE,15.5,90.75,625.7118207826471,,,,,,,,,26.787702871648282,35.0,CS,986.0,6.075183495338227,BOB
GRID_0435,INDIAN_MARINE,16.75,80.75,1701.8983222785446,,,,,,,,,188.27484109033372,40.0,CS,,8.0,BOB
GRID_0436,INDIAN_MARINE,6.75,93.75,106.65408623170102,,,,,,,,,635.377602316676,,,,,
GRID_0437,INDIAN_MARINE,9.25,94.5,85.33121210531841,,,,,,,,,668.7844369640965,,,,,
GRID_0438,INDIAN_MARINE,14.5,90.75,604.231521692053,,,,,,,,,80.73979325204708,25.0,D,990.0,3.0995834159888913,BOB
GRID_0439,INDIAN_MARINE,16.75,69.25,2917.162667357582,,,,,,,,,188.516876954132,65.0,VSCS,980.0,22.0,ARB
GRID_0440,INDIAN_MARINE,17.5,85.5,1217.1832389432318,,,,,,,,,76.8785495925866,55.0,SCS,,15.001983733386234,BOB
GRID_0441,INDIAN_MARINE,9.25,84.0,1214.1547575854129,,,,,,,,,16.679238996683832,25.0,D,990.0,3.0,BOB
GRID_0442,INDIAN_MARINE,12.75,84.0,1285.2155252680927,,,,,,,,,213.65624130164173,25.0,D,,3.0,BOB
GRID_0443,INDIAN_MARINE,19.5,69.5,2917.9017910322314,,,,,,,,,122.8564339336205,25.0,D,,3.0,ARB
GRID_0444,INDIAN_MARINE,16.5,84.75,1276.5565209122697,,,,,,,,,26.65397081543464,55.0,SCS,,15.001983733386234,BOB
GRID_0445,INDIAN_MARINE,15.25,89.75,725.6758421164122,,,,,,,,,136.8716225395595,35.0,CS,986.0,6.075183495338227,BOB
GRID_0446,INDIAN_MARINE,20.0,82.75,1570.7833009664023,,,,,,,,,213.50516441734686,20.0,D,998.0,3.0,BOB
GRID_0447,INDIAN_MARINE,16.25,75.5,2248.819277264211,,,,,,,,,321.6612333136575,25.0,D,997.0,3.0,BOB
GRID_0448,INDIAN_MARINE,8.25,77.75,1868.615393695108,,,,,,,,,211.76385180047288,25.0,,,3.0,BOB
GRID_0449,INDIAN_MARINE,12.5,71.5,2619.994833014053,,,,,,,,,123.68865972140117,25.0,D,,3.0,ARB
GRID_0450,INDIAN_MARINE,10.0,81.25,1525.8483381545211,,,,,,,,,138.30976512278548,25.0,,,3.0,BOB
GRID_0451,INDIAN_MARINE,19.25,69.25,2941.3935288713337,,,,,,,,,114.8122470808715,80.0,VSCS,970.0,30.0,ARB
GRID_0452,INDIAN_MARINE,18.75,75.5,2282.1838451712892,,,,,,,,,307.0095966117638,20.0,D,998.0,3.0,BOB
GRID_0453,INDIAN_MARINE,17.75,68.25,3033.035839195342,,,,,,,,,160.22110706155505,65.0,VSCS,980.0,22.0,ARB
GRID_0454,INDIAN_MARINE,11.5,74.75,2253.8684225175816,,,,,,,,,463.856677322244,25.0,D,,3.0,ARB
GRID_0455,INDIAN_MARINE,18.75,76.5,2177.864745597173,,,,,,,,,207.44491258414394,20.0,D,998.0,3.0,BOB
GRID_0456,INDIAN_MARINE,6.25,75.0,2146.0457743875863,,,,,,,,,584.05785926965,,,,,
GRID_0457,INDIAN_MARINE,11.5,81.5,1528.5070957058165,,,,,,,,,77.80711372114195,35.0,CS,994.0,6.0,BOB
GRID_0458,INDIAN_MARINE,9.0,80.75,1559.5474598404292,,,,,,,,,137.282349096184,25.0,,,3.0,BOB
GRID_0459,INDIAN_MARINE,9.25,70.5,2672.883674372387,,,,,,,,,370.6130584395208,25.0,D,,3.0,ARB
GRID_0460,INDIAN_MARINE,6.5,75.0,2147.5125493720716,,,,,,,,,566.0891902313074,,,,,
GRID_0461,INDIAN_MARINE,9.75,79.5,1709.4944368989006,,,,,,,,,27.798731661139545,25.0,,,3.0,BOB
GRID_0462,INDIAN_MARINE,18.0,77.0,2114.8747358521873,,,,,,,,,137.47817582260245,20.0,D,998.0,3.0,BOB
GRID_0463,INDIAN_MARINE,19.25,71.25,2732.442730381664,,,,,,,,,155.73020936149254,80.0,VSCS,970.0,30.0,ARB
GRID_0464,INDIAN_MARINE,5.25,76.0,2032.9112077324903,,,,,,,,,595.1315010399129,,,,,
GRID_0465,INDIAN_MARINE,14.25,78.25,1925.7838116777664,,,,,,,,,116.04457074794573,30.0,DD,996.0,4.0,BOB
GRID_0466,INDIAN_MARINE,11.75,90.0,623.965705974717,,,,,,,,,346.24320119947026,25.0,D,990.0,3.0995834159888913,BOB
GRID_0467,INDIAN_MARINE,18.75,80.25,1788.5767260841285,,,,,,,,,113.9198736887413,20.0,D,998.0,3.0,BOB
GRID_0468,INDIAN_MARINE,20.5,74.5,2417.195737076964,,,,,,,,,271.1758648047545,50.0,SCS,990.0,12.0,ARB
GRID_0469,INDIAN_MARINE,7.25,81.25,1469.8788071243555,,,,,,,,,211.3791394035796,25.0,,,3.0,BOB
GRID_0470,INDIAN_MARINE,19.0,73.5,2494.437607123427,,,,,,,,,355.5016947025323,90.0,ESCS,962.0,40.0,ARB
GRID_0471,INDIAN_MARINE,13.0,69.0,2896.170488687485,,,,,,,,,155.09495322428288,30.0,DD,,5.0,ARB
GRID_0472,INDIAN_MARINE,5.5,70.5,2641.787448051455,,,,,,,,,548.146027890098,,,,,
GRID_0473,INDIAN_MARINE,16.75,73.25,2493.6636108185576,,,,,,,,,395.5700793274115,80.0,VSCS,970.0,30.0,ARB
GRID_0474,INDIAN_MARINE,9.0,76.25,2045.7304754576,,,,,,,,,311.59890856125475,25.0,,,3.0,BOB
GRID_0475,INDIAN_MARINE,11.0,73.75,2352.8049566291493,,,,,,,,,408.11220370270223,25.0,D,,3.0,ARB
GRID_0476,INDIAN_MARINE,10.0,91.5,424.3539721077327,,,,,,,,,500.3771699005145,,,,,
GRID_0477,INDIAN_MARINE,10.5,90.5,542.7866663526797,,,,,,,,,457.8302875015603,25.0,D,990.0,3.0995834159888913,BOB
GRID_0478,INDIAN_MARINE,22.0,75.5,2355.3711896003083,,,,,,,,,174.49438683783225,25.0,D,999.0,3.0,ARB
GRID_0479,INDIAN_MARINE,9.25,88.5,729.6539570403571,,,,,,,,,256.1703494892361,25.0,D,,3.0,BOB
GRID_0480,INDIAN_MARINE,7.5,79.5,1664.8399760730988,,,,,,,,,222.3898532891176,25.0,,,3.0,BOB
GRID_0481,INDIAN_MARINE,6.5,92.75,208.69220738695952,,,,,,,,,527.449414070965,,,,,
GRID_0482,INDIAN_MARINE,19.75,73.25,2531.555155909077,,,,,,,,,298.9766224921305,90.0,ESCS,962.0,40.0,ARB
GRID_0483,INDIAN_MARINE,10.0,94.5,103.0890555570635,,,,,,,,,597.1456755149222,,,,,
GRID_0484,INDIAN_MARINE,8.25,84.25,1165.9512071651918,,,,,,,,,87.06398363349297,25.0,D,,4.0,BOB
GRID_0485,INDIAN_MARINE,7.75,92.5,264.95739659740366,,,,,,,,,503.1908013149674,,,,,
GRID_0486,INDIAN_MARINE,9.75,91.5,418.6553696727184,,,,,,,,,491.6537937322208,25.0,D,,3.0,BOB
GRID_0487,INDIAN_MARINE,21.5,76.0,2290.780155689355,,,,,,,,,244.96772140308013,25.0,D,999.0,3.0,ARB
GRID_0488,INDIAN_MARINE,8.25,92.5,276.6133920418597,,,,,,,,,515.0493299621936,,,,,
GRID_0489,INDIAN_MARINE,11.5,79.5,1743.20702899349,,,,,,,,,207.47669649069672,25.0,,,3.0,BOB
GRID_0490,INDIAN_MARINE,15.0,92.25,457.0213588206987,,,,,,,,,97.95465358010769,25.0,D,990.0,3.0995834159888913,BOB
GRID_0491,INDIAN_MARINE,13.75,71.0,2692.526737303027,,,,,,,,,27.798731661139723,25.0,D,,3.0,ARB
GRID_0492,INDIAN_MARINE,6.25,76.75,1952.8576927193697,,,,,,,,,456.65728011041847,25.0,,,3.0,BOB
GRID_0493,INDIAN_MARINE,9.75,78.0,1871.3075107147529,,,,,,,,,109.7379258543372,25.0,,,3.0,BOB
GRID_0494,INDIAN_MARINE,12.5,83.75,1307.025207410966,,,,,,,,,198.12042819841662,35.0,CS,994.0,6.0,BOB
GRID_0495,INDIAN_MARINE,15.75,94.75,216.4520670496957,,,,,,,,,174.4002709973761,115.0,VSCS,,65.58718508232494,BOB
GRID_0496,INDIAN_MARINE,19.25,76.75,2160.527875070778,,,,,,,,,214.45979740702992,20.0,D,998.0,3.0,BOB
GRID_0497,INDIAN_MARINE,7.5,93.25,178.2875582139177,,,,,,,,,581.7636489902178,,,,,
GRID_0498,INDIAN_MARINE,10.25,82.0,1450.1134154203714,,,,,,,,,99.70391665091623,30.0,DD,992.0,4.0,BOB
GRID_0499,INDIAN_MARINE,11.5,73.5,2388.4123157537965,,,,,,,,,350.86313707817663,25.0,D,,3.0,ARB
GRID_0500,INDIAN_MARINE,6.75,76.75,1956.648911597429,,,,,,,,,410.97337444396106,25.0,,,3.0,BOB
GRID_0501,INDIAN_MARINE,16.75,90.75,655.8855535764358,,,,,,,,,38.500401475386084,40.0,CS,984.0,7.934933544931562,BOB
GRID_0502,INDIAN_MARINE,12.5,72.0,2566.2674443252886,,,,,,,,,155.2500941356149,25.0,D,,3.0,ARB
GRID_0503,INDIAN_MARINE,12.0,74.75,2262.5033532548887,,,,,,,,,439.55677374273677,25.0,D,,3.0,ARB
GRID_0504,INDIAN_MARINE,16.25,74.5,2354.7319508593932,,,,,,,,,428.17743735676083,25.0,D,997.0,3.0,BOB
GRID_0505,INDIAN_MARINE,14.0,78.25,1921.5906277893228,,,,,,,,,137.41552764660292,30.0,DD,996.0,4.0,BOB
GRID_0506,INDIAN_MARINE,10.5,94.0,168.35521466313998,,,,,,,,,521.0095307587167,,,,,
GRID_0507,INDIAN_MARINE,12.25,94.0,209.34086680716663,,,,,,,,,368.40810287440917,25.0,D,990.0,3.0995834159888913,BOB
GRID_0508,INDIAN_MARINE,11.5,70.25,2738.518664015615,,,,,,,,,236.82395188753534,25.0,D,,3.0,ARB
GRID_0509,INDIAN_MARINE,11.0,84.0,1250.3179280176273,,,,,,,,,163.72777373838147,30.0,DD,992.0,4.0,BOB
GRID_0510,INDIAN_MARINE,9.5,69.5,2785.500988178513,,,,,,,,,275.1504694251715,30.0,DD,,5.0,ARB
GRID_0511,INDIAN_MARINE,20.0,81.0,1745.163329562878,,,,,,,,,111.19492664455889,20.0,D,998.0,3.0,BOB
GRID_0512,INDIAN_MARINE,15.0,92.5,430.71646739251634,,,,,,,,,121.05288381078839,25.0,D,990.0,3.0995834159888913,BOB
GRID_0513,INDIAN_MARINE,11.25,82.75,1389.4790693452494,,,,,,,,,38.94570052770355,30.0,DD,992.0,4.0,BOB
GRID_0514,INDIAN_MARINE,13.25,76.25,2122.702597844822,,,,,,,,,354.67310105384865,30.0,DD,996.0,4.0,BOB
GRID_0515,INDIAN_MARINE,15.5,72.75,2530.2636888679117,,,,,,,,,291.45264582298813,25.0,D,,3.0,ARB
GRID_0516,INDIAN_MARINE,6.5,79.5,1651.64356021714,,,,,,,,,333.5847799336762,25.0,,,3.0,BOB
GRID_0517,INDIAN_MARINE,13.75,89.25,746.9125404713388,,,,,,,,,256.55412763524583,25.0,D,990.0,3.0995834159888913,BOB
GRID_0518,INDIAN_MARINE,18.75,83.75,1429.717846770497,,,,,,,,,155.56348325680315,20.0,D,,3.0,BOB
GRID_0519,INDIAN_MARINE,5.75,75.5,2088.8456869930687,,,,,,,,,584.4461524964349,,,,,
GRID_0520,INDIAN_MARINE,10.5,94.75,88.25560391142723,,,,,,,,,567.6701789922398,,,,,
GRID_0521,INDIAN_MARINE,6.5,73.25,2340.5608219818605,,,,,,,,,726.0664869202753,,,,,
GRID_0522,INDIAN_MARINE,7.0,78.25,1794.4180992801769,,,,,,,,,310.1534985683248,25.0,,,3.0,BOB
GRID_0523,INDIAN_MARINE,17.75,73.5,2479.630706087325,,,,,,,,,379.14749237939816,80.0,VSCS,970.0,30.0,ARB
GRID_0524,INDIAN_MARINE,8.0,82.0,1403.7269176929062,,,,,,,,,111.19492664455872,25.0,,,3.0,BOB
GRID_0525,INDIAN_MARINE,18.25,78.5,1961.2254452388645,,,,,,,,,34.92101638075545,20.0,D,998.0,3.0,BOB
GRID_0526,INDIAN_MARINE,17.25,92.25,529.5527143323645,,,,,,,,,38.42687234162745,115.0,VSCS,,65.58718508232494,BOB
GRID_0527,INDIAN_MARINE,10.25,93.25,242.70696613594143,,,,,,,,,509.3504535116512,,,,,
GRID_0528,INDIAN_MARINE,14.75,73.5,2439.864759656136,,,,,,,,,303.2983151441986,25.0,D,,3.0,ARB
GRID_0529,INDIAN_MARINE,13.0,75.0,2252.4299560347367,,,,,,,,,436.4884446532722,25.0,D,,3.0,ARB
GRID_0530,INDIAN_MARINE,17.5,92.75,498.5800531439107,,,,,,,,,79.53631343576531,115.0,VSCS,,65.58718508232494,BOB
GRID_0531,INDIAN_MARINE,16.75,70.5,2784.7388345755526,,,,,,,,,201.67575192884556,80.0,VSCS,970.0,30.0,ARB
GRID_0532,INDIAN_MARINE,7.25,79.75,1633.5491074377082,,,,,,,,,251.69545127254943,25.0,,,3.0,BOB
GRID_0533,INDIAN_MARINE,14.5,71.5,2649.718164026666,,,,,,,,,123.58961060913155,25.0,D,,3.0,ARB
GRID_0534,INDIAN_MARINE,13.0,71.5,2627.756374716498,,,,,,,,,77.58704894343234,25.0,D,,3.0,ARB
GRID_0535,INDIAN_MARINE,8.5,96.5,147.306585722237,,,,,,,,,861.1760425711265,,,,,
GRID_0536,INDIAN_MARINE,8.0,81.0,1511.851593278995,,,,,,,,,156.3910429750865,25.0,,,3.0,BOB
GRID_0537,INDIAN_MARINE,7.5,73.75,2293.8794392385603,,,,,,,,,626.8694193014371,,,,,
GRID_0538,INDIAN_MARINE,12.0,84.5,1216.923480588668,,,,,,,,,244.65119254321326,30.0,DD,992.0,4.0,BOB
GRID_0539,INDIAN_MARINE,17.0,71.5,2681.8009624279516,,,,,,,,,230.32967456166887,80.0,VSCS,970.0,30.0,ARB
GRID_0540,INDIAN_MARINE,12.25,69.0,2884.997214580183,,,,,,,,,137.09659070519103,25.0,D,,3.0,ARB
GRID_0541,INDIAN_MARINE,18.0,75.75,2246.125322609683,,,,,,,,,269.6671562139593,20.0,D,998.0,3.0,BOB
GRID_0542,INDIAN_MARINE,8.0,69.75,2737.9103059079184,,,,,,,,,322.21684259612175,25.0,D,,3.0,ARB
GRID_0543,INDIAN_MARINE,17.5,78.0,2002.823643116051,,,,,,,,,64.03461858689694,20.0,D,998.0,3.0,BOB
GRID_0544,INDIAN_MARINE,19.5,75.75,2268.605531096871,,,,,,,,,316.07717616852847,20.0,D,998.0,3.0,BOB
GRID_0545,INDIAN_MARINE,14.25,82.25,1500.0345322310416,,,,,,,,,38.702798545884264,30.0,DD,,5.0,BOB
GRID_0546,INDIAN_MARINE,6.75,79.25,1681.731205019527,,,,,,,,,307.0216382684293,25.0,,,3.0,BOB
GRID_0547,INDIAN_MARINE,9.25,90.75,487.78203802897934,,,,,,,,,392.70703480577396,25.0,D,,3.0,BOB
GRID_0548,INDIAN_MARINE,7.0,70.5,2646.854444748864,,,,,,,,,444.9376218673697,25.0,D,,3.0,ARB
GRID_0549,INDIAN_MARINE,13.75,81.5,1570.759461165776,,,,,,,,,111.47205012150656,25.0,D,,3.0,BOB
GRID_0550,INDIAN_MARINE,17.0,80.25,1758.550686852962,,,,,,,,,186.0877967141252,20.0,D,998.0,3.0,BOB
GRID_0551,INDIAN_MARINE,12.25,70.0,2777.3825751152553,,,,,,,,,176.26427847245847,25.0,D,,3.0,ARB
GRID_0552,INDIAN_MARINE,10.25,97.0,135.14439089204572,,,,,,,,,761.5594148400284,,,,,
GRID_0553,INDIAN_MARINE,5.5,80.5,1535.0465606027797,,,,,,,,,422.8835609364343,25.0,,,3.0,BOB
GRID_0554,INDIAN_MARINE,5.5,75.0,2143.72106666246,,,,,,,,,642.1697488092116,,,,,
GRID_0555,INDIAN_MARINE,10.75,88.25,789.3211543402574,,,,,,,,,417.8842188250628,25.0,D,,3.0,BOB
GRID_0556,INDIAN_MARINE,13.25,95.25,100.33136181045056,,,,,,,,,427.99828828580524,25.0,D,990.0,3.0995834159888913,BOB
GRID_0557,INDIAN_MARINE,11.75,72.5,2500.2850925962075,,,,,,,,,253.6808025185725,25.0,D,,3.0,ARB
GRID_0558,INDIAN_MARINE,13.75,94.25,217.7597465613398,,,,,,,,,308.04037180828266,25.0,D,990.0,3.0995834159888913,BOB
GRID_0559,INDIAN_MARINE,15.25,93.0,383.7305978753258,,,,,,,,,181.49585246153705,25.0,D,990.0,3.0995834159888913,BOB
GRID_0560,INDIAN_MARINE,14.5,82.25,1504.5726663155554,,,,,,,,,26.913275124823308,30.0,DD,,5.0,BOB
GRID_0561,INDIAN_MARINE,5.75,72.0,2476.003213124024,,,,,,,,,659.1842282158639,,,,,
GRID_0562,INDIAN_MARINE,11.5,70.75,2684.630218703923,,,,,,,,,224.0395706366055,25.0,D,,3.0,ARB
GRID_0563,INDIAN_MARINE,19.5,80.75,1755.7308519427515,,,,,,,,,168.8189577946805,20.0,D,998.0,3.0,BOB
GRID_0564,INDIAN_MARINE,16.75,79.0,1886.3431258852,,,,,,,,,60.0280758035226,20.0,D,998.0,3.0,BOB
GRID_0565,INDIAN_MARINE,15.25,94.5,226.23361966335688,,,,,,,,,227.94959962134573,115.0,VSCS,,65.58718508232494,BOB
GRID_0566,INDIAN_MARINE,15.75,78.5,1923.5934525884784,,,,,,,,,27.798731661139723,25.0,D,997.0,3.0,BOB
GRID_0567,INDIAN_MARINE,7.5,73.5,2321.306316089329,,,,,,,,,652.2622117108665,,,,,
GRID_0568,INDIAN_MARINE,18.5,74.0,2435.9303719959644,,,,,,,,,421.7864891930028,80.0,VSCS,970.0,30.0,ARB
GRID_0569,INDIAN_MARINE,9.0,79.5,1694.527949387906,,,,,,,,,55.597463322279445,25.0,,,3.0,BOB
GRID_0570,INDIAN_MARINE,17.25,74.0,2420.773765433876,,,,,,,,,445.52662578534597,80.0,VSCS,970.0,30.0,ARB
GRID_0571,INDIAN_MARINE,11.25,92.5,345.94518456510235,,,,,,,,,377.286092587292,25.0,D,990.0,3.0995834159888913,BOB
GRID_0572,INDIAN_MARINE,10.25,81.5,1503.9311899388847,,,,,,,,,137.4725435761396,30.0,DD,992.0,4.0,BOB
GRID_0573,INDIAN_MARINE,21.0,74.0,2479.311124875737,,,,,,,,,196.17669911259455,50.0,SCS,990.0,12.0,ARB
GRID_0574,INDIAN_MARINE,14.25,81.75,1553.1990975449564,,,,,,,,,85.43417686200223,30.0,DD,,5.0,BOB
GRID_0575,INDIAN_MARINE,10.25,81.0,1557.7548506903631,,,,,,,,,177.02364813445732,25.0,,,3.0,BOB
GRID_0576,INDIAN_MARINE,11.75,81.0,1586.9517137572086,,,,,,,,,99.54686939509212,50.0,SCS,986.0,14.0,BOB
GRID_0577,INDIAN_MARINE,17.0,69.75,2866.930478283873,,,,,,,,,168.8804176309944,80.0,VSCS,970.0,30.0,ARB
GRID_0578,INDIAN_MARINE,12.0,95.25,70.65199216920188,,,,,,,,,491.91712398315576,25.0,D,990.0,3.0995834159888913,BOB
GRID_0579,INDIAN_MARINE,9.75,81.25,1520.825619388049,,,,,,,,,117.15457753162123,25.0,,,3.0,BOB
GRID_0580,INDIAN_MARINE,5.75,74.25,2227.108524641313,,,,,,,,,683.1735408589102,,,,,
GRID_0581,INDIAN_MARINE,6.75,79.0,1709.2006744585276,,,,,,,,,310.6989269647625,25.0,,,3.0,BOB
GRID_0582,INDIAN_MARINE,9.25,77.25,1942.5401216884911,,,,,,,,,198.35089712657782,25.0,,,3.0,BOB
GRID_0583,INDIAN_MARINE,15.25,78.25,1942.1434885332228,,,,,,,,,85.17140972403061,30.0,DD,996.0,4.0,BOB
GRID_0584,INDIAN_MARINE,22.0,73.75,2529.6646964446486,,,,,,,,,95.12504095141885,50.0,SCS,990.0,12.0,ARB
GRID_0585,INDIAN_MARINE,5.5,79.75,1618.0378723814742,,,,,,,,,445.63243431406494,25.0,,,3.0,BOB
GRID_0586,INDIAN_MARINE,9.25,80.75,1564.6356308340394,,,,,,,,,139.92612248863253,25.0,,,3.0,BOB
GRID_0587,INDIAN_MARINE,9.25,72.25,2483.1547253058347,,,,,,,,,491.82164566108094,25.0,D,,3.0,ARB
GRID_0588,INDIAN_MARINE,7.0,69.5,2757.0356972773448,,,,,,,,,353.87712850665656,25.0,D,,3.0,ARB
GRID_0589,INDIAN_MARINE,15.25,73.75,2420.415138559944,,,,,,,,,354.39846031180133,25.0,D,,3.0,ARB
GRID_0590,INDIAN_MARINE,9.0,88.25,751.0247688788128,,,,,,,,,224.0869628224695,25.0,D,,3.0,BOB
GRID_0591,INDIAN_MARINE,16.5,74.5,2358.1317520889606,,,,,,,,,429.51295600478295,20.0,D,998.0,3.0,BOB
GRID_0592,INDIAN_MARINE,15.75,84.75,1262.765335350182,,,,,,,,,66.73886534622628,45.0,CS,,10.0,BOB
GRID_0593,INDIAN_MARINE,9.25,77.0,1969.5505176565832,,,,,,,,,224.98974576613668,25.0,,,3.0,BOB
GRID_0594,INDIAN_MARINE,13.75,80.75,1650.691063891338,,,,,,,,,38.744012550710586,55.0,SCS,982.0,18.0,BOB
GRID_0595,INDIAN_MARINE,9.75,95.0,43.655463115889695,5.48,1.299,5.37,230.05,229771.0,0.084,302.52,2024-06-16 11:37:47.171023872,650.8869352623252,,,,,
GRID_0596,INDIAN_MARINE,9.0,74.0,2289.0801937077154,,,,,,,,,554.0743226635719,,,,,
GRID_0597,INDIAN_MARINE,14.5,95.25,129.9203581555638,,,,,,,,,321.5082233310071,115.0,VSCS,,65.58718508232494,BOB
GRID_0598,INDIAN_MARINE,6.25,77.0,1925.2661438243572,,,,,,,,,442.3300198720489,25.0,,,3.0,BOB
GRID_0599,INDIAN_MARINE,12.25,90.75,555.0266866886752,,,,,,,,,263.0134923164432,25.0,D,990.0,3.0995834159888913,BOB
GRID_0600,INDIAN_MARINE,15.0,85.5,1169.3609425254676,,,,,,,,,111.19492664455889,35.0,CS,,7.0,BOB
GRID_0601,INDIAN_MARINE,7.0,76.75,1959.114930723889,,,,,,,,,389.09881158387503,25.0,,,3.0,BOB
GRID_0602,INDIAN_MARINE,18.0,76.0,2219.8685221346914,,,,,,,,,243.22955728192647,20.0,D,998.0,3.0,BOB
GRID_0603,INDIAN_MARINE,8.0,80.25,1592.9678764148643,,,,,,,,,186.04639539388342,25.0,,,3.0,BOB
GRID_0604,INDIAN_MARINE,10.5,92.25,355.48032299914394,,,,,,,,,452.1670125896633,25.0,D,990.0,3.0995834159888913,BOB
GRID_0605,INDIAN_MARINE,10.25,70.5,2690.4284755229332,,,,,,,,,306.3360745822357,25.0,D,,3.0,ARB
GRID_0606,INDIAN_MARINE,17.25,75.25,2288.937280556419,,,,,,,,,333.8036484031761,20.0,D,998.0,3.0,BOB
GRID_0607,INDIAN_MARINE,17.0,78.25,1969.1891968818252,,,,,,,,,26.584057494617774,20.0,D,998.0,3.0,BOB
GRID_0608,INDIAN_MARINE,8.0,80.75,1538.8866319520466,,,,,,,,,176.80763881819976,25.0,,,3.0,BOB
GRID_0609,INDIAN_MARINE,11.5,96.0,21.308015028049606,4.42,1.332,5.44,229.5,181199.0,0.08,302.46,2024-06-16 11:37:16.187986816,590.6920431976673,,,,,
GRID_0610,INDIAN_MARINE,8.0,75.75,2081.703688688673,,,,,,,,,404.0159645671696,25.0,,,3.0,BOB
GRID_0611,INDIAN_MARINE,17.0,92.75,469.5938354246383,,,,,,,,,97.13057596222666,115.0,VSCS,,65.58718508232494,BOB
GRID_0612,INDIAN_MARINE,9.5,74.75,2217.486909749671,,,,,,,,,466.4876418196563,25.0,,,3.0,BOB
GRID_0613,INDIAN_MARINE,6.75,94.75,2.4016722166545543,10.5,9.496,6.29,216.35,89574.0,-20.558,302.45,2024-06-16 11:38:36.765504896,745.6804809724125,,,,,
GRID_0614,INDIAN_MARINE,16.75,84.5,1307.3597194522404,,,,,,,,,27.798731661139723,55.0,SCS,,15.001983733386234,BOB
GRID_0615,INDIAN_MARINE,19.25,78.75,1954.1247262740103,,,,,,,,,54.84321011825469,20.0,D,998.0,3.0,BOB
GRID_0616,INDIAN_MARINE,12.75,85.5,1125.145664199899,,,,,,,,,324.23817313879783,30.0,DD,,5.0,BOB
GRID_0617,INDIAN_MARINE,13.5,94.0,238.36965224216317,,,,,,,,,291.7458936320035,25.0,D,990.0,3.0995834159888913,BOB
GRID_0618,INDIAN_MARINE,14.75,89.0,794.3558240350674,,,,,,,,,230.31259329662217,35.0,CS,986.0,6.075183495338227,BOB
GRID_0619,INDIAN_MARINE,13.5,97.25,29.534094730378666,2.19,1.243,5.12,232.14,50277.0,0.189,302.38,2024-06-18 23:15:10.445483264,432.6952566781755,30.0,DD,,4.463400119024003,BOB
GRID_0620,INDIAN_MARINE,8.75,74.5,2230.282228200169,,,,,,,,,505.06650518262086,,,,,
GRID_0621,INDIAN_MARINE,17.25,84.25,1342.508325197155,,,,,,,,,84.40762011743064,55.0,SCS,,15.001983733386234,BOB
GRID_0622,INDIAN_MARINE,11.75,73.0,2446.472568648735,,,,,,,,,291.4718131365789,25.0,D,,3.0,ARB
GRID_0623,INDIAN_MARINE,7.5,71.25,2568.3332847329143,,,,,,,,,496.5242500404278,25.0,D,,3.0,ARB
GRID_0624,INDIAN_MARINE,10.75,75.0,2213.617416433303,,,,,,,,,453.0104387862696,25.0,,,3.0,BOB
GRID_0625,INDIAN_MARINE,19.75,73.75,2479.823003980217,,,,,,,,,315.5233074031962,50.0,SCS,990.0,12.0,ARB
GRID_0626,INDIAN_MARINE,8.75,82.0,1419.445440197435,,,,,,,,,27.798731661139723,25.0,,,3.0,BOB
GRID_0627,INDIAN_MARINE,9.75,78.75,1790.3913320286654,,,,,,,,,27.957649016762982,25.0,,,3.0,BOB
GRID_0628,INDIAN_MARINE,16.25,92.5,461.21995719310576,,,,,,,,,148.82775249964735,115.0,VSCS,,65.58718508232494,BOB
GRID_0629,INDIAN_MARINE,10.25,73.0,2420.378366091009,,,,,,,,,421.8370180042033,25.0,D,,3.0,ARB
GRID_0630,INDIAN_MARINE,19.0,72.25,2625.0167416761087,,,,,,,,,243.3448722792204,80.0,VSCS,970.0,30.0,ARB
GRID_0631,INDIAN_MARINE,14.75,70.25,2786.600062971342,,,,,,,,,87.63590276577125,30.0,DD,,5.0,ARB
GRID_0632,INDIAN_MARINE,6.0,78.75,1730.588156863256,,,,,,,,,397.8555349961885,25.0,,,3.0,BOB
GRID_0633,INDIAN_MARINE,11.75,68.0,2985.0322934585847,,,,,,,,,27.798731661139723,25.0,D,,3.0,ARB
GRID_0634,INDIAN_MARINE,9.75,89.0,686.9739103144785,,,,,,,,,324.9686717267591,25.0,D,,3.0,BOB
GRID_0635,INDIAN_MARINE,7.0,71.25,2564.2378071634566,,,,,,,,,518.1084855690349,,,,,
GRID_0636,INDIAN_MARINE,16.25,91.75,538.0534627684793,,,,,,,,,84.70474524582056,40.0,CS,984.0,7.934933544931562,BOB
GRID_0637,INDIAN_MARINE,8.75,77.75,1878.6179751574568,,,,,,,,,173.15034309251587,25.0,,,3.0,BOB
GRID_0638,INDIAN_MARINE,18.5,85.75,1219.6163345437678,,,,,,,,,22.854725996811677,30.0,DD,,5.0,BOB
GRID_0639,INDIAN_MARINE,8.75,74.75,2203.182945644354,,,,,,,,,478.26943990932176,25.0,,,3.0,BOB
GRID_0640,INDIAN_MARINE,13.0,78.25,1904.423464052483,,,,,,,,,236.65234511268744,30.0,DD,996.0,4.0,BOB
GRID_0641,INDIAN_MARINE,10.25,74.5,2258.449232253311,,,,,,,,,496.58760606134615,25.0,,,3.0,BOB
GRID_0642,INDIAN_MARINE,14.0,95.75,65.47699613796244,,,,,,,,,390.58232057669045,115.0,VSCS,,65.58718508232494,BOB
GRID_0643,INDIAN_MARINE,14.5,86.25,1080.2299580583408,,,,,,,,,114.39096613045457,30.0,DD,,5.0,BOB
GRID_0644,INDIAN_MARINE,9.75,73.5,2357.248966983421,,,,,,,,,497.9779010834784,25.0,D,,3.0,ARB
GRID_0645,INDIAN_MARINE,15.5,82.0,1548.8600870193882,,,,,,,,,53.57539663763071,40.0,CS,,8.0,BOB
GRID_0646,INDIAN_MARINE,19.5,71.5,2709.520397015768,,,,,,,,,152.5839243926802,90.0,ESCS,962.0,40.0,ARB
GRID_0647,INDIAN_MARINE,13.0,81.5,1556.9642582380989,,,,,,,,,33.35847799336784,55.0,SCS,982.0,18.0,BOB
GRID_0648,INDIAN_MARINE,9.5,91.5,412.9476238562519,,,,,,,,,474.9685825284764,25.0,D,,3.0,BOB
GRID_0649,INDIAN_MARINE,10.25,73.25,2393.384216132619,,,,,,,,,436.48977899373904,25.0,D,,3.0,ARB
GRID_0650,INDIAN_MARINE,11.25,88.5,773.3650626279871,,,,,,,,,475.7543767613946,25.0,D,,3.0,BOB
GRID_0651,INDIAN_MARINE,17.0,71.0,2734.680915017911,,,,,,,,,197.5701958103664,80.0,VSCS,970.0,30.0,ARB
GRID_0652,INDIAN_MARINE,7.0,74.25,2233.9795046641325,,,,,,,,,602.6320423452341,,,,,
GRID_0653,INDIAN_MARINE,9.75,89.75,606.4424389007306,,,,,,,,,361.33070387083535,25.0,D,,3.0,BOB
GRID_0654,INDIAN_MARINE,13.0,91.0,545.0050747758453,,,,,,,,,175.31672074250645,25.0,D,990.0,3.0995834159888913,BOB
GRID_0655,INDIAN_MARINE,5.5,76.25,2005.375044694136,,,,,,,,,556.7156791719242,,,,,
GRID_0656,INDIAN_MARINE,5.0,77.75,1839.3150928063144,,,,,,,,,536.3019926087544,,,,,
GRID_0657,INDIAN_MARINE,8.0,81.5,1457.78507407289,,,,,,,,,124.04746922995521,25.0,,,3.0,BOB
GRID_0658,INDIAN_MARINE,9.5,77.25,1947.412291349165,,,,,,,,,193.15031175133456,25.0,,,3.0,BOB
GRID_0659,INDIAN_MARINE,13.75,82.75,1437.6133048944305,,,,,,,,,38.744012550711545,25.0,D,,3.0,BOB
GRID_0660,INDIAN_MARINE,16.0,77.75,2006.9134763391685,,,,,,,,,80.16552433982746,25.0,D,997.0,3.0,BOB
GRID_0661,INDIAN_MARINE,7.5,70.0,2705.691457507048,,,,,,,,,369.8650167834298,25.0,D,,3.0,ARB
GRID_0662,INDIAN_MARINE,10.25,87.75,832.1196030502011,,,,,,,,,362.42684194984486,25.0,D,,3.0,BOB
GRID_0663,INDIAN_MARINE,8.5,90.5,497.6266063793957,,,,,,,,,322.00402534367464,25.0,D,,3.0,BOB
GRID_0664,INDIAN_MARINE,13.0,68.25,2976.744168179616,,,,,,,,,168.99003839530482,25.0,D,,3.0,ARB
GRID_0665,INDIAN_MARINE,12.25,74.5,2293.605931926744,,,,,,,,,404.0457465721366,25.0,D,,3.0,ARB
GRID_0666,INDIAN_MARINE,19.0,81.0,1717.1765227322671,,,,,,,,,189.24553860968751,20.0,D,998.0,3.0,BOB
GRID_0667,INDIAN_MARINE,18.25,77.0,2118.24449154183,,,,,,,,,140.16455286516893,20.0,D,998.0,3.0,BOB
GRID_0668,INDIAN_MARINE,9.0,83.25,1289.7739527167794,,,,,,,,,62.01579788240716,25.0,D,,4.0,BOB
GRID_0669,INDIAN_MARINE,16.0,94.75,229.24572036220704,,,,,,,,,146.98631247795117,115.0,VSCS,,65.58718508232494,BOB
GRID_0670,INDIAN_MARINE,15.5,79.25,1840.109087908792,,,,,,,,,61.728254204457194,30.0,DD,995.0,5.0,BOB
GRID_0671,INDIAN_MARINE,15.25,90.0,699.3362939830348,,,,,,,,,110.76040280282038,35.0,CS,986.0,6.075183495338227,BOB
GRID_0672,INDIAN_MARINE,12.25,73.75,2374.1758961697615,,,,,,,,,328.90243082234394,25.0,D,,3.0,ARB
GRID_0673,INDIAN_MARINE,15.75,74.5,2347.7803726579778,,,,,,,,,428.7114384249961,25.0,D,997.0,3.0,BOB
GRID_0674,INDIAN_MARINE,19.5,70.75,2787.6112669003983,,,,,,,,,114.22197688403837,90.0,ESCS,962.0,40.0,ARB
GRID_0675,INDIAN_MARINE,13.75,97.0,49.74796696981211,2.38,1.14,5.25,232.65,47865.0,0.227,302.31,2024-06-18 23:15:15.606684160,415.92749218062033,30.0,DD,,4.463400119024003,BOB
GRID_0676,INDIAN_MARINE,10.25,83.75,1261.8537585890128,,,,,,,,,98.40461522072876,25.0,D,990.0,3.0,BOB
GRID_0677,INDIAN_MARINE,16.25,85.0,1245.6632032675502,,,,,,,,,53.65833826830427,45.0,CS,,10.0,BOB
GRID_0678,INDIAN_MARINE,12.0,92.75,336.4886970970677,,,,,,,,,309.15670102435723,25.0,D,990.0,3.0995834159888913,BOB
GRID_0679,INDIAN_MARINE,15.5,83.25,1416.639307982061,,,,,,,,,61.70011432240771,45.0,CS,,10.0,BOB
GRID_0680,INDIAN_MARINE,14.0,68.0,3017.3177092283627,,,,,,,,,121.26876061527079,25.0,D,,3.0,ARB
GRID_0681,INDIAN_MARINE,9.75,77.5,1925.263720496613,,,,,,,,,164.48940661483638,25.0,,,3.0,BOB
GRID_0682,INDIAN_MARINE,10.25,74.25,2285.4311094491622,,,,,,,,,505.59529190174226,,,,,
GRID_0683,INDIAN_MARINE,5.5,72.0,2475.763307852622,,,,,,,,,674.9410524584525,,,,,
GRID_0684,INDIAN_MARINE,14.25,95.25,124.00651367910928,,,,,,,,,348.50827521787085,115.0,VSCS,,65.58718508232494,BOB
GRID_0685,INDIAN_MARINE,18.0,84.75,1306.8422878290671,,,,,,,,,114.31177121211694,55.0,SCS,,15.001983733386234,BOB
GRID_0686,INDIAN_MARINE,11.5,90.5,565.0837446704626,,,,,,,,,350.73397346500707,25.0,D,990.0,3.0995834159888913,BOB
GRID_0687,INDIAN_MARINE,11.25,75.5,2168.7327178576497,,,,,,,,,419.7026706213644,25.0,,,3.0,BOB
GRID_0688,INDIAN_MARINE,7.5,80.0,1610.3748752061626,,,,,,,,,229.08614987337722,25.0,,,3.0,BOB
GRID_0689,INDIAN_MARINE,5.25,77.5,1866.8185996271025,,,,,,,,,521.4874974838589,,,,,
GRID_0690,INDIAN_MARINE,17.75,70.75,2769.3514462655135,,,,,,,,,115.0506053858006,80.0,VSCS,970.0,30.0,ARB
GRID_0691,INDIAN_MARINE,14.0,68.75,2936.9837683763462,,,,,,,,,61.78202508059306,25.0,D,,3.0,ARB
GRID_0692,INDIAN_MARINE,8.75,77.25,1932.6807833655137,,,,,,,,,219.20393516465617,25.0,,,3.0,BOB
GRID_0693,INDIAN_MARINE,19.75,80.75,1762.7938685713773,,,,,,,,,141.4153284739961,20.0,D,998.0,3.0,BOB
GRID_0694,INDIAN_MARINE,6.5,74.0,2257.815527760576,,,,,,,,,655.3580716752235,,,,,
GRID_0695,INDIAN_MARINE,17.75,82.75,1508.6227208099797,,,,,,,,,76.98950274254874,25.0,DD,,4.0,BOB
GRID_0696,INDIAN_MARINE,7.0,76.25,2014.0550234682971,,,,,,,,,426.2049131037108,25.0,,,3.0,BOB
GRID_0697,INDIAN_MARINE,7.0,82.0,1383.8648569684824,,,,,,,,,222.38985328911744,25.0,,,3.0,BOB
GRID_0698,INDIAN_MARINE,14.75,90.75,609.6235970883719,,,,,,,,,85.3480291232802,25.0,D,990.0,3.0995834159888913,BOB
GRID_0699,INDIAN_MARINE,15.5,95.0,181.20473167939056,,,,,,,,,207.13459666197718,115.0,VSCS,,65.58718508232494,BOB
GRID_0700,INDIAN_MARINE,8.0,77.5,1891.1396233145456,,,,,,,,,250.7826073675477,25.0,,,3.0,BOB
GRID_0701,INDIAN_MARINE,14.0,81.5,1575.291338468734,,,,,,,,,107.89188195830587,25.0,D,,3.0,BOB
GRID_0702,INDIAN_MARINE,13.0,74.75,2279.21842137609,,,,,,,,,409.6655409700302,25.0,D,,3.0,ARB
GRID_0703,INDIAN_MARINE,7.25,95.5,70.0741907779664,,,,,,,,,827.9790219298063,,,,,
GRID_0704,INDIAN_MARINE,11.25,72.0,2545.738193411859,,,,,,,,,272.74350185626207,25.0,D,,3.0,ARB
GRID_0705,INDIAN_MARINE,6.25,76.25,2008.046226282644,,,,,,,,,488.71439477199505,25.0,,,3.0,BOB
GRID_0706,INDIAN_MARINE,15.5,93.25,363.10523545104553,,,,,,,,,218.3854873046578,25.0,D,990.0,3.0995834159888913,BOB
GRID_0707,INDIAN_MARINE,6.75,75.75,2066.7301308304304,,,,,,,,,485.2781238729451,25.0,,,3.0,BOB
GRID_0708,INDIAN_MARINE,10.5,81.25,1535.801546415621,,,,,,,,,147.43818487207363,30.0,DD,992.0,4.0,BOB
GRID_0709,INDIAN_MARINE,11.25,76.5,2061.1071375833403,,,,,,,,,323.14471888826586,25.0,,,3.0,BOB
GRID_0710,INDIAN_MARINE,14.5,94.75,182.5086014192397,,,,,,,,,312.4912753177404,115.0,VSCS,,65.58718508232494,BOB
GRID_0711,INDIAN_MARINE,17.25,75.5,2262.578212037399,,,,,,,,,308.2220765542396,20.0,D,998.0,3.0,BOB
GRID_0712,INDIAN_MARINE,18.0,74.25,2403.7451823856186,,,,,,,,,428.2897528297221,20.0,D,998.0,3.0,BOB
GRID_0713,INDIAN_MARINE,15.5,93.75,310.66654321700685,,,,,,,,,215.54628521909848,115.0,VSCS,,65.58718508232494,BOB
GRID_0714,INDIAN_MARINE,8.75,89.0,664.73919372223,,,,,,,,,223.5998784454625,25.0,D,,3.0,BOB
GRID_0715,INDIAN_MARINE,9.0,77.5,1910.6117933935463,,,,,,,,,182.05359592825928,25.0,,,3.0,BOB
GRID_0716,INDIAN_MARINE,13.0,80.25,1690.533603800643,,,,,,,,,114.43315061428366,55.0,SCS,982.0,18.0,BOB
GRID_0717,INDIAN_MARINE,16.25,89.75,746.5076634166528,,,,,,,,,84.70474524582056,40.0,CS,984.0,7.934933544931562,BOB
GRID_0718,INDIAN_MARINE,17.5,73.5,2476.6094152169894,,,,,,,,,386.4648354200806,80.0,VSCS,970.0,30.0,ARB
GRID_0719,INDIAN_MARINE,7.25,90.0,522.9870033351339,,,,,,,,,222.4162361860914,25.0,D,,3.0,BOB
GRID_0720,INDIAN_MARINE,20.75,68.5,3037.7652558452132,,,,,,,,,58.918255781685545,25.0,D,,3.0,ARB
GRID_0721,INDIAN_MARINE,21.25,68.25,3071.2186587574247,,,,,,,,,38.01528020817682,25.0,D,,3.0,ARB
GRID_0722,INDIAN_MARINE,11.0,68.75,2892.1568058098323,,,,,,,,,98.90018224609808,25.0,D,,3.0,ARB
GRID_0723,INDIAN_MARINE,16.5,76.5,2146.586295739287,,,,,,,,,220.0904389357544,20.0,D,998.0,3.0,BOB
GRID_0724,INDIAN_MARINE,16.75,81.75,1596.591816582999,,,,,,,,,84.50808322662719,40.0,CS,,8.0,BOB
GRID_0725,INDIAN_MARINE,14.75,77.0,2067.0381204872474,,,,,,,,,212.5604387505073,25.0,D,997.0,3.0,BOB
GRID_0726,INDIAN_MARINE,16.0,69.5,2882.144173954858,,,,,,,,,175.2047930524986,25.0,D,,3.0,ARB
GRID_0727,INDIAN_MARINE,9.75,74.0,2303.2186449337,,,,,,,,,529.7070731812237,,,,,
GRID_0728,INDIAN_MARINE,9.0,93.25,213.52409695435335,,,,,,,,,619.3603683223768,,,,,
GRID_0729,INDIAN_MARINE,20.0,73.25,2535.794677510079,,,,,,,,,279.1917811920071,50.0,SCS,990.0,12.0,ARB
GRID_0730,INDIAN_MARINE,5.75,76.0,2033.5436709788328,,,,,,,,,549.6692004818805,,,,,
GRID_0731,INDIAN_MARINE,9.0,92.25,320.907288806538,,,,,,,,,518.1084855690361,,,,,
GRID_0732,INDIAN_MARINE,10.75,68.25,2942.036911970172,,,,,,,,,86.48767234898443,30.0,DD,,5.0,ARB
GRID_0733,INDIAN_MARINE,10.75,79.75,1702.0693980339342,,,,,,,,,141.66189333769424,25.0,,,3.0,BOB
GRID_0734,INDIAN_MARINE,17.5,74.75,2344.888733543494,,,,,,,,,380.0323203854247,20.0,D,998.0,3.0,BOB
GRID_0735,INDIAN_MARINE,11.0,75.5,2164.2502077309923,,,,,,,,,409.22023552172425,25.0,,,3.0,BOB
GRID_0736,INDIAN_MARINE,11.75,83.25,1345.7662981311598,,,,,,,,,116.78697149067015,30.0,DD,992.0,4.0,BOB
GRID_0737,INDIAN_MARINE,16.0,94.0,301.11878839809384,,,,,,,,,154.0546745066144,115.0,VSCS,,65.58718508232494,BOB
GRID_0738,INDIAN_MARINE,11.0,94.5,126.7767456039894,,,,,,,,,507.23009443737857,,,,,
GRID_0739,INDIAN_MARINE,11.75,77.5,1962.6296588233315,,,,,,,,,280.73841447538825,25.0,,,3.0,BOB
GRID_0740,INDIAN_MARINE,11.75,75.25,2204.441558210205,,,,,,,,,468.8184706368455,25.0,,,3.0,BOB
GRID_0741,INDIAN_MARINE,16.25,71.75,2646.258150592654,,,,,,,,,311.57234621524617,80.0,VSCS,970.0,30.0,ARB
GRID_0742,INDIAN_MARINE,10.5,69.5,2802.79545793299,,,,,,,,,197.91497661761576,25.0,D,,3.0,ARB
GRID_0743,INDIAN_MARINE,14.5,69.75,2836.6881290057777,,,,,,,,,61.78202508059306,30.0,DD,,5.0,ARB
GRID_0744,INDIAN_MARINE,11.0,79.5,1733.7490727151887,,,,,,,,,154.55370966494428,25.0,,,3.0,BOB
GRID_0745,INDIAN_MARINE,14.75,94.5,214.63571377342913,,,,,,,,,283.54706294362484,115.0,VSCS,,65.58718508232494,BOB
GRID_0746,INDIAN_MARINE,12.25,68.75,2911.908187595289,,,,,,,,,116.68435095716511,25.0,D,,3.0,ARB
GRID_0747,INDIAN_MARINE,12.0,80.25,1672.0995743530088,,,,,,,,,146.76651052425993,50.0,SCS,986.0,14.0,BOB
GRID_0748,INDIAN_MARINE,12.25,93.5,262.4529063064384,,,,,,,,,330.7533834604426,25.0,D,990.0,3.0995834159888913,BOB
GRID_0749,INDIAN_MARINE,18.0,70.75,2771.974653889523,,,,,,,,,96.76704625741958,80.0,VSCS,970.0,30.0,ARB
GRID_0750,INDIAN_MARINE,7.0,94.5,31.806996246315325,5.2700000000000005,1.65,6.15,214.79,90362.0,0.204,302.45,2024-06-16 11:38:33.665616000,717.373906581983,,,,,
GRID_0751,INDIAN_MARINE,13.5,78.25,1913.0855095740949,,,,,,,,,185.3449936872287,30.0,DD,996.0,4.0,BOB
GRID_0752,INDIAN_MARINE,12.0,79.75,1725.709722526369,,,,,,,,,198.12042819841662,50.0,SCS,986.0,14.0,BOB
GRID_0753,INDIAN_MARINE,7.0,82.75,1302.0624288283634,,,,,,,,,148.6690782034068,25.0,,,3.0,BOB
GRID_0754,INDIAN_MARINE,14.5,68.0,3023.786944019853,,,,,,,,,107.6530201922413,25.0,D,,3.0,ARB
GRID_0755,INDIAN_MARINE,10.75,68.75,2888.025138700116,,,,,,,,,116.83668214172766,25.0,D,,3.0,ARB
GRID_0756,INDIAN_MARINE,14.25,97.0,37.604741657532195,2.94,1.088,5.3,234.35,46781.0,0.223,302.28000000000003,2024-06-18 23:15:23.864603008,365.19796180672085,30.0,DD,,4.463400119024003,BOB
GRID_0757,INDIAN_MARINE,14.25,74.0,2379.114112754851,,,,,,,,,334.4119637889359,25.0,D,,3.0,ARB
GRID_0758,INDIAN_MARINE,11.75,79.25,1774.7156092246346,,,,,,,,,229.57991878383706,25.0,,,3.0,BOB
GRID_0759,INDIAN_MARINE,18.0,72.5,2587.7837780556406,,,,,,,,,269.7919258056592,80.0,VSCS,970.0,30.0,ARB
GRID_0760,INDIAN_MARINE,6.75,72.5,2424.8016471792134,,,,,,,,,655.3917361290975,,,,,
GRID_0761,INDIAN_MARINE,6.25,77.75,1842.503412234019,,,,,,,,,407.5628823706768,25.0,,,3.0,BOB
GRID_0762,INDIAN_MARINE,6.0,73.0,2365.991124194328,,,,,,,,,740.741896139328,,,,,
GRID_0763,INDIAN_MARINE,17.75,83.5,1430.475607482358,,,,,,,,,128.37167533021363,25.0,DD,,4.0,BOB
GRID_0764,INDIAN_MARINE,14.25,91.25,545.9694204627004,,,,,,,,,38.702798545884264,25.0,D,990.0,3.0995834159888913,BOB
GRID_0765,INDIAN_MARINE,15.25,81.75,1570.961145144413,,,,,,,,,38.63839554269861,35.0,CS,,6.0,BOB
GRID_0766,INDIAN_MARINE,12.25,94.25,182.76734509138615,,,,,,,,,388.69231375984594,25.0,D,990.0,3.0995834159888913,BOB
GRID_0767,INDIAN_MARINE,6.25,71.75,2504.988059363352,,,,,,,,,606.2219385102079,,,,,
GRID_0768,INDIAN_MARINE,19.75,74.0,2453.9748248776873,,,,,,,,,322.8937612091531,50.0,SCS,990.0,12.0,ARB
GRID_0769,INDIAN_MARINE,15.5,90.0,704.5996317126634,,,,,,,,,107.15072042802275,35.0,CS,986.0,6.075183495338227,BOB
GRID_0770,INDIAN_MARINE,17.75,77.0,2111.465144015648,,,,,,,,,140.35560140188477,20.0,D,998.0,3.0,BOB
GRID_0771,INDIAN_MARINE,13.25,70.75,2711.9937894055306,,,,,,,,,38.78383995121082,25.0,D,,3.0,ARB
GRID_0772,INDIAN_MARINE,21.0,75.0,2377.936516371943,,,,,,,,,265.48378248312173,50.0,SCS,990.0,12.0,ARB
GRID_0773,INDIAN_MARINE,15.75,72.25,2586.7609531818,,,,,,,,,284.04063087410697,25.0,D,,3.0,ARB
GRID_0774,INDIAN_MARINE,19.25,78.25,2005.61613491718,,,,,,,,,103.6036341848714,20.0,D,998.0,3.0,BOB
GRID_0775,INDIAN_MARINE,14.75,91.5,530.5254806657824,,,,,,,,,27.798731661139723,25.0,D,990.0,3.0995834159888913,BOB
GRID_0776,INDIAN_MARINE,11.25,79.5,1738.4956238432374,,,,,,,,,180.81472274778068,25.0,,,3.0,BOB
GRID_0777,INDIAN_MARINE,12.5,95.75,29.521148512183206,4.55,1.271,5.33,228.4,170735.0,0.115,302.39,2024-06-16 11:37:00.696467840,510.47665848261295,,,,,
GRID_0778,INDIAN_MARINE,20.25,80.75,1778.108774665355,,,,,,,,,87.36014882093515,20.0,D,998.0,3.0,BOB
GRID_0779,INDIAN_MARINE,16.5,95.75,194.78183334530613,,,,,,,,,159.99795244748177,115.0,VSCS,,65.58718508232494,BOB
GRID_0780,INDIAN_MARINE,18.5,83.75,1422.6463542635286,,,,,,,,,172.1486174930321,20.0,D,,3.0,BOB
GRID_0781,INDIAN_MARINE,11.75,71.5,2607.9417505008782,,,,,,,,,202.0120048087914,25.0,D,,3.0,ARB
GRID_0782,INDIAN_MARINE,6.5,73.75,2285.395685522729,,,,,,,,,678.6304906859643,,,,,
GRID_0783,INDIAN_MARINE,11.25,90.0,612.9569141978592,,,,,,,,,396.2678329723447,25.0,D,990.0,3.0995834159888913,BOB
GRID_0784,INDIAN_MARINE,7.25,82.5,1333.8890118417585,,,,,,,,,167.73196898665793,25.0,,,3.0,BOB
GRID_0785,INDIAN_MARINE,15.75,85.75,1157.2790730863603,,,,,,,,,38.57091978119738,35.0,CS,,7.0,BOB
GRID_0786,INDIAN_MARINE,8.5,91.25,416.8989082902455,,,,,,,,,395.0120144354644,25.0,D,,3.0,BOB
GRID_0787,INDIAN_MARINE,9.5,80.75,1569.6925353723948,,,,,,,,,137.08736982916983,25.0,,,3.0,BOB
GRID_0788,INDIAN_MARINE,20.75,70.0,2883.3391734734937,,,,,,,,,58.99404978299851,90.0,ESCS,962.0,40.0,ARB
GRID_0789,INDIAN_MARINE,17.5,82.0,1582.7187767763169,,,,,,,,,69.25317185171834,25.0,DD,,4.0,BOB
GRID_0790,INDIAN_MARINE,11.0,96.75,113.05913516909288,,,,,,,,,689.5851864781191,,,,,
GRID_0791,INDIAN_MARINE,17.25,80.5,1736.2080514664874,,,,,,,,,213.12553247566657,25.0,DD,,4.0,BOB
GRID_0792,INDIAN_MARINE,15.5,86.5,1073.368608356859,,,,,,,,,0.0,30.0,DD,,5.0,BOB
GRID_0793,INDIAN_MARINE,9.5,90.25,547.1479947488524,,,,,,,,,372.2525324661987,25.0,D,,3.0,BOB
GRID_0794,INDIAN_MARINE,18.5,80.5,1757.455915427336,,,,,,,,,147.74136087117435,20.0,D,998.0,3.0,BOB
GRID_0795,INDIAN_MARINE,14.5,70.0,2809.9682652607785,,,,,,,,,55.597463322279445,30.0,DD,,5.0,ARB
GRID_0796,INDIAN_MARINE,11.5,87.75,858.9438878723565,,,,,,,,,464.8512089624183,30.0,DD,,5.0,BOB
GRID_0797,INDIAN_MARINE,15.0,74.5,2336.979386586587,,,,,,,,,412.42306793721656,25.0,D,,3.0,ARB
GRID_0798,INDIAN_MARINE,8.75,80.5,1581.43350140162,,,,,,,,,137.8697794316953,25.0,,,3.0,BOB
GRID_0799,INDIAN_MARINE,15.75,93.25,368.9396567753464,,,,,,,,,196.40556907052937,115.0,VSCS,,65.58718508232494,BOB
GRID_0800,INDIAN_MARINE,19.0,85.25,1286.894444316673,,,,,,,,,26.28421495365293,25.0,D,,4.0,BOB
GRID_0801,INDIAN_MARINE,12.0,97.0,92.40031583195189,,,,,,,,,600.3011186808982,,,,,
GRID_0802,INDIAN_MARINE,8.5,93.25,201.8240613479882,,,,,,,,,601.9878678922701,,,,,
GRID_0803,INDIAN_MARINE,11.25,69.75,2788.3451844241663,,,,,,,,,192.78314700725628,25.0,D,,3.0,ARB
GRID_0804,INDIAN_MARINE,7.5,77.25,1910.4904044431664,,,,,,,,,311.219119296777,25.0,,,3.0,BOB
GRID_0805,INDIAN_MARINE,13.25,82.75,1428.2244748202988,,,,,,,,,87.662993408667,25.0,D,,3.0,BOB
GRID_0806,INDIAN_MARINE,8.5,73.25,2361.889312753147,,,,,,,,,607.7666285059257,,,,,
GRID_0807,INDIAN_MARINE,8.5,96.75,174.10852115474083,,,,,,,,,878.6441211210685,,,,,
GRID_0808,INDIAN_MARINE,10.5,90.0,596.3415793834653,,,,,,,,,446.944451622249,25.0,D,,3.0,BOB
GRID_0809,INDIAN_MARINE,14.75,75.0,2280.0046567852937,,,,,,,,,400.1559356752824,25.0,D,997.0,3.0,BOB
GRID_0810,INDIAN_MARINE,17.25,68.5,3001.785748010756,,,,,,,,,135.1929191948778,65.0,VSCS,980.0,22.0,ARB
GRID_0811,INDIAN_MARINE,15.25,83.5,1385.6591552147493,,,,,,,,,99.10455109229912,45.0,CS,,10.0,BOB
GRID_0812,INDIAN_MARINE,7.25,71.5,2538.6437679591877,,,,,,,,,532.1831882294441,,,,,
GRID_0813,INDIAN_MARINE,20.5,72.5,2622.0531661439672,,,,,,,,,208.30509356084295,90.0,ESCS,962.0,40.0,ARB
GRID_0814,INDIAN_MARINE,12.75,88.75,778.8185063750439,,,,,,,,,355.2084773182888,25.0,D,990.0,3.0995834159888913,BOB
GRID_0815,INDIAN_MARINE,15.5,83.5,1390.2036189578785,,,,,,,,,77.16463984104831,45.0,CS,,10.0,BOB
GRID_0816,INDIAN_MARINE,9.0,70.5,2668.913335602985,,,,,,,,,384.3893009271131,25.0,D,,3.0,ARB
GRID_0817,INDIAN_MARINE,15.5,89.25,783.5382918462719,,,,,,,,,173.82500566107547,40.0,CS,984.0,7.934933544931562,BOB
GRID_0818,INDIAN_MARINE,10.0,90.75,504.75863784643377,,,,,,,,,450.2425642453751,25.0,D,,3.0,BOB
GRID_0819,INDIAN_MARINE,15.75,68.75,2958.9846629820154,,,,,,,,,141.56044555367478,25.0,D,,3.0,ARB
GRID_0820,INDIAN_MARINE,14.5,95.5,103.64903569382572,,,,,,,,,329.1954991787659,115.0,VSCS,,65.58718508232494,BOB
GRID_0821,INDIAN_MARINE,14.0,92.75,381.9300879598676,,,,,,,,,145.73796153590246,25.0,D,990.0,3.0995834159888913,BOB
GRID_0822,INDIAN_MARINE,5.5,76.0,2033.0439143379804,,,,,,,,,572.1772321592354,,,,,
GRID_0823,INDIAN_MARINE,17.75,85.75,1197.4528544877269,,,,,,,,,87.48082470404657,30.0,DD,,5.0,BOB
GRID_0824,INDIAN_MARINE,12.25,74.0,2347.3157520081704,,,,,,,,,353.6479881683508,25.0,D,,3.0,ARB
GRID_0825,INDIAN_MARINE,18.5,68.0,3066.0343570943314,,,,,,,,,210.89648041266338,80.0,VSCS,970.0,30.0,ARB
GRID_0826,INDIAN_MARINE,18.75,70.25,2831.925865804624,,,,,,,,,38.29772398038415,80.0,VSCS,970.0,30.0,ARB
GRID_0827,INDIAN_MARINE,18.75,78.5,1969.804953352681,,,,,,,,,78.72235129352312,20.0,D,998.0,3.0,BOB
GRID_0828,INDIAN_MARINE,9.75,92.0,365.03196712148537,,,,,,,,,530.9638009760968,,,,,
GRID_0829,INDIAN_MARINE,11.0,93.5,233.4553947684378,,,,,,,,,445.52667840332697,25.0,D,990.0,3.0995834159888913,BOB
GRID_0830,INDIAN_MARINE,9.75,74.5,2249.1998741867446,,,,,,,,,493.21437979477787,25.0,,,3.0,BOB
GRID_0831,INDIAN_MARINE,8.75,70.5,2665.210206726254,,,,,,,,,385.5244586687874,25.0,D,,3.0,ARB
GRID_0832,INDIAN_MARINE,15.5,81.0,1654.7119459921164,,,,,,,,,120.82983905325376,35.0,CS,,6.0,BOB
GRID_0833,INDIAN_MARINE,12.5,96.75,76.52991797895385,,,,,,,,,555.4115248291029,,,,,
GRID_0834,INDIAN_MARINE,14.75,95.25,135.830979807854,,,,,,,,,294.65660668250024,115.0,VSCS,,65.58718508232494,BOB
GRID_0835,INDIAN_MARINE,16.0,89.75,741.3259060225341,,,,,,,,,97.47484109943507,40.0,CS,984.0,7.934933544931562,BOB
GRID_0836,INDIAN_MARINE,16.75,77.5,2044.5934467288075,,,,,,,,,109.97796564583884,20.0,D,998.0,3.0,BOB
GRID_0837,INDIAN_MARINE,12.5,92.25,401.03368473967384,,,,,,,,,236.7115610340356,25.0,D,990.0,3.0995834159888913,BOB
GRID_0838,INDIAN_MARINE,20.25,82.75,1579.9416591408378,,,,,,,,,200.30290772806708,20.0,D,998.0,3.0,BOB
GRID_0839,INDIAN_MARINE,16.25,75.0,2301.7689405916176,,,,,,,,,374.89826237871915,25.0,D,997.0,3.0,BOB
GRID_0840,INDIAN_MARINE,20.0,76.25,2227.281137804381,,,,,,,,,309.68331850506183,20.0,D,998.0,3.0,BOB
GRID_0841,INDIAN_MARINE,11.25,70.25,2734.418318176567,,,,,,,,,246.84367675118972,25.0,D,,3.0,ARB
GRID_0842,INDIAN_MARINE,8.75,92.0,341.99595692332224,,,,,,,,,481.6259247941766,25.0,D,,3.0,BOB
GRID_0843,INDIAN_MARINE,21.25,72.5,2637.299111052159,,,,,,,,,148.26010478725502,50.0,SCS,990.0,12.0,ARB
GRID_0844,INDIAN_MARINE,7.0,69.0,2812.1362722132926,,,,,,,,,312.97162288597906,25.0,D,,3.0,ARB
GRID_0845,INDIAN_MARINE,7.75,74.75,2187.347354409336,,,,,,,,,514.9581311550523,,,,,
GRID_0846,INDIAN_MARINE,11.75,91.0,517.2784503360708,,,,,,,,,310.5416919715279,25.0,D,990.0,3.0995834159888913,BOB
GRID_0847,INDIAN_MARINE,18.25,79.75,1830.701053305283,,,,,,,,,101.55572660083281,20.0,D,998.0,3.0,BOB
GRID_0848,INDIAN_MARINE,7.25,92.25,280.22721595840756,,,,,,,,,469.7503552045162,25.0,D,,3.0,BOB
GRID_0849,INDIAN_MARINE,7.0,91.25,382.3100940239738,,,,,,,,,358.68909927673906,25.0,D,,3.0,BOB
GRID_0850,INDIAN_MARINE,13.25,81.5,1561.5952249175116,,,,,,,,,61.15720965450739,55.0,SCS,982.0,18.0,BOB
GRID_0851,INDIAN_MARINE,12.25,91.25,501.79493338917746,,,,,,,,,251.64585475311023,25.0,D,990.0,3.0995834159888913,BOB
GRID_0852,INDIAN_MARINE,6.0,71.5,2531.8163783917357,,,,,,,,,597.7701062273703,,,,,
GRID_0853,INDIAN_MARINE,8.5,79.5,1684.3796919971894,,,,,,,,,111.19492664455872,25.0,,,3.0,BOB
GRID_0854,INDIAN_MARINE,5.75,73.75,2282.4163411449044,,,,,,,,,726.2257602481868,,,,,
GRID_0855,INDIAN_MARINE,12.25,97.25,59.794742267722235,,,,,,,,,566.580973558714,,,,,
GRID_0856,INDIAN_MARINE,22.0,75.0,2405.0263155544512,,,,,,,,,166.79238996683833,25.0,D,999.0,3.0,ARB
GRID_0857,INDIAN_MARINE,14.75,85.5,1164.5479737725598,,,,,,,,,135.93096194271442,30.0,DD,,5.0,BOB
GRID_0858,INDIAN_MARINE,10.0,92.5,317.21413046506905,,,,,,,,,512.0332486961661,,,,,
GRID_0859,INDIAN_MARINE,20.75,74.5,2422.743464689632,,,,,,,,,248.80544585948834,50.0,SCS,990.0,12.0,ARB
GRID_0860,INDIAN_MARINE,10.75,72.25,2510.1846478911793,,,,,,,,,334.6160946047055,25.0,D,,3.0,ARB
GRID_0861,INDIAN_MARINE,7.5,75.25,2129.4231629031683,,,,,,,,,479.379576902097,25.0,,,3.0,BOB
GRID_0862,INDIAN_MARINE,16.5,95.5,208.45942558775596,,,,,,,,,138.68068265988444,115.0,VSCS,,65.58718508232494,BOB
GRID_0863,INDIAN_MARINE,13.0,77.5,1984.6851556363447,,,,,,,,,275.03731301151396,30.0,DD,996.0,4.0,BOB
GRID_0864,INDIAN_MARINE,10.0,68.5,2902.314881015023,,,,,,,,,155.94121480117153,30.0,DD,,5.0,ARB
GRID_0865,INDIAN_MARINE,5.5,72.75,2392.7517197269,,,,,,,,,744.0502303642941,,,,,
GRID_0866,INDIAN_MARINE,15.0,78.75,1884.9913683256443,,,,,,,,,26.85151142270055,30.0,DD,996.0,4.0,BOB
GRID_0867,INDIAN_MARINE,16.5,84.25,1329.1503953318918,,,,,,,,,26.65397081543464,50.0,SCS,,12.398333663955565,BOB
GRID_0868,INDIAN_MARINE,7.25,69.5,2758.714629081392,,,,,,,,,337.0349420610872,25.0,D,,3.0,ARB
GRID_0869,INDIAN_MARINE,13.75,69.25,2879.9995252534236,,,,,,,,,85.60213745276808,30.0,DD,,5.0,ARB
GRID_0870,INDIAN_MARINE,11.5,76.5,2065.6117361541333,,,,,,,,,338.69636235491146,25.0,,,3.0,BOB
GRID_0871,INDIAN_MARINE,16.75,76.0,2202.974605757345,,,,,,,,,267.46377541831504,20.0,D,998.0,3.0,BOB
GRID_0872,INDIAN_MARINE,12.5,97.0,80.24503801336427,,,,,,,,,546.9024416459284,,,,,
GRID_0873,INDIAN_MARINE,18.75,68.0,3068.1010848628557,,,,,,,,,212.56733560972054,80.0,VSCS,970.0,30.0,ARB
GRID_0874,INDIAN_MARINE,7.75,82.25,1371.3975949744597,,,,,,,,,141.68832264948648,25.0,,,3.0,BOB
GRID_0875,INDIAN_MARINE,10.0,72.75,2442.864258386593,,,,,,,,,433.2959310221996,25.0,D,,3.0,ARB
GRID_0876,INDIAN_MARINE,15.25,74.5,2340.6297905137653,,,,,,,,,424.23686046067854,25.0,D,,3.0,ARB
GRID_0877,INDIAN_MARINE,10.75,71.75,2564.136461000927,,,,,,,,,316.4675831978674,25.0,D,,3.0,ARB
GRID_0878,INDIAN_MARINE,15.0,91.0,588.6539379466482,,,,,,,,,55.597463322279445,35.0,CS,986.0,6.075183495338227,BOB
GRID_0879,INDIAN_MARINE,7.0,83.0,1274.827159685577,,,,,,,,,123.52484568837272,25.0,,,3.0,BOB
GRID_0880,INDIAN_MARINE,10.25,96.25,77.98304393139694,,,,,,,,,699.5289977756338,,,,,
GRID_0881,INDIAN_MARINE,14.25,81.0,1632.9778356122265,,,,,,,,,60.660966179185145,55.0,SCS,982.0,18.0,BOB
GRID_0882,INDIAN_MARINE,17.25,72.0,2631.8850407523323,,,,,,,,,253.20783533257654,80.0,VSCS,970.0,30.0,ARB
GRID_0883,INDIAN_MARINE,13.25,84.25,1268.3022119695129,,,,,,,,,206.68491208261108,25.0,D,,3.0,BOB
GRID_0884,INDIAN_MARINE,8.25,91.0,438.0743858279159,,,,,,,,,358.655574213725,25.0,D,,3.0,BOB
GRID_0885,INDIAN_MARINE,5.5,77.0,1922.3696341623584,,,,,,,,,516.406430159349,,,,,
GRID_0886,INDIAN_MARINE,7.0,90.0,517.262969717278,,,,,,,,,220.73202658609554,25.0,D,,3.0,BOB
GRID_0887,INDIAN_MARINE,14.0,94.0,249.94141025934937,,,,,,,,,275.1080813424977,25.0,D,990.0,3.0995834159888913,BOB
GRID_0888,INDIAN_MARINE,14.0,89.75,699.2471630295353,,,,,,,,,196.62656950552514,25.0,D,990.0,3.0995834159888913,BOB
GRID_0889,INDIAN_MARINE,8.25,78.75,1760.3741619841962,,,,,,,,,161.58072055675945,25.0,,,3.0,BOB
GRID_0890,INDIAN_MARINE,11.25,73.75,2357.175925138972,,,,,,,,,389.60362695482803,25.0,D,,3.0,ARB
GRID_0891,INDIAN_MARINE,10.75,89.0,708.9704479026545,,,,,,,,,431.2058870010804,25.0,D,,3.0,BOB
GRID_0892,INDIAN_MARINE,12.75,68.25,2973.1360087548373,,,,,,,,,141.6258427110991,25.0,D,,3.0,ARB
GRID_0893,INDIAN_MARINE,16.0,72.25,2590.0197955979197,,,,,,,,,308.77234589222485,25.0,D,,3.0,ARB
GRID_0894,INDIAN_MARINE,17.25,76.5,2157.183628114489,,,,,,,,,208.1865519092821,20.0,D,998.0,3.0,BOB
GRID_0895,INDIAN_MARINE,19.5,74.0,2449.7764799084584,,,,,,,,,349.3588592347971,50.0,SCS,990.0,12.0,ARB
GRID_0896,INDIAN_MARINE,6.25,93.5,121.8003617665142,,,,,,,,,613.1783957001908,,,,,
GRID_0897,INDIAN_MARINE,8.25,79.5,1679.255650383783,,,,,,,,,138.99365830569843,25.0,,,3.0,BOB
GRID_0898,INDIAN_MARINE,10.0,95.25,23.077514469037663,4.92,1.337,5.24,233.13,255326.0,0.021,302.53000000000003,2024-06-16 11:37:42.007185024,645.230710021515,,,,,
GRID_0899,INDIAN_MARINE,6.5,93.5,127.71220123453718,,,,,,,,,609.8672347245333,,,,,
GRID_0900,INDIAN_MARINE,18.5,82.0,1602.3612027178112,,,,,,,,,164.42653259899157,25.0,DD,,4.0,BOB
GRID_0901,INDIAN_MARINE,10.25,94.25,135.7422025231938,,,,,,,,,559.0110370680827,,,,,
GRID_0902,INDIAN_MARINE,13.5,94.5,185.5264779306157,,,,,,,,,342.23651801868317,25.0,D,990.0,3.0995834159888913,BOB
GRID_0903,INDIAN_MARINE,7.5,80.25,1583.1627489150972,,,,,,,,,237.19081855281846,25.0,,,3.0,BOB
GRID_0904,INDIAN_MARINE,14.25,91.5,519.5563583330124,,,,,,,,,27.798731661139723,25.0,D,990.0,3.0995834159888913,BOB
GRID_0905,INDIAN_MARINE,12.5,70.0,2781.237522409363,,,,,,,,,155.2500941356149,25.0,D,,3.0,ARB
GRID_0906,INDIAN_MARINE,13.5,70.75,2715.675426504124,,,,,,,,,27.030649323937723,25.0,D,,3.0,ARB
GRID_0907,INDIAN_MARINE,9.0,90.25,535.8707555039898,,,,,,,,,332.91503522786337,25.0,D,,3.0,BOB
GRID_0908,INDIAN_MARINE,10.0,84.25,1202.9108070127493,,,,,,,,,72.12472740143772,25.0,D,990.0,3.0,BOB
GRID_0909,INDIAN_MARINE,8.5,94.75,40.75052339723704,4.05,1.002,5.42,216.0,162055.0,0.172,302.46,2024-06-16 11:38:07.833218048,755.2430700599592,,,,,
GRID_0910,INDIAN_MARINE,7.0,93.25,166.50212327825454,,,,,,,,,579.4189937074804,,,,,
GRID_0911,INDIAN_MARINE,13.75,70.75,2719.302168970212,,,,,,,,,38.76410007376798,25.0,D,,3.0,ARB
GRID_0912,INDIAN_MARINE,12.0,74.5,2289.373832282956,,,,,,,,,414.6003961459462,25.0,D,,3.0,ARB
GRID_0913,INDIAN_MARINE,7.75,83.0,1290.2966668140994,,,,,,,,,99.92103118996229,25.0,D,,4.0,BOB
GRID_0914,INDIAN_MARINE,8.0,70.25,2683.109234184746,,,,,,,,,374.3058757906074,25.0,D,,3.0,ARB
GRID_0915,INDIAN_MARINE,6.5,72.25,2450.908708517015,,,,,,,,,641.724840078239,,,,,
GRID_0916,INDIAN_MARINE,17.5,77.75,2029.114860686524,,,,,,,,,80.52098287311867,20.0,D,998.0,3.0,BOB
GRID_0917,INDIAN_MARINE,8.5,75.25,2144.4220106445555,,,,,,,,,432.80514729433867,25.0,,,3.0,BOB
GRID_0918,INDIAN_MARINE,15.75,71.5,2666.4745582082874,,,,,,,,,252.68463637783424,30.0,DD,,5.0,ARB
GRID_0919,INDIAN_MARINE,10.75,77.0,1998.111964164932,,,,,,,,,248.05002480492118,25.0,,,3.0,BOB
GRID_0920,INDIAN_MARINE,19.25,80.5,1774.6117625083446,,,,,,,,,139.37487226727055,20.0,D,998.0,3.0,BOB
GRID_0921,INDIAN_MARINE,6.25,78.5,1759.7606325473453,,,,,,,,,377.79200744221544,25.0,,,3.0,BOB
GRID_0922,INDIAN_MARINE,15.25,70.75,2739.8379601982138,,,,,,,,,160.718558502819,30.0,DD,,5.0,ARB
GRID_0923,INDIAN_MARINE,9.0,79.25,1721.5298148696322,,,,,,,,,61.99899410713454,25.0,,,3.0,BOB
GRID_0924,INDIAN_MARINE,16.75,84.25,1333.6323021936798,,,,,,,,,38.500401475386084,50.0,SCS,,12.398333663955565,BOB
GRID_0925,INDIAN_MARINE,15.25,71.0,2713.2037592798624,,,,,,,,,175.7689606113017,30.0,DD,,5.0,ARB
GRID_0926,INDIAN_MARINE,18.0,83.5,1435.8857969237156,,,,,,,,,145.79043520446498,25.0,DD,,4.0,BOB
GRID_0927,INDIAN_MARINE,19.25,71.75,2680.2678839859514,,,,,,,,,190.79977100755704,90.0,ESCS,962.0,40.0,ARB
GRID_0928,INDIAN_MARINE,16.5,70.5,2781.8463311289006,,,,,,,,,228.62293182430437,80.0,VSCS,970.0,30.0,ARB
GRID_0929,INDIAN_MARINE,9.75,95.25,17.044731804575175,5.59,1.359,5.33,230.79,234685.0,0.03,302.52,2024-06-16 11:37:46.138256128,667.1287679935267,,,,,
GRID_0930,INDIAN_MARINE,20.0,80.25,1820.55394945913,,,,,,,,,135.8897281875303,20.0,D,998.0,3.0,BOB
GRID_0931,INDIAN_MARINE,16.25,84.75,1271.9880940166363,,,,,,,,,27.25780011440829,45.0,CS,,10.0,BOB
GRID_0932,INDIAN_MARINE,15.0,70.5,2763.2227749346844,,,,,,,,,123.53752487962616,30.0,DD,,5.0,ARB
GRID_0933,INDIAN_MARINE,12.0,68.75,2908.0783931508317,,,,,,,,,98.78021575480969,25.0,D,,3.0,ARB
GRID_0934,INDIAN_MARINE,18.0,76.5,2167.364352426658,,,,,,,,,190.35403963977987,20.0,D,998.0,3.0,BOB
GRID_0935,INDIAN_MARINE,16.5,77.0,2093.735181981552,,,,,,,,,169.11483958945493,20.0,D,998.0,3.0,BOB
GRID_0936,INDIAN_MARINE,13.75,90.0,667.4151975105398,,,,,,,,,181.98159545737408,25.0,D,990.0,3.0995834159888913,BOB
GRID_0937,INDIAN_MARINE,8.5,71.0,2607.1895166480094,,,,,,,,,443.1014217974673,25.0,D,,3.0,ARB
GRID_0938,INDIAN_MARINE,9.5,81.5,1488.8176275619692,,,,,,,,,78.11700792544076,25.0,,,3.0,BOB
GRID_0939,INDIAN_MARINE,7.75,79.75,1642.1030831289506,,,,,,,,,196.52234398428413,25.0,,,3.0,BOB
GRID_0940,INDIAN_MARINE,19.0,82.0,1614.9016916538678,,,,,,,,,217.78233335658314,25.0,DD,,4.0,BOB
GRID_0941,INDIAN_MARINE,9.75,90.5,525.9363234164265,,,,,,,,,411.2504799444636,25.0,D,,3.0,BOB
GRID_0942,INDIAN_MARINE,12.0,91.0,522.8483688156135,,,,,,,,,283.2050496409181,25.0,D,990.0,3.0995834159888913,BOB
GRID_0943,INDIAN_MARINE,12.0,70.5,2719.6398766909697,,,,,,,,,175.38536535187427,25.0,D,,3.0,ARB
GRID_0944,INDIAN_MARINE,7.75,91.25,399.640856388328,,,,,,,,,367.96549544351825,25.0,D,,3.0,BOB
GRID_0945,INDIAN_MARINE,10.5,96.5,98.6293754382492,,,,,,,,,701.6481820754792,,,,,
GRID_0946,INDIAN_MARINE,14.75,81.25,1615.2278829816637,,,,,,,,,85.26043933330374,35.0,CS,,6.0,BOB
GRID_0947,INDIAN_MARINE,8.75,83.5,1257.5482696425377,,,,,,,,,27.798731661139545,25.0,D,,4.0,BOB
GRID_0948,INDIAN_MARINE,16.75,81.5,1622.9143053617222,,,,,,,,,109.97796564583753,40.0,CS,,8.0,BOB
GRID_0949,INDIAN_MARINE,15.5,70.5,2769.669102141618,,,,,,,,,175.24328324964722,30.0,DD,,5.0,ARB
GRID_0950,INDIAN_MARINE,17.75,69.75,2874.7942655503293,,,,,,,,,87.48082470404616,80.0,VSCS,970.0,30.0,ARB
GRID_0951,INDIAN_MARINE,22.0,70.25,2881.7206357083223,,,,,,,,,168.79248481523913,90.0,ESCS,962.0,40.0,ARB
GRID_0952,INDIAN_MARINE,18.5,83.0,1499.4762505116553,,,,,,,,,164.42653259899203,25.0,DD,,4.0,BOB
GRID_0953,INDIAN_MARINE,19.75,72.0,2661.075984801572,,,,,,,,,177.42764314946245,90.0,ESCS,962.0,40.0,ARB
GRID_0954,INDIAN_MARINE,14.25,93.5,308.43431705787,,,,,,,,,217.21247677444285,25.0,D,990.0,3.0995834159888913,BOB
GRID_0955,INDIAN_MARINE,20.0,76.0,2252.9003914414097,,,,,,,,,328.51599809965234,20.0,D,998.0,3.0,BOB
GRID_0956,INDIAN_MARINE,8.5,93.0,228.6836140609671,,,,,,,,,575.573309120138,,,,,
GRID_0957,INDIAN_MARINE,8.5,75.5,2117.2858640681657,,,,,,,,,406.7822232726282,25.0,,,3.0,BOB
GRID_0958,INDIAN_MARINE,12.75,94.75,141.45620608501332,,,,,,,,,401.50162958206545,25.0,D,990.0,3.0995834159888913,BOB
GRID_0959,INDIAN_MARINE,8.5,80.0,1630.3328773164224,,,,,,,,,124.01476848560812,25.0,,,3.0,BOB
GRID_0960,INDIAN_MARINE,11.5,77.0,2011.851485679385,,,,,,,,,296.3774117152074,25.0,,,3.0,BOB
GRID_0961,INDIAN_MARINE,5.25,78.0,1811.4543968161763,,,,,,,,,500.67803245009753,,,,,
GRID_0962,INDIAN_MARINE,13.5,85.25,1166.7078660861405,,,,,,,,,259.9290390830273,30.0,DD,,5.0,BOB
GRID_0963,INDIAN_MARINE,20.25,75.75,2283.9746469199144,,,,,,,,,366.5368963766942,20.0,D,998.0,3.0,BOB
GRID_0964,INDIAN_MARINE,17.75,81.75,1613.0890721884589,,,,,,,,,107.4945161463348,25.0,DD,,4.0,BOB
GRID_0965,INDIAN_MARINE,8.75,75.0,2176.095773671664,,,,,,,,,451.5493488957407,25.0,,,3.0,BOB
GRID_0966,INDIAN_MARINE,12.75,73.25,2436.0335859515144,,,,,,,,,257.52724752244376,25.0,D,,3.0,ARB
GRID_0967,INDIAN_MARINE,19.0,79.5,1871.397870508914,,,,,,,,,31.54105677747128,20.0,D,998.0,3.0,BOB
GRID_0968,INDIAN_MARINE,15.25,69.75,2846.4050243479664,,,,,,,,,115.98016408339173,25.0,D,,3.0,ARB
GRID_0969,INDIAN_MARINE,13.0,72.5,2520.465830032798,,,,,,,,,171.60727765481897,25.0,D,,3.0,ARB
GRID_0970,INDIAN_MARINE,14.75,81.5,1588.684813916212,,,,,,,,,60.499064323745586,35.0,CS,,6.0,BOB
GRID_0971,INDIAN_MARINE,6.25,72.0,2477.371320809284,,,,,,,,,630.1633179108384,,,,,
GRID_0972,INDIAN_MARINE,16.0,93.25,376.44381218112414,,,,,,,,,168.9030351579351,115.0,VSCS,,65.58718508232494,BOB
GRID_0973,INDIAN_MARINE,15.25,96.25,49.66115634412229,4.45,1.189,5.47,236.24,123164.0,0.137,302.3,2024-06-16 11:36:18.337842048,294.6996899493827,115.0,VSCS,,65.58718508232494,BOB
GRID_0974,INDIAN_MARINE,21.75,68.5,3054.338802564771,,,,,,,,,98.15971795146154,25.0,D,,3.0,ARB
GRID_0975,INDIAN_MARINE,10.5,77.5,1939.571587422832,,,,,,,,,186.75326191997078,25.0,,,3.0,BOB
GRID_0976,INDIAN_MARINE,8.75,78.75,1770.5201065098918,,,,,,,,,109.14065262922713,25.0,,,3.0,BOB
GRID_0977,INDIAN_MARINE,18.75,70.0,2858.157679590448,,,,,,,,,27.798731661139723,80.0,VSCS,970.0,30.0,ARB
GRID_0978,INDIAN_MARINE,15.5,84.25,1310.933961057123,,,,,,,,,92.88657211902928,45.0,CS,,10.0,BOB
GRID_0979,INDIAN_MARINE,13.25,70.0,2792.4542674051268,,,,,,,,,83.39619498341916,30.0,DD,,5.0,ARB
GRID_0980,INDIAN_MARINE,21.0,69.0,2990.1973132579647,,,,,,,,,55.597463322279445,25.0,D,,3.0,ARB
GRID_0981,INDIAN_MARINE,9.25,75.5,2131.656326636674,,,,,,,,,387.11763383019127,25.0,,,3.0,BOB
GRID_0982,INDIAN_MARINE,14.25,81.25,1606.37974961312,,,,,,,,,85.51888035650761,55.0,SCS,982.0,18.0,BOB
GRID_0983,INDIAN_MARINE,8.25,83.25,1273.9482077782638,,,,,,,,,39.10426935330491,25.0,D,,4.0,BOB
GRID_0984,INDIAN_MARINE,5.0,74.75,2171.5937445671984,,,,,,,,,701.9059497024039,,,,,
GRID_0985,INDIAN_MARINE,5.25,72.0,2475.819652136303,,,,,,,,,691.4540520037876,,,,,
GRID_0986,INDIAN_MARINE,21.0,72.25,2657.448977851236,,,,,,,,,183.89972324493718,50.0,SCS,990.0,12.0,ARB
GRID_0987,INDIAN_MARINE,18.25,84.75,1313.5237731375269,,,,,,,,,114.89267421999041,25.0,D,,4.0,BOB
GRID_0988,INDIAN_MARINE,16.75,80.5,1728.2357775486107,,,,,,,,,214.6206248055598,40.0,CS,,8.0,BOB
GRID_0989,INDIAN_MARINE,7.0,75.75,2069.012883576794,,,,,,,,,466.8552367499212,25.0,,,3.0,BOB
GRID_0990,INDIAN_MARINE,14.75,92.0,477.82030294887,,,,,,,,,60.553929025129044,25.0,D,990.0,3.0995834159888913,BOB
GRID_0991,INDIAN_MARINE,5.0,79.75,1617.7904186141411,,,,,,,,,501.1360737522202,,,,,
GRID_0992,INDIAN_MARINE,10.5,69.0,2856.8186512030948,,,,,,,,,155.81436046561907,25.0,D,,3.0,ARB
GRID_0993,INDIAN_MARINE,15.25,68.5,2979.676764951669,,,,,,,,,99.2081056936867,25.0,D,,3.0,ARB
GRID_0994,INDIAN_MARINE,13.0,94.0,226.77380555014557,,,,,,,,,317.37257947768603,25.0,D,990.0,3.0995834159888913,BOB
GRID_0995,INDIAN_MARINE,17.0,70.25,2814.022151729702,,,,,,,,,168.8804176309946,80.0,VSCS,970.0,30.0,ARB
GRID_0996,INDIAN_MARINE,11.25,84.25,1228.5751341533628,,,,,,,,,192.94707405104197,30.0,DD,992.0,4.0,BOB
GRID_0997,INDIAN_MARINE,12.75,79.0,1819.739249625468,,,,,,,,,213.65624130164173,55.0,SCS,982.0,18.0,BOB
GRID_0998,INDIAN_MARINE,13.25,72.25,2551.142119518298,,,,,,,,,138.05126296997645,25.0,D,,3.0,ARB
GRID_0999,INDIAN_MARINE,12.75,94.5,167.94481126268388,,,,,,,,,378.09859222976405,25.0,D,990.0,3.0995834159888913,BOB
GRID_1000,INDIAN_MARINE,7.75,89.5,588.3376101480047,,,,,,,,,185.24525509542048,25.0,D,,3.0,BOB
GRID_1001,INDIAN_MARINE,19.25,73.25,2523.9256302227896,,,,,,,,,319.3911521674856,90.0,ESCS,962.0,40.0,ARB
GRID_1002,INDIAN_MARINE,8.75,81.5,1473.4331341281984,,,,,,,,,61.56514980020698,25.0,,,3.0,BOB
GRID_1003,INDIAN_MARINE,16.75,91.25,605.1953594929349,,,,,,,,,38.500401475386084,40.0,CS,984.0,7.934933544931562,BOB
GRID_1004,INDIAN_MARINE,11.25,79.25,1765.3670335948998,,,,,,,,,174.50626141586162,25.0,,,3.0,BOB
GRID_1005,INDIAN_MARINE,18.0,82.5,1539.6215621120914,,,,,,,,,100.07543398010264,25.0,DD,,4.0,BOB
GRID_1006,INDIAN_MARINE,8.0,95.5,52.00487705273243,,,,,,,,,834.2498171819902,,,,,
GRID_1007,INDIAN_MARINE,11.5,85.25,1126.5078692645814,,,,,,,,,270.5696999280516,25.0,D,990.0,3.0,BOB
GRID_1008,INDIAN_MARINE,12.0,94.75,123.75044016634467,,,,,,,,,448.31870834332136,25.0,D,990.0,3.0995834159888913,BOB
GRID_1009,INDIAN_MARINE,21.25,72.25,2662.7075053334015,,,,,,,,,159.08591736211218,50.0,SCS,990.0,12.0,ARB
GRID_1010,INDIAN_MARINE,13.75,85.5,1145.0441671590545,,,,,,,,,222.35256740272567,30.0,DD,,5.0,BOB
GRID_1011,INDIAN_MARINE,19.5,80.0,1832.0511940234223,,,,,,,,,100.7176035664924,20.0,D,998.0,3.0,BOB
GRID_1012,INDIAN_MARINE,14.5,88.75,815.5921399941408,,,,,,,,,266.01374047365994,30.0,DD,,5.0,BOB
GRID_1013,INDIAN_MARINE,11.75,89.5,677.338085425051,,,,,,,,,374.7018000411775,25.0,D,990.0,3.0995834159888913,BOB
GRID_1014,INDIAN_MARINE,11.75,90.75,543.9459500282593,,,,,,,,,316.38573556572857,25.0,D,990.0,3.0995834159888913,BOB
GRID_1015,INDIAN_MARINE,14.25,69.5,2860.070362601158,,,,,,,,,60.60789688055286,25.0,D,,3.0,ARB
GRID_1016,INDIAN_MARINE,12.25,81.0,1596.4220777968692,,,,,,,,,61.00715443012678,50.0,SCS,986.0,14.0,BOB
GRID_1017,INDIAN_MARINE,19.75,82.25,1611.973868023553,,,,,,,,,190.51406937655713,20.0,D,998.0,3.0,BOB
GRID_1018,INDIAN_MARINE,9.0,95.5,27.922397180581537,4.63,1.106,5.2700000000000005,222.56,187146.0,0.075,302.49,2024-06-16 11:37:57.500260864,750.6515152732604,,,,,
GRID_1019,INDIAN_MARINE,16.25,68.25,3017.8084775517395,,,,,,,,,84.70474524582056,65.0,VSCS,980.0,22.0,ARB
GRID_1020,INDIAN_MARINE,9.0,80.25,1613.5336173429796,,,,,,,,,99.32900778521015,25.0,,,3.0,BOB
GRID_1021,INDIAN_MARINE,5.5,71.5,2531.1045845573085,,,,,,,,,630.6902608128416,,,,,
GRID_1022,INDIAN_MARINE,12.0,71.25,2638.9155481574694,,,,,,,,,168.98160485248826,25.0,D,,3.0,ARB
GRID_1023,INDIAN_MARINE,8.5,94.5,67.50542094384598,,,,,,,,,735.3035717050416,,,,,
GRID_1024,INDIAN_MARINE,8.0,73.0,2382.034119575943,,,,,,,,,649.3967968568811,,,,,
GRID_1025,INDIAN_MARINE,20.25,68.5,3030.8589339898344,,,,,,,,,59.06899748800653,25.0,D,,3.0,ARB
GRID_1026,INDIAN_MARINE,6.0,72.5,2421.2641369122875,,,,,,,,,691.9781939186767,,,,,
GRID_1027,INDIAN_MARINE,20.5,73.5,2519.499885514112,,,,,,,,,228.32590954146303,50.0,SCS,990.0,12.0,ARB
GRID_1028,INDIAN_MARINE,18.75,69.25,2936.8678161716175,,,,,,,,,83.77515751846443,80.0,VSCS,970.0,30.0,ARB
GRID_1029,INDIAN_MARINE,11.5,95.25,58.708065272114574,,,,,,,,,525.6488436666223,,,,,
GRID_1030,INDIAN_MARINE,15.75,95.0,192.3644184210076,,,,,,,,,180.40521151292504,115.0,VSCS,,65.58718508232494,BOB
GRID_1031,INDIAN_MARINE,7.75,90.5,480.4926452837684,,,,,,,,,288.02298577900893,25.0,D,,3.0,BOB
GRID_1032,INDIAN_MARINE,14.5,84.0,1318.788429637427,,,,,,,,,161.47936966431257,30.0,DD,,5.0,BOB
GRID_1033,INDIAN_MARINE,7.0,93.0,193.4746595581931,,,,,,,,,551.8278800392268,,,,,
GRID_1034,INDIAN_MARINE,11.5,96.5,74.27367404958453,,,,,,,,,636.1270378950184,,,,,
GRID_1035,INDIAN_MARINE,7.0,78.0,1821.853319315776,,,,,,,,,319.7452188709166,25.0,,,3.0,BOB
GRID_1036,INDIAN_MARINE,12.75,71.25,2650.7514331299526,,,,,,,,,87.68030444940584,25.0,D,,3.0,ARB
GRID_1037,INDIAN_MARINE,16.5,94.25,304.15588358220174,,,,,,,,,92.8472357357468,115.0,VSCS,,65.58718508232494,BOB
GRID_1038,INDIAN_MARINE,5.0,78.0,1811.624735472617,,,,,,,,,527.009647976222,,,,,
GRID_1039,INDIAN_MARINE,8.0,76.25,2027.204879482304,,,,,,,,,356.39468531438115,25.0,,,3.0,BOB
GRID_1040,INDIAN_MARINE,17.0,77.25,2074.60006715446,,,,,,,,,132.92007114338202,20.0,D,998.0,3.0,BOB
GRID_1041,INDIAN_MARINE,17.0,94.0,358.80461603814194,,,,,,,,,62.730250060829555,115.0,VSCS,,65.58718508232494,BOB
GRID_1042,INDIAN_MARINE,5.5,74.5,2199.0604962948532,,,,,,,,,681.1651458089681,,,,,
GRID_1043,INDIAN_MARINE,15.0,71.5,2656.5905524478685,,,,,,,,,175.28059601654596,25.0,D,,3.0,ARB
GRID_1044,INDIAN_MARINE,11.5,71.5,2603.8145856916044,,,,,,,,,228.91739918350177,25.0,D,,3.0,ARB
GRID_1045,INDIAN_MARINE,13.25,73.0,2470.753357674183,,,,,,,,,218.13571849677405,25.0,D,,3.0,ARB
GRID_1046,INDIAN_MARINE,21.75,74.0,2497.9231567977085,,,,,,,,,132.53341692346225,50.0,SCS,990.0,12.0,ARB
GRID_1047,INDIAN_MARINE,15.75,85.25,1210.0123097975484,,,,,,,,,38.57091978119738,35.0,CS,,7.0,BOB
GRID_1048,INDIAN_MARINE,14.5,74.0,2382.8649343707684,,,,,,,,,342.23651801868317,25.0,D,,3.0,ARB
GRID_1049,INDIAN_MARINE,8.25,70.75,2631.2654387933862,,,,,,,,,420.61108815674623,25.0,D,,3.0,ARB
GRID_1050,INDIAN_MARINE,8.25,81.25,1490.0534030827005,,,,,,,,,117.2745848492543,25.0,,,3.0,BOB
GRID_1051,INDIAN_MARINE,17.0,84.0,1364.3295899405614,,,,,,,,,55.597463322279445,50.0,SCS,,12.398333663955565,BOB
GRID_1052,INDIAN_MARINE,5.5,76.75,1950.0378913939796,,,,,,,,,528.750177681855,,,,,
GRID_1053,INDIAN_MARINE,14.25,83.25,1393.7471675544743,,,,,,,,,85.43417686200353,30.0,DD,,5.0,BOB
GRID_1054,INDIAN_MARINE,13.5,70.25,2769.2729832921636,,,,,,,,,61.80764189205788,30.0,DD,,5.0,ARB
GRID_1055,INDIAN_MARINE,17.75,82.5,1534.7124073259752,,,,,,,,,72.27670231896292,25.0,DD,,4.0,BOB
GRID_1056,INDIAN_MARINE,12.25,89.5,688.1993525991896,,,,,,,,,330.7533834604416,25.0,D,990.0,3.0995834159888913,BOB
GRID_1057,INDIAN_MARINE,15.75,82.0,1553.211326492975,,,,,,,,,60.32910671663544,40.0,CS,,8.0,BOB
GRID_1058,INDIAN_MARINE,14.0,76.25,2134.9915280314926,,,,,,,,,316.233843553042,30.0,DD,996.0,4.0,BOB
GRID_1059,INDIAN_MARINE,21.25,70.0,2892.0828130197074,,,,,,,,,98.2520611667981,90.0,ESCS,962.0,40.0,ARB
GRID_1060,INDIAN_MARINE,13.75,90.75,587.9549620411356,,,,,,,,,116.17028864275535,25.0,D,990.0,3.0995834159888913,BOB
GRID_1061,INDIAN_MARINE,11.5,79.25,1770.0594845649805,,,,,,,,,202.00723372175582,25.0,,,3.0,BOB
GRID_1062,INDIAN_MARINE,10.5,75.75,2128.1998594237916,,,,,,,,,366.7309096072706,25.0,,,3.0,BOB
GRID_1063,INDIAN_MARINE,10.25,88.75,724.822234949476,,,,,,,,,370.66777621560857,25.0,D,,3.0,BOB
GRID_1064,INDIAN_MARINE,9.25,88.0,783.4404645674241,,,,,,,,,250.18858495025714,25.0,D,,3.0,BOB
GRID_1065,INDIAN_MARINE,12.75,68.0,3000.018745918728,,,,,,,,,138.99365830569843,25.0,D,,3.0,ARB
GRID_1066,INDIAN_MARINE,20.0,73.5,2510.0050706265397,,,,,,,,,282.7743914690637,50.0,SCS,990.0,12.0,ARB
GRID_1067,INDIAN_MARINE,14.75,79.0,1854.2921921815432,,,,,,,,,27.798731661139367,30.0,DD,996.0,4.0,BOB
GRID_1068,INDIAN_MARINE,11.25,77.5,1953.526464305588,,,,,,,,,237.91502558721257,25.0,,,3.0,BOB
GRID_1069,INDIAN_MARINE,9.25,73.25,2374.9528274947925,,,,,,,,,532.408283596887,,,,,
GRID_1070,INDIAN_MARINE,8.0,81.25,1484.8198584554775,,,,,,,,,138.44530357347867,25.0,,,3.0,BOB
GRID_1071,INDIAN_MARINE,10.5,93.0,275.2517618209677,,,,,,,,,473.63806181697004,25.0,D,990.0,3.0995834159888913,BOB
GRID_1072,INDIAN_MARINE,21.5,71.75,2718.912735647188,,,,,,,,,170.2109214583075,50.0,SCS,990.0,12.0,ARB
GRID_1073,INDIAN_MARINE,15.75,73.25,2480.516464443773,,,,,,,,,348.1215192232726,25.0,D,,3.0,ARB
GRID_1074,INDIAN_MARINE,16.0,70.0,2829.0054509589236,,,,,,,,,198.312276014164,25.0,D,,3.0,ARB
GRID_1075,INDIAN_MARINE,16.5,93.75,349.50834115395963,,,,,,,,,114.32847787778523,115.0,VSCS,,65.58718508232494,BOB
GRID_1076,INDIAN_MARINE,20.0,77.25,2125.002503385042,,,,,,,,,232.67772542891757,20.0,D,998.0,3.0,BOB
GRID_1077,INDIAN_MARINE,13.0,85.5,1130.1566805449254,,,,,,,,,298.14404411092005,30.0,DD,,5.0,BOB
GRID_1078,INDIAN_MARINE,18.75,68.25,3041.850417111929,,,,,,,,,186.48288971576596,80.0,VSCS,970.0,30.0,ARB
GRID_1079,INDIAN_MARINE,9.5,94.75,64.45020605386362,,,,,,,,,658.7631755338859,,,,,
GRID_1080,INDIAN_MARINE,10.0,75.0,2199.8611196563484,,,,,,,,,439.48788593519794,25.0,,,3.0,BOB
GRID_1081,INDIAN_MARINE,14.25,77.0,2059.0175985047294,,,,,,,,,230.77711740487575,30.0,DD,996.0,4.0,BOB
GRID_1082,INDIAN_MARINE,15.75,75.5,2241.6516481828935,,,,,,,,,322.0610170942248,25.0,D,997.0,3.0,BOB
GRID_1083,INDIAN_MARINE,19.5,77.25,2113.877696581959,,,,,,,,,200.10475335688898,20.0,D,998.0,3.0,BOB
GRID_1084,INDIAN_MARINE,20.0,71.0,2768.414974725813,,,,,,,,,76.2353432132595,90.0,ESCS,962.0,40.0,ARB
GRID_1085,INDIAN_MARINE,10.0,71.25,2604.960617680445,,,,,,,,,390.13238896514105,25.0,D,,3.0,ARB
GRID_1086,INDIAN_MARINE,11.5,69.75,2792.417447112513,,,,,,,,,190.68435274792324,25.0,D,,3.0,ARB
GRID_1087,INDIAN_MARINE,14.0,70.25,2776.381282427612,,,,,,,,,26.972989274411525,30.0,DD,,5.0,ARB
GRID_1088,INDIAN_MARINE,10.0,97.0,141.2370554821417,,,,,,,,,779.3186618628165,,,,,
GRID_1089,INDIAN_MARINE,22.0,68.5,3059.051971745684,,,,,,,,,122.63802220071383,25.0,D,,3.0,ARB
GRID_1090,INDIAN_MARINE,14.5,94.25,235.1605126833326,,,,,,,,,296.0442592895747,25.0,D,990.0,3.0995834159888913,BOB
GRID_1091,INDIAN_MARINE,8.0,90.75,459.2806899516412,,,,,,,,,322.9142442062187,25.0,D,,3.0,BOB
GRID_1092,INDIAN_MARINE,19.75,71.0,2764.8653755942623,,,,,,,,,98.38705802507843,90.0,ESCS,962.0,40.0,ARB
GRID_1093,INDIAN_MARINE,7.0,74.5,2206.476255574116,,,,,,,,,578.9490868885845,,,,,
GRID_1094,INDIAN_MARINE,10.75,89.25,682.1964192279376,,,,,,,,,439.00488470305766,25.0,D,,3.0,BOB
GRID_1095,INDIAN_MARINE,9.0,89.5,616.5228318666192,,,,,,,,,277.0110822034572,25.0,D,,3.0,BOB
GRID_1096,INDIAN_MARINE,16.25,90.0,720.2880972106143,,,,,,,,,60.15114206462614,40.0,CS,984.0,7.934933544931562,BOB
GRID_1097,INDIAN_MARINE,8.25,90.75,465.00055717974664,,,,,,,,,333.427520961114,25.0,D,,3.0,BOB
GRID_1098,INDIAN_MARINE,12.75,95.75,35.494803178632964,4.55,1.277,5.24,229.03,178304.0,0.095,302.37,2024-06-16 11:36:56.565395840,498.7770060230921,25.0,D,990.0,3.0995834159888913,BOB
GRID_1099,INDIAN_MARINE,11.25,70.75,2680.4973722245127,,,,,,,,,251.65749930461465,25.0,D,,3.0,ARB
GRID_1100,INDIAN_MARINE,19.0,79.25,1897.1812468801425,,,,,,,,,5.256843415060945,20.0,D,998.0,3.0,BOB
GRID_1101,INDIAN_MARINE,12.5,83.0,1387.1861869450197,,,,,,,,,122.06005553226868,35.0,CS,994.0,6.0,BOB
GRID_1102,INDIAN_MARINE,18.5,83.25,1473.8316550966688,,,,,,,,,174.7530315405952,25.0,DD,,4.0,BOB
GRID_1103,INDIAN_MARINE,19.5,72.25,2631.500574401842,,,,,,,,,214.00719637477155,90.0,ESCS,962.0,40.0,ARB
GRID_1104,INDIAN_MARINE,17.5,84.5,1321.1840314805047,,,,,,,,,76.87854959258752,55.0,SCS,,15.001983733386234,BOB
GRID_1105,INDIAN_MARINE,8.25,95.5,45.9634071841201,3.96,1.074,5.48,214.92,159744.0,0.174,302.46,2024-06-16 11:38:09.899810816,820.3047902616225,,,,,
GRID_1106,INDIAN_MARINE,17.0,85.0,1259.375758020783,,,,,,,,,0.0,55.0,SCS,,15.001983733386234,BOB
GRID_1107,INDIAN_MARINE,19.25,68.75,2993.685701667926,,,,,,,,,141.43073456721746,25.0,D,,3.0,ARB
GRID_1108,INDIAN_MARINE,5.0,73.5,2310.0398249430273,,,,,,,,,800.503292088508,,,,,
GRID_1109,INDIAN_MARINE,16.0,89.25,793.8406089651265,,,,,,,,,136.9598757762467,40.0,CS,984.0,7.934933544931562,BOB
GRID_1110,INDIAN_MARINE,7.5,90.0,528.7005500881638,,,,,,,,,227.5088068246251,25.0,D,,3.0,BOB
GRID_1111,INDIAN_MARINE,9.0,74.25,2262.0289240087805,,,,,,,,,526.9318406292247,,,,,
GRID_1112,INDIAN_MARINE,9.5,79.0,1758.4934420033146,,,,,,,,,22.2389853289116,25.0,,,3.0,BOB
GRID_1113,INDIAN_MARINE,18.25,81.25,1674.573833758421,,,,,,,,,184.0904455345439,25.0,DD,,4.0,BOB
GRID_1114,INDIAN_MARINE,9.0,73.0,2397.403783242777,,,,,,,,,545.8247500533491,,,,,
GRID_1115,INDIAN_MARINE,19.25,85.0,1320.8155776366066,,,,,,,,,27.798731661139367,20.0,D,,3.0,BOB
GRID_1116,INDIAN_MARINE,9.25,79.5,1699.5518752032133,,,,,,,,,27.798731661139723,25.0,,,3.0,BOB
GRID_1117,INDIAN_MARINE,11.75,71.25,2634.860834183891,,,,,,,,,196.47262188772766,25.0,D,,3.0,ARB
GRID_1118,INDIAN_MARINE,15.25,96.0,71.65138224401696,,,,,,,,,278.55384401341047,115.0,VSCS,,65.58718508232494,BOB
GRID_1119,INDIAN_MARINE,7.5,92.75,232.16952291174488,,,,,,,,,526.8905058517759,,,,,
GRID_1120,INDIAN_MARINE,7.0,72.25,2454.1115439565992,,,,,,,,,619.3603683223755,,,,,
GRID_1121,INDIAN_MARINE,13.0,68.5,2949.882885388799,,,,,,,,,175.31672074250645,25.0,D,,3.0,ARB
GRID_1122,INDIAN_MARINE,9.5,88.25,762.0477390307173,,,,,,,,,279.34508868135424,25.0,D,,3.0,BOB
GRID_1123,INDIAN_MARINE,11.75,82.75,1399.3414079920258,,,,,,,,,86.21587820010025,35.0,CS,994.0,6.0,BOB
GRID_1124,INDIAN_MARINE,12.5,79.75,1734.9208122124255,,,,,,,,,185.49614801691763,55.0,SCS,982.0,18.0,BOB
GRID_1125,INDIAN_MARINE,11.5,72.5,2496.0948275083083,,,,,,,,,275.62754391531723,25.0,D,,3.0,ARB
GRID_1126,INDIAN_MARINE,14.25,84.25,1287.5257774711993,,,,,,,,,190.5369313702428,30.0,DD,,5.0,BOB
GRID_1127,INDIAN_MARINE,8.0,93.0,216.9614531323057,,,,,,,,,562.3116621645842,,,,,
GRID_1128,INDIAN_MARINE,8.75,78.0,1851.5904461343464,,,,,,,,,152.33199183823984,25.0,,,3.0,BOB
GRID_1129,INDIAN_MARINE,12.75,90.0,645.8128900120142,,,,,,,,,253.25711213007614,25.0,D,990.0,3.0995834159888913,BOB
GRID_1130,INDIAN_MARINE,10.0,96.25,84.03903426340896,,,,,,,,,718.7661786439268,,,,,
GRID_1131,INDIAN_MARINE,10.0,80.75,1579.7120572413785,,,,,,,,,147.83809616469472,25.0,,,3.0,BOB
GRID_1132,INDIAN_MARINE,15.5,73.75,2423.9400765047617,,,,,,,,,370.25499940829974,25.0,D,,3.0,ARB
GRID_1133,INDIAN_MARINE,8.25,69.5,2768.0371841043543,,,,,,,,,287.21505902106423,25.0,D,,3.0,ARB
GRID_1134,INDIAN_MARINE,13.0,93.25,306.26542028902725,,,,,,,,,252.07862791816393,25.0,D,990.0,3.0995834159888913,BOB
GRID_1135,INDIAN_MARINE,19.0,75.0,2338.0173364055586,,,,,,,,,365.3047912062008,20.0,D,998.0,3.0,BOB
GRID_1136,INDIAN_MARINE,11.5,70.0,2765.46681557922,,,,,,,,,217.92487147768222,25.0,D,,3.0,ARB
GRID_1137,INDIAN_MARINE,13.25,91.5,497.46684229275377,,,,,,,,,138.9936583056986,25.0,D,990.0,3.0995834159888913,BOB
GRID_1138,INDIAN_MARINE,16.25,83.75,1377.3122704500977,,,,,,,,,38.524243710974666,50.0,SCS,,12.398333663955565,BOB
GRID_1139,INDIAN_MARINE,17.0,82.5,1521.8982680298138,,,,,,,,,0.0,40.0,CS,,8.0,BOB
GRID_1140,INDIAN_MARINE,7.75,75.25,2132.6594500505075,,,,,,,,,465.691494314145,25.0,,,3.0,BOB
GRID_1141,INDIAN_MARINE,15.5,92.5,441.8375983033915,,,,,,,,,154.5962355640775,25.0,D,990.0,3.0995834159888913,BOB
GRID_1142,INDIAN_MARINE,16.0,71.0,2722.7618677794767,,,,,,,,,246.96530806117212,30.0,DD,,5.0,ARB
GRID_1143,INDIAN_MARINE,6.5,72.5,2423.3196744011893,,,,,,,,,666.6552761440944,,,,,
GRID_1144,INDIAN_MARINE,16.25,77.25,2063.606925402203,,,,,,,,,136.38807209455496,25.0,D,997.0,3.0,BOB
GRID_1145,INDIAN_MARINE,13.5,79.0,1832.9812796440071,,,,,,,,,154.9342418408281,50.0,SCS,986.0,14.0,BOB
GRID_1146,INDIAN_MARINE,12.25,80.5,1649.9762853724426,,,,,,,,,112.11232227246231,50.0,SCS,986.0,14.0,BOB
GRID_1147,INDIAN_MARINE,13.0,95.5,67.93803821336013,,,,,,,,,463.09346829515107,25.0,D,990.0,3.0995834159888913,BOB
GRID_1148,INDIAN_MARINE,15.5,89.0,809.8610764531761,,,,,,,,,195.11396589993214,40.0,CS,984.0,7.934933544931562,BOB
GRID_1149,INDIAN_MARINE,11.25,96.5,80.36351964559579,,,,,,,,,651.3508782298182,,,,,
GRID_1150,INDIAN_MARINE,20.5,74.75,2391.662754951175,,,,,,,,,286.76033611755133,50.0,SCS,990.0,12.0,ARB
GRID_1151,INDIAN_MARINE,18.0,82.75,1513.6517429268386,,,,,,,,,103.52574034273601,25.0,DD,,4.0,BOB
GRID_1152,INDIAN_MARINE,19.75,77.25,2119.2715903483586,,,,,,,,,220.89490475887914,20.0,D,998.0,3.0,BOB
GRID_1153,INDIAN_MARINE,12.75,83.75,1311.909815683405,,,,,,,,,193.9170039146321,25.0,D,,3.0,BOB
GRID_1154,INDIAN_MARINE,6.0,79.25,1675.3668748645284,,,,,,,,,390.15546417569135,25.0,,,3.0,BOB
GRID_1155,INDIAN_MARINE,15.25,72.75,2526.8413303107386,,,,,,,,,270.91330363901506,25.0,D,,3.0,ARB
GRID_1156,INDIAN_MARINE,16.5,95.25,224.50528883357595,,,,,,,,,119.49979021354221,115.0,VSCS,,65.58718508232494,BOB
GRID_1157,INDIAN_MARINE,15.0,72.25,2576.648803223727,,,,,,,,,214.39934032699313,25.0,D,,3.0,ARB
GRID_1158,INDIAN_MARINE,5.25,78.5,1756.090256388611,,,,,,,,,485.2680734223802,25.0,,,3.0,BOB
GRID_1159,INDIAN_MARINE,12.5,94.75,135.55659584068258,,,,,,,,,415.83844165999835,25.0,D,990.0,3.0995834159888913,BOB
GRID_1160,INDIAN_MARINE,12.75,70.0,2785.0350001597144,,,,,,,,,136.6802039653484,25.0,D,,3.0,ARB
GRID_1161,INDIAN_MARINE,13.25,96.5,31.878342587016157,4.73,1.288,5.26,232.14,184787.0,0.074,302.33,2024-06-16 11:36:46.236832128,488.8128764400089,30.0,DD,,4.463400119024003,BOB
GRID_1162,INDIAN_MARINE,15.25,84.5,1279.868515347398,,,,,,,,,116.75467297678684,45.0,CS,,10.0,BOB
GRID_1163,INDIAN_MARINE,19.75,81.5,1687.1985849856785,,,,,,,,,148.44348350332675,20.0,D,998.0,3.0,BOB
GRID_1164,INDIAN_MARINE,14.0,88.25,858.1662628811417,,,,,,,,,251.45227744653678,30.0,DD,,5.0,BOB
GRID_1165,INDIAN_MARINE,13.5,78.75,1859.6799322993484,,,,,,,,,168.95442597793985,30.0,DD,996.0,4.0,BOB
GRID_1166,INDIAN_MARINE,19.75,79.25,1914.916024101596,,,,,,,,,83.5609574334211,20.0,D,998.0,3.0,BOB
GRID_1167,INDIAN_MARINE,13.5,77.0,2046.6596532514136,,,,,,,,,272.5377204903073,30.0,DD,996.0,4.0,BOB
GRID_1168,INDIAN_MARINE,13.75,84.0,1304.565947365198,,,,,,,,,164.29403733784366,25.0,D,,3.0,BOB
GRID_1169,INDIAN_MARINE,21.25,71.25,2764.5045926673743,,,,,,,,,114.1343030804099,90.0,ESCS,962.0,40.0,ARB
GRID_1170,INDIAN_MARINE,14.0,85.75,1123.4069685978934,,,,,,,,,185.26558961450718,30.0,DD,,5.0,BOB
GRID_1171,INDIAN_MARINE,5.5,77.75,1839.366313778268,,,,,,,,,484.80265689980587,25.0,,,3.0,BOB
GRID_1172,INDIAN_MARINE,18.0,76.75,2141.1162636880676,,,,,,,,,163.91614498994235,20.0,D,998.0,3.0,BOB
GRID_1173,INDIAN_MARINE,11.0,70.25,2730.257998085801,,,,,,,,,251.59954128613919,25.0,D,,3.0,ARB
GRID_1174,INDIAN_MARINE,17.25,93.75,396.986694385028,,,,,,,,,38.42687234162745,115.0,VSCS,,65.58718508232494,BOB
GRID_1175,INDIAN_MARINE,13.25,79.5,1775.1743290026704,,,,,,,,,136.5024216795425,55.0,SCS,982.0,18.0,BOB
GRID_1176,INDIAN_MARINE,9.0,76.75,1991.676453258376,,,,,,,,,258.84289776718083,25.0,,,3.0,BOB
GRID_1177,INDIAN_MARINE,12.75,76.0,2141.086297688967,,,,,,,,,409.21460046759955,30.0,DD,996.0,4.0,BOB
GRID_1178,INDIAN_MARINE,10.0,93.25,236.87974879105263,,,,,,,,,535.2728084457605,,,,,
GRID_1179,INDIAN_MARINE,15.25,94.75,200.01441599198387,,,,,,,,,229.50599451942048,115.0,VSCS,,65.58718508232494,BOB
GRID_1180,INDIAN_MARINE,13.5,74.75,2287.293832311961,,,,,,,,,405.455811915548,25.0,D,,3.0,ARB
GRID_1181,INDIAN_MARINE,10.0,89.75,612.0199224711308,,,,,,,,,385.10796137273826,25.0,D,,3.0,BOB
GRID_1182,INDIAN_MARINE,18.0,72.75,2561.4822583867635,,,,,,,,,295.6749814777347,80.0,VSCS,970.0,30.0,ARB
GRID_1183,INDIAN_MARINE,19.25,76.25,2212.2928146744157,,,,,,,,,256.8604596130628,20.0,D,998.0,3.0,BOB
GRID_1184,INDIAN_MARINE,17.5,79.0,1897.7005464527476,,,,,,,,,76.8785495925866,20.0,D,998.0,3.0,BOB
GRID_1185,INDIAN_MARINE,14.75,81.0,1641.777977049263,,,,,,,,,99.27451309450635,55.0,SCS,982.0,18.0,BOB
GRID_1186,INDIAN_MARINE,6.25,78.0,1814.920126903056,,,,,,,,,397.3508935622382,25.0,,,3.0,BOB
GRID_1187,INDIAN_MARINE,6.75,71.5,2535.0492996567978,,,,,,,,,555.1897878862595,,,,,
GRID_1188,INDIAN_MARINE,13.75,77.5,1997.42652317303,,,,,,,,,213.12647555503526,30.0,DD,996.0,4.0,BOB
GRID_1189,INDIAN_MARINE,16.0,79.5,1821.7359914452943,,,,,,,,,106.88732068989688,25.0,D,997.0,3.0,BOB
GRID_1190,INDIAN_MARINE,7.0,79.25,1684.743724922018,,,,,,,,,279.34508868135407,25.0,,,3.0,BOB
GRID_1191,INDIAN_MARINE,15.25,89.25,778.359545231155,,,,,,,,,189.67439343586267,35.0,CS,986.0,6.075183495338227,BOB
GRID_1192,INDIAN_MARINE,7.0,91.5,355.3180984493794,,,,,,,,,386.2804454882217,25.0,D,,3.0,BOB
GRID_1193,INDIAN_MARINE,8.75,88.25,745.4896628777593,,,,,,,,,196.5296543006923,25.0,D,,3.0,BOB
GRID_1194,INDIAN_MARINE,8.0,78.5,1782.5062736502296,,,,,,,,,196.8515615588776,25.0,,,3.0,BOB
GRID_1195,INDIAN_MARINE,15.75,77.5,2029.556146208413,,,,,,,,,110.50742529158931,25.0,D,997.0,3.0,BOB
GRID_1196,INDIAN_MARINE,10.75,96.0,39.23092926166894,4.92,1.414,5.39,233.1,222053.0,0.129,302.5,2024-06-16 11:37:27.548433792,642.0167559707724,,,,,
GRID_1197,INDIAN_MARINE,5.0,77.0,1922.3857513610865,,,,,,,,,567.2272409829227,,,,,
GRID_1198,INDIAN_MARINE,15.25,95.25,147.5840182071778,,,,,,,,,241.59645599946418,115.0,VSCS,,65.58718508232494,BOB
GRID_1199,INDIAN_MARINE,9.0,84.0,1208.8888282015482,,,,,,,,,44.477970657823555,25.0,D,990.0,3.0,BOB
GRID_1200,INDIAN_MARINE,19.25,76.0,2238.196541850269,,,,,,,,,279.37617629568797,20.0,D,998.0,3.0,BOB
GRID_1201,INDIAN_MARINE,12.75,75.25,2221.4916083419384,,,,,,,,,467.7189883814905,25.0,D,,3.0,ARB
GRID_1202,INDIAN_MARINE,12.0,79.0,1806.152898033876,,,,,,,,,255.74833128248528,25.0,,,3.0,BOB
GRID_1203,INDIAN_MARINE,10.5,91.75,408.9695391021209,,,,,,,,,445.60656666515655,25.0,D,990.0,3.0995834159888913,BOB
GRID_1204,INDIAN_MARINE,15.5,69.0,2929.400838139134,,,,,,,,,111.19492664455854,25.0,D,,3.0,ARB
GRID_1205,INDIAN_MARINE,14.0,92.25,434.7646881187316,,,,,,,,,98.10473566401436,25.0,D,990.0,3.0995834159888913,BOB
GRID_1206,INDIAN_MARINE,18.25,75.0,2328.02569477457,,,,,,,,,349.83675257929366,20.0,D,998.0,3.0,BOB
GRID_1207,INDIAN_MARINE,13.0,73.25,2440.0239992444535,,,,,,,,,249.7925339743419,25.0,D,,3.0,ARB
GRID_1208,INDIAN_MARINE,14.0,82.5,1468.8599561241858,,,,,,,,,0.0,25.0,D,,3.0,BOB
GRID_1209,INDIAN_MARINE,18.25,75.75,2249.3301890830653,,,,,,,,,270.9050938345114,20.0,D,998.0,3.0,BOB
GRID_1210,INDIAN_MARINE,17.5,79.25,1871.4282241402111,,,,,,,,,97.13057596222775,20.0,D,998.0,3.0,BOB
GRID_1211,INDIAN_MARINE,7.5,75.75,2074.649321913447,,,,,,,,,433.01674509125377,25.0,,,3.0,BOB
GRID_1212,INDIAN_MARINE,14.25,83.75,1340.6313529004672,,,,,,,,,137.48147244634546,30.0,DD,,5.0,BOB
GRID_1213,INDIAN_MARINE,16.5,84.5,1302.84862952741,,,,,,,,,0.0,55.0,SCS,,15.001983733386234,BOB
GRID_1214,INDIAN_MARINE,13.75,75.0,2264.530867829583,,,,,,,,,433.1505300482051,25.0,D,,3.0,ARB
GRID_1215,INDIAN_MARINE,9.25,90.25,541.5151157451174,,,,,,,,,352.03665496034375,25.0,D,,3.0,BOB
GRID_1216,INDIAN_MARINE,13.0,75.5,2198.855355991967,,,,,,,,,438.2188311298068,30.0,DD,996.0,4.0,BOB
GRID_1217,INDIAN_MARINE,17.25,81.5,1631.1218443894445,,,,,,,,,107.53764858721999,25.0,DD,,4.0,BOB
GRID_1218,INDIAN_MARINE,21.5,68.25,3075.4007436819525,,,,,,,,,61.337827229024775,25.0,D,,3.0,ARB
GRID_1219,INDIAN_MARINE,16.75,92.75,456.9481262430709,,,,,,,,,115.35466443218097,115.0,VSCS,,65.58718508232494,BOB
GRID_1220,INDIAN_MARINE,6.0,77.5,1868.6695126896225,,,,,,,,,443.3487542026376,25.0,,,3.0,BOB
GRID_1221,INDIAN_MARINE,6.5,94.25,46.80349143026039,7.66,2.389,6.62,216.54,82933.0,0.205,302.46,2024-06-16 11:38:41.931982976,692.3798960461061,,,,,
GRID_1222,INDIAN_MARINE,8.0,92.75,243.87022740829352,,,,,,,,,535.3235104616232,,,,,
GRID_1223,INDIAN_MARINE,16.0,85.5,1188.3560649827189,,,,,,,,,0.0,35.0,CS,,7.0,BOB
GRID_1224,INDIAN_MARINE,6.75,80.75,1517.0493395278006,,,,,,,,,285.5666416777234,25.0,,,3.0,BOB
GRID_1225,INDIAN_MARINE,16.75,85.5,1202.3278098687051,,,,,,,,,60.0280758035226,55.0,SCS,,15.001983733386234,BOB
GRID_1226,INDIAN_MARINE,12.0,69.0,2881.1530320266797,,,,,,,,,122.23970157424198,25.0,D,,3.0,ARB
GRID_1227,INDIAN_MARINE,14.0,77.75,1974.9196135748296,,,,,,,,,174.5618114587421,30.0,DD,996.0,4.0,BOB
GRID_1228,INDIAN_MARINE,14.0,82.25,1495.4647431568058,,,,,,,,,26.972989274410153,25.0,D,,3.0,BOB
GRID_1229,INDIAN_MARINE,15.75,69.0,2932.379775616619,,,,,,,,,138.99365830569826,25.0,D,,3.0,ARB
GRID_1230,INDIAN_MARINE,12.75,88.5,805.4331930902771,,,,,,,,,374.17380794110295,30.0,DD,,5.0,BOB
GRID_1231,INDIAN_MARINE,16.75,94.0,341.91645090207226,,,,,,,,,81.03251873357682,115.0,VSCS,,65.58718508232494,BOB
GRID_1232,INDIAN_MARINE,11.25,70.5,2707.4557987426297,,,,,,,,,256.0136774892787,25.0,D,,3.0,ARB
GRID_1233,INDIAN_MARINE,11.5,91.25,485.01453664896167,,,,,,,,,334.6823508332586,25.0,D,990.0,3.0995834159888913,BOB
GRID_1234,INDIAN_MARINE,14.25,79.5,1792.6367618680151,,,,,,,,,60.60789688055164,50.0,SCS,986.0,14.0,BOB
GRID_1235,INDIAN_MARINE,7.75,71.25,2570.8049838283036,,,,,,,,,487.7504001988145,25.0,D,,3.0,ARB
GRID_1236,INDIAN_MARINE,9.5,78.25,1839.44470623459,,,,,,,,,85.18250154911168,25.0,,,3.0,BOB
GRID_1237,INDIAN_MARINE,12.25,94.5,156.20434693436536,,,,,,,,,409.75776425260204,25.0,D,990.0,3.0995834159888913,BOB
GRID_1238,INDIAN_MARINE,9.25,96.0,75.5178403419055,,,,,,,,,761.821048658568,,,,,
GRID_1239,INDIAN_MARINE,5.25,75.5,2088.275300207686,,,,,,,,,627.4266326743048,,,,,
GRID_1240,INDIAN_MARINE,10.5,83.5,1293.8501292136425,,,,,,,,,122.5770195949356,30.0,DD,992.0,4.0,BOB
GRID_1241,INDIAN_MARINE,15.5,68.25,3009.3048430751164,,,,,,,,,137.07888103312493,65.0,VSCS,980.0,22.0,ARB
GRID_1242,INDIAN_MARINE,18.5,85.25,1270.0753667622766,,,,,,,,,61.514195618360155,25.0,D,,4.0,BOB
GRID_1243,INDIAN_MARINE,11.25,93.5,239.26588603934044,,,,,,,,,421.4082074027846,25.0,D,990.0,3.0995834159888913,BOB
GRID_1244,INDIAN_MARINE,21.75,75.5,2347.932239866329,,,,,,,,,201.24366288987144,25.0,D,999.0,3.0,ARB
GRID_1245,INDIAN_MARINE,13.25,82.5,1454.8894727490365,,,,,,,,,83.39619498341916,25.0,D,,3.0,BOB
GRID_1246,INDIAN_MARINE,19.25,71.5,2706.3518193909076,,,,,,,,,173.9363592314741,90.0,ESCS,962.0,40.0,ARB
GRID_1247,INDIAN_MARINE,13.0,90.5,598.1065118487376,,,,,,,,,198.7075581941258,25.0,D,990.0,3.0995834159888913,BOB
GRID_1248,INDIAN_MARINE,17.25,70.25,2816.765878885274,,,,,,,,,141.4890987371231,80.0,VSCS,970.0,30.0,ARB
GRID_1249,INDIAN_MARINE,13.25,79.0,1828.6048627252203,,,,,,,,,175.98852397108618,50.0,SCS,986.0,14.0,BOB
GRID_1250,INDIAN_MARINE,9.75,97.25,120.60085458726428,,,,,,,,,818.205259408661,,,,,
GRID_1251,INDIAN_MARINE,16.25,69.0,2938.1455226847884,,,,,,,,,162.4228426859167,65.0,VSCS,980.0,22.0,ARB
GRID_1252,INDIAN_MARINE,12.0,73.25,2423.7609419385403,,,,,,,,,295.56882227246535,25.0,D,,3.0,ARB
GRID_1253,INDIAN_MARINE,15.0,79.5,1805.3342758517767,,,,,,,,,0.0,30.0,DD,995.0,5.0,BOB
GRID_1254,INDIAN_MARINE,13.75,81.25,1597.396928677505,,,,,,,,,85.60213745276808,55.0,SCS,982.0,18.0,BOB
GRID_1255,INDIAN_MARINE,7.75,90.25,507.4448847338165,,,,,,,,,261.7571987191628,25.0,D,,3.0,BOB
GRID_1256,INDIAN_MARINE,14.25,88.75,810.3933280513115,,,,,,,,,278.9000832685657,30.0,DD,,5.0,BOB
GRID_1257,INDIAN_MARINE,18.25,76.75,2144.4490597234917,,,,,,,,,166.14152755785403,20.0,D,998.0,3.0,BOB
GRID_1258,INDIAN_MARINE,18.0,77.5,2062.399804272898,,,,,,,,,84.60206202524864,20.0,D,998.0,3.0,BOB
GRID_1259,INDIAN_MARINE,20.25,68.75,3004.957826318696,,,,,,,,,38.10333475362666,25.0,D,,3.0,ARB
GRID_1260,INDIAN_MARINE,11.25,81.75,1496.8152660066935,,,,,,,,,86.4219259587236,30.0,DD,992.0,4.0,BOB
GRID_1261,INDIAN_MARINE,7.25,77.0,1934.5506529784573,,,,,,,,,350.131167574481,25.0,,,3.0,BOB
GRID_1262,INDIAN_MARINE,13.5,81.5,1566.1936731478004,,,,,,,,,88.95594131564711,55.0,SCS,982.0,18.0,BOB
GRID_1263,INDIAN_MARINE,11.75,96.5,68.19245750384403,,,,,,,,,621.7709436519795,,,,,
GRID_1264,INDIAN_MARINE,12.0,78.0,1913.4557764535768,,,,,,,,,278.08563134389027,25.0,,,3.0,BOB
GRID_1265,INDIAN_MARINE,9.5,84.25,1192.471343221924,,,,,,,,,29.590210636565548,25.0,D,990.0,3.0,BOB
GRID_1266,INDIAN_MARINE,17.75,80.75,1717.8103984519928,,,,,,,,,199.23181512091665,25.0,DD,,4.0,BOB
GRID_1267,INDIAN_MARINE,8.0,79.75,1647.0521227985814,,,,,,,,,169.04005904012837,25.0,,,3.0,BOB
GRID_1268,INDIAN_MARINE,8.25,69.75,2740.673333423502,,,,,,,,,313.6165018098024,25.0,D,,3.0,ARB
GRID_1269,INDIAN_MARINE,16.0,76.5,2139.2917390468783,,,,,,,,,213.77402285373762,25.0,D,997.0,3.0,BOB
GRID_1270,INDIAN_MARINE,19.5,82.0,1629.205470184213,,,,,,,,,196.7279768559324,20.0,D,998.0,3.0,BOB
GRID_1271,INDIAN_MARINE,12.25,83.75,1302.1132565153437,,,,,,,,,192.26983218588313,35.0,CS,994.0,6.0,BOB
GRID_1272,INDIAN_MARINE,16.75,90.25,706.9855922355835,,,,,,,,,38.47622469094834,40.0,CS,984.0,7.934933544931562,BOB
GRID_1273,INDIAN_MARINE,15.0,73.75,2416.8406889270855,,,,,,,,,340.07673996374723,25.0,D,,3.0,ARB
GRID_1274,INDIAN_MARINE,6.25,69.75,2725.948088708727,,,,,,,,,430.5171743756377,25.0,D,,3.0,ARB
GRID_1275,INDIAN_MARINE,10.5,91.0,489.2542122264535,,,,,,,,,448.0779912140882,25.0,D,990.0,3.0995834159888913,BOB
GRID_1276,INDIAN_MARINE,8.75,88.5,718.5668270085257,,,,,,,,,202.233790345799,25.0,D,,3.0,BOB
GRID_1277,INDIAN_MARINE,7.5,69.5,2760.6548320678075,,,,,,,,,321.71519070760144,25.0,D,,3.0,ARB
GRID_1278,INDIAN_MARINE,13.25,71.75,2604.748071314368,,,,,,,,,85.76430402871421,25.0,D,,3.0,ARB
GRID_1279,INDIAN_MARINE,5.25,71.0,2586.544564771788,,,,,,,,,607.1116775166097,,,,,
GRID_1280,INDIAN_MARINE,14.0,91.0,566.9442064604184,,,,,,,,,77.426351271077,25.0,D,990.0,3.0995834159888913,BOB
GRID_1281,INDIAN_MARINE,15.5,79.75,1787.1182164030024,,,,,,,,,61.728254204457194,30.0,DD,995.0,5.0,BOB
GRID_1282,INDIAN_MARINE,11.5,94.25,165.19660027827706,,,,,,,,,447.2447720596038,25.0,D,990.0,3.0995834159888913,BOB
GRID_1283,INDIAN_MARINE,19.5,82.5,1578.8706203679585,,,,,,,,,228.70187620726998,20.0,D,998.0,3.0,BOB
GRID_1284,INDIAN_MARINE,18.5,80.0,1809.3224593377504,,,,,,,,,100.92844458938781,20.0,D,998.0,3.0,BOB
GRID_1285,INDIAN_MARINE,9.0,90.5,508.9830311262079,,,,,,,,,353.87712850665764,25.0,D,,3.0,BOB
GRID_1286,INDIAN_MARINE,18.75,81.0,1711.2114701187252,,,,,,,,,191.41637142497896,20.0,D,998.0,3.0,BOB
GRID_1287,INDIAN_MARINE,8.75,74.0,2284.51537019167,,,,,,,,,558.8471899581236,,,,,
GRID_1288,INDIAN_MARINE,7.75,81.5,1452.511223414951,,,,,,,,,149.4811414448825,25.0,,,3.0,BOB
GRID_1289,INDIAN_MARINE,17.25,71.75,2658.286865906266,,,,,,,,,231.5501317480206,80.0,VSCS,970.0,30.0,ARB
GRID_1290,INDIAN_MARINE,15.25,92.75,410.007601400164,,,,,,,,,158.11595055656946,25.0,D,990.0,3.0995834159888913,BOB
GRID_1291,INDIAN_MARINE,7.75,69.5,2762.855753919539,,,,,,,,,308.1450266693605,25.0,D,,3.0,ARB
GRID_1292,INDIAN_MARINE,14.75,80.75,1668.326195055494,,,,,,,,,85.34802912328149,50.0,SCS,986.0,14.0,BOB
GRID_1293,INDIAN_MARINE,15.0,95.25,141.7148465518445,,,,,,,,,267.9980456738895,115.0,VSCS,,65.58718508232494,BOB
GRID_1294,INDIAN_MARINE,10.5,82.25,1428.236703560069,,,,,,,,,61.94317180526131,30.0,DD,992.0,4.0,BOB
GRID_1295,INDIAN_MARINE,21.5,69.5,2947.778489965639,,,,,,,,,122.71230232197038,25.0,D,,3.0,ARB
GRID_1296,INDIAN_MARINE,15.75,74.25,2374.3216157435254,,,,,,,,,429.93658675567787,25.0,D,,3.0,ARB
GRID_1297,INDIAN_MARINE,8.25,79.75,1652.2195218332347,,,,,,,,,141.68126501302692,25.0,,,3.0,BOB
GRID_1298,INDIAN_MARINE,9.25,69.75,2754.331239964138,,,,,,,,,303.19232588453855,25.0,D,,3.0,ARB
GRID_1299,INDIAN_MARINE,5.5,73.25,2337.4109548585784,,,,,,,,,787.118515793184,,,,,
GRID_1300,INDIAN_MARINE,18.75,79.0,1917.9356173214017,,,,,,,,,34.865188474682654,20.0,D,998.0,3.0,BOB
GRID_1301,INDIAN_MARINE,12.5,76.25,2110.018288397355,,,,,,,,,406.7948543764239,30.0,DD,996.0,4.0,BOB
GRID_1302,INDIAN_MARINE,8.0,94.0,109.35885913559116,,,,,,,,,670.7291261451213,,,,,
GRID_1303,INDIAN_MARINE,16.5,85.5,1197.697095260382,,,,,,,,,55.597463322279445,35.0,CS,,7.0,BOB
GRID_1304,INDIAN_MARINE,18.0,75.0,2324.9193375310356,,,,,,,,,348.97916901323975,20.0,D,998.0,3.0,BOB
GRID_1305,INDIAN_MARINE,17.75,68.0,3059.418634141285,,,,,,,,,148.80241011964895,65.0,VSCS,980.0,22.0,ARB
GRID_1306,INDIAN_MARINE,12.0,78.75,1832.975954966466,,,,,,,,,257.2012542171094,25.0,,,3.0,BOB
GRID_1307,INDIAN_MARINE,10.75,92.5,334.475245538884,,,,,,,,,430.8618359716137,25.0,D,990.0,3.0995834159888913,BOB
GRID_1308,INDIAN_MARINE,9.5,81.75,1461.861034335189,,,,,,,,,61.99899410713454,25.0,,,3.0,BOB
GRID_1309,INDIAN_MARINE,19.5,75.0,2346.1732066746863,,,,,,,,,385.4116147273965,20.0,D,998.0,3.0,BOB
GRID_1310,INDIAN_MARINE,6.5,81.25,1459.1497515931312,,,,,,,,,290.0073350939009,25.0,,,3.0,BOB
GRID_1311,INDIAN_MARINE,16.0,84.5,1293.741129416636,,,,,,,,,33.358477993367664,45.0,CS,,10.0,BOB
GRID_1312,INDIAN_MARINE,19.25,84.0,1420.3142933150266,,,,,,,,,108.51837671395836,20.0,D,,3.0,BOB
GRID_1313,INDIAN_MARINE,13.25,69.25,2872.9392862708455,,,,,,,,,116.29185866397755,30.0,DD,,5.0,ARB
GRID_1314,INDIAN_MARINE,6.5,93.0,181.7171370789908,,,,,,,,,554.908860550686,,,,,
GRID_1315,INDIAN_MARINE,12.0,85.0,1163.436597532509,,,,,,,,,294.2228798322528,30.0,DD,992.0,4.0,BOB
GRID_1316,INDIAN_MARINE,6.5,92.5,235.67737405243284,,,,,,,,,500.00602993185737,,,,,
GRID_1317,INDIAN_MARINE,8.0,91.75,351.55040873357694,,,,,,,,,428.0999288588019,25.0,D,,3.0,BOB
GRID_1318,INDIAN_MARINE,13.5,73.0,2474.6210408725697,,,,,,,,,216.24460556952175,25.0,D,,3.0,ARB
GRID_1319,INDIAN_MARINE,16.0,84.0,1346.4663105180891,,,,,,,,,55.597463322279445,50.0,SCS,,12.398333663955565,BOB
GRID_1320,INDIAN_MARINE,19.75,84.25,1413.6455958917218,,,,,,,,,83.32544748726625,20.0,D,,3.0,BOB
GRID_1321,INDIAN_MARINE,14.75,84.75,1243.9907656993646,,,,,,,,,160.57687346980282,35.0,CS,,7.0,BOB
GRID_1322,INDIAN_MARINE,18.25,76.5,2170.662481401598,,,,,,,,,192.23897928067706,20.0,D,998.0,3.0,BOB
GRID_1323,INDIAN_MARINE,7.75,89.75,561.3677779187176,,,,,,,,,210.2287072752145,25.0,D,,3.0,BOB
GRID_1324,INDIAN_MARINE,6.5,73.5,2312.977471297796,,,,,,,,,702.2099359370516,,,,,
GRID_1325,INDIAN_MARINE,6.0,72.75,2393.6273521878793,,,,,,,,,716.2449533247385,,,,,
GRID_1326,INDIAN_MARINE,11.25,71.25,2626.5866828066833,,,,,,,,,251.65749930461465,25.0,D,,3.0,ARB
GRID_1327,INDIAN_MARINE,13.75,70.0,2799.6383733966723,,,,,,,,,27.798731661139723,30.0,DD,,5.0,ARB
GRID_1328,INDIAN_MARINE,16.5,78.25,1961.669755743676,,,,,,,,,61.64136285029388,20.0,D,998.0,3.0,BOB
GRID_1329,INDIAN_MARINE,7.25,78.5,1770.2432188136463,,,,,,,,,273.30326809366517,25.0,,,3.0,BOB
GRID_1330,INDIAN_MARINE,12.5,75.5,2190.474218902568,,,,,,,,,469.2053681704464,30.0,DD,996.0,4.0,BOB
GRID_1331,INDIAN_MARINE,17.0,80.0,1784.866512846343,,,,,,,,,159.50396638355227,20.0,D,998.0,3.0,BOB
GRID_1332,INDIAN_MARINE,17.0,75.0,2311.990216531212,,,,,,,,,367.1909831132239,20.0,D,998.0,3.0,BOB
GRID_1333,INDIAN_MARINE,16.5,78.0,1988.0775237919993,,,,,,,,,76.97659093538385,20.0,D,998.0,3.0,BOB
GRID_1334,INDIAN_MARINE,7.5,93.75,124.45515745891896,,,,,,,,,636.6847967568972,,,,,
GRID_1335,INDIAN_MARINE,9.25,69.0,2835.849488107387,,,,,,,,,221.32767429116396,25.0,D,,3.0,ARB
GRID_1336,INDIAN_MARINE,17.5,86.0,1165.3641669687474,,,,,,,,,55.59746332227909,60.0,SCS,,17.853600476096013,BOB
GRID_1337,INDIAN_MARINE,17.75,74.0,2426.9952038652373,,,,,,,,,430.84577328371086,80.0,VSCS,970.0,30.0,ARB
GRID_1338,INDIAN_MARINE,11.75,73.75,2365.77213059891,,,,,,,,,356.2233358287151,25.0,D,,3.0,ARB
GRID_1339,INDIAN_MARINE,12.0,73.0,2450.6484250327717,,,,,,,,,273.6141143451295,25.0,D,,3.0,ARB
GRID_1340,INDIAN_MARINE,8.25,80.0,1625.187182634284,,,,,,,,,149.45438077610902,25.0,,,3.0,BOB
GRID_1341,INDIAN_MARINE,7.0,72.0,2481.6397476940733,,,,,,,,,593.7520924470241,,,,,
GRID_1342,INDIAN_MARINE,15.5,85.25,1205.3046979332703,,,,,,,,,61.70011432240771,35.0,CS,,7.0,BOB
GRID_1343,INDIAN_MARINE,16.5,91.0,622.554123567045,,,,,,,,,0.0,40.0,CS,984.0,7.934933544931562,BOB
GRID_1344,INDIAN_MARINE,12.25,95.75,23.576846094910525,4.78,1.438,5.45,228.18,167378.0,0.051,302.41,2024-06-16 11:37:04.827539968,523.3901184463239,,,,,
GRID_1345,INDIAN_MARINE,19.25,70.25,2836.871370509006,,,,,,,,,87.44602338556973,80.0,VSCS,970.0,30.0,ARB
GRID_1346,INDIAN_MARINE,9.0,90.0,562.7485128115297,,,,,,,,,312.97162288598,25.0,D,,3.0,BOB
GRID_1347,INDIAN_MARINE,12.5,69.75,2808.120120264521,,,,,,,,,168.9728565089212,30.0,DD,,5.0,ARB
GRID_1348,INDIAN_MARINE,17.5,74.25,2397.5665838144037,,,,,,,,,432.47987616317886,20.0,D,998.0,3.0,BOB
GRID_1349,INDIAN_MARINE,9.5,84.0,1219.396073502543,,,,,,,,,11.119492664455889,25.0,D,990.0,3.0,BOB
GRID_1350,INDIAN_MARINE,9.5,96.0,69.44601368034544,,,,,,,,,740.5970332780274,,,,,
GRID_1351,INDIAN_MARINE,13.5,97.0,55.8428641091677,,,,,,,,,441.73132886820235,30.0,DD,,4.463400119024003,BOB
GRID_1352,INDIAN_MARINE,13.0,82.25,1476.8651725915122,,,,,,,,,87.88452819394273,55.0,SCS,982.0,18.0,BOB
GRID_1353,INDIAN_MARINE,17.5,83.75,1399.4477382678172,,,,,,,,,114.32847787778523,50.0,SCS,,12.398333663955565,BOB
GRID_1354,INDIAN_MARINE,13.75,91.75,482.07790855520705,,,,,,,,,87.64508201297765,25.0,D,990.0,3.0995834159888913,BOB
GRID_1355,INDIAN_MARINE,17.5,83.0,1477.8960809558394,,,,,,,,,69.25317185171937,25.0,DD,,4.0,BOB
GRID_1356,INDIAN_MARINE,21.5,70.25,2871.357926701194,,,,,,,,,114.18323642569136,90.0,ESCS,962.0,40.0,ARB
GRID_1357,INDIAN_MARINE,15.5,75.25,2264.5505889044616,,,,,,,,,352.22624222343427,25.0,D,997.0,3.0,BOB
GRID_1358,INDIAN_MARINE,20.5,69.0,2982.539730095765,,,,,,,,,0.0,25.0,D,,3.0,ARB
GRID_1359,INDIAN_MARINE,17.5,84.25,1347.2493626972323,,,,,,,,,97.13057596222775,55.0,SCS,,15.001983733386234,BOB
GRID_1360,INDIAN_MARINE,11.0,81.5,1518.7693586396754,,,,,,,,,109.15191221456534,30.0,DD,992.0,4.0,BOB
GRID_1361,INDIAN_MARINE,11.25,91.0,506.1029161197664,,,,,,,,,365.42404619234304,25.0,D,990.0,3.0995834159888913,BOB
GRID_1362,INDIAN_MARINE,9.75,81.0,1547.7693914243005,,,,,,,,,137.80768052020292,25.0,,,3.0,BOB
GRID_1363,INDIAN_MARINE,16.0,81.25,1636.746952628241,,,,,,,,,137.19450905485053,35.0,CS,,6.0,BOB
GRID_1364,INDIAN_MARINE,15.25,72.0,2606.693956131588,,,,,,,,,222.4113846588799,25.0,D,,3.0,ARB
GRID_1365,INDIAN_MARINE,15.25,95.0,173.8142964285591,,,,,,,,,234.11310325049504,115.0,VSCS,,65.58718508232494,BOB
GRID_1366,INDIAN_MARINE,14.5,92.25,445.9154528272295,,,,,,,,,80.73979325204846,25.0,D,990.0,3.0995834159888913,BOB
GRID_1367,INDIAN_MARINE,12.25,81.5,1542.8786756513607,,,,,,,,,27.798731661139723,50.0,SCS,986.0,14.0,BOB
GRID_1368,INDIAN_MARINE,8.75,91.25,422.6343345393134,,,,,,,,,407.43211794087136,25.0,D,,3.0,BOB
GRID_1369,INDIAN_MARINE,10.0,83.75,1256.7033793313171,,,,,,,,,72.12472740143772,25.0,D,990.0,3.0,BOB
GRID_1370,INDIAN_MARINE,12.5,79.0,1815.2473856591157,,,,,,,,,232.75764289435725,55.0,SCS,982.0,18.0,BOB
GRID_1371,INDIAN_MARINE,19.5,73.5,2501.647159701711,,,,,,,,,332.59563602344673,90.0,ESCS,962.0,40.0,ARB
GRID_1372,INDIAN_MARINE,16.25,71.0,2725.8285885516793,,,,,,,,,271.76117343942553,80.0,VSCS,970.0,30.0,ARB
GRID_1373,INDIAN_MARINE,16.0,89.0,820.1042113083125,,,,,,,,,154.04827797406244,40.0,CS,984.0,7.934933544931562,BOB
GRID_1374,INDIAN_MARINE,9.25,78.25,1834.5216779764617,,,,,,,,,96.28181431918037,25.0,,,3.0,BOB
GRID_1375,INDIAN_MARINE,5.25,77.75,1839.1364929488493,,,,,,,,,510.44508667473315,,,,,
GRID_1376,INDIAN_MARINE,16.75,85.0,1254.8325482471864,,,,,,,,,27.798731661139723,55.0,SCS,,15.001983733386234,BOB
GRID_1377,INDIAN_MARINE,9.25,81.5,1483.7190307334338,,,,,,,,,61.531291370042766,25.0,,,3.0,BOB
GRID_1378,INDIAN_MARINE,15.5,77.5,2025.690513909174,,,,,,,,,120.59965471064345,25.0,D,997.0,3.0,BOB
GRID_1379,INDIAN_MARINE,17.0,69.5,2893.389951826328,,,,,,,,,174.99507576998064,80.0,VSCS,970.0,30.0,ARB
GRID_1380,INDIAN_MARINE,14.25,84.5,1260.9841312265437,,,,,,,,,217.21247677444285,30.0,DD,,5.0,BOB
GRID_1381,INDIAN_MARINE,12.0,92.0,416.3201034203448,,,,,,,,,283.2050496409184,25.0,D,990.0,3.0995834159888913,BOB
GRID_1382,INDIAN_MARINE,12.0,95.0,97.1872876588901,,,,,,,,,469.84475550771884,25.0,D,990.0,3.0995834159888913,BOB
GRID_1383,INDIAN_MARINE,8.0,91.25,405.4019999694125,,,,,,,,,375.1444108323722,25.0,D,,3.0,BOB
GRID_1384,INDIAN_MARINE,18.5,70.75,2777.033899461878,,,,,,,,,79.08652760724536,80.0,VSCS,970.0,30.0,ARB
GRID_1385,INDIAN_MARINE,12.75,91.25,512.9228860647545,,,,,,,,,196.45743866352998,25.0,D,990.0,3.0995834159888913,BOB
GRID_1386,INDIAN_MARINE,13.25,93.75,259.04638081677683,,,,,,,,,279.84066873843784,25.0,D,990.0,3.0995834159888913,BOB
GRID_1387,INDIAN_MARINE,6.25,74.5,2201.2554998735345,,,,,,,,,626.6123164361318,,,,,
GRID_1388,INDIAN_MARINE,5.5,72.5,2420.422197068967,,,,,,,,,720.6954873886049,,,,,
GRID_1389,INDIAN_MARINE,11.0,92.5,340.21411110440727,,,,,,,,,404.00577081849946,25.0,D,990.0,3.0995834159888913,BOB
GRID_1390,INDIAN_MARINE,21.0,70.0,2887.589557329962,,,,,,,,,76.1191857941735,90.0,ESCS,962.0,40.0,ARB
GRID_1391,INDIAN_MARINE,15.75,81.75,1579.639481600494,,,,,,,,,84.98904017086811,40.0,CS,,8.0,BOB
GRID_1392,INDIAN_MARINE,12.0,75.0,2235.6382364481115,,,,,,,,,464.7545970400555,25.0,D,,3.0,ARB
GRID_1393,INDIAN_MARINE,14.25,96.0,45.06243032355251,4.75,1.297,5.2700000000000005,236.45,148396.0,0.095,302.27,2024-06-16 11:36:31.770688000,375.1998945059379,115.0,VSCS,,65.58718508232494,BOB
GRID_1394,INDIAN_MARINE,13.75,83.75,1331.1711044148988,,,,,,,,,137.77138771792747,25.0,D,,3.0,BOB
GRID_1395,INDIAN_MARINE,8.5,81.25,1495.2568927289694,,,,,,,,,99.42337383252831,25.0,,,3.0,BOB
GRID_1396,INDIAN_MARINE,10.5,81.75,1482.014731123366,,,,,,,,,99.01506154197853,30.0,DD,992.0,4.0,BOB
GRID_1397,INDIAN_MARINE,18.25,70.75,2774.53331573294,,,,,,,,,83.88408822430368,80.0,VSCS,970.0,30.0,ARB
GRID_1398,INDIAN_MARINE,16.5,76.25,2173.018131804627,,,,,,,,,245.93785261690144,20.0,D,998.0,3.0,BOB
GRID_1399,INDIAN_MARINE,10.25,88.25,778.4614496479007,,,,,,,,,362.42684194984497,25.0,D,,3.0,BOB
GRID_1400,INDIAN_MARINE,8.5,70.25,2689.077256350929,,,,,,,,,361.47644945965214,25.0,D,,3.0,ARB
GRID_1401,INDIAN_MARINE,17.5,68.75,2977.845102191664,,,,,,,,,172.73701255477033,80.0,VSCS,970.0,30.0,ARB
GRID_1402,INDIAN_MARINE,15.5,91.0,599.4237420456898,,,,,,,,,0.0,35.0,CS,986.0,6.075183495338227,BOB
GRID_1403,INDIAN_MARINE,14.25,68.0,3020.586279580035,,,,,,,,,111.2427372719037,25.0,D,,3.0,ARB
GRID_1404,INDIAN_MARINE,9.75,89.5,633.279463239879,,,,,,,,,347.4608353331019,25.0,D,,3.0,BOB
GRID_1405,INDIAN_MARINE,6.75,94.0,79.70139579525204,,,,,,,,,662.9505809546598,,,,,
GRID_1406,INDIAN_MARINE,10.75,75.25,2186.6689780850497,,,,,,,,,426.6365600514194,25.0,,,3.0,BOB
GRID_1407,INDIAN_MARINE,12.25,83.25,1355.5910329230594,,,,,,,,,138.70687026899603,35.0,CS,994.0,6.0,BOB
GRID_1408,INDIAN_MARINE,20.5,75.25,2340.652753068759,,,,,,,,,321.923450948836,50.0,SCS,990.0,12.0,ARB
GRID_1409,INDIAN_MARINE,10.0,78.5,1822.2227071986583,,,,,,,,,64.13578093215213,25.0,,,3.0,BOB
GRID_1410,INDIAN_MARINE,22.0,69.0,3008.3129713314033,,,,,,,,,151.87947671631804,25.0,D,,3.0,ARB
GRID_1411,INDIAN_MARINE,15.75,82.5,1500.3633632036106,,,,,,,,,27.798731661139723,40.0,CS,,8.0,BOB
GRID_1412,INDIAN_MARINE,10.75,75.75,2132.784621141001,,,,,,,,,374.31194266052523,25.0,,,3.0,BOB
GRID_1413,INDIAN_MARINE,8.5,93.5,174.93702578618573,,,,,,,,,628.4993062861444,,,,,
GRID_1414,INDIAN_MARINE,18.0,70.0,2850.9553343117277,,,,,,,,,55.597463322279445,80.0,VSCS,970.0,30.0,ARB
GRID_1415,INDIAN_MARINE,21.0,71.75,2708.493952124246,,,,,,,,,141.36861571147554,90.0,ESCS,962.0,40.0,ARB
GRID_1416,INDIAN_MARINE,8.25,92.25,303.52056895794783,,,,,,,,,488.5761394303931,25.0,D,,3.0,BOB
GRID_1417,INDIAN_MARINE,19.25,81.0,1723.5589664383851,,,,,,,,,191.13504362779986,20.0,D,998.0,3.0,BOB
GRID_1418,INDIAN_MARINE,15.75,89.75,736.1265654316186,,,,,,,,,115.64278288953936,40.0,CS,984.0,7.934933544931562,BOB
GRID_1419,INDIAN_MARINE,7.5,82.25,1366.064205392547,,,,,,,,,169.04589148051886,25.0,,,3.0,BOB
GRID_1420,INDIAN_MARINE,9.75,80.0,1655.574812447769,,,,,,,,,61.46079320126468,25.0,,,3.0,BOB
GRID_1421,INDIAN_MARINE,7.25,69.75,2731.1976965449667,,,,,,,,,359.8543164798786,25.0,D,,3.0,ARB
GRID_1422,INDIAN_MARINE,10.75,71.0,2645.0800603877283,,,,,,,,,305.7860482725364,25.0,D,,3.0,ARB
GRID_1423,INDIAN_MARINE,6.75,95.0,28.18516415574583,4.0,1.841,6.24,216.06,89388.0,0.267,302.45,2024-06-16 11:38:35.732206848,773.2600943467177,,,,,
GRID_1424,INDIAN_MARINE,18.5,69.25,2934.630322091647,,,,,,,,,79.08652760724404,80.0,VSCS,970.0,30.0,ARB
GRID_1425,INDIAN_MARINE,13.5,72.5,2528.1689203934193,,,,,,,,,162.18365053008478,25.0,D,,3.0,ARB
GRID_1426,INDIAN_MARINE,9.75,93.25,231.04744261343595,,,,,,,,,561.374350841695,,,,,
GRID_1427,INDIAN_MARINE,11.0,78.75,1814.414668410682,,,,,,,,,147.11722367568262,25.0,,,3.0,BOB
GRID_1428,INDIAN_MARINE,7.75,96.25,138.64228604632262,,,,,,,,,911.9101874167774,,,,,
GRID_1429,INDIAN_MARINE,12.0,88.5,789.477186029497,,,,,,,,,427.4215560851084,25.0,D,990.0,3.0995834159888913,BOB
GRID_1430,INDIAN_MARINE,8.5,95.25,13.171848913054648,4.09,1.006,5.39,216.54,163633.0,0.154,302.47,2024-06-16 11:38:06.799922048,782.2425228481673,,,,,
GRID_1431,INDIAN_MARINE,11.0,94.25,153.4229651963027,,,,,,,,,490.28644019552576,25.0,D,990.0,3.0995834159888913,BOB
GRID_1432,INDIAN_MARINE,13.5,76.0,2153.577941835866,,,,,,,,,363.7958071630956,30.0,DD,996.0,4.0,BOB
GRID_1433,INDIAN_MARINE,13.0,85.0,1183.452341730412,,,,,,,,,292.2791660338848,25.0,D,,3.0,BOB
GRID_1434,INDIAN_MARINE,14.25,82.75,1446.8812613032392,,,,,,,,,38.70279854588522,30.0,DD,,5.0,BOB
GRID_1435,INDIAN_MARINE,7.5,73.0,2376.1734526300256,,,,,,,,,680.981096676927,,,,,
GRID_1436,INDIAN_MARINE,11.0,92.25,366.92074899832176,,,,,,,,,397.5884926906061,25.0,D,990.0,3.0995834159888913,BOB
GRID_1437,INDIAN_MARINE,18.5,70.5,2803.2921899664843,,,,,,,,,52.72437279375804,80.0,VSCS,970.0,30.0,ARB
GRID_1438,INDIAN_MARINE,8.75,73.25,2365.945465496847,,,,,,,,,582.4044335638861,,,,,
GRID_1439,INDIAN_MARINE,19.25,83.0,1520.710812074788,,,,,,,,,211.62768000440178,20.0,D,,3.0,BOB
GRID_1440,INDIAN_MARINE,18.25,68.75,2984.947495714959,,,,,,,,,134.8038903469923,80.0,VSCS,970.0,30.0,ARB
GRID_1441,INDIAN_MARINE,16.25,76.5,2142.9613649613393,,,,,,,,,215.4405477793658,25.0,D,997.0,3.0,BOB
GRID_1442,INDIAN_MARINE,7.5,92.5,259.1221757081086,,,,,,,,,499.47690427810085,25.0,D,,3.0,BOB
GRID_1443,INDIAN_MARINE,16.75,73.5,2467.222146105553,,,,,,,,,418.837284389474,80.0,VSCS,970.0,30.0,ARB
GRID_1444,INDIAN_MARINE,17.25,70.75,2763.927659585866,,,,,,,,,160.05805704521484,80.0,VSCS,970.0,30.0,ARB
GRID_1445,INDIAN_MARINE,12.25,88.5,794.8134651300595,,,,,,,,,409.75776425260096,25.0,D,990.0,3.0995834159888913,BOB
GRID_1446,INDIAN_MARINE,10.25,88.0,805.2872555686754,,,,,,,,,361.38351159481584,25.0,D,,3.0,BOB
GRID_1447,INDIAN_MARINE,10.5,92.5,328.72875478540976,,,,,,,,,457.8302875015606,25.0,D,990.0,3.0995834159888913,BOB
GRID_1448,INDIAN_MARINE,18.5,81.25,1679.8062719615143,,,,,,,,,204.32010874482364,25.0,DD,,4.0,BOB
GRID_1449,INDIAN_MARINE,10.75,81.75,1486.978512660546,,,,,,,,,86.48767234898312,30.0,DD,992.0,4.0,BOB
GRID_1450,INDIAN_MARINE,16.75,77.25,2070.978970031068,,,,,,,,,135.88220018704823,20.0,D,998.0,3.0,BOB
GRID_1451,INDIAN_MARINE,5.25,79.0,1700.726221262761,,,,,,,,,475.78257844013314,25.0,,,3.0,BOB
GRID_1452,INDIAN_MARINE,18.25,69.0,2958.6372400035466,,,,,,,,,109.1253851365752,80.0,VSCS,970.0,30.0,ARB
GRID_1453,INDIAN_MARINE,14.0,94.75,170.81508838613894,,,,,,,,,354.6449962914052,25.0,D,990.0,3.0995834159888913,BOB
GRID_1454,INDIAN_MARINE,20.75,71.0,2780.6000458044196,,,,,,,,,58.99404978299734,90.0,ESCS,962.0,40.0,ARB
GRID_1455,INDIAN_MARINE,18.0,68.75,2982.6469401405357,,,,,,,,,143.2320936056014,80.0,VSCS,970.0,30.0,ARB
GRID_1456,INDIAN_MARINE,14.75,80.0,1748.0024223340868,,,,,,,,,27.798731661139723,50.0,SCS,986.0,14.0,BOB
GRID_1457,INDIAN_MARINE,10.25,84.5,1181.2187408846771,,,,,,,,,109.24388832478103,25.0,D,990.0,3.0,BOB
GRID_1458,INDIAN_MARINE,15.75,90.5,657.3125630875123,,,,,,,,,60.2706723595965,40.0,CS,984.0,7.934933544931562,BOB
GRID_1459,INDIAN_MARINE,11.0,90.75,527.2324796836941,,,,,,,,,397.5884926906058,25.0,D,990.0,3.0995834159888913,BOB
GRID_1460,INDIAN_MARINE,17.0,76.5,2153.698399979097,,,,,,,,,212.6715513111886,20.0,D,998.0,3.0,BOB
GRID_1461,INDIAN_MARINE,13.25,92.75,364.9564780761624,,,,,,,,,193.71784273602802,25.0,D,990.0,3.0995834159888913,BOB
GRID_1462,INDIAN_MARINE,8.5,83.5,1252.2599392384857,,,,,,,,,0.0,25.0,D,,4.0,BOB
GRID_1463,INDIAN_MARINE,8.5,92.25,309.32242488332935,,,,,,,,,497.0652059101663,25.0,D,,3.0,BOB
GRID_1464,INDIAN_MARINE,20.25,69.5,2927.301057548246,,,,,,,,,59.068997488007696,25.0,D,,3.0,ARB
GRID_1465,INDIAN_MARINE,8.0,90.5,486.2154955579499,,,,,,,,,297.1909350674554,25.0,D,,3.0,BOB
GRID_1466,INDIAN_MARINE,14.75,95.75,83.27091866654881,,,,,,,,,313.4360815788952,115.0,VSCS,,65.58718508232494,BOB
GRID_1467,INDIAN_MARINE,10.0,84.75,1149.1271378977735,,,,,,,,,105.87051789993491,25.0,D,990.0,3.0,BOB
GRID_1468,INDIAN_MARINE,5.5,73.5,2309.740681593322,,,,,,,,,765.118478437963,,,,,
GRID_1469,INDIAN_MARINE,13.0,81.75,1530.2602763687823,,,,,,,,,42.980614336269795,55.0,SCS,982.0,18.0,BOB
GRID_1470,INDIAN_MARINE,16.5,95.0,242.4496456531528,,,,,,,,,103.64823737378146,115.0,VSCS,,65.58718508232494,BOB
GRID_1471,INDIAN_MARINE,17.0,78.75,1916.5070746096917,,,,,,,,,26.584057494617774,20.0,D,998.0,3.0,BOB
GRID_1472,INDIAN_MARINE,19.25,74.5,2393.884820677166,,,,,,,,,393.5427664163287,50.0,SCS,990.0,12.0,ARB
GRID_1473,INDIAN_MARINE,9.0,81.0,1532.5588334086133,,,,,,,,,109.82589846667331,25.0,,,3.0,BOB
GRID_1474,INDIAN_MARINE,7.5,79.25,1692.0916234697693,,,,,,,,,224.08268837442182,25.0,,,3.0,BOB
GRID_1475,INDIAN_MARINE,9.5,82.0,1434.9092667288576,,,,,,,,,55.597463322279445,25.0,,,3.0,BOB
GRID_1476,INDIAN_MARINE,7.25,92.75,226.3134925861675,,,,,,,,,524.8312595936771,,,,,
GRID_1477,INDIAN_MARINE,7.25,81.0,1497.124655321113,,,,,,,,,223.5666176305089,25.0,,,3.0,BOB
GRID_1478,INDIAN_MARINE,9.25,91.75,380.37645358426903,,,,,,,,,482.6695325691093,25.0,D,,3.0,BOB
GRID_1479,INDIAN_MARINE,10.5,95.75,18.55365106756281,5.07,1.534,5.37,233.9,246175.0,0.085,302.51,2024-06-16 11:37:32.712274048,640.7756279515315,,,,,
GRID_1480,INDIAN_MARINE,5.25,73.0,2365.0936941163704,,,,,,,,,782.2854094782891,,,,,
GRID_1481,INDIAN_MARINE,17.75,85.5,1223.214057967274,,,,,,,,,98.72589054724527,30.0,DD,,5.0,BOB
GRID_1482,INDIAN_MARINE,14.0,70.75,2722.868530236107,,,,,,,,,61.80764189205728,25.0,D,,3.0,ARB
GRID_1483,INDIAN_MARINE,11.75,80.25,1667.4031971669767,,,,,,,,,159.44116428272702,50.0,SCS,986.0,14.0,BOB
GRID_1484,INDIAN_MARINE,7.75,93.25,184.17692942131623,,,,,,,,,584.9120814465301,,,,,
GRID_1485,INDIAN_MARINE,16.0,94.25,276.64201068064256,,,,,,,,,146.98631247795117,115.0,VSCS,,65.58718508232494,BOB
GRID_1486,INDIAN_MARINE,10.5,73.25,2397.872362799459,,,,,,,,,413.7045810116734,25.0,D,,3.0,ARB
GRID_1487,INDIAN_MARINE,9.75,69.5,2789.7593031463775,,,,,,,,,254.435224643552,25.0,D,,3.0,ARB
GRID_1488,INDIAN_MARINE,10.25,92.0,376.50265358160055,,,,,,,,,475.6868101494584,25.0,D,990.0,3.0995834159888913,BOB
GRID_1489,INDIAN_MARINE,6.0,75.5,2089.6655887342213,,,,,,,,,563.7813126874756,,,,,
GRID_1490,INDIAN_MARINE,13.75,96.5,19.691388050688495,4.83,1.108,5.22,234.07,162777.0,0.084,302.29,2024-06-16 11:36:37.970462848,439.4145106533539,30.0,DD,,4.463400119024003,BOB
GRID_1491,INDIAN_MARINE,13.5,81.25,1592.8555669981065,,,,,,,,,92.98503790814515,55.0,SCS,982.0,18.0,BOB
GRID_1492,INDIAN_MARINE,14.5,80.5,1690.54903476988,,,,,,,,,53.82654221911334,50.0,SCS,986.0,14.0,BOB
GRID_1493,INDIAN_MARINE,8.0,79.5,1674.1090244375807,,,,,,,,,166.79238996683816,25.0,,,3.0,BOB
GRID_1494,INDIAN_MARINE,15.5,85.75,1152.5154077629884,,,,,,,,,61.70011432240771,35.0,CS,,7.0,BOB
GRID_1495,INDIAN_MARINE,7.5,79.0,1719.3551868184957,,,,,,,,,229.08614987337754,25.0,,,3.0,BOB
GRID_1496,INDIAN_MARINE,22.0,76.0,2305.842211475116,,,,,,,,,195.79078158918452,25.0,D,999.0,3.0,ARB
GRID_1497,INDIAN_MARINE,15.5,71.75,2636.636410564606,,,,,,,,,236.59113738732822,25.0,D,,3.0,ARB
GRID_1498,INDIAN_MARINE,14.25,71.75,2619.4767724964563,,,,,,,,,116.23159365704439,25.0,D,,3.0,ARB
GRID_1499,INDIAN_MARINE,15.25,84.0,1332.756927039535,,,,,,,,,128.42965143115478,45.0,CS,,10.0,BOB
GRID_1500,INDIAN_MARINE,10.0,76.25,2064.93952519561,,,,,,,,,303.11838889513405,25.0,,,3.0,BOB
GRID_1501,INDIAN_MARINE,10.25,79.75,1692.37167156146,,,,,,,,,87.7778697116177,25.0,,,3.0,BOB
GRID_1502,INDIAN_MARINE,7.5,90.5,474.7598362903961,,,,,,,,,281.312284324444,25.0,D,,3.0,BOB
GRID_1503,INDIAN_MARINE,12.5,78.75,1842.028749348991,,,,,,,,,252.3760630025302,55.0,SCS,982.0,18.0,BOB
GRID_1504,INDIAN_MARINE,16.25,94.75,244.54191317811353,,,,,,,,,119.74985431691708,115.0,VSCS,,65.58718508232494,BOB
GRID_1505,INDIAN_MARINE,19.5,83.0,1528.716976425154,,,,,,,,,209.63271686148488,20.0,D,,3.0,BOB
GRID_1506,INDIAN_MARINE,12.25,75.0,2239.9040225177923,,,,,,,,,455.31683606210845,25.0,D,,3.0,ARB
GRID_1507,INDIAN_MARINE,15.0,96.75,18.453094520194764,4.45,1.189,5.47,236.24,123164.0,0.137,302.3,2024-06-16 11:36:18.337842048,307.88211067875613,30.0,DD,,4.463400119024003,BOB
GRID_1508,INDIAN_MARINE,5.5,79.5,1645.7025930340078,,,,,,,,,444.77970657823505,25.0,,,3.0,BOB
GRID_1509,INDIAN_MARINE,12.75,68.5,2946.257853265668,,,,,,,,,149.24411387486555,25.0,D,,3.0,ARB
GRID_1510,INDIAN_MARINE,16.0,76.0,2192.269227163573,,,,,,,,,267.216948614171,25.0,D,997.0,3.0,BOB
GRID_1511,INDIAN_MARINE,15.25,93.25,357.46499002068606,,,,,,,,,205.7291043859633,25.0,D,990.0,3.0995834159888913,BOB
GRID_1512,INDIAN_MARINE,17.25,73.25,2499.917873300955,,,,,,,,,370.95026527131574,80.0,VSCS,970.0,30.0,ARB
GRID_1513,INDIAN_MARINE,13.0,75.75,2172.0739541106072,,,,,,,,,415.20493391846753,30.0,DD,996.0,4.0,BOB
GRID_1514,INDIAN_MARINE,9.0,92.0,347.76616578176214,,,,,,,,,493.3883457163451,25.0,D,,3.0,BOB
GRID_1515,INDIAN_MARINE,12.25,85.25,1141.7652138571027,,,,,,,,,330.1861845467302,30.0,DD,992.0,4.0,BOB
GRID_1516,INDIAN_MARINE,18.25,85.25,1262.489001406453,,,,,,,,,76.60522921880877,30.0,DD,,5.0,BOB
GRID_1517,INDIAN_MARINE,15.75,80.25,1738.3048229520966,,,,,,,,,115.84827127470261,30.0,DD,995.0,5.0,BOB
GRID_1518,INDIAN_MARINE,13.25,91.25,523.988534895537,,,,,,,,,141.5893119773029,25.0,D,990.0,3.0995834159888913,BOB
GRID_1519,INDIAN_MARINE,5.75,71.75,2503.659492451045,,,,,,,,,636.3107432538221,,,,,
GRID_1520,INDIAN_MARINE,20.75,76.5,2219.8680270755285,,,,,,,,,342.59533152730836,25.0,D,999.0,3.0,ARB
GRID_1521,INDIAN_MARINE,14.25,75.25,2245.683971038218,,,,,,,,,399.44784405104195,25.0,D,997.0,3.0,BOB
GRID_1522,INDIAN_MARINE,21.25,73.0,2586.5351166231108,,,,,,,,,138.99365830569826,50.0,SCS,990.0,12.0,ARB
GRID_1523,INDIAN_MARINE,11.5,91.75,431.6741229468541,,,,,,,,,334.68235083325874,25.0,D,990.0,3.0995834159888913,BOB
GRID_1524,INDIAN_MARINE,10.75,93.75,200.9267491930395,,,,,,,,,483.16904875321524,25.0,D,990.0,3.0995834159888913,BOB
GRID_1525,INDIAN_MARINE,11.0,96.5,86.46037756368924,,,,,,,,,667.3830836535395,,,,,
GRID_1526,INDIAN_MARINE,7.25,73.0,2373.7034158384113,,,,,,,,,688.5098051346298,,,,,
GRID_1527,INDIAN_MARINE,5.25,75.75,2060.593265265604,,,,,,,,,610.8711591714964,,,,,
GRID_1528,INDIAN_MARINE,14.5,78.5,1903.3207633707452,,,,,,,,,77.34185272766494,30.0,DD,996.0,4.0,BOB
GRID_1529,INDIAN_MARINE,18.5,71.75,2672.023620914841,,,,,,,,,184.53464148214772,80.0,VSCS,970.0,30.0,ARB
GRID_1530,INDIAN_MARINE,17.75,74.75,2348.0646739429635,,,,,,,,,376.70820388674815,20.0,D,998.0,3.0,BOB
GRID_1531,INDIAN_MARINE,16.5,83.5,1408.0812359133097,,,,,,,,,0.0,45.0,CS,,10.042650267804008,BOB
GRID_1532,INDIAN_MARINE,15.25,91.5,541.442107688859,,,,,,,,,60.38665138117602,35.0,CS,986.0,6.075183495338227,BOB
GRID_1533,INDIAN_MARINE,17.75,83.75,1404.4711287723037,,,,,,,,,141.50960176808252,50.0,SCS,,12.398333663955565,BOB
GRID_1534,INDIAN_MARINE,9.0,83.75,1235.8476035201354,,,,,,,,,52.26186465434859,25.0,D,990.0,3.0,BOB
GRID_1535,INDIAN_MARINE,5.5,80.0,1590.3736071753167,,,,,,,,,447.34377250194575,25.0,,,3.0,BOB
GRID_1536,INDIAN_MARINE,20.25,72.0,2669.0344430352675,,,,,,,,,158.80809758456726,90.0,ESCS,962.0,40.0,ARB
GRID_1537,INDIAN_MARINE,20.0,72.5,2613.2366490178188,,,,,,,,,215.9226145160689,90.0,ESCS,962.0,40.0,ARB
GRID_1538,INDIAN_MARINE,13.75,94.5,191.37739101881385,,,,,,,,,334.0708906724436,25.0,D,990.0,3.0995834159888913,BOB
GRID_1539,INDIAN_MARINE,13.25,75.0,2256.5095042413373,,,,,,,,,433.60281875280646,25.0,D,,3.0,ARB
GRID_1540,INDIAN_MARINE,9.0,83.5,1262.8113225647066,,,,,,,,,55.59746332227927,25.0,D,,4.0,BOB
GRID_1541,INDIAN_MARINE,7.25,93.0,199.3506250778134,,,,,,,,,552.3781315279664,,,,,
GRID_1542,INDIAN_MARINE,11.5,70.5,2711.575102649436,,,,,,,,,228.91739918350146,25.0,D,,3.0,ARB
GRID_1543,INDIAN_MARINE,7.25,82.25,1361.0518329194222,,,,,,,,,194.97294674253249,25.0,,,3.0,BOB
GRID_1544,INDIAN_MARINE,8.25,71.5,2549.2639061683753,,,,,,,,,501.6918150172562,,,,,
GRID_1545,INDIAN_MARINE,18.0,71.75,2666.703549338112,,,,,,,,,192.9836407795173,80.0,VSCS,970.0,30.0,ARB
GRID_1546,INDIAN_MARINE,9.5,77.0,1974.4109660039392,,,,,,,,,220.39994262555948,25.0,,,3.0,BOB
GRID_1547,INDIAN_MARINE,16.5,68.0,3047.044158009164,,,,,,,,,53.30793139737343,65.0,VSCS,980.0,22.0,ARB
GRID_1548,INDIAN_MARINE,14.0,80.25,1708.4101459041008,,,,,,,,,26.972989274411525,55.0,SCS,982.0,18.0,BOB
GRID_1549,INDIAN_MARINE,19.0,82.25,1589.4127774586852,,,,,,,,,212.91702716959588,25.0,DD,,4.0,BOB
GRID_1550,INDIAN_MARINE,15.0,86.0,1116.4724173559357,,,,,,,,,77.25460981329988,30.0,DD,,5.0,BOB
GRID_1551,INDIAN_MARINE,7.75,82.0,1398.4316359908948,,,,,,,,,138.99365830569843,25.0,,,3.0,BOB
GRID_1552,INDIAN_MARINE,16.75,94.75,280.9451427077504,,,,,,,,,66.68373700468015,115.0,VSCS,,65.58718508232494,BOB
GRID_1553,INDIAN_MARINE,12.5,90.0,640.3727979537567,,,,,,,,,275.2410771087284,25.0,D,990.0,3.0995834159888913,BOB
GRID_1554,INDIAN_MARINE,7.75,74.5,2214.70133674143,,,,,,,,,540.0028906731667,,,,,
GRID_1555,INDIAN_MARINE,7.5,74.5,2211.6276487235773,,,,,,,,,551.8939947797573,,,,,
GRID_1556,INDIAN_MARINE,10.25,95.25,29.013291516343926,4.84,1.519,5.26,233.7,259559.0,-0.014,302.52,2024-06-16 11:37:38.908881152,623.8012585157842,,,,,
GRID_1557,INDIAN_MARINE,12.0,89.5,682.7763590954273,,,,,,,,,352.31682440717975,25.0,D,990.0,3.0995834159888913,BOB
GRID_1558,INDIAN_MARINE,11.0,95.5,20.12564863831301,4.57,1.323,5.39,232.53,213229.0,0.174,302.49,2024-06-16 11:37:25.482898176,582.7390757861599,,,,,
GRID_1559,INDIAN_MARINE,12.75,94.25,194.44980986680136,,,,,,,,,355.20847731828997,25.0,D,990.0,3.0995834159888913,BOB
GRID_1560,INDIAN_MARINE,14.25,85.25,1181.3742776167085,,,,,,,,,193.298759603555,30.0,DD,,5.0,BOB
GRID_1561,INDIAN_MARINE,16.5,68.75,2967.457011176914,,,,,,,,,133.26964939978987,65.0,VSCS,980.0,22.0,ARB
GRID_1562,INDIAN_MARINE,6.5,80.25,1569.113674428442,,,,,,,,,338.3013369394428,25.0,,,3.0,BOB
GRID_1563,INDIAN_MARINE,15.0,91.75,509.6646491205518,,,,,,,,,61.75556019272783,25.0,D,990.0,3.0995834159888913,BOB
GRID_1564,INDIAN_MARINE,12.25,75.75,2159.375077835752,,,,,,,,,454.13558994699304,25.0,,,3.0,BOB
GRID_1565,INDIAN_MARINE,6.5,69.25,2782.0652105322383,,,,,,,,,372.4547974713192,25.0,D,,3.0,ARB
GRID_1566,INDIAN_MARINE,18.25,75.25,2301.791788268542,,,,,,,,,323.5087504694502,20.0,D,998.0,3.0,BOB
GRID_1567,INDIAN_MARINE,9.5,69.25,2812.618177198263,,,,,,,,,253.11551246235507,25.0,D,,3.0,ARB
GRID_1568,INDIAN_MARINE,9.75,84.25,1197.7033316549412,,,,,,,,,47.602665109898744,25.0,D,990.0,3.0,BOB
GRID_1569,INDIAN_MARINE,11.5,74.5,2280.770170211598,,,,,,,,,440.23368348511025,25.0,D,,3.0,ARB
GRID_1570,INDIAN_MARINE,14.0,96.0,39.11266084708935,5.0200000000000005,1.148,5.21,234.92,156963.0,0.087,302.27,2024-06-16 11:36:35.903872000,400.54173561900535,115.0,VSCS,,65.58718508232494,BOB
GRID_1571,INDIAN_MARINE,10.75,73.5,2375.347498871872,,,,,,,,,409.09169239166016,25.0,D,,3.0,ARB
GRID_1572,INDIAN_MARINE,16.75,73.0,2520.1114477817264,,,,,,,,,372.7334168365212,80.0,VSCS,970.0,30.0,ARB
GRID_1573,INDIAN_MARINE,19.5,84.25,1404.2553583275248,,,,,,,,,78.61265105087942,20.0,D,,3.0,BOB
GRID_1574,INDIAN_MARINE,12.75,92.5,380.1444080792686,,,,,,,,,222.58216151412583,25.0,D,990.0,3.0995834159888913,BOB
GRID_1575,INDIAN_MARINE,10.5,80.5,1616.5066469892074,,,,,,,,,156.06233315036081,25.0,,,3.0,BOB
GRID_1576,INDIAN_MARINE,8.25,95.75,72.8035675822046,,,,,,,,,835.0935620700392,,,,,
GRID_1577,INDIAN_MARINE,17.0,72.0,2628.9330098576384,,,,,,,,,269.5858071337242,80.0,VSCS,970.0,30.0,ARB
GRID_1578,INDIAN_MARINE,20.75,69.75,2909.0517856397514,,,,,,,,,82.8534999148912,90.0,ESCS,962.0,40.0,ARB
GRID_1579,INDIAN_MARINE,6.5,74.5,2202.6603640748467,,,,,,,,,609.8744941663381,,,,,
GRID_1580,INDIAN_MARINE,10.0,96.5,110.7612192597918,,,,,,,,,738.5036050755389,,,,,
GRID_1581,INDIAN_MARINE,18.75,77.75,2047.725635970012,,,,,,,,,101.6040716092887,20.0,D,998.0,3.0,BOB
GRID_1582,INDIAN_MARINE,6.5,75.25,2119.9415915566715,,,,,,,,,544.9619697890308,,,,,
GRID_1583,INDIAN_MARINE,5.25,77.25,1894.5007120826067,,,,,,,,,531.0832372123649,,,,,
GRID_1584,INDIAN_MARINE,17.25,73.5,2473.532360736999,,,,,,,,,395.6022329954166,80.0,VSCS,970.0,30.0,ARB
GRID_1585,INDIAN_MARINE,7.75,91.0,426.59323150800566,,,,,,,,,341.17170598868984,25.0,D,,3.0,BOB
GRID_1586,INDIAN_MARINE,13.0,71.75,2600.9303145406807,,,,,,,,,98.38997770288933,25.0,D,,3.0,ARB
GRID_1587,INDIAN_MARINE,15.25,78.75,1889.0725306354436,,,,,,,,,38.63839554269861,30.0,DD,996.0,4.0,BOB
GRID_1588,INDIAN_MARINE,15.5,76.25,2158.3546731985,,,,,,,,,247.12842034455,25.0,D,997.0,3.0,BOB
GRID_1589,INDIAN_MARINE,10.75,68.5,2915.0294935148595,,,,,,,,,99.65377607570277,25.0,D,,3.0,ARB
GRID_1590,INDIAN_MARINE,11.5,88.75,752.0261871312676,,,,,,,,,447.24477205960295,25.0,D,990.0,3.0995834159888913,BOB
GRID_1591,INDIAN_MARINE,5.75,75.75,2061.1944332696876,,,,,,,,,566.6553627371158,,,,,
GRID_1592,INDIAN_MARINE,7.75,96.0,111.7628356464114,,,,,,,,,886.1149973911452,,,,,
GRID_1593,INDIAN_MARINE,18.75,71.0,2753.2484009887735,,,,,,,,,108.97651770469761,80.0,VSCS,970.0,30.0,ARB
GRID_1594,INDIAN_MARINE,14.0,71.0,2696.117311803393,,,,,,,,,55.597463322279445,25.0,D,,3.0,ARB
GRID_1595,INDIAN_MARINE,19.25,79.75,1851.3994831298992,,,,,,,,,64.12085890224107,20.0,D,998.0,3.0,BOB
GRID_1596,INDIAN_MARINE,10.75,81.0,1567.61458727418,,,,,,,,,166.13885913439992,30.0,DD,992.0,4.0,BOB
GRID_1597,INDIAN_MARINE,5.75,80.5,1535.9511936026638,,,,,,,,,397.43128510037803,25.0,,,3.0,BOB
GRID_1598,INDIAN_MARINE,13.25,85.5,1135.1435972063052,,,,,,,,,272.38711842329616,30.0,DD,,5.0,BOB
GRID_1599,INDIAN_MARINE,6.75,78.0,1819.1319486073403,,,,,,,,,345.98964127968276,25.0,,,3.0,BOB
GRID_1600,INDIAN_MARINE,13.25,73.5,2417.1749711505554,,,,,,,,,271.87098146567564,25.0,D,,3.0,ARB
GRID_1601,INDIAN_MARINE,8.25,70.25,2685.9595787962767,,,,,,,,,366.896573063606,25.0,D,,3.0,ARB
GRID_1602,INDIAN_MARINE,13.25,94.0,232.57455731522865,,,,,,,,,303.5592209810106,25.0,D,990.0,3.0995834159888913,BOB
GRID_1603,INDIAN_MARINE,15.0,85.25,1195.8105609190077,,,,,,,,,114.37600411774807,35.0,CS,,7.0,BOB
GRID_1604,INDIAN_MARINE,10.0,95.5,4.763541444996093,4.92,1.337,5.24,233.13,255326.0,0.021,302.53000000000003,2024-06-16 11:37:42.007185024,662.7109714582979,,,,,
GRID_1605,INDIAN_MARINE,6.75,78.5,1764.156142576771,,,,,,,,,324.9922557462912,25.0,,,3.0,BOB
GRID_1606,INDIAN_MARINE,11.25,82.0,1469.973683072161,,,,,,,,,61.22712948612678,30.0,DD,992.0,4.0,BOB
GRID_1607,INDIAN_MARINE,9.25,78.75,1780.5262776628615,,,,,,,,,57.05784109000688,25.0,,,3.0,BOB
GRID_1608,INDIAN_MARINE,12.75,78.0,1926.8028191128192,,,,,,,,,272.48087384630855,30.0,DD,996.0,4.0,BOB
GRID_1609,INDIAN_MARINE,9.5,90.0,574.0037892775366,,,,,,,,,354.5526649516163,25.0,D,,3.0,BOB
GRID_1610,INDIAN_MARINE,19.5,80.5,1781.140179350103,,,,,,,,,147.36091916831015,20.0,D,998.0,3.0,BOB
GRID_1611,INDIAN_MARINE,20.0,70.25,2846.1328010368884,,,,,,,,,61.41063199859227,90.0,ESCS,962.0,40.0,ARB
GRID_1612,INDIAN_MARINE,12.75,74.5,2301.9235654882955,,,,,,,,,388.0761278958113,25.0,D,,3.0,ARB
GRID_1613,INDIAN_MARINE,12.75,96.0,9.057142895356892,4.61,1.372,5.23,229.19,180861.0,0.103,302.37,2024-06-16 11:36:55.532628992,523.7564742027903,,,,,
GRID_1614,INDIAN_MARINE,14.75,93.25,346.15616815559423,,,,,,,,,190.32660448839823,25.0,D,990.0,3.0995834159888913,BOB
GRID_1615,INDIAN_MARINE,16.5,90.75,648.2992655458759,,,,,,,,,26.65397081543464,40.0,CS,984.0,7.934933544931562,BOB
GRID_1616,INDIAN_MARINE,14.0,80.5,1681.7773521123074,,,,,,,,,0.0,55.0,SCS,982.0,18.0,BOB
GRID_1617,INDIAN_MARINE,8.0,93.75,136.27112728451948,,,,,,,,,643.5667848627114,,,,,
GRID_1618,INDIAN_MARINE,12.0,68.5,2935.0084608763186,,,,,,,,,77.80711372114195,25.0,D,,3.0,ARB
GRID_1619,INDIAN_MARINE,9.0,78.25,1829.562301250992,,,,,,,,,113.26857533874943,25.0,,,3.0,BOB
GRID_1620,INDIAN_MARINE,6.0,70.5,2642.3757777090045,,,,,,,,,510.02408029640486,,,,,
GRID_1621,INDIAN_MARINE,12.5,77.75,1949.1870586561424,,,,,,,,,309.03284700683093,30.0,DD,996.0,4.0,BOB
GRID_1622,INDIAN_MARINE,8.25,91.25,411.15478066672017,,,,,,,,,384.2030161075594,25.0,D,,3.0,BOB
GRID_1623,INDIAN_MARINE,18.25,71.0,2748.2446298929785,,,,,,,,,109.1253851365752,80.0,VSCS,970.0,30.0,ARB
GRID_1624,INDIAN_MARINE,5.25,71.5,2531.1822484794075,,,,,,,,,648.3088828486142,,,,,
GRID_1625,INDIAN_MARINE,9.25,70.25,2700.0245994586317,,,,,,,,,350.92699137777265,25.0,D,,3.0,ARB
GRID_1626,INDIAN_MARINE,8.75,80.25,1608.440424911005,,,,,,,,,117.19566768730661,25.0,,,3.0,BOB
GRID_1627,INDIAN_MARINE,15.5,95.75,109.04564256816688,,,,,,,,,240.49457922828236,115.0,VSCS,,65.58718508232494,BOB
GRID_1628,INDIAN_MARINE,12.75,71.75,2597.0568777149206,,,,,,,,,116.40925683077373,25.0,D,,3.0,ARB
GRID_1629,INDIAN_MARINE,18.25,69.75,2879.720253914965,,,,,,,,,38.32420762905208,80.0,VSCS,970.0,30.0,ARB
GRID_1630,INDIAN_MARINE,18.0,78.5,1957.495380449702,,,,,,,,,21.150530887461734,20.0,D,998.0,3.0,BOB
GRID_1631,INDIAN_MARINE,15.75,69.75,2852.5788254390804,,,,,,,,,160.62482906673569,25.0,D,,3.0,ARB
GRID_1632,INDIAN_MARINE,8.5,92.5,282.4336430437946,,,,,,,,,523.093526118746,,,,,
GRID_1633,INDIAN_MARINE,20.75,76.25,2245.146705134256,,,,,,,,,331.7816671865982,25.0,D,999.0,3.0,ARB
GRID_1634,INDIAN_MARINE,6.5,75.75,2064.8059977559255,,,,,,,,,504.5590444572523,,,,,
GRID_1635,INDIAN_MARINE,14.75,86.25,1085.1458421049726,,,,,,,,,87.60747868737137,30.0,DD,,5.0,BOB
GRID_1636,INDIAN_MARINE,9.75,70.75,2654.5447787588105,,,,,,,,,358.0274467632138,25.0,D,,3.0,ARB
GRID_1637,INDIAN_MARINE,6.5,71.5,2533.6833552502844,,,,,,,,,568.3816779592513,,,,,
GRID_1638,INDIAN_MARINE,11.75,77.0,2016.3475032024428,,,,,,,,,315.752560701151,25.0,,,3.0,BOB
GRID_1639,INDIAN_MARINE,11.75,73.5,2392.6717438591695,,,,,,,,,333.8320020868193,25.0,D,,3.0,ARB
GRID_1640,INDIAN_MARINE,21.25,68.5,3045.5942559320106,,,,,,,,,58.841617997047805,25.0,D,,3.0,ARB
GRID_1641,INDIAN_MARINE,15.5,76.0,2184.897695228237,,,,,,,,,273.2633661828097,25.0,D,997.0,3.0,BOB
GRID_1642,INDIAN_MARINE,10.75,89.5,655.4299186515352,,,,,,,,,448.35279169882017,25.0,D,,3.0,BOB
GRID_1643,INDIAN_MARINE,21.25,76.25,2258.6222412486763,,,,,,,,,281.2663665324612,25.0,D,999.0,3.0,ARB
GRID_1644,INDIAN_MARINE,10.5,95.25,34.9047524286119,5.4,1.523,5.3500000000000005,234.19,254453.0,0.033,302.51,2024-06-16 11:37:34.777811968,602.890385189358,,,,,
GRID_1645,INDIAN_MARINE,21.0,73.5,2530.118775322416,,,,,,,,,174.60271276347433,50.0,SCS,990.0,12.0,ARB
GRID_1646,INDIAN_MARINE,11.0,74.25,2298.9195917181614,,,,,,,,,449.41234483542,25.0,D,,3.0,ARB
GRID_1647,INDIAN_MARINE,12.75,72.25,2543.3730987994604,,,,,,,,,158.9894670204888,25.0,D,,3.0,ARB
GRID_1648,INDIAN_MARINE,12.25,92.25,395.3713553240538,,,,,,,,,263.01349231644366,25.0,D,990.0,3.0995834159888913,BOB
GRID_1649,INDIAN_MARINE,13.75,79.75,1757.31346048701,,,,,,,,,85.60213745276937,55.0,SCS,982.0,18.0,BOB
GRID_1650,INDIAN_MARINE,13.25,77.25,2015.7134409222929,,,,,,,,,271.0587976806777,30.0,DD,996.0,4.0,BOB
GRID_1651,INDIAN_MARINE,14.5,89.25,762.7151676888893,,,,,,,,,218.3854873046578,35.0,CS,986.0,6.075183495338227,BOB
GRID_1652,INDIAN_MARINE,13.75,80.0,1730.654150592988,,,,,,,,,60.71313524105158,55.0,SCS,982.0,18.0,BOB
GRID_1653,INDIAN_MARINE,16.75,75.0,2308.632811824843,,,,,,,,,373.45498758671954,20.0,D,998.0,3.0,BOB
GRID_1654,INDIAN_MARINE,11.25,95.75,2.180862745116248,5.13,1.448,5.37,230.93,193630.0,0.126,302.47,2024-06-16 11:37:20.319058944,585.4649421958611,,,,,
GRID_1655,INDIAN_MARINE,18.25,80.25,1778.591151152201,,,,,,,,,138.54924999442136,20.0,D,998.0,3.0,BOB
GRID_1656,INDIAN_MARINE,19.25,79.25,1902.7167364147128,,,,,,,,,28.29067321586238,20.0,D,998.0,3.0,BOB
GRID_1657,INDIAN_MARINE,6.25,79.25,1677.040910805458,,,,,,,,,362.430807457995,25.0,,,3.0,BOB
GRID_1658,INDIAN_MARINE,7.25,72.0,2483.6516305954324,,,,,,,,,583.7552649964196,,,,,
GRID_1659,INDIAN_MARINE,12.75,72.5,2516.5327677793384,,,,,,,,,182.5914182017982,25.0,D,,3.0,ARB
GRID_1660,INDIAN_MARINE,5.5,74.25,2226.7303900781285,,,,,,,,,701.473095625232,,,,,
GRID_1661,INDIAN_MARINE,12.75,77.5,1980.356920974637,,,,,,,,,298.01032188160053,30.0,DD,996.0,4.0,BOB
GRID_1662,INDIAN_MARINE,7.75,93.0,211.09441277250548,,,,,,,,,557.6394878508213,,,,,
GRID_1663,INDIAN_MARINE,10.75,83.25,1325.7837566488936,,,,,,,,,86.48767234898443,30.0,DD,992.0,4.0,BOB
GRID_1664,INDIAN_MARINE,19.5,84.5,1379.5443807856077,,,,,,,,,52.408457196928126,20.0,D,,3.0,BOB
GRID_1665,INDIAN_MARINE,9.5,72.75,2433.6962250394454,,,,,,,,,483.9141509848086,25.0,D,,3.0,ARB
GRID_1666,INDIAN_MARINE,14.75,74.5,2333.2785044895486,,,,,,,,,402.18451073568485,25.0,D,,3.0,ARB
GRID_1667,INDIAN_MARINE,13.75,73.25,2451.6876574768926,,,,,,,,,244.73070260220456,25.0,D,,3.0,ARB
GRID_1668,INDIAN_MARINE,18.0,83.25,1461.782545775444,,,,,,,,,127.81808570736621,25.0,DD,,4.0,BOB
GRID_1669,INDIAN_MARINE,9.0,70.25,2696.1108095440827,,,,,,,,,356.9331095015796,25.0,D,,3.0,ARB
GRID_1670,INDIAN_MARINE,16.0,90.0,715.075638554561,,,,,,,,,77.07196071574303,40.0,CS,984.0,7.934933544931562,BOB
GRID_1671,INDIAN_MARINE,12.0,77.0,2020.8022534760123,,,,,,,,,336.3104484026688,25.0,,,3.0,BOB
GRID_1672,INDIAN_MARINE,17.5,71.75,2661.1510039780665,,,,,,,,,215.89989390622938,80.0,VSCS,970.0,30.0,ARB
GRID_1673,INDIAN_MARINE,9.5,91.25,439.78532982604776,,,,,,,,,452.94997280011995,25.0,D,,3.0,BOB
GRID_1674,INDIAN_MARINE,6.75,75.5,2094.2585511242182,,,,,,,,,505.89284015610133,,,,,
GRID_1675,INDIAN_MARINE,15.75,95.75,126.82685295627688,,,,,,,,,217.8533798219698,115.0,VSCS,,65.58718508232494,BOB
GRID_1676,INDIAN_MARINE,12.75,74.25,2328.7415403925975,,,,,,,,,361.68368568072265,25.0,D,,3.0,ARB
GRID_1677,INDIAN_MARINE,11.0,72.75,2460.602284956248,,,,,,,,,336.7956165921226,25.0,D,,3.0,ARB
GRID_1678,INDIAN_MARINE,16.75,78.25,1965.4500916534175,,,,,,,,,38.47622469094834,20.0,D,998.0,3.0,BOB
GRID_1679,INDIAN_MARINE,14.0,93.25,329.12582176413645,,,,,,,,,196.62656950552645,25.0,D,990.0,3.0995834159888913,BOB
GRID_1680,INDIAN_MARINE,8.5,68.25,2907.682723503346,,,,,,,,,148.19950328694648,25.0,D,,3.0,ARB
GRID_1681,INDIAN_MARINE,17.75,84.75,1300.7127983997698,,,,,,,,,87.51439205066033,55.0,SCS,,15.001983733386234,BOB
GRID_1682,INDIAN_MARINE,5.0,75.25,2116.2147329650443,,,,,,,,,666.3733475773502,,,,,
GRID_1683,INDIAN_MARINE,6.25,72.25,2449.7554086150203,,,,,,,,,654.3886413990173,,,,,
GRID_1684,INDIAN_MARINE,15.5,91.5,546.8791081826457,,,,,,,,,53.57539663763071,35.0,CS,986.0,6.075183495338227,BOB
GRID_1685,INDIAN_MARINE,7.75,69.0,2817.757556282668,,,,,,,,,260.2405287637594,25.0,D,,3.0,ARB
GRID_1686,INDIAN_MARINE,6.25,69.5,2753.5709513372244,,,,,,,,,411.5895050538532,25.0,D,,3.0,ARB
GRID_1687,INDIAN_MARINE,17.75,75.75,2242.873284613238,,,,,,,,,271.2854517223248,20.0,D,998.0,3.0,BOB
GRID_1688,INDIAN_MARINE,15.0,84.5,1275.1885936108365,,,,,,,,,144.55340463792655,45.0,CS,,10.0,BOB
GRID_1689,INDIAN_MARINE,16.5,68.5,2993.9827288335177,,,,,,,,,106.61578092464201,65.0,VSCS,980.0,22.0,ARB
GRID_1690,INDIAN_MARINE,17.25,69.75,2869.6158256783606,,,,,,,,,141.48909873712284,80.0,VSCS,970.0,30.0,ARB
GRID_1691,INDIAN_MARINE,16.0,95.25,185.2516173118166,,,,,,,,,165.16441357069007,115.0,VSCS,,65.58718508232494,BOB
GRID_1692,INDIAN_MARINE,7.5,70.25,2678.213888124153,,,,,,,,,394.61403861076036,25.0,D,,3.0,ARB
GRID_1693,INDIAN_MARINE,18.75,72.25,2622.1858858559867,,,,,,,,,238.70836238114651,80.0,VSCS,970.0,30.0,ARB
GRID_1694,INDIAN_MARINE,10.75,84.0,1245.227829235933,,,,,,,,,150.11315097015432,25.0,D,990.0,3.0,BOB
GRID_1695,INDIAN_MARINE,14.75,85.0,1217.5033082959344,,,,,,,,,148.97275248447718,35.0,CS,,7.0,BOB
GRID_1696,INDIAN_MARINE,17.25,76.0,2209.8738590678213,,,,,,,,,257.6117533744155,20.0,D,998.0,3.0,BOB
GRID_1697,INDIAN_MARINE,18.0,79.75,1826.5192233085488,,,,,,,,,125.41063421709234,20.0,D,998.0,3.0,BOB
GRID_1698,INDIAN_MARINE,8.0,73.25,2354.696149271974,,,,,,,,,659.0791544072507,,,,,
GRID_1699,INDIAN_MARINE,11.25,92.0,399.32087184574215,,,,,,,,,365.42404619234327,25.0,D,990.0,3.0995834159888913,BOB
GRID_1700,INDIAN_MARINE,8.5,89.5,605.2863151052983,,,,,,,,,234.80168779105787,25.0,D,,3.0,BOB
