zone_id,latitude,longitude,wind_speed_ms,wave_height_m,wave_period_s,wave_direction_deg,saral_sst_c,saral_distance_km,saral_source,current_u_ms,current_v_ms,current_speed_ms,cyclone_distance_km,cyclone_wind_kt,cyclone_grade,cyclone_pressure_hpa,cyclone_pressure_drop_hpa,cyclone_basin,rainfall_mean,rainfall_max,risk_score,risk_level,agent,data_region,region,dist_coast_m,ssha_m,saral_time
PFZ0001,13.170277777777777,92.64027777777778,7.85,1.8,8.35,236.0,29.2,315.0276488099229,NO_NEARBY_SARAL,,,,192.40181318686865,25.0,D,990.0,3.0995834159888913,BOB,,,0.1833363569376003,LOW,SAFETY_AGENT,BROADER_INDIAN_MARINE_REGION,ANDAMAN,,,
PFZ0002,11.76,92.94694444444444,7.03,0.92,6.75,203.0,29.1,309.14406748715123,NO_NEARBY_SARAL,,,,342.5952617522272,25.0,D,990.0,3.0995834159888913,BOB,,,0.1382783223679927,LOW,SAFETY_AGENT,BROADER_INDIAN_MARINE_REGION,ANDAMAN,,,
PFZ0003,11.745,93.00444444444445,7.03,1.2,7.5,207.0,28.9,302.69810538098625,NO_NEARBY_SARAL,,,,346.9607374377355,25.0,D,990.0,3.0995834159888913,BOB,,,0.1369686796623402,LOW,SAFETY_AGENT,BROADER_INDIAN_MARINE_REGION,ANDAMAN,,,
PFZ0004,11.694444444444445,93.02194444444444,7.69,1.2,7.5,207.0,28.9,299.6955967251775,NO_NEARBY_SARAL,,,,352.82271892294324,25.0,D,990.0,3.0995834159888913,BOB,,,0.1352100852167779,LOW,SAFETY_AGENT,BROADER_INDIAN_MARINE_REGION,ANDAMAN,,,
PFZ0005,11.6325,93.02111111111113,8.02,1.28,7.65,212.0,28.9,298.3666899453634,NO_NEARBY_SARAL,,,,358.8950682262179,25.0,D,990.0,3.0995834159888913,BOB,,,0.1333883804257955,LOW,SAFETY_AGENT,BROADER_INDIAN_MARINE_REGION,ANDAMAN,,,
PFZ0006,11.58777777777778,93.02583333333334,8.42,1.28,7.65,212.0,28.9,296.82688723055304,NO_NEARBY_SARAL,-0.0295,0.051,0.058917314,363.5589746798088,25.0,D,990.0,3.0995834159888913,BOB,,,0.1256185984897182,LOW,SAFETY_AGENT,BROADER_INDIAN_MARINE_REGION,ANDAMAN,,,
PFZ0007,11.56388888888889,92.99944444444444,8.39,1.22,7.0,217.0,28.8,299.0852700402802,NO_NEARBY_SARAL,-0.0295,0.051,0.058917314,364.6483520830415,25.0,D,990.0,3.0995834159888913,BOB,,,0.1252917852687484,LOW,SAFETY_AGENT,BROADER_INDIAN_MARINE_REGION,ANDAMAN,,,
PFZ0008,11.535555555555556,92.97555555555556,8.39,1.22,7.0,217.0,28.8,300.96789227811087,NO_NEARBY_SARAL,-0.0295,0.051,0.058917314,366.3393067762384,25.0,D,990.0,3.0995834159888913,BOB,,,0.1247844988607894,LOW,SAFETY_AGENT,BROADER_INDIAN_MARINE_REGION,ANDAMAN,,,
PFZ0009,11.501944444444444,92.98388888888888,8.87,1.22,7.0,217.0,28.8,299.3161875257179,NO_NEARBY_SARAL,-0.0295,0.051,0.058917314,370.1014805688679,25.0,D,990.0,3.0995834159888913,BOB,,,0.1236558467230005,LOW,SAFETY_AGENT,BROADER_INDIAN_MARINE_REGION,ANDAMAN,,,
PFZ0010,11.3625,92.97833333333334,9.06,1.44,7.25,228.0,28.9,296.70165830203587,NO_NEARBY_SARAL,-0.043500002,0.0555,0.07051596,383.8935321558379,25.0,D,990.0,3.0995834159888913,BOB,0.2414128333330154,10.300000190734863,0.1233870685319486,LOW,SAFETY_AGENT,BROADER_INDIAN_MARINE_REGION,ANDAMAN,,,
PFZ0011,11.3,92.95277777777778,8.68,1.46,7.55,228.0,28.9,297.9826695646836,NO_NEARBY_SARAL,-0.043500002,0.0555,0.07051596,389.0990412210379,25.0,D,990.0,3.0995834159888913,BOB,0.2414128333330154,10.300000190734863,0.1218254158123886,LOW,SAFETY_AGENT,BROADER_INDIAN_MARINE_REGION,ANDAMAN,,,
PFZ0012,11.255,92.89833333333334,9.17,1.36,6.65,238.0,28.8,298.60887560073064,NO_NEARBY_SARAL,-0.043500002,0.0555,0.07051596,391.36287223916094,25.0,D,990.0,3.0995834159888913,BOB,0.2414128333330154,10.300000190734863,0.1211462665069516,LOW,SAFETY_AGENT,BROADER_INDIAN_MARINE_REGION,ANDAMAN,,,
PFZ0013,11.17611111111111,92.82166666666666,8.7,1.3,6.25,248.0,28.9,288.64465718211716,NO_NEARBY_SARAL,-0.017,0.026999999,0.031906113,396.3948097519698,25.0,D,990.0,3.0995834159888913,BOB,,,0.1130667278680699,LOW,SAFETY_AGENT,BROADER_INDIAN_MARINE_REGION,ANDAMAN,,,
PFZ0014,10.916666666666666,92.68388888888887,6.93,0.82,5.75,228.0,29.2,267.9973336090016,NO_NEARBY_SARAL,-0.047500003,-0.019000001,0.05115907,418.62397909834095,25.0,D,990.0,3.0995834159888913,BOB,,,0.1083232727641586,LOW,SAFETY_AGENT,BROADER_INDIAN_MARINE_REGION,ANDAMAN,,,
PFZ0015,10.913333333333334,92.3475,8.16,1.72,8.75,235.0,29.0,232.11927495968152,NO_NEARBY_SARAL,0.008000001,-0.040999997,0.041773196,409.27324498694304,25.0,D,990.0,3.0995834159888913,BOB,,,0.110189905597578,LOW,SAFETY_AGENT,BROADER_INDIAN_MARINE_REGION,ANDAMAN,,,
PFZ0016,10.87527777777778,92.70972222222224,6.38,0.76,6.5,206.0,28.9,269.79767120799215,NO_NEARBY_SARAL,-0.047500003,-0.019000001,0.05115907,423.8686687201688,25.0,D,990.0,3.0995834159888913,BOB,,,0.1067498658776102,LOW,SAFETY_AGENT,BROADER_INDIAN_MARINE_REGION,ANDAMAN,,,
PFZ0017,10.805277777777778,92.73111111111112,6.58,0.84,7.2,206.0,28.8,270.4551166727621,NO_NEARBY_SARAL,-0.019000001,-0.035499997,0.040264748,431.9935178082016,25.0,D,990.0,3.0995834159888913,BOB,,,0.1032229789512004,LOW,SAFETY_AGENT,BROADER_INDIAN_MARINE_REGION,ANDAMAN,,,
PFZ0018,10.76888888888889,92.27083333333331,8.56,2.18,9.7,228.0,29.0,220.60476127705633,NO_NEARBY_SARAL,-0.009,0.0014999956,0.009124143,423.2236705190064,25.0,D,990.0,3.0995834159888913,BOB,,,0.1027398726379589,LOW,SAFETY_AGENT,BROADER_INDIAN_MARINE_REGION,ANDAMAN,,,
PFZ0019,10.727222222222222,92.74361111111112,7.74,1.08,8.15,206.0,28.7,269.9875371474611,NO_NEARBY_SARAL,-0.019000001,-0.035499997,0.040264748,440.6750979852412,25.0,D,990.0,3.0995834159888913,BOB,,,0.1006185048980885,LOW,SAFETY_AGENT,BROADER_INDIAN_MARINE_REGION,ANDAMAN,,,
PFZ0020,10.649722222222222,92.79833333333332,7.93,1.7,9.7,210.0,28.8,274.04201665909994,NO_NEARBY_SARAL,-0.019000001,-0.035499997,0.040264748,450.7128324417398,25.0,D,990.0,3.0995834159888913,BOB,,,0.0976071845611389,LOW,SAFETY_AGENT,BROADER_INDIAN_MARINE_REGION,ANDAMAN,,,
PFZ0021,15.530555555555557,73.04638888888888,2.02,1.774,7.48,241.91,302.58,17.518164709054144,SARAL_AltiKa,0.035000004,-0.024,0.042438194,315.4346296641014,25.0,D,,3.0,ARB,0.2087612748146057,8.100000381469727,0.1370186672118742,LOW,SAFETY_AGENT,BROADER_INDIAN_MARINE_REGION,GOA,,,
PFZ0022,15.436944444444444,73.11,3.23,1.951,7.43,242.29,302.57,13.108786241244504,SARAL_AltiKa,0.035000004,-0.024,0.042438194,313.0375381523984,25.0,D,,3.0,ARB,0.2087612748146057,8.100000381469727,0.1524877946653852,LOW,SAFETY_AGENT,BROADER_INDIAN_MARINE_REGION,GOA,,,
PFZ0023,15.349722222222224,73.17166666666667,3.43,1.702,7.41,242.53,302.56,9.28883226094051,SARAL_AltiKa,0.046000004,-0.087000005,0.0984124,311.43416565787334,25.0,D,,3.0,ARB,0.2211500257253646,5.300000190734863,0.1364471987956521,LOW,SAFETY_AGENT,BROADER_INDIAN_MARINE_REGION,GOA,,,
PFZ0024,15.233333333333333,73.39305555555556,3.5700000000000003,1.862,7.45,243.69,302.55,11.57192443056334,SARAL_AltiKa,0.040000003,-0.1295,0.13553691,321.8520933466123,25.0,D,,3.0,ARB,,,0.1502092891563439,LOW,SAFETY_AGENT,BROADER_INDIAN_MARINE_REGION,GOA,,,
PFZ0025,15.193333333333332,73.4238888888889,3.5,2.0380000000000003,7.43,244.24,302.54,13.963459526280817,SARAL_AltiKa,0.040000003,-0.1295,0.13553691,321.91557006872114,25.0,D,,3.0,ARB,,,0.1648569128063779,LOW,SAFETY_AGENT,BROADER_INDIAN_MARINE_REGION,GOA,,,
PFZ0026,15.145555555555555,73.44277777777778,3.47,1.913,7.41,244.85,302.54,15.01376583217573,SARAL_AltiKa,0.040000003,-0.1295,0.13553691,320.52928247684383,25.0,D,,3.0,ARB,,,0.1548561324172744,LOW,SAFETY_AGENT,BROADER_INDIAN_MARINE_REGION,GOA,,,
PFZ0027,15.094444444444443,73.4475,3.47,1.913,7.41,244.85,302.54,14.123994392125423,SARAL_AltiKa,0.043500002,-0.1365,0.14326374,317.7667322129476,25.0,D,,3.0,ARB,0.2710145115852356,9.100000381469728,0.1586405574724803,LOW,SAFETY_AGENT,BROADER_INDIAN_MARINE_REGION,GOA,,,
PFZ0028,14.746388888888887,73.52638888888889,5.36,1.947,7.68,241.83,302.52,13.80192025479156,SARAL_AltiKa,0.0515,-0.1225,0.13288529,305.6498720149293,25.0,D,,3.0,ARB,0.2311431467533111,5.199999809265137,0.1692214251670371,LOW,SAFETY_AGENT,BROADER_INDIAN_MARINE_REGION,KARNATAKA,,,
PFZ0029,14.653055555555556,73.53861111111111,4.93,3.283,7.42,242.48,302.51,13.26244603395495,SARAL_AltiKa,0.0515,-0.1225,0.13288529,302.3307135737146,25.0,D,,3.0,ARB,0.2311431467533111,5.199999809265137,0.2743505060327348,LOW,SAFETY_AGENT,BROADER_INDIAN_MARINE_REGION,KARNATAKA,,,
PFZ0030,14.568055555555556,73.50222222222222,4.11,2.636,7.37,242.27,302.51,7.237862361921107,SARAL_AltiKa,0.047500003,-0.10050001,0.1111598,294.8954439355065,25.0,D,,3.0,ARB,0.2208078354597091,5.400000095367432,0.2205660331223477,LOW,SAFETY_AGENT,BROADER_INDIAN_MARINE_REGION,KARNATAKA,,,
PFZ0031,14.493055555555555,73.4475,4.17,2.1750000000000003,7.32,242.09,302.5,2.1273390785671733,SARAL_AltiKa,0.047500003,-0.10050001,0.1111598,286.2223366169179,25.0,D,,3.0,ARB,0.2208078354597091,5.400000095367432,0.1847512986512576,LOW,SAFETY_AGENT,BROADER_INDIAN_MARINE_REGION,KARNATAKA,,,
PFZ0032,14.3575,73.97722222222222,4.3,1.959,7.17,242.2,302.49,51.83734778125634,SARAL_AltiKa,0.054500002,-0.0355,0.065042295,335.1611346148864,25.0,D,,3.0,ARB,0.2666666805744171,0.4000000059604645,0.1450725558199503,LOW,SAFETY_AGENT,BROADER_INDIAN_MARINE_REGION,KARNATAKA,,,
PFZ0033,14.252222222222224,73.98666666666666,4.58,1.983,7.15,242.18,302.49,50.270709493421855,SARAL_AltiKa,0.054500002,-0.0355,0.065042295,333.07878821459985,25.0,D,,3.0,ARB,0.2666666805744171,0.4000000059604645,0.1476972597400363,LOW,SAFETY_AGENT,BROADER_INDIAN_MARINE_REGION,KARNATAKA,,,
PFZ0034,14.149166666666666,74.01083333333334,4.58,1.914,7.09,241.8,302.48,50.316137140284305,SARAL_AltiKa,0.054500002,-0.0355,0.065042295,333.0046147587472,25.0,D,,3.0,ARB,0.2666666805744171,0.4000000059604645,0.141969511776792,LOW,SAFETY_AGENT,BROADER_INDIAN_MARINE_REGION,KARNATAKA,,,
PFZ0035,14.126944444444446,73.67555555555556,4.61,1.851,7.12,241.99,302.49,14.602475669862567,SARAL_AltiKa,0.049500003,-0.0825,0.09621071,297.19256267780736,25.0,D,,3.0,ARB,0.211635872721672,4.800000190734863,0.1526423919738294,LOW,SAFETY_AGENT,BROADER_INDIAN_MARINE_REGION,KARNATAKA,,,
PFZ0036,14.079444444444444,73.74138888888889,4.58,1.914,7.09,241.8,302.48,20.35183698869102,SARAL_AltiKa,0.021000002,-0.065500006,0.06878409,302.9698132473481,25.0,D,,3.0,ARB,0.2334019392728805,6.599999904632568,0.154370969826294,LOW,SAFETY_AGENT,BROADER_INDIAN_MARINE_REGION,KARNATAKA,,,
PFZ0037,14.051944444444445,74.05166666666666,4.78,1.84,7.12,241.95,302.48,52.35911477843483,SARAL_AltiKa,0.0395,-0.044,0.059129097,335.23099550427537,25.0,D,,3.0,ARB,0.2550275325775146,6.599999904632568,0.1376145131658107,LOW,SAFETY_AGENT,BROADER_INDIAN_MARINE_REGION,KARNATAKA,,,
PFZ0038,14.043888888888889,73.81555555555555,4.73,1.814,7.07,241.71,302.48,27.27769194471016,SARAL_AltiKa,0.021000002,-0.065500006,0.06878409,310.0277499810617,25.0,D,,3.0,ARB,0.2334019392728805,6.599999904632568,0.1439202554728466,LOW,SAFETY_AGENT,BROADER_INDIAN_MARINE_REGION,KARNATAKA,,,
PFZ0039,13.9775,73.86361111111111,4.78,1.84,7.12,241.95,302.48,30.747503387588846,SARAL_AltiKa,0.021000002,-0.065500006,0.06878409,313.8298993404279,25.0,D,,3.0,ARB,0.2334019392728805,6.599999904632568,0.1449462773317034,LOW,SAFETY_AGENT,BROADER_INDIAN_MARINE_REGION,KARNATAKA,,,
PFZ0040,13.630833333333332,73.70694444444445,4.86,1.876,7.17,242.67,302.49,5.926137250248682,SARAL_AltiKa,-0.0010000002,-0.041,0.041012194,292.96132631727573,25.0,D,,3.0,ARB,0.249965950846672,4.900000095367432,0.150621069762951,LOW,SAFETY_AGENT,BROADER_INDIAN_MARINE_REGION,KARNATAKA,,,
PFZ0041,13.575833333333334,73.75277777777778,4.73,1.8,7.140000000000001,242.71,302.49,9.430790666211532,SARAL_AltiKa,-0.010500001,-0.009500001,0.014159803,297.7079907080866,25.0,D,,3.0,ARB,0.228747546672821,4.599999904632568,0.1399754519065723,LOW,SAFETY_AGENT,BROADER_INDIAN_MARINE_REGION,KARNATAKA,,,
PFZ0042,13.551666666666668,73.81972222222223,4.75,1.948,7.1000000000000005,242.72,302.49,16.131182271810943,SARAL_AltiKa,-0.010500001,-0.009500001,0.014159803,304.8951070156681,25.0,D,,3.0,ARB,0.228747546672821,4.599999904632568,0.1501526503476312,LOW,SAFETY_AGENT,BROADER_INDIAN_MARINE_REGION,KARNATAKA,,,
PFZ0043,13.4975,73.86527777777778,4.65,1.954,7.0600000000000005,242.74,302.49,19.592938715226826,SARAL_AltiKa,-0.010500001,-0.009500001,0.014159803,309.8012766007115,25.0,D,,3.0,ARB,0.228747546672821,4.599999904632568,0.1491807994721182,LOW,SAFETY_AGENT,BROADER_INDIAN_MARINE_REGION,KARNATAKA,,,
PFZ0044,13.209444444444443,73.52472222222222,4.44,1.967,6.9,242.46,302.5,23.44276485850073,SARAL_AltiKa,-0.042500004,0.0465,0.06299604,275.04743987882665,25.0,D,,3.0,ARB,0.2004109472036361,5.199999809265137,0.1658030659756603,LOW,SAFETY_AGENT,BROADER_INDIAN_MARINE_REGION,KARNATAKA,,,
PFZ0045,13.16388888888889,73.57027777777778,4.53,1.926,6.8500000000000005,242.26,302.5,19.779183331586097,SARAL_AltiKa,-0.042500004,0.0465,0.06299604,280.5980306767949,25.0,D,,3.0,ARB,0.2004109472036361,5.199999809265137,0.1607212220696032,LOW,SAFETY_AGENT,BROADER_INDIAN_MARINE_REGION,KARNATAKA,,,
PFZ0046,13.105833333333331,73.59805555555555,4.6000000000000005,1.891,6.84,241.83,302.5,18.25472396910017,SARAL_AltiKa,-0.0255,0.034500003,0.04290105,284.532911529872,25.0,D,,3.0,ARB,0.194387674331665,4.199999809265137,0.1540995339648334,LOW,SAFETY_AGENT,BROADER_INDIAN_MARINE_REGION,KARNATAKA,,,
PFZ0047,13.054722222222225,73.64444444444445,4.6000000000000005,1.831,6.83,241.38,302.51,14.63954139914132,SARAL_AltiKa,-0.0405,0.0505,0.06473407,290.4380774477771,25.0,D,,3.0,ARB,0.201711505651474,4.599999904632568,0.1497295958154451,LOW,SAFETY_AGENT,BROADER_INDIAN_MARINE_REGION,KARNATAKA,,,
PFZ0048,12.73,74.48555555555555,4.08,1.772,6.97,239.25,302.53000000000003,66.57715926014683,SARAL_AltiKa,0.039,0.017,0.042544097,387.04937865771774,25.0,D,,3.0,ARB,,,0.1138508222630122,LOW,SAFETY_AGENT,BROADER_INDIAN_MARINE_REGION,KERALA,,,
PFZ0049,12.673055555555557,74.45027777777779,4.08,1.772,6.97,239.25,302.53000000000003,61.51342651170764,SARAL_AltiKa,0.039,0.017,0.042544097,384.82998842704075,25.0,D,,3.0,ARB,,,0.1145166393322153,LOW,SAFETY_AGENT,BROADER_INDIAN_MARINE_REGION,KERALA,,,
PFZ0050,12.6075,74.43583333333333,3.77,1.753,7.0600000000000005,238.96,302.54,58.41974516060244,SARAL_AltiKa,0.044,0.0435,0.06187285,385.1719530972624,25.0,D,,3.0,ARB,0.2160360366106033,8.300000190734863,0.1164091225910485,LOW,SAFETY_AGENT,BROADER_INDIAN_MARINE_REGION,KERALA,,,
PFZ0051,12.54,74.43055555555556,3.73,1.835,7.13,238.65,302.54,56.26784784066067,SARAL_AltiKa,0.044,0.0435,0.06187285,386.6723386356551,25.0,D,,3.0,ARB,0.2160360366106033,8.300000190734863,0.122792340262864,LOW,SAFETY_AGENT,BROADER_INDIAN_MARINE_REGION,KERALA,,,
PFZ0052,12.473888888888888,74.435,3.87,1.974,7.18,238.32,302.54,55.18197310779271,SARAL_AltiKa,0.044,0.0435,0.06187285,389.2730055598248,25.0,D,,3.0,ARB,0.2160360366106033,8.300000190734863,0.1335954735189465,LOW,SAFETY_AGENT,BROADER_INDIAN_MARINE_REGION,KERALA,,,
PFZ0053,12.470277777777778,74.69583333333334,4.13,1.752,7.23,237.89,302.55,82.64789679779055,SARAL_AltiKa,0.0595,-0.017,0.06188094,416.4875232795222,25.0,D,,3.0,ARB,,,0.1052863965098042,LOW,SAFETY_AGENT,BROADER_INDIAN_MARINE_REGION,KERALA,,,
PFZ0054,12.459722222222222,74.76027777777777,4.62,1.868,7.3,237.46,302.55,89.18459229781288,SARAL_AltiKa,0.0595,-0.017,0.06188094,423.5324506012829,25.0,D,,3.0,ARB,,,0.1128395849799427,LOW,SAFETY_AGENT,BROADER_INDIAN_MARINE_REGION,KERALA,,,
PFZ0055,12.4575,74.62972222222221,4.13,1.752,7.23,237.89,302.55,75.34770490983401,SARAL_AltiKa,0.0595,-0.017,0.06188094,410.0143175143108,25.0,D,,3.0,ARB,,,0.1072283582393676,LOW,SAFETY_AGENT,BROADER_INDIAN_MARINE_REGION,KERALA,,,
PFZ0056,12.450833333333332,74.49666666666667,4.13,1.752,7.23,237.89,302.55,61.06505077288331,SARAL_AltiKa,0.044,0.0435,0.06187285,396.4292042867112,25.0,D,,3.0,ARB,0.2160360366106033,8.300000190734863,0.1129486139008805,LOW,SAFETY_AGENT,BROADER_INDIAN_MARINE_REGION,KERALA,,,
PFZ0057,12.445833333333333,74.56333333333333,4.13,1.752,7.23,237.89,302.55,68.03952003147812,SARAL_AltiKa,0.044,0.0435,0.06187285,403.5031879988374,25.0,D,,3.0,ARB,0.2160360366106033,8.300000190734863,0.1108264187872427,LOW,SAFETY_AGENT,BROADER_INDIAN_MARINE_REGION,KERALA,,,
PFZ0058,12.1975,74.85305555555556,4.88,1.945,7.74,236.17,302.57,92.79212519751148,SARAL_AltiKa,0.032,-0.0145,0.035131898,442.09473670425183,25.0,D,,3.0,ARB,,,0.1110126616157187,LOW,SAFETY_AGENT,BROADER_INDIAN_MARINE_REGION,KERALA,,,
PFZ0059,12.138333333333334,74.85527777777777,4.41,1.805,7.76,235.86,302.57,91.62169489258896,SARAL_AltiKa,0.032,-0.0145,0.035131898,444.5653563524032,25.0,D,,3.0,ARB,,,0.0986048090546066,LOW,SAFETY_AGENT,BROADER_INDIAN_MARINE_REGION,KERALA,,,
PFZ0060,12.080833333333333,74.8425,4.5,1.722,7.72,235.53,302.56,88.90386754379004,SARAL_AltiKa,-0.0075000003,-0.0034999996,0.008276473,445.5311404378183,25.0,D,,3.0,ARB,0.065200001001358,2.5999999046325684,0.0871313051234742,LOW,SAFETY_AGENT,BROADER_INDIAN_MARINE_REGION,KERALA,,,
PFZ0061,12.024444444444445,74.82388888888889,4.5600000000000005,1.806,7.7,235.19,302.56,85.60975360098442,SARAL_AltiKa,-0.0075000003,-0.0034999996,0.008276473,445.9554663803647,25.0,D,,3.0,ARB,0.065200001001358,2.5999999046325684,0.0940040073407102,LOW,SAFETY_AGENT,BROADER_INDIAN_MARINE_REGION,KERALA,,,
PFZ0062,11.966944444444444,74.81,4.75,1.802,7.69,234.74,302.55,82.80201493388563,SARAL_AltiKa,-0.0075000003,-0.0034999996,0.008276473,446.9970002482782,25.0,D,,3.0,ARB,0.065200001001358,2.5999999046325684,0.0933582138470028,LOW,SAFETY_AGENT,BROADER_INDIAN_MARINE_REGION,KERALA,,,
PFZ0063,11.910555555555556,74.82194444444444,5.0600000000000005,1.693,7.67,234.02,302.55,82.75184728451173,SARAL_AltiKa,-0.0075000003,-0.0034999996,0.008276473,450.6583123157348,25.0,D,,3.0,ARB,0.065200001001358,2.5999999046325684,0.0843764868934325,LOW,SAFETY_AGENT,BROADER_INDIAN_MARINE_REGION,KERALA,,,
PFZ0064,11.875833333333334,74.86916666666666,5.0600000000000005,1.693,7.67,234.02,302.55,86.88973778246655,SARAL_AltiKa,-0.0075000003,-0.0034999996,0.008276473,456.9124412140374,25.0,D,,3.0,ARB,0.065200001001358,2.5999999046325684,0.0825002482239418,LOW,SAFETY_AGENT,BROADER_INDIAN_MARINE_REGION,KERALA,,,
PFZ0065,11.845277777777778,74.92,4.87,1.772,7.66,233.28,302.54,91.54525399540134,SARAL_AltiKa,0.011499997,-0.050500005,0.05179286,463.3442030585925,25.0,D,,3.0,ARB,,,0.0918872512427498,LOW,SAFETY_AGENT,BROADER_INDIAN_MARINE_REGION,KERALA,,,
PFZ0066,11.808611111111112,74.96638888888889,4.73,1.852,7.66,232.52,302.54,95.6328335279228,SARAL_AltiKa,0.011499997,-0.050500005,0.05179286,469.6125787324876,25.0,D,,3.0,ARB,,,0.0966734052072479,LOW,SAFETY_AGENT,BROADER_INDIAN_MARINE_REGION,KERALA,,,
PFZ0067,11.766666666666667,75.00805555555556,4.73,1.852,7.66,232.52,302.54,99.06323626311242,SARAL_AltiKa,0.011499997,-0.050500005,0.05179286,475.6605889422236,25.0,D,,3.0,ARB,,,0.0948590021443271,LOW,SAFETY_AGENT,BROADER_INDIAN_MARINE_REGION,KERALA,,,
PFZ0068,11.693888888888887,75.29333333333334,4.41,0.72,9.8,246.0,27.5,127.6252002618808,NO_NEARBY_SARAL,-0.015000002,-0.0675,0.06914659,461.69294689869895,25.0,,,3.0,BOB,,,0.0972013344240512,LOW,SAFETY_AGENT,BROADER_INDIAN_MARINE_REGION,KERALA,,,
PFZ0069,11.692222222222222,75.3175,4.93,0.72,9.8,246.0,27.5,130.13199684990067,NO_NEARBY_SARAL,-0.015000002,-0.0675,0.06914659,459.2903204823094,25.0,,,3.0,BOB,,,0.097922122348968,LOW,SAFETY_AGENT,BROADER_INDIAN_MARINE_REGION,KERALA,,,
PFZ0070,11.689444444444444,75.26944444444445,4.41,0.72,9.8,246.0,27.5,124.98422271979356,NO_NEARBY_SARAL,-0.015000002,-0.0675,0.06914659,463.75075170474133,25.0,,,3.0,BOB,,,0.0965839929822385,LOW,SAFETY_AGENT,BROADER_INDIAN_MARINE_REGION,KERALA,,,
PFZ0071,11.675,75.25027777777778,4.41,0.72,9.8,246.0,27.5,122.5876011899242,NO_NEARBY_SARAL,-0.015000002,-0.0675,0.06914659,464.8401939475894,25.0,,,3.0,BOB,,,0.0962571603093841,LOW,SAFETY_AGENT,BROADER_INDIAN_MARINE_REGION,KERALA,,,
PFZ0072,11.655833333333334,75.23555555555555,4.03,0.98,10.5,239.0,28.0,120.55111735133872,NO_NEARBY_SARAL,-0.015000002,-0.0675,0.06914659,465.2703435098711,25.0,,,3.0,BOB,,,0.0961281154406995,LOW,SAFETY_AGENT,BROADER_INDIAN_MARINE_REGION,KERALA,,,
PFZ0073,11.636388888888888,75.2213888888889,4.03,0.98,10.5,239.0,28.0,118.591795680282,NO_NEARBY_SARAL,-0.015000002,-0.0675,0.06914659,465.6476435720502,25.0,,,3.0,BOB,,,0.0960149254220458,LOW,SAFETY_AGENT,BROADER_INDIAN_MARINE_REGION,KERALA,,,
PFZ0074,11.61888888888889,75.20444444444445,4.03,0.98,10.5,239.0,28.0,116.40401163947972,NO_NEARBY_SARAL,0.025500003,-0.1295,0.13198674,466.4075698980143,25.0,,,3.0,BOB,,,0.1020709625242566,LOW,SAFETY_AGENT,BROADER_INDIAN_MARINE_REGION,KERALA,,,
PFZ0075,11.6075,75.18305555555555,4.03,0.98,10.5,239.0,28.0,113.8842906814828,NO_NEARBY_SARAL,0.025500003,-0.1295,0.13198674,467.9187880371268,25.0,,,3.0,BOB,,,0.1016175970825228,LOW,SAFETY_AGENT,BROADER_INDIAN_MARINE_REGION,KERALA,,,
PFZ0076,11.599166666666669,75.16027777777778,4.41,1.28,10.55,236.0,28.3,111.27008461847478,NO_NEARBY_SARAL,0.025500003,-0.1295,0.13198674,469.726662054091,25.0,,,3.0,BOB,,,0.1010752348774336,LOW,SAFETY_AGENT,BROADER_INDIAN_MARINE_REGION,KERALA,,,
PFZ0077,11.59388888888889,75.13666666666667,4.41,1.28,10.55,236.0,28.3,108.63942362258328,NO_NEARBY_SARAL,0.025500003,-0.1295,0.13198674,471.7738042539197,25.0,,,3.0,BOB,,,0.100461092217485,LOW,SAFETY_AGENT,BROADER_INDIAN_MARINE_REGION,KERALA,,,
PFZ0078,11.48,75.19805555555556,4.68,1.38,10.75,227.0,28.2,112.47213600023474,NO_NEARBY_SARAL,0.025500003,-0.1295,0.13198674,460.26583187058327,25.0,,,3.0,BOB,,,0.1039134839324859,LOW,SAFETY_AGENT,BROADER_INDIAN_MARINE_REGION,KERALA,,,
PFZ0079,11.443055555555556,75.23027777777779,4.76,1.38,10.75,227.0,28.2,114.9795191149361,NO_NEARBY_SARAL,0.025500003,-0.1295,0.13198674,455.34825329464246,25.0,,,3.0,BOB,,,0.1053887575052681,LOW,SAFETY_AGENT,BROADER_INDIAN_MARINE_REGION,KERALA,,,
PFZ0080,11.393055555555556,75.22472222222223,4.76,1.46,10.65,226.0,28.3,113.20203711905964,NO_NEARBY_SARAL,0.025500003,-0.1295,0.13198674,453.59352227618183,25.0,,,3.0,BOB,,,0.1059151768108063,LOW,SAFETY_AGENT,BROADER_INDIAN_MARINE_REGION,KERALA,,,
PFZ0081,11.3675,75.43583333333333,4.65,0.66,10.6,225.0,27.8,135.03083379671676,NO_NEARBY_SARAL,0.0045000017,-0.16200002,0.16206251,431.49065051056834,25.0,,,3.0,BOB,,,0.1155536153404904,LOW,SAFETY_AGENT,BROADER_INDIAN_MARINE_REGION,KERALA,,,
PFZ0082,11.358611111111111,75.48555555555555,4.86,0.66,10.6,225.0,27.8,140.12828570949057,NO_NEARBY_SARAL,0.0045000017,-0.16200002,0.16206251,426.1655433413256,25.0,,,3.0,BOB,,,0.1171511474912632,LOW,SAFETY_AGENT,BROADER_INDIAN_MARINE_REGION,KERALA,,,
PFZ0083,11.35,75.39277777777778,4.65,0.88,10.85,224.0,28.0,130.05026230679024,NO_NEARBY_SARAL,0.0045000017,-0.16200002,0.16206251,434.9312433035922,25.0,,,3.0,BOB,,,0.1145214375025832,LOW,SAFETY_AGENT,BROADER_INDIAN_MARINE_REGION,KERALA,,,
PFZ0084,11.345833333333331,75.23666666666666,4.74,1.46,10.65,226.0,28.3,113.3720019431883,NO_NEARBY_SARAL,0.014500001,-0.109000005,0.10996023,450.27589348093153,25.0,,,3.0,BOB,0.2855203449726105,7.900000095367432,0.1063270558658357,LOW,SAFETY_AGENT,BROADER_INDIAN_MARINE_REGION,KERALA,,,
PFZ0085,11.311944444444444,75.27333333333333,4.68,1.32,10.95,226.0,28.3,116.4840737709082,NO_NEARBY_SARAL,0.014500001,-0.109000005,0.10996023,445.1067348355161,25.0,,,3.0,BOB,0.2855203449726105,7.900000095367432,0.1078778034594604,LOW,SAFETY_AGENT,BROADER_INDIAN_MARINE_REGION,KERALA,,,
PFZ0086,11.305833333333334,75.36972222222222,4.74,1.04,11.1,224.0,28.2,126.56082414811274,NO_NEARBY_SARAL,0.014500001,-0.109000005,0.10996023,435.2062916827341,25.0,,,3.0,BOB,0.2855203449726105,7.900000095367432,0.110847936405295,LOW,SAFETY_AGENT,BROADER_INDIAN_MARINE_REGION,KERALA,,,
PFZ0087,11.296944444444444,75.32083333333333,4.74,1.32,10.95,226.0,28.3,121.15809215126512,NO_NEARBY_SARAL,0.014500001,-0.109000005,0.10996023,439.6913395479535,25.0,,,3.0,BOB,0.2855203449726105,7.900000095367432,0.1095024220457292,LOW,SAFETY_AGENT,BROADER_INDIAN_MARINE_REGION,KERALA,,,
PFZ0088,10.8175,75.415,5.24,1.7,11.05,212.0,28.5,119.90179054938426,NO_NEARBY_SARAL,0.054,-0.16100001,0.16981462,411.4637484851369,25.0,,,3.0,BOB,0.3016064167022705,7.099999904632568,0.1235963534485309,LOW,SAFETY_AGENT,BROADER_INDIAN_MARINE_REGION,KERALA,,,
PFZ0089,10.801111111111112,75.45916666666668,5.24,1.64,11.0,212.0,28.3,124.17895619262605,NO_NEARBY_SARAL,0.054,-0.16100001,0.16981462,406.3164381557085,25.0,,,3.0,BOB,0.3016064167022705,7.099999904632568,0.1251405465473594,LOW,SAFETY_AGENT,BROADER_INDIAN_MARINE_REGION,KERALA,,,
PFZ0090,10.781111111111112,75.67694444444444,5.1,1.04,10.75,228.0,27.7,146.8946387620377,NO_NEARBY_SARAL,0.068,-0.1365,0.1525,382.969897126716,25.0,,,3.0,BOB,,,0.1291535903556461,LOW,SAFETY_AGENT,BROADER_INDIAN_MARINE_REGION,KERALA,,,
PFZ0091,10.763333333333334,75.48833333333333,5.15,1.64,11.0,212.0,28.3,126.4171880726816,NO_NEARBY_SARAL,0.054,-0.16100001,0.16981462,402.0414595467867,25.0,,,3.0,BOB,0.3016064167022705,7.099999904632568,0.1264230401300359,LOW,SAFETY_AGENT,BROADER_INDIAN_MARINE_REGION,KERALA,,,
PFZ0092,10.756666666666666,75.63583333333334,4.83,1.36,11.05,221.0,28.0,141.9540880427174,NO_NEARBY_SARAL,0.068,-0.1365,0.1525,386.42210928964295,25.0,,,3.0,BOB,,,0.128117926706768,LOW,SAFETY_AGENT,BROADER_INDIAN_MARINE_REGION,KERALA,,,
PFZ0093,10.721388888888889,75.51166666666667,5.35,1.62,10.95,213.0,28.2,127.91909496977168,NO_NEARBY_SARAL,0.054,-0.16100001,0.16981462,398.27136475248005,25.0,,,3.0,BOB,0.3016064167022705,7.099999904632568,0.1275540685683279,LOW,SAFETY_AGENT,BROADER_INDIAN_MARINE_REGION,KERALA,,,
PFZ0094,10.71111111111111,75.63222222222221,4.83,1.5,11.0,215.0,28.0,140.48791307879594,NO_NEARBY_SARAL,0.068,-0.1365,0.1525,385.3157825242397,25.0,,,3.0,BOB,,,0.128449824736389,LOW,SAFETY_AGENT,BROADER_INDIAN_MARINE_REGION,KERALA,,,
PFZ0095,10.680833333333332,75.53777777777778,5.64,1.62,10.95,213.0,28.2,129.7187509988616,NO_NEARBY_SARAL,0.054,-0.16100001,0.16981462,394.2858852646224,25.0,,,3.0,BOB,0.3016064167022705,7.099999904632568,0.1287497124146852,LOW,SAFETY_AGENT,BROADER_INDIAN_MARINE_REGION,KERALA,,,
PFZ0096,10.668055555555554,75.62472222222222,4.86,1.5,11.0,215.0,28.0,138.70475065943518,NO_NEARBY_SARAL,0.054,-0.16100001,0.16981462,384.7584288629675,25.0,,,3.0,BOB,0.3016064167022705,7.099999904632568,0.1316079493351817,LOW,SAFETY_AGENT,BROADER_INDIAN_MARINE_REGION,KERALA,,,
PFZ0097,10.658055555555556,75.57805555555555,5.64,1.66,10.95,211.0,28.2,133.5002339439518,NO_NEARBY_SARAL,0.054,-0.16100001,0.16981462,389.36435193673566,25.0,,,3.0,BOB,0.3016064167022705,7.099999904632568,0.1302261724130512,LOW,SAFETY_AGENT,BROADER_INDIAN_MARINE_REGION,KERALA,,,
PFZ0098,10.344166666666668,75.78222222222222,5.7,1.38,10.7,216.0,27.7,147.8541259937134,NO_NEARBY_SARAL,0.0245,-0.089,0.092310615,359.54443058685047,25.0,,,3.0,BOB,,,0.1301622918176057,LOW,SAFETY_AGENT,BROADER_INDIAN_MARINE_REGION,KERALA,,,
PFZ0099,10.33,75.82694444444444,5.27,1.48,10.85,216.0,27.7,152.3176957780954,NO_NEARBY_SARAL,0.0245,-0.089,0.092310615,354.439832763056,25.0,,,3.0,BOB,,,0.1316936711647441,LOW,SAFETY_AGENT,BROADER_INDIAN_MARINE_REGION,KERALA,,,
PFZ0100,10.299722222222222,75.86361111111111,5.27,1.34,11.0,213.0,27.5,155.4875692648565,NO_NEARBY_SARAL,0.0245,-0.089,0.092310615,349.8635444085458,25.0,,,3.0,BOB,,,0.1330665576710971,LOW,SAFETY_AGENT,BROADER_INDIAN_MARINE_REGION,KERALA,,,
PFZ0101,10.262222222222222,75.89277777777778,4.97,1.34,11.0,213.0,27.5,157.71983199704758,NO_NEARBY_SARAL,0.08050001,-0.072500005,0.10833514,345.97049392587064,25.0,,,3.0,BOB,,,0.1358369253158997,LOW,SAFETY_AGENT,BROADER_INDIAN_MARINE_REGION,KERALA,,,
PFZ0102,10.21861111111111,75.9113888888889,5.04,1.5,10.85,209.0,27.6,158.70571252848302,NO_NEARBY_SARAL,0.08050001,-0.072500005,0.10833514,343.14042973432305,25.0,,,3.0,BOB,,,0.136685944573364,LOW,SAFETY_AGENT,BROADER_INDIAN_MARINE_REGION,KERALA,,,
PFZ0103,10.171666666666669,75.91777777777779,5.03,1.46,10.9,208.0,27.4,158.27319936930488,NO_NEARBY_SARAL,0.08050001,-0.072500005,0.10833514,341.6346277254657,25.0,,,3.0,BOB,,,0.1371376851760212,LOW,SAFETY_AGENT,BROADER_INDIAN_MARINE_REGION,KERALA,,,
PFZ0104,10.124166666666667,75.91527777777779,5.03,1.56,10.65,212.0,27.6,156.87666118394438,NO_NEARBY_SARAL,0.041500002,-0.056500003,0.070103504,341.1593974410751,25.0,,,3.0,BOB,,,0.1334570906613384,LOW,SAFETY_AGENT,BROADER_INDIAN_MARINE_REGION,KERALA,,,
PFZ0105,10.078055555555554,75.90444444444445,5.48,1.56,10.4,212.0,27.6,154.6491157867414,NO_NEARBY_SARAL,0.041500002,-0.056500003,0.070103504,341.6897962787547,25.0,,,3.0,BOB,,,0.1332979710100345,LOW,SAFETY_AGENT,BROADER_INDIAN_MARINE_REGION,KERALA,,,
PFZ0106,10.034166666666666,75.88555555555556,5.61,1.56,10.4,212.0,27.6,151.61167118829147,NO_NEARBY_SARAL,0.041500002,-0.056500003,0.070103504,343.2034189484316,25.0,,,3.0,BOB,,,0.1328438842091314,LOW,SAFETY_AGENT,BROADER_INDIAN_MARINE_REGION,KERALA,,,
PFZ0107,9.995555555555557,75.85833333333333,5.61,1.62,10.85,207.0,27.7,147.78208980747368,NO_NEARBY_SARAL,-0.0019999994,-0.054,0.054037027,345.7538837531299,25.0,,,3.0,BOB,0.2816155552864074,7.400000095367432,0.1318315765099607,LOW,SAFETY_AGENT,BROADER_INDIAN_MARINE_REGION,KERALA,,,
PFZ0108,9.44888888888889,75.96833333333333,4.83,1.82,11.15,201.0,27.7,146.69237700233796,NO_NEARBY_SARAL,-0.0605,-0.020499999,0.06387879,333.57948552721484,25.0,,,3.0,BOB,,,0.1351085928354964,LOW,SAFETY_AGENT,BROADER_INDIAN_MARINE_REGION,KERALA,,,
PFZ0109,9.428888888888888,76.00111111111111,4.83,1.8,11.1,202.0,27.6,149.72161164033264,NO_NEARBY_SARAL,-0.0605,-0.020499999,0.06387879,330.20351717079774,25.0,,,3.0,BOB,,,0.1361213833424216,LOW,SAFETY_AGENT,BROADER_INDIAN_MARINE_REGION,KERALA,,,
PFZ0110,9.398333333333332,76.02472222222222,4.68,1.8,11.1,200.0,27.7,151.53525522209895,NO_NEARBY_SARAL,-0.0605,-0.020499999,0.06387879,327.97007550965543,25.0,,,3.0,BOB,,,0.1367914158407643,LOW,SAFETY_AGENT,BROADER_INDIAN_MARINE_REGION,KERALA,,,
PFZ0111,9.361944444444443,76.03722222222223,4.68,1.8,11.1,200.0,27.7,152.02353660998773,NO_NEARBY_SARAL,-0.1275,0.026,0.13012397,327.0640893346062,25.0,,,3.0,BOB,0.0437500029802322,0.3000000119209289,0.1409025452130292,LOW,SAFETY_AGENT,BROADER_INDIAN_MARINE_REGION,KERALA,,,
PFZ0112,9.323333333333332,76.03944444444444,4.82,1.82,11.1,200.0,27.7,151.33608734950275,NO_NEARBY_SARAL,-0.1275,0.026,0.13012397,327.3616911486664,25.0,,,3.0,BOB,0.0437500029802322,0.3000000119209289,0.1408132646688111,LOW,SAFETY_AGENT,BROADER_INDIAN_MARINE_REGION,KERALA,,,
PFZ0113,9.299444444444443,76.17027777777778,4.65,1.72,11.05,204.0,27.0,164.77780140051814,NO_NEARBY_SARAL,-0.08400001,0.029,0.08886507,313.51413816835753,25.0,,,3.0,BOB,,,0.1436268250431536,LOW,SAFETY_AGENT,BROADER_INDIAN_MARINE_REGION,KERALA,,,
PFZ0114,9.28888888888889,76.02388888888889,4.82,1.82,11.1,200.0,27.7,148.89243632021154,NO_NEARBY_SARAL,-0.1275,0.026,0.13012397,329.57919218658446,25.0,,,3.0,BOB,0.0437500029802322,0.3000000119209289,0.1401480143574357,LOW,SAFETY_AGENT,BROADER_INDIAN_MARINE_REGION,KERALA,,,
PFZ0115,9.260277777777778,75.99805555555555,4.95,1.84,11.15,199.0,28.0,145.43334670309028,NO_NEARBY_SARAL,-0.1275,0.026,0.13012397,332.85113739883076,25.0,,,3.0,BOB,0.0437500029802322,0.3000000119209289,0.1391664307937618,LOW,SAFETY_AGENT,BROADER_INDIAN_MARINE_REGION,KERALA,,,
PFZ0116,9.251944444444444,76.18583333333333,4.7,1.72,11.05,204.0,27.0,165.34820298211378,NO_NEARBY_SARAL,-0.08400001,0.029,0.08886507,312.6446511318503,25.0,,,3.0,BOB,,,0.1438876711541058,LOW,SAFETY_AGENT,BROADER_INDIAN_MARINE_REGION,KERALA,,,
PFZ0117,9.222777777777775,75.98861111111111,5.23,1.86,11.15,198.0,28.2,143.55317253928138,NO_NEARBY_SARAL,-0.1275,0.026,0.13012397,334.52949307203556,25.0,,,3.0,BOB,0.0437500029802322,0.3000000119209289,0.1386629240918004,LOW,SAFETY_AGENT,BROADER_INDIAN_MARINE_REGION,KERALA,,,
PFZ0118,9.2175,76.22277777777778,4.7,1.76,11.0,202.0,27.2,168.47058789942747,NO_NEARBY_SARAL,-0.08400001,0.029,0.08886507,309.30142074293224,25.0,,,3.0,BOB,,,0.1448906402707812,LOW,SAFETY_AGENT,BROADER_INDIAN_MARINE_REGION,KERALA,,,
PFZ0119,9.186388888888889,75.9775,5.56,1.86,11.15,198.0,28.2,141.49128418164284,NO_NEARBY_SARAL,-0.1275,0.026,0.13012397,336.41317535678627,25.0,,,3.0,BOB,0.0437500029802322,0.3000000119209289,0.1380978194063751,LOW,SAFETY_AGENT,BROADER_INDIAN_MARINE_REGION,KERALA,,,
PFZ0120,9.171388888888888,76.2388888888889,5.27,1.76,11.0,202.0,27.2,169.10639456828486,NO_NEARBY_SARAL,-0.08400001,0.029,0.08886507,308.51671842373804,25.0,,,3.0,BOB,,,0.1451260509665395,LOW,SAFETY_AGENT,BROADER_INDIAN_MARINE_REGION,KERALA,,,
PFZ0121,9.158611111111112,75.95055555555555,5.56,1.88,11.2,197.0,28.3,137.9592703376408,NO_NEARBY_SARAL,-0.1275,0.026,0.13012397,339.8727231067124,25.0,,,3.0,BOB,0.0437500029802322,0.3000000119209289,0.1370599550813973,LOW,SAFETY_AGENT,BROADER_INDIAN_MARINE_REGION,KERALA,,,
PFZ0122,9.12138888888889,76.23194444444445,4.81,1.82,11.0,200.0,27.4,167.19979169132225,NO_NEARBY_SARAL,-0.0635,0.056500003,0.08499706,310.3905078915856,25.0,,,3.0,BOB,,,0.1441771131261852,LOW,SAFETY_AGENT,BROADER_INDIAN_MARINE_REGION,KERALA,,,
PFZ0123,9.078888888888889,76.205,4.81,1.84,11.05,198.0,27.6,163.32397872454106,NO_NEARBY_SARAL,-0.0635,0.056500003,0.08499706,314.30536222214255,25.0,,,3.0,BOB,,,0.1430026568270181,LOW,SAFETY_AGENT,BROADER_INDIAN_MARINE_REGION,KERALA,,,
PFZ0124,9.04,76.1725,5.22,1.84,11.05,198.0,27.6,158.92271448034788,NO_NEARBY_SARAL,-0.0635,0.056500003,0.08499706,318.7690174896168,25.0,,,3.0,BOB,,,0.1416635602467758,LOW,SAFETY_AGENT,BROADER_INDIAN_MARINE_REGION,KERALA,,,
PFZ0125,8.99472222222222,76.15083333333334,5.46,1.9,11.1,195.0,28.2,155.56481233753942,NO_NEARBY_SARAL,-0.0635,0.056500003,0.08499706,322.2901940230515,25.0,,,3.0,BOB,,,0.1406072072867454,LOW,SAFETY_AGENT,BROADER_INDIAN_MARINE_REGION,KERALA,,,
PFZ0126,8.945277777777777,76.14083333333333,5.46,1.9,11.1,195.0,28.2,153.3066920936392,NO_NEARBY_SARAL,-0.0635,0.056500003,0.08499706,324.75292869624656,25.0,,,3.0,BOB,,,0.1398683868847869,LOW,SAFETY_AGENT,BROADER_INDIAN_MARINE_REGION,KERALA,,,
PFZ0127,8.89472222222222,76.13972222222223,5.67,1.92,11.15,194.0,28.3,151.9945366791221,NO_NEARBY_SARAL,-0.0635,0.056500003,0.08499706,326.3895624084652,25.0,,,3.0,BOB,,,0.1393773967711213,LOW,SAFETY_AGENT,BROADER_INDIAN_MARINE_REGION,KERALA,,,
PFZ0128,8.684166666666666,76.33277777777778,5.69,1.94,11.15,192.0,28.1,167.73093621245883,NO_NEARBY_SARAL,-0.06600001,0.1575,0.17076959,313.80272417695096,25.0,,,3.0,BOB,,,0.1517307012405756,LOW,SAFETY_AGENT,BROADER_INDIAN_MARINE_REGION,KERALA,,,
PFZ0129,8.642222222222221,76.36222222222221,5.94,1.94,11.15,191.0,27.9,169.9177553338229,NO_NEARBY_SARAL,-0.06600001,0.1575,0.17076959,312.5304658937871,25.0,,,3.0,BOB,,,0.1521123787255248,LOW,SAFETY_AGENT,BROADER_INDIAN_MARINE_REGION,KERALA,,,
PFZ0130,8.596111111111112,76.38444444444445,5.94,1.94,11.15,191.0,27.9,168.09562548438657,NO_NEARBY_SARAL,0.0010000002,0.22150001,0.22150226,312.268326027365,25.0,,,3.0,BOB,,,0.1572642876854514,LOW,SAFETY_AGENT,BROADER_INDIAN_MARINE_REGION,KERALA,,,
PFZ0131,8.546111111111111,76.39527777777778,6.2,1.98,11.2,191.0,28.1,165.77383698627486,NO_NEARBY_SARAL,0.0010000002,0.22150001,0.22150226,313.4278072489079,25.0,,,3.0,BOB,,,0.1569164433189885,LOW,SAFETY_AGENT,BROADER_INDIAN_MARINE_REGION,KERALA,,,
PFZ0132,8.495555555555555,76.38694444444445,6.45,1.98,11.2,191.0,28.3,165.46166648653067,NO_NEARBY_SARAL,0.0010000002,0.22150001,0.22150226,316.6174477686839,25.0,,,3.0,BOB,,,0.1559595511630557,LOW,SAFETY_AGENT,BROADER_INDIAN_MARINE_REGION,KERALA,,,
PFZ0133,8.446388888888889,76.37249999999999,6.45,1.98,11.2,191.0,28.3,165.84735363915755,NO_NEARBY_SARAL,-0.065000005,0.24900001,0.25734413,320.41306914575864,25.0,,,3.0,BOB,0.1763485968112945,5.599999904632568,0.1586013637006169,LOW,SAFETY_AGENT,BROADER_INDIAN_MARINE_REGION,KERALA,,,
PFZ0134,8.395833333333332,76.36361111111111,6.54,1.98,11.15,191.0,28.4,164.30083598487548,NO_NEARBY_SARAL,-0.065000005,0.24900001,0.25734413,323.78847017026925,25.0,,,3.0,BOB,0.1763485968112945,5.599999904632568,0.1575887433932637,LOW,SAFETY_AGENT,BROADER_INDIAN_MARINE_REGION,KERALA,,,
PFZ0135,8.348333333333334,76.37944444444443,6.59,1.98,11.15,191.0,28.4,162.82748760348662,NO_NEARBY_SARAL,0.071,0.23500001,0.24549136,324.6625277396043,25.0,,,3.0,BOB,0.180272102355957,8.800000190734863,0.157751058029376,LOW,SAFETY_AGENT,BROADER_INDIAN_MARINE_REGION,KERALA,,,
PFZ0136,8.31638888888889,76.41944444444445,6.59,1.98,11.1,191.0,28.3,157.75892634220446,NO_NEARBY_SARAL,0.071,0.23500001,0.24549136,322.4657081630519,25.0,,,3.0,BOB,0.180272102355957,8.800000190734863,0.1584101039023417,LOW,SAFETY_AGENT,BROADER_INDIAN_MARINE_REGION,KERALA,,,
PFZ0137,8.283333333333333,76.45833333333334,6.5,1.98,11.1,191.0,28.3,152.824395871378,NO_NEARBY_SARAL,0.071,0.23500001,0.24549136,320.5201136967207,25.0,,,3.0,BOB,0.180272102355957,8.800000190734863,0.1589937822422411,LOW,SAFETY_AGENT,BROADER_INDIAN_MARINE_REGION,KERALA,,,
PFZ0138,8.222222222222223,76.91833333333334,6.36,1.8,10.8,192.0,26.6,102.0431457374309,NO_NEARBY_SARAL,0.026000002,0.17850001,0.18038362,281.5617762446457,25.0,,,3.0,BOB,,,0.1623643886202672,LOW,SAFETY_AGENT,BROADER_INDIAN_MARINE_REGION,KERALA,,,
PFZ0139,8.196388888888889,76.92722222222223,6.36,1.8,10.8,192.0,26.6,100.45790043029554,NO_NEARBY_SARAL,0.026000002,0.17850001,0.18038362,282.4666542981839,25.0,,,3.0,BOB,,,0.1620929252042057,LOW,SAFETY_AGENT,BROADER_INDIAN_MARINE_REGION,KERALA,,,
PFZ0140,8.171111111111111,76.9375,7.49,1.684,5.18,219.23,301.88,98.80108311027024,SARAL_AltiKa,0.026000002,0.17850001,0.18038362,283.24176640884986,25.0,,,3.0,BOB,,,0.2012437249043392,LOW,SAFETY_AGENT,BROADER_INDIAN_MARINE_REGION,KERALA,,,
PFZ0141,8.154166666666667,76.60916666666667,6.75,1.94,11.0,191.0,27.9,133.59250403656367,NO_NEARBY_SARAL,0.071,0.23500001,0.24549136,313.87037421176547,25.0,,,3.0,BOB,0.180272102355957,8.800000190734863,0.1609887040877277,LOW,SAFETY_AGENT,BROADER_INDIAN_MARINE_REGION,KERALA,,,
PFZ0142,8.1525,76.9575,7.15,1.697,5.3100000000000005,220.78,301.88,96.20042866209026,SARAL_AltiKa,0.026000002,0.17850001,0.18038362,282.74680689712426,25.0,,,3.0,BOB,,,0.1956755460911903,LOW,SAFETY_AGENT,BROADER_INDIAN_MARINE_REGION,KERALA,,,
PFZ0143,8.135555555555555,76.97916666666667,7.15,1.697,5.3100000000000005,220.78,301.88,93.45012618021892,SARAL_AltiKa,0.026000002,0.17850001,0.18038362,282.0242689551788,25.0,,,3.0,BOB,,,0.1958923074737739,LOW,SAFETY_AGENT,BROADER_INDIAN_MARINE_REGION,KERALA,,,
PFZ0144,8.125277777777779,76.65055555555556,7.05,1.94,11.0,191.0,27.9,128.46564771685198,NO_NEARBY_SARAL,0.0925,0.186,0.2077312,311.8767797958357,25.0,,,3.0,BOB,,,0.1560046455549102,LOW,SAFETY_AGENT,BROADER_INDIAN_MARINE_REGION,KERALA,,,
PFZ0145,8.113333333333333,76.99472222222222,7.15,1.697,5.3100000000000005,220.78,301.88,91.25279806291536,SARAL_AltiKa,0.0010000002,0.161,0.16100311,282.22448497402945,25.0,,,3.0,BOB,,,0.1938941916681187,LOW,SAFETY_AGENT,BROADER_INDIAN_MARINE_REGION,KERALA,,,
PFZ0146,8.086944444444445,77.00277777777778,7.0,1.735,5.43,221.85,301.88,89.82175868381098,SARAL_AltiKa,0.0010000002,0.161,0.16100311,283.3883534133252,25.0,,,3.0,BOB,,,0.1937116978029966,LOW,SAFETY_AGENT,BROADER_INDIAN_MARINE_REGION,KERALA,,,
PFZ0147,8.086388888888889,76.68416666666667,7.05,1.94,10.95,191.0,27.6,123.96903886071416,NO_NEARBY_SARAL,0.058000002,0.23900001,0.24593699,311.31132213031015,25.0,,,3.0,BOB,0.0326781310141086,2.4000000953674316,0.1582319977361259,LOW,SAFETY_AGENT,BROADER_INDIAN_MARINE_REGION,KERALA,,,
PFZ0148,8.061944444444444,77.01361111111112,7.0,1.735,5.43,221.85,301.88,88.00843697973657,SARAL_AltiKa,0.0010000002,0.161,0.16100311,284.24680825164495,25.0,,,3.0,BOB,,,0.1934541613515008,LOW,SAFETY_AGENT,BROADER_INDIAN_MARINE_REGION,KERALA,,,
PFZ0149,8.055555555555557,77.03888888888889,7.0,1.735,5.43,221.85,301.88,85.14327783377591,SARAL_AltiKa,0.0010000002,0.161,0.16100311,282.5810804709258,25.0,,,3.0,BOB,,,0.1939538796857165,LOW,SAFETY_AGENT,BROADER_INDIAN_MARINE_REGION,KERALA,,,
PFZ0150,8.045277777777777,76.715,7.11,1.94,10.9,191.0,27.8,119.6630395444826,NO_NEARBY_SARAL,0.058000002,0.23900001,0.24593699,311.24101214949394,25.0,,,3.0,BOB,0.0326781310141086,2.4000000953674316,0.1582530907303708,LOW,SAFETY_AGENT,BROADER_INDIAN_MARINE_REGION,KERALA,,,
PFZ0151,8.036388888888888,77.05777777777777,7.0,1.735,5.43,221.85,301.88,82.66173400140359,SARAL_AltiKa,0.0010000002,0.161,0.16100311,282.39774054521405,25.0,,,3.0,BOB,,,0.19400888166343,LOW,SAFETY_AGENT,BROADER_INDIAN_MARINE_REGION,KERALA,,,
PFZ0152,7.998333333333333,76.735,7.14,1.96,10.9,190.0,27.9,116.411659257838,NO_NEARBY_SARAL,0.058000002,0.23900001,0.24593699,312.6155552103855,25.0,,,3.0,BOB,0.0326781310141086,2.4000000953674316,0.1578407278121033,LOW,SAFETY_AGENT,BROADER_INDIAN_MARINE_REGION,KERALA,,,
PFZ0153,7.947777777777778,76.74194444444444,6.95,1.96,10.9,190.0,27.9,114.50374087342436,NO_NEARBY_SARAL,0.058000002,0.23900001,0.24593699,315.4623117776407,25.0,,,3.0,BOB,0.0326781310141086,2.4000000953674316,0.1569867008419267,LOW,SAFETY_AGENT,BROADER_INDIAN_MARINE_REGION,KERALA,,,
PFZ0154,7.916388888888889,76.70472222222223,6.95,1.96,10.9,190.0,27.9,117.72555819656304,NO_NEARBY_SARAL,0.058000002,0.23900001,0.24593699,320.8426741832099,25.0,,,3.0,BOB,0.0326781310141086,2.4000000953674316,0.155372592120256,LOW,SAFETY_AGENT,BROADER_INDIAN_MARINE_REGION,KERALA,,,
PFZ0155,7.904166666666667,76.65472222222223,6.88,1.96,10.95,190.0,28.1,122.84003773699229,NO_NEARBY_SARAL,0.058000002,0.23900001,0.24593699,326.0128760929859,25.0,,,3.0,BOB,0.0326781310141086,2.4000000953674316,0.1538215315473232,LOW,SAFETY_AGENT,BROADER_INDIAN_MARINE_REGION,KERALA,,,
PFZ0156,7.895555555555555,76.60416666666666,6.88,1.96,10.95,190.0,28.1,128.02784926560497,NO_NEARBY_SARAL,0.08800001,0.28100002,0.29445714,331.0033248998763,25.0,,,3.0,BOB,0.1426419764757156,4.800000190734863,0.1586513215665938,LOW,SAFETY_AGENT,BROADER_INDIAN_MARINE_REGION,KERALA,,,
PFZ0157,7.895277777777777,76.55277777777778,6.74,1.96,10.95,189.0,28.3,133.53468980591916,NO_NEARBY_SARAL,0.08800001,0.28100002,0.29445714,335.53032248370846,25.0,,,3.0,BOB,0.1426419764757156,4.800000190734863,0.1572932222914442,LOW,SAFETY_AGENT,BROADER_INDIAN_MARINE_REGION,KERALA,,,
PFZ0158,12.21888888888889,71.78472222222221,7.78,2.14,9.7,232.0,28.9,231.6985017107044,NO_NEARBY_SARAL,0.068500005,0.055,0.08784788,165.91923030812168,25.0,D,,3.0,ARB,0.1495551615953445,6.300000190734863,0.1882829069069192,LOW,SAFETY_AGENT,BROADER_INDIAN_MARINE_REGION,LAKSHADWEEP,,,
PFZ0159,11.857777777777777,72.41527777777779,5.57,1.92,9.45,241.0,29.0,173.8106630029532,NO_NEARBY_SARAL,0.0885,0.098000005,0.1320464,238.57093917839796,25.0,D,,3.0,ARB,0.2002814263105392,7.599999904632568,0.1716840617645732,LOW,SAFETY_AGENT,BROADER_INDIAN_MARINE_REGION,LAKSHADWEEP,,,
PFZ0160,11.688611111111111,72.53555555555555,6.88,1.82,9.3,244.0,29.1,165.22270965672843,NO_NEARBY_SARAL,0.0885,0.098000005,0.1320464,261.4082106613918,25.0,D,,3.0,ARB,0.2002814263105392,7.599999904632568,0.164832880319675,LOW,SAFETY_AGENT,BROADER_INDIAN_MARINE_REGION,LAKSHADWEEP,,,
PFZ0161,11.676666666666666,71.76222222222222,7.11,2.16,10.15,227.0,29.1,247.57469154651724,NO_NEARBY_SARAL,0.19350001,0.0375,0.19710024,218.96865979589245,25.0,D,,3.0,ARB,0.1414785385131836,5.099999904632568,0.1826731223598315,LOW,SAFETY_AGENT,BROADER_INDIAN_MARINE_REGION,LAKSHADWEEP,,,
PFZ0162,11.634444444444444,71.88861111111112,6.77,2.14,10.25,227.0,29.1,235.21053583877335,NO_NEARBY_SARAL,0.165,0.0675,0.17827298,228.7608706153665,25.0,D,,3.0,ARB,0.1491445153951645,4.599999904632568,0.1776218980561942,LOW,SAFETY_AGENT,BROADER_INDIAN_MARINE_REGION,LAKSHADWEEP,,,
PFZ0163,11.494166666666668,72.67277777777778,6.72,1.66,8.95,253.0,29.2,155.43653091963094,NO_NEARBY_SARAL,0.08400001,0.12300001,0.14894632,287.6105198796599,25.0,D,,3.0,ARB,,,0.1574060355297629,LOW,SAFETY_AGENT,BROADER_INDIAN_MARINE_REGION,LAKSHADWEEP,,,
PFZ0164,11.388055555555557,72.66166666666668,6.62,1.7,9.1,247.0,29.2,159.2346383759399,NO_NEARBY_SARAL,0.08400001,0.12300001,0.14894632,296.13954859341004,25.0,D,,3.0,ARB,,,0.1548473269156379,LOW,SAFETY_AGENT,BROADER_INDIAN_MARINE_REGION,LAKSHADWEEP,,,
PFZ0165,11.13277777777778,73.22805555555556,5.98,1.84,11.05,203.0,29.2,105.27727149863377,NO_NEARBY_SARAL,0.012000002,0.045,0.046572525,357.5793891498651,25.0,D,,3.0,ARB,0.2320329546928405,7.0,0.1272135181417725,LOW,SAFETY_AGENT,BROADER_INDIAN_MARINE_REGION,LAKSHADWEEP,,,
PFZ0166,11.085277777777778,72.34444444444443,6.03,1.66,9.35,241.0,29.2,200.3885575165808,NO_NEARBY_SARAL,0.064500004,0.0535,0.08380036,305.6583748518905,25.0,D,,3.0,ARB,,,0.1454770830380937,LOW,SAFETY_AGENT,BROADER_INDIAN_MARINE_REGION,LAKSHADWEEP,,,
PFZ0167,11.081944444444444,72.52361111111111,6.03,1.66,9.9,224.0,29.2,181.43237821546637,NO_NEARBY_SARAL,0.0485,0.09200001,0.10400121,315.73886544494457,25.0,D,,3.0,ARB,,,0.1444730208601775,LOW,SAFETY_AGENT,BROADER_INDIAN_MARINE_REGION,LAKSHADWEEP,,,
PFZ0168,11.058055555555557,72.20944444444444,5.98,1.86,9.9,238.0,29.1,215.41859729092369,NO_NEARBY_SARAL,0.064500004,0.0535,0.08380036,301.6528942436192,25.0,D,,3.0,ARB,,,0.1466787272205751,LOW,SAFETY_AGENT,BROADER_INDIAN_MARINE_REGION,LAKSHADWEEP,,,
PFZ0169,10.998888888888889,73.80333333333333,4.53,1.784,7.62,223.67,302.5,47.36689111623143,SARAL_AltiKa,-0.0195,-0.029500004,0.03536241,412.45742749942497,25.0,D,,3.0,ARB,0.2600960731506347,7.0,0.1076159195997157,LOW,SAFETY_AGENT,BROADER_INDIAN_MARINE_REGION,LAKSHADWEEP,,,
PFZ0170,10.747777777777776,72.7825,6.08,1.96,10.9,210.0,29.3,162.09091031495734,NO_NEARBY_SARAL,0.0395,0.07700001,0.08654046,362.2157200872834,25.0,D,,3.0,ARB,,,0.1287838894674759,LOW,SAFETY_AGENT,BROADER_INDIAN_MARINE_REGION,LAKSHADWEEP,,,
PFZ0171,10.25388888888889,73.44222222222223,5.35,1.96,10.85,210.0,29.2,103.86456762663032,NO_NEARBY_SARAL,0.014,-0.011000001,0.017804494,448.2035305357205,25.0,D,,3.0,ARB,0.3166666328907013,7.0,0.0973610568215105,LOW,SAFETY_AGENT,BROADER_INDIAN_MARINE_REGION,LAKSHADWEEP,,,
PFZ0172,9.96361111111111,72.4675,5.31,2.06,10.85,211.0,29.4,214.9374685727455,NO_NEARBY_SARAL,-0.021000002,0.1445,0.14601798,424.43588927074546,25.0,D,,3.0,ARB,0.2054146826267242,11.100000381469728,0.119084568116078,LOW,SAFETY_AGENT,BROADER_INDIAN_MARINE_REGION,LAKSHADWEEP,,,
PFZ0173,9.959444444444443,72.6,5.63,2.06,10.9,209.0,29.4,200.91194668465872,NO_NEARBY_SARAL,-0.021000002,0.1445,0.14601798,430.4959064572257,25.0,D,,3.0,ARB,0.2054146826267242,11.100000381469728,0.1172665629601339,LOW,SAFETY_AGENT,BROADER_INDIAN_MARINE_REGION,LAKSHADWEEP,,,
PFZ0174,8.477222222222222,73.19861111111112,5.68,1.66,10.5,199.0,29.4,173.16799020876624,NO_NEARBY_SARAL,-0.16100001,0.20650001,0.26184586,607.8530688552254,,,,,,0.1791924089193344,4.800000190734863,0.2046411643116538,LOW,SAFETY_AGENT,BROADER_INDIAN_MARINE_REGION,LAKSHADWEEP,,,
PFZ0175,19.905277777777776,72.48,4.8,1.743,6.9,235.34,302.26,30.207454635457623,SARAL_AltiKa,-0.1715,0.041,0.17633279,216.9429916929415,90.0,ESCS,962.0,40.0,ARB,,,0.2675116076524451,LOW,SAFETY_AGENT,BROADER_INDIAN_MARINE_REGION,MAHARASHTRA,,,
PFZ0176,19.90361111111111,72.43194444444445,4.8,1.743,6.9,235.34,302.26,25.238619962535875,SARAL_AltiKa,-0.1715,0.041,0.17633279,212.2313455640148,90.0,ESCS,962.0,40.0,ARB,,,0.2689251014911232,LOW,SAFETY_AGENT,BROADER_INDIAN_MARINE_REGION,MAHARASHTRA,,,
PFZ0177,19.90138888888889,72.5275,4.8,1.743,6.9,235.34,302.26,35.04880227834844,SARAL_AltiKa,-0.1715,0.041,0.17633279,221.80082170446565,90.0,ESCS,962.0,40.0,ARB,,,0.2660542586489879,LOW,SAFETY_AGENT,BROADER_INDIAN_MARINE_REGION,MAHARASHTRA,,,
PFZ0178,19.898888888888887,72.38444444444445,4.8,1.743,6.9,235.34,302.26,20.276885995909407,SARAL_AltiKa,-0.1715,0.041,0.17633279,207.6997843614586,90.0,ESCS,962.0,40.0,ARB,,,0.27028456985189,LOW,SAFETY_AGENT,BROADER_INDIAN_MARINE_REGION,MAHARASHTRA,,,
PFZ0179,19.891666666666666,72.33749999999999,4.8,1.743,6.9,235.34,302.26,15.320933065983873,SARAL_AltiKa,-0.11750001,0.0034999996,0.117552124,203.3375925534419,90.0,ESCS,962.0,40.0,ARB,0.0805598646402359,9.199999809265137,0.2674720008668672,LOW,SAFETY_AGENT,BROADER_INDIAN_MARINE_REGION,MAHARASHTRA,,,
PFZ0180,19.868055555555557,72.2961111111111,4.8,1.743,6.9,235.34,302.26,10.638153797928396,SARAL_AltiKa,-0.065500006,-0.0405,0.077009745,200.18925308565736,90.0,ESCS,962.0,40.0,ARB,0.0847908556461334,5.400000095367432,0.2624728424277685,LOW,SAFETY_AGENT,BROADER_INDIAN_MARINE_REGION,MAHARASHTRA,,,
PFZ0181,19.834444444444443,72.26222222222222,4.83,1.769,6.96,235.22,302.26,6.778205329113809,SARAL_AltiKa,-0.065500006,-0.0405,0.077009745,198.2643406906954,90.0,ESCS,962.0,40.0,ARB,0.0847908556461334,5.400000095367432,0.2652169828129238,LOW,SAFETY_AGENT,BROADER_INDIAN_MARINE_REGION,MAHARASHTRA,,,
PFZ0182,19.793333333333337,72.23805555555556,4.83,1.769,6.96,235.22,302.26,3.0854691820853812,SARAL_AltiKa,-0.065500006,-0.0405,0.077009745,197.72030111068648,90.0,ESCS,962.0,40.0,ARB,0.0847908556461334,5.400000095367432,0.2653801946869264,LOW,SAFETY_AGENT,BROADER_INDIAN_MARINE_REGION,MAHARASHTRA,,,
PFZ0183,19.746944444444445,72.22777777777777,4.61,1.792,7.0,235.1,302.26,1.0683104291097645,SARAL_AltiKa,-0.065500006,-0.0405,0.077009745,198.8767899735624,90.0,ESCS,962.0,40.0,ARB,0.0847908556461334,5.400000095367432,0.2669499146947303,LOW,SAFETY_AGENT,BROADER_INDIAN_MARINE_REGION,MAHARASHTRA,,,
PFZ0184,19.699166666666667,72.22527777777778,4.39,1.773,7.05,234.98,302.26,2.830535236232506,SARAL_AltiKa,-0.065500006,-0.0405,0.077009745,200.96180265258448,90.0,ESCS,962.0,40.0,ARB,0.0847908556461334,5.400000095367432,0.2647410775576904,LOW,SAFETY_AGENT,BROADER_INDIAN_MARINE_REGION,MAHARASHTRA,,,
PFZ0185,19.478055555555553,72.38944444444445,4.42,1.598,7.18,234.2,302.26,10.935683324780186,SARAL_AltiKa,0.027,0.068500005,0.07362915,227.8017231511586,90.0,ESCS,962.0,40.0,ARB,,,0.2419002908816466,LOW,SAFETY_AGENT,BROADER_INDIAN_MARINE_REGION,MAHARASHTRA,,,
PFZ0186,19.46638888888889,72.42611111111111,4.42,1.598,7.18,234.2,302.26,14.0399002917724,SARAL_AltiKa,0.027,0.068500005,0.07362915,231.7772471354371,90.0,ESCS,962.0,40.0,ARB,,,0.2407076336863631,LOW,SAFETY_AGENT,BROADER_INDIAN_MARINE_REGION,MAHARASHTRA,,,
PFZ0187,19.44472222222222,72.45722222222223,4.42,1.598,7.18,234.2,302.26,16.833206537344456,SARAL_AltiKa,0.027,0.068500005,0.07362915,235.80761285412,90.0,ESCS,962.0,40.0,ARB,,,0.2394985239707582,LOW,SAFETY_AGENT,BROADER_INDIAN_MARINE_REGION,MAHARASHTRA,,,
PFZ0188,19.409444444444443,72.47222222222223,4.55,1.582,7.22,233.97,302.26,17.353257736073296,SARAL_AltiKa,0.027,0.068500005,0.07362915,239.15331889944937,90.0,ESCS,962.0,40.0,ARB,,,0.2371614788238261,LOW,SAFETY_AGENT,BROADER_INDIAN_MARINE_REGION,MAHARASHTRA,,,
PFZ0189,19.371944444444445,72.48083333333334,4.43,1.657,7.26,233.72,302.26,17.603843203667015,SARAL_AltiKa,0.025,0.016,0.029681645,242.0844702210873,90.0,ESCS,962.0,40.0,ARB,,,0.2381373829273347,LOW,SAFETY_AGENT,BROADER_INDIAN_MARINE_REGION,MAHARASHTRA,,,
PFZ0190,19.336388888888887,72.495,4.43,1.657,7.26,233.72,302.26,17.929777123250865,SARAL_AltiKa,0.025,0.016,0.029681645,245.43312361056343,90.0,ESCS,962.0,40.0,ARB,,,0.2371327869104919,LOW,SAFETY_AGENT,BROADER_INDIAN_MARINE_REGION,MAHARASHTRA,,,
PFZ0191,19.309722222222224,72.5225,4.46,1.836,7.31,233.49,302.26,20.2114386181934,SARAL_AltiKa,0.025,0.016,0.029681645,249.45613841684377,90.0,ESCS,962.0,40.0,ARB,,,0.2508425491352745,LOW,SAFETY_AGENT,BROADER_INDIAN_MARINE_REGION,MAHARASHTRA,,,
PFZ0192,19.289166666666667,72.55499999999999,4.46,1.836,7.31,233.49,302.26,22.894773578989938,SARAL_AltiKa,0.025,0.016,0.029681645,253.5606591867054,90.0,ESCS,962.0,40.0,ARB,,,0.249611192904316,LOW,SAFETY_AGENT,BROADER_INDIAN_MARINE_REGION,MAHARASHTRA,,,
PFZ0193,19.26638888888889,72.58583333333333,4.37,1.813,7.36,233.32,302.26,25.693901944871683,SARAL_AltiKa,0.025,0.016,0.029681645,257.65073844222314,90.0,ESCS,962.0,40.0,ARB,,,0.2464675024609939,LOW,SAFETY_AGENT,BROADER_INDIAN_MARINE_REGION,MAHARASHTRA,,,
PFZ0194,19.23611111111111,72.60944444444443,4.37,1.813,7.36,233.32,302.26,27.17593412672466,SARAL_AltiKa,0.025,0.016,0.029681645,261.5550410539221,90.0,ESCS,962.0,40.0,ARB,,,0.2452962116774842,LOW,SAFETY_AGENT,BROADER_INDIAN_MARINE_REGION,MAHARASHTRA,,,
PFZ0195,19.104444444444447,72.34166666666667,4.5600000000000005,1.779,7.4,233.31,302.26,3.8280107286610834,SARAL_AltiKa,0.102000006,-0.10100001,0.14354444,247.3884072561245,90.0,ESCS,962.0,40.0,ARB,0.1531144380569458,5.699999809265137,0.2582873744896042,LOW,SAFETY_AGENT,BROADER_INDIAN_MARINE_REGION,MAHARASHTRA,,,
PFZ0196,19.09,72.3863888888889,4.68,1.747,7.43,233.31,302.26,2.765328668597878,SARAL_AltiKa,0.0925,-0.08050001,0.122623414,252.05212760435265,90.0,ESCS,962.0,40.0,ARB,,,0.2519412626123551,LOW,SAFETY_AGENT,BROADER_INDIAN_MARINE_REGION,MAHARASHTRA,,,
PFZ0197,19.05138888888889,72.41388888888889,4.68,1.747,7.43,233.31,302.26,3.4479659403826544,SARAL_AltiKa,0.0925,-0.08050001,0.122623414,256.9988476812363,90.0,ESCS,962.0,40.0,ARB,,,0.25045724658929,LOW,SAFETY_AGENT,BROADER_INDIAN_MARINE_REGION,MAHARASHTRA,,,
PFZ0198,19.00888888888889,72.43472222222222,4.72,1.786,7.47,233.33,302.26,3.790055103300181,SARAL_AltiKa,0.0925,-0.08050001,0.122623414,261.69013014660476,90.0,ESCS,962.0,40.0,ARB,,,0.2522998618496795,LOW,SAFETY_AGENT,BROADER_INDIAN_MARINE_REGION,MAHARASHTRA,,,
PFZ0199,18.96361111111111,72.44944444444445,4.69,1.847,7.51,233.83,302.26,4.421701378299289,SARAL_AltiKa,0.0925,-0.08050001,0.122623414,263.03727235769435,80.0,VSCS,970.0,30.0,ARB,,,0.2569790525196859,LOW,SAFETY_AGENT,BROADER_INDIAN_MARINE_REGION,MAHARASHTRA,,,
PFZ0200,18.916944444444447,72.4588888888889,4.9,1.895,7.56,234.38,302.26,5.084412566703305,SARAL_AltiKa,0.0925,-0.08050001,0.122623414,263.083950108088,80.0,VSCS,970.0,30.0,ARB,,,0.2609650491945678,LOW,SAFETY_AGENT,BROADER_INDIAN_MARINE_REGION,MAHARASHTRA,,,
PFZ0201,18.869722222222222,72.46194444444444,4.9,1.895,7.56,234.38,302.26,3.79498480958113,SARAL_AltiKa,0.079,-0.020000001,0.081492335,262.5632709445437,80.0,VSCS,970.0,30.0,ARB,,,0.2570081450436311,LOW,SAFETY_AGENT,BROADER_INDIAN_MARINE_REGION,MAHARASHTRA,,,
PFZ0202,18.822222222222223,72.45944444444444,5.18,1.809,7.6,234.95,302.26,1.780647955620868,SARAL_AltiKa,0.079,-0.020000001,0.081492335,261.563504316561,80.0,VSCS,970.0,30.0,ARB,,,0.2537414083653593,LOW,SAFETY_AGENT,BROADER_INDIAN_MARINE_REGION,MAHARASHTRA,,,
PFZ0203,18.775277777777777,72.4525,5.39,1.926,7.63,235.45,302.26,1.8443409873827128,SARAL_AltiKa,0.079,-0.020000001,0.081492335,260.2088036286788,80.0,VSCS,970.0,30.0,ARB,,,0.268097818571724,LOW,SAFETY_AGENT,BROADER_INDIAN_MARINE_REGION,MAHARASHTRA,,,
PFZ0204,18.729166666666664,72.4413888888889,5.39,1.926,7.63,235.45,302.26,3.726622165357501,SARAL_AltiKa,0.079,-0.020000001,0.081492335,258.5254056671106,80.0,VSCS,970.0,30.0,ARB,,,0.2686028379601944,LOW,SAFETY_AGENT,BROADER_INDIAN_MARINE_REGION,MAHARASHTRA,,,
PFZ0205,18.455555555555556,72.37055555555555,5.43,1.876,7.65,236.83,302.26,16.571350216943337,SARAL_AltiKa,0.07000001,-0.060500003,0.09252163,250.0516519373865,80.0,VSCS,970.0,30.0,ARB,0.1656401455402374,4.800000190734863,0.2686507678780021,LOW,SAFETY_AGENT,BROADER_INDIAN_MARINE_REGION,MAHARASHTRA,,,
PFZ0206,18.439166666666665,72.28444444444445,5.43,1.876,7.65,236.83,302.26,25.69282658448173,SARAL_AltiKa,0.07000001,-0.060500003,0.09252163,241.02795418282116,80.0,VSCS,970.0,30.0,ARB,0.1656401455402374,4.800000190734863,0.2713578772043716,LOW,SAFETY_AGENT,BROADER_INDIAN_MARINE_REGION,MAHARASHTRA,,,
PFZ0207,18.35611111111111,72.26222222222222,5.68,1.785,7.62,237.12,302.26,29.966446094028,SARAL_AltiKa,0.0785,-0.07000001,0.10517724,239.18271137776583,80.0,VSCS,970.0,30.0,ARB,0.1800137907266616,5.0,0.2707296117301536,LOW,SAFETY_AGENT,BROADER_INDIAN_MARINE_REGION,MAHARASHTRA,,,
PFZ0208,18.274166666666662,72.29527777777777,5.53,1.828,7.61,237.06,302.26,28.460467082040665,SARAL_AltiKa,0.0785,-0.07000001,0.10517724,243.48990715346775,80.0,VSCS,970.0,30.0,ARB,0.1800137907266616,5.0,0.2700207863307763,LOW,SAFETY_AGENT,BROADER_INDIAN_MARINE_REGION,MAHARASHTRA,,,
PFZ0209,18.190277777777776,72.32222222222222,5.39,1.769,7.59,236.99,302.26,27.8837823291378,SARAL_AltiKa,0.0785,-0.07000001,0.10517724,247.50181924145863,80.0,VSCS,970.0,30.0,ARB,0.1800137907266616,5.0,0.2611005460377124,LOW,SAFETY_AGENT,BROADER_INDIAN_MARINE_REGION,MAHARASHTRA,,,
PFZ0210,18.101944444444445,72.30916666666667,5.24,1.66,7.57,237.08,302.26,31.301509885797117,SARAL_AltiKa,0.050500005,-0.0555,0.07503666,247.76370136627648,80.0,VSCS,970.0,30.0,ARB,0.1761807948350906,5.900000095367432,0.2463650076248885,LOW,SAFETY_AGENT,BROADER_INDIAN_MARINE_REGION,MAHARASHTRA,,,
PFZ0211,18.036944444444448,72.25083333333333,5.03,1.665,7.56,237.29,302.26,38.970626586263435,SARAL_AltiKa,0.050500005,-0.0555,0.07503666,243.1778200596152,80.0,VSCS,970.0,30.0,ARB,0.1761807948350906,5.900000095367432,0.2439574386835535,LOW,SAFETY_AGENT,BROADER_INDIAN_MARINE_REGION,MAHARASHTRA,,,
PFZ0212,18.010833333333334,72.16527777777779,5.03,1.665,7.56,237.29,302.26,48.35135401613399,SARAL_AltiKa,0.050500005,-0.0555,0.07503666,235.02839149602943,80.0,VSCS,970.0,30.0,ARB,0.1761807948350906,5.900000095367432,0.2464022672526293,LOW,SAFETY_AGENT,BROADER_INDIAN_MARINE_REGION,MAHARASHTRA,,,
PFZ0213,17.999722222222225,72.0761111111111,5.03,1.665,7.56,237.29,302.26,57.84033767296012,SARAL_AltiKa,0.047000002,-0.0515,0.06972267,226.1863120702348,80.0,VSCS,970.0,30.0,ARB,0.13682422041893,6.400000095367432,0.2486751006443273,LOW,SAFETY_AGENT,BROADER_INDIAN_MARINE_REGION,MAHARASHTRA,,,
PFZ0214,17.995,71.98666666666666,5.24,1.66,7.57,237.08,302.26,67.12364092389171,SARAL_AltiKa,0.047000002,-0.0515,0.06972267,217.1814580003009,80.0,VSCS,970.0,30.0,ARB,0.13682422041893,6.400000095367432,0.2551598901986407,LOW,SAFETY_AGENT,BROADER_INDIAN_MARINE_REGION,MAHARASHTRA,,,
PFZ0215,17.60666666666667,72.69416666666667,4.24,1.642,7.5,239.5,302.33,4.116080600235254,SARAL_AltiKa,0.089,-0.0135,0.09001805,301.6475145911682,80.0,VSCS,970.0,30.0,ARB,0.0,0.0,0.2220075506226495,LOW,SAFETY_AGENT,BROADER_INDIAN_MARINE_REGION,MAHARASHTRA,,,
PFZ0216,17.569166666666668,72.71888888888888,4.24,1.642,7.5,239.5,302.33,3.355157976258175,SARAL_AltiKa,0.089,-0.0135,0.09001805,305.5324460554994,80.0,VSCS,970.0,30.0,ARB,0.0,0.0,0.2208420711833501,LOW,SAFETY_AGENT,BROADER_INDIAN_MARINE_REGION,MAHARASHTRA,,,
PFZ0217,17.52861111111111,72.73777777777778,4.36,1.724,7.49,239.68,302.35,1.1740993990700803,SARAL_AltiKa,0.089,-0.0135,0.09001805,308.99059965879877,80.0,VSCS,970.0,30.0,ARB,0.0,0.0,0.2266379584356937,LOW,SAFETY_AGENT,BROADER_INDIAN_MARINE_REGION,MAHARASHTRA,,,
PFZ0218,17.485555555555557,72.75055555555555,4.39,1.674,7.48,239.83,302.36,1.6127408800936869,SARAL_AltiKa,0.089,-0.0135,0.09001805,311.9886068624456,80.0,VSCS,970.0,30.0,ARB,0.0,0.0,0.221571889607933,LOW,SAFETY_AGENT,BROADER_INDIAN_MARINE_REGION,MAHARASHTRA,,,
PFZ0219,17.441388888888888,72.75916666666667,4.51,1.704,7.47,239.97,302.37,3.527915375717532,SARAL_AltiKa,0.089,-0.0135,0.09001805,314.675432239927,80.0,VSCS,970.0,30.0,ARB,0.0,0.0,0.2232658419946885,LOW,SAFETY_AGENT,BROADER_INDIAN_MARINE_REGION,MAHARASHTRA,,,
PFZ0220,17.396944444444443,72.76527777777778,4.51,1.704,7.47,239.97,302.37,2.0773163820376346,SARAL_AltiKa,0.089,-0.0135,0.09001805,317.1867304669078,80.0,VSCS,970.0,30.0,ARB,0.0,0.0,0.2225124525265943,LOW,SAFETY_AGENT,BROADER_INDIAN_MARINE_REGION,MAHARASHTRA,,,
PFZ0221,17.352222222222224,72.7675,4.36,1.767,7.45,240.01,302.38,2.2926329687747966,SARAL_AltiKa,0.036,0.0225,0.042452913,319.39159309728456,80.0,VSCS,970.0,30.0,ARB,0.134848490357399,7.699999809265137,0.2265316011680073,LOW,SAFETY_AGENT,BROADER_INDIAN_MARINE_REGION,MAHARASHTRA,,,
PFZ0222,17.3075,72.76333333333334,4.09,1.723,7.44,239.97,302.39,4.634119225543964,SARAL_AltiKa,0.036,0.0225,0.042452913,321.04271041571866,80.0,VSCS,970.0,30.0,ARB,0.134848490357399,7.699999809265137,0.2223695993058105,LOW,SAFETY_AGENT,BROADER_INDIAN_MARINE_REGION,MAHARASHTRA,,,
PFZ0223,17.264166666666668,72.75138888888888,4.09,1.723,7.44,239.97,302.39,6.27283923531929,SARAL_AltiKa,0.036,0.0225,0.042452913,321.95106293051015,80.0,VSCS,970.0,30.0,ARB,0.134848490357399,7.699999809265137,0.222097093551373,LOW,SAFETY_AGENT,BROADER_INDIAN_MARINE_REGION,MAHARASHTRA,,,
PFZ0224,17.223611111111108,72.7325,4.09,1.84,7.42,239.93,302.40000000000003,9.072996520205894,SARAL_AltiKa,0.036,0.0225,0.042452913,322.1352688055146,80.0,VSCS,970.0,30.0,ARB,0.134848490357399,7.699999809265137,0.2317918317888717,LOW,SAFETY_AGENT,BROADER_INDIAN_MARINE_REGION,MAHARASHTRA,,,
PFZ0225,17.02,72.86305555555555,4.04,1.794,7.33,236.55,302.43,2.9255059688029363,SARAL_AltiKa,-0.014000001,0.0435,0.045697372,344.95734317146673,80.0,VSCS,970.0,30.0,ARB,0.2444217652082443,5.599999904632568,0.2206602552805635,LOW,SAFETY_AGENT,BROADER_INDIAN_MARINE_REGION,MAHARASHTRA,,,
PFZ0226,16.980277777777776,72.875,4.11,1.783,7.31,235.38,302.44,0.5344598565330144,SARAL_AltiKa,-0.016,0.031000001,0.03488553,348.2205452271097,80.0,VSCS,970.0,30.0,ARB,,,0.217316948925528,LOW,SAFETY_AGENT,BROADER_INDIAN_MARINE_REGION,MAHARASHTRA,,,
PFZ0227,16.938333333333333,72.87305555555555,4.36,1.768,7.36,234.64,302.45,2.364482046041783,SARAL_AltiKa,-0.014000001,0.0435,0.045697372,350.3591486754586,80.0,VSCS,970.0,30.0,ARB,0.2444217652082443,5.599999904632568,0.2168730469626993,LOW,SAFETY_AGENT,BROADER_INDIAN_MARINE_REGION,MAHARASHTRA,,,
PFZ0228,16.897222222222222,72.86305555555555,4.36,1.768,7.36,234.64,302.45,4.078351683808859,SARAL_AltiKa,-0.014000001,0.0435,0.045697372,351.7630992943706,80.0,VSCS,970.0,30.0,ARB,0.2444217652082443,5.599999904632568,0.2164518617770257,LOW,SAFETY_AGENT,BROADER_INDIAN_MARINE_REGION,MAHARASHTRA,,,
PFZ0229,16.859166666666667,72.84555555555555,4.76,1.806,7.4,234.01,302.46,6.194417579817991,SARAL_AltiKa,-0.015500002,0.007500002,0.017219178,352.3655428029838,80.0,VSCS,970.0,30.0,ARB,0.2039701342582702,5.800000190734863,0.2165888470567846,LOW,SAFETY_AGENT,BROADER_INDIAN_MARINE_REGION,MAHARASHTRA,,,
PFZ0230,16.824166666666667,72.82222222222222,4.76,1.806,7.4,234.01,302.46,9.662214256272003,SARAL_AltiKa,-0.015500002,0.007500002,0.017219178,352.3204058331502,80.0,VSCS,970.0,30.0,ARB,0.2039701342582702,5.800000190734863,0.2166023881477347,LOW,SAFETY_AGENT,BROADER_INDIAN_MARINE_REGION,MAHARASHTRA,,,
PFZ0231,16.791666666666668,72.79555555555555,4.67,1.711,7.43,233.48,302.47,13.062796591894765,SARAL_AltiKa,-0.015500002,0.007500002,0.017219178,351.8857016601281,80.0,VSCS,970.0,30.0,ARB,0.2039701342582702,5.800000190734863,0.2088161327329746,LOW,SAFETY_AGENT,BROADER_INDIAN_MARINE_REGION,MAHARASHTRA,,,
PFZ0232,16.764444444444443,72.76361111111112,4.67,1.711,7.43,233.48,302.47,16.922605247465256,SARAL_AltiKa,-0.015500002,0.007500002,0.017219178,350.71600449864764,80.0,VSCS,970.0,30.0,ARB,0.2039701342582702,5.800000190734863,0.2091670418814188,LOW,SAFETY_AGENT,BROADER_INDIAN_MARINE_REGION,MAHARASHTRA,,,
PFZ0233,16.741944444444446,72.72916666666667,4.67,1.711,7.43,233.48,302.47,21.139059628194,SARAL_AltiKa,-0.015500002,0.007500002,0.017219178,349.08379499145434,80.0,VSCS,970.0,30.0,ARB,0.2039701342582702,5.800000190734863,0.2096567047335767,LOW,SAFETY_AGENT,BROADER_INDIAN_MARINE_REGION,MAHARASHTRA,,,
PFZ0234,16.704722222222223,72.70944444444444,4.22,1.828,7.46,234.93,302.49,24.025046634545408,SARAL_AltiKa,-0.015500002,0.007500002,0.017219178,349.72413240339836,80.0,VSCS,970.0,30.0,ARB,0.2039701342582702,5.800000190734863,0.2192146035099936,LOW,SAFETY_AGENT,BROADER_INDIAN_MARINE_REGION,MAHARASHTRA,,,
PFZ0235,16.60388888888889,72.80722222222222,4.0200000000000005,1.771,7.5,237.77,302.51,16.421734034902645,SARAL_AltiKa,0.0035000015,-0.0205,0.020796634,364.7136714502598,80.0,VSCS,970.0,30.0,ARB,0.185968592762947,5.900000095367432,0.210330483494513,LOW,SAFETY_AGENT,BROADER_INDIAN_MARINE_REGION,MAHARASHTRA,,,
PFZ0236,16.56138888888889,72.83,4.0200000000000005,1.771,7.5,237.77,302.51,15.27942411948763,SARAL_AltiKa,0.0035000015,-0.0205,0.020796634,369.4520082193752,80.0,VSCS,970.0,30.0,ARB,0.185968592762947,5.900000095367432,0.2089089824637785,LOW,SAFETY_AGENT,BROADER_INDIAN_MARINE_REGION,MAHARASHTRA,,,
PFZ0237,16.5125,72.83888888888889,3.9,1.825,7.49,238.42,302.52,15.315182357461758,SARAL_AltiKa,0.0035000015,-0.0205,0.020796634,373.44115077728173,80.0,VSCS,970.0,30.0,ARB,0.185968592762947,5.900000095367432,0.2122122396964065,LOW,SAFETY_AGENT,BROADER_INDIAN_MARINE_REGION,MAHARASHTRA,,,
PFZ0238,16.4625,72.83722222222222,3.79,1.845,7.47,238.8,302.53000000000003,16.615432855635145,SARAL_AltiKa,0.0035000015,-0.0205,0.020796634,376.6491134156784,80.0,VSCS,970.0,30.0,ARB,0.185968592762947,5.900000095367432,0.2129165175715542,LOW,SAFETY_AGENT,BROADER_INDIAN_MARINE_REGION,MAHARASHTRA,,,
PFZ0239,16.41333333333333,72.8286111111111,3.83,1.901,7.44,239.19,302.54,18.78915380797592,SARAL_AltiKa,0.0035000015,-0.0205,0.020796634,378.84300831914715,25.0,D,,3.0,ARB,0.185968592762947,5.900000095367432,0.1252583491005136,LOW,SAFETY_AGENT,BROADER_INDIAN_MARINE_REGION,MAHARASHTRA,,,
PFZ0240,16.366666666666667,72.81166666666667,3.83,1.901,7.44,239.19,302.54,21.791837603423264,SARAL_AltiKa,-0.0005000001,0.006500002,0.0065192045,373.4753619785689,25.0,D,,3.0,ARB,0.179329439997673,5.300000190734863,0.1251243022184576,LOW,SAFETY_AGENT,BROADER_INDIAN_MARINE_REGION,MAHARASHTRA,,,
PFZ0241,16.32472222222222,72.785,3.25,1.85,7.42,239.54,302.55,25.393059050821662,SARAL_AltiKa,-0.0005000001,0.006500002,0.0065192045,368.0119954218627,25.0,D,,3.0,ARB,0.179329439997673,5.300000190734863,0.1225133121854694,LOW,SAFETY_AGENT,BROADER_INDIAN_MARINE_REGION,MAHARASHTRA,,,
PFZ0242,16.2875,72.75166666666667,3.25,1.85,7.42,239.54,302.55,29.9257593225242,SARAL_AltiKa,-0.0005000001,0.006500002,0.0065192045,362.62315343379146,25.0,D,,3.0,ARB,0.179329439997673,5.300000190734863,0.1241299647818908,LOW,SAFETY_AGENT,BROADER_INDIAN_MARINE_REGION,MAHARASHTRA,,,
PFZ0243,16.255555555555556,72.71333333333334,2.67,1.746,7.41,239.87,302.56,34.55309074268272,SARAL_AltiKa,-0.0005000001,0.006500002,0.0065192045,357.4604916265487,25.0,D,,3.0,ARB,0.179329439997673,5.300000190734863,0.117012096657397,LOW,SAFETY_AGENT,BROADER_INDIAN_MARINE_REGION,MAHARASHTRA,,,
PFZ0244,16.22972222222222,72.67083333333333,2.67,1.746,7.41,239.87,302.56,39.58280483537176,SARAL_AltiKa,-0.0005000001,0.006500002,0.0065192045,352.6602642038501,25.0,D,,3.0,ARB,0.179329439997673,5.300000190734863,0.1184521648842065,LOW,SAFETY_AGENT,BROADER_INDIAN_MARINE_REGION,MAHARASHTRA,,,
PFZ0245,15.9675,73.2713888888889,2.43,1.884,7.47,240.29,302.61,16.607516712111693,SARAL_AltiKa,-0.008,-0.056,0.056568544,367.3324270032999,25.0,D,,3.0,ARB,,,0.1305016857926709,LOW,SAFETY_AGENT,BROADER_INDIAN_MARINE_REGION,MAHARASHTRA,,,
PFZ0246,15.951666666666666,73.25027777777778,2.43,1.884,7.47,240.29,302.61,14.18568571567663,SARAL_AltiKa,-0.008,-0.056,0.056568544,364.5144625270749,25.0,D,,3.0,ARB,,,0.1313470751355384,LOW,SAFETY_AGENT,BROADER_INDIAN_MARINE_REGION,MAHARASHTRA,,,
PFZ0247,15.933055555555557,73.23138888888889,2.56,1.928,7.5,240.46,302.6,11.960006705380628,SARAL_AltiKa,-0.008,-0.056,0.056568544,361.6254589891112,25.0,D,,3.0,ARB,,,0.1358804428635942,LOW,SAFETY_AGENT,BROADER_INDIAN_MARINE_REGION,MAHARASHTRA,,,
PFZ0248,15.911666666666669,73.21583333333334,2.56,1.928,7.5,240.46,302.6,9.495124842156562,SARAL_AltiKa,-0.008,-0.056,0.056568544,358.74433632224515,25.0,D,,3.0,ARB,,,0.136744779663654,LOW,SAFETY_AGENT,BROADER_INDIAN_MARINE_REGION,MAHARASHTRA,,,
PFZ0249,15.887777777777778,73.20444444444445,2.56,1.928,7.5,240.46,302.6,7.773820413464617,SARAL_AltiKa,-0.008,-0.056,0.056568544,355.95507849023,25.0,D,,3.0,ARB,,,0.1375815570132585,LOW,SAFETY_AGENT,BROADER_INDIAN_MARINE_REGION,MAHARASHTRA,,,
PFZ0250,15.861944444444443,73.19777777777779,2.89,2.01,7.54,240.69,302.6,7.051663432373203,SARAL_AltiKa,0.0225,-0.090500005,0.093255036,353.3472253506252,25.0,D,,3.0,ARB,,,0.1488658954884733,LOW,SAFETY_AGENT,BROADER_INDIAN_MARINE_REGION,MAHARASHTRA,,,
PFZ0251,15.835833333333332,73.19500000000001,2.89,2.01,7.54,240.69,302.6,5.441175522646682,SARAL_AltiKa,0.0225,-0.090500005,0.093255036,351.00329590079286,25.0,D,,3.0,ARB,,,0.149569074323423,LOW,SAFETY_AGENT,BROADER_INDIAN_MARINE_REGION,MAHARASHTRA,,,
PFZ0252,15.809444444444445,73.19861111111112,2.89,2.01,7.54,240.69,302.6,5.8104374831831835,SARAL_AltiKa,0.0225,-0.090500005,0.093255036,349.11052911556504,25.0,D,,3.0,ARB,,,0.1501369043589913,LOW,SAFETY_AGENT,BROADER_INDIAN_MARINE_REGION,MAHARASHTRA,,,
PFZ0253,15.7875,73.21305555555556,3.49,1.925,7.53,240.97,302.59000000000003,6.352352346387608,SARAL_AltiKa,0.0225,-0.090500005,0.093255036,348.38782394175587,25.0,D,,3.0,ARB,,,0.1432703825778008,LOW,SAFETY_AGENT,BROADER_INDIAN_MARINE_REGION,MAHARASHTRA,,,
PFZ0254,15.771666666666668,73.23416666666667,3.49,1.925,7.53,240.97,302.59000000000003,7.989713331529875,SARAL_AltiKa,0.0225,-0.090500005,0.093255036,348.6721757917681,25.0,D,,3.0,ARB,,,0.1431850770227971,LOW,SAFETY_AGENT,BROADER_INDIAN_MARINE_REGION,MAHARASHTRA,,,
PFZ0255,13.208333333333332,80.63944444444445,1.81,1.06,9.4,155.0,30.0,111.52364093853312,NO_NEARBY_SARAL,0.09,0.29,0.3036445,89.30999981571878,55.0,SCS,982.0,18.0,BOB,0.1381930708885193,6.199999809265137,0.2827669326371382,LOW,SAFETY_AGENT,BROADER_INDIAN_MARINE_REGION,NORTH TAMILNADU,,,
PFZ0256,13.203055555555554,80.69694444444445,2.16,1.1,9.3,157.0,30.1,105.62468261660662,NO_NEARBY_SARAL,0.09,0.29,0.3036445,91.1365572944731,55.0,SCS,982.0,18.0,BOB,0.1381930708885193,6.199999809265137,0.2822189653935119,LOW,SAFETY_AGENT,BROADER_INDIAN_MARINE_REGION,NORTH TAMILNADU,,,
PFZ0257,13.201944444444443,80.58222222222221,1.19,1.02,9.4,152.0,29.8,117.71231774516107,NO_NEARBY_SARAL,,,,89.18354343341602,55.0,SCS,982.0,18.0,BOB,,,0.2643018378636361,LOW,SAFETY_AGENT,BROADER_INDIAN_MARINE_REGION,NORTH TAMILNADU,,,
PFZ0258,13.189722222222224,80.75333333333333,5.97,1.618,4.94,183.1,302.74,99.96745224288117,SARAL_AltiKa,0.09,0.29,0.3036445,94.16712164677924,55.0,SCS,982.0,18.0,BOB,0.1381930708885193,6.199999809265137,0.2847931294211534,LOW,SAFETY_AGENT,BROADER_INDIAN_MARINE_REGION,NORTH TAMILNADU,,,
PFZ0259,13.163333333333334,80.80472222222222,5.97,1.618,4.94,183.1,302.74,95.2273968028667,SARAL_AltiKa,0.09,0.29,0.3036445,91.27985087715696,55.0,SCS,982.0,18.0,BOB,0.1381930708885193,6.199999809265137,0.2856593106520401,LOW,SAFETY_AGENT,BROADER_INDIAN_MARINE_REGION,NORTH TAMILNADU,,,
PFZ0260,13.160555555555556,80.54638888888888,1.19,1.02,9.35,152.0,29.8,122.54289823879796,NO_NEARBY_SARAL,,,,93.476530507463,55.0,SCS,982.0,18.0,BOB,,,0.263013941741422,LOW,SAFETY_AGENT,BROADER_INDIAN_MARINE_REGION,NORTH TAMILNADU,,,
PFZ0261,13.145833333333332,80.91694444444445,6.04,1.591,4.92,183.1,302.73,83.77225523955208,SARAL_AltiKa,0.007,0.30100003,0.30108142,80.31602565023339,55.0,SCS,982.0,18.0,BOB,0.1324436217546463,5.599999904632568,0.2875277766449662,LOW,SAFETY_AGENT,BROADER_INDIAN_MARINE_REGION,NORTH TAMILNADU,,,
PFZ0262,13.145833333333332,80.85944444444443,6.04,1.591,4.92,183.1,302.73,89.8429724367988,SARAL_AltiKa,0.09,0.29,0.3036445,85.30576206815044,55.0,SCS,982.0,18.0,BOB,0.1381930708885193,6.199999809265137,0.286601537294742,LOW,SAFETY_AGENT,BROADER_INDIAN_MARINE_REGION,NORTH TAMILNADU,,,
PFZ0263,13.103333333333332,80.54805555555555,1.12,1.02,9.35,152.0,29.8,123.78359846951768,NO_NEARBY_SARAL,,,,99.84001668157823,55.0,SCS,982.0,18.0,BOB,,,0.2611048958891874,LOW,SAFETY_AGENT,BROADER_INDIAN_MARINE_REGION,NORTH TAMILNADU,,,
PFZ0264,13.048055555555557,80.56444444444445,1.39,1.02,9.3,152.0,29.8,123.39756868219786,NO_NEARBY_SARAL,,,,106.080431180858,55.0,SCS,982.0,18.0,BOB,,,0.2592327715394035,LOW,SAFETY_AGENT,BROADER_INDIAN_MARINE_REGION,NORTH TAMILNADU,,,
PFZ0265,12.778055555555556,80.5125,2.71,1.06,9.25,153.0,29.9,135.52113096563943,NO_NEARBY_SARAL,,,,107.45312494318529,55.0,SCS,982.0,18.0,BOB,0.1580188870429992,8.100000381469727,0.2602214513253868,LOW,SAFETY_AGENT,BROADER_INDIAN_MARINE_REGION,NORTH TAMILNADU,,,
PFZ0266,12.735277777777776,80.5363888888889,2.71,1.08,9.15,153.0,29.9,134.02198007688114,NO_NEARBY_SARAL,,,,104.5934925231266,55.0,SCS,982.0,18.0,BOB,0.1580188870429992,8.100000381469727,0.2610793410514044,LOW,SAFETY_AGENT,BROADER_INDIAN_MARINE_REGION,NORTH TAMILNADU,,,
PFZ0267,12.697222222222225,80.5675,3.37,1.08,9.15,153.0,29.9,131.66748802937684,NO_NEARBY_SARAL,,,,101.15343401367554,55.0,SCS,982.0,18.0,BOB,0.1580188870429992,8.100000381469727,0.2621113586042397,LOW,SAFETY_AGENT,BROADER_INDIAN_MARINE_REGION,NORTH TAMILNADU,,,
PFZ0268,12.666944444444445,80.60583333333332,3.7,1.12,9.05,155.0,30.0,128.39566565700028,NO_NEARBY_SARAL,,,,97.07014174046589,55.0,SCS,982.0,18.0,BOB,0.1580188870429992,8.100000381469727,0.2633363462862025,LOW,SAFETY_AGENT,BROADER_INDIAN_MARINE_REGION,NORTH TAMILNADU,,,
PFZ0269,12.6525,80.6525,3.66,1.14,9.0,155.0,30.0,123.78093458490508,NO_NEARBY_SARAL,0.1675,0.213,0.27097094,92.09225546370158,55.0,SCS,982.0,18.0,BOB,0.1288158297538757,4.599999904632568,0.2778414568875905,LOW,SAFETY_AGENT,BROADER_INDIAN_MARINE_REGION,NORTH TAMILNADU,,,
PFZ0270,12.645555555555555,80.70111111111112,2.35,1.16,9.0,157.0,30.1,118.80977376259712,NO_NEARBY_SARAL,0.1675,0.213,0.27097094,86.87948044001345,55.0,SCS,982.0,18.0,BOB,0.1288158297538757,4.599999904632568,0.2794052893946969,LOW,SAFETY_AGENT,BROADER_INDIAN_MARINE_REGION,NORTH TAMILNADU,,,
PFZ0271,12.635277777777777,80.74916666666667,2.35,1.16,9.0,157.0,30.1,114.01880575934742,NO_NEARBY_SARAL,0.1675,0.213,0.27097094,81.77388932290687,55.0,SCS,982.0,18.0,BOB,0.1288158297538757,4.599999904632568,0.2809369667298289,LOW,SAFETY_AGENT,BROADER_INDIAN_MARINE_REGION,NORTH TAMILNADU,,,
PFZ0272,12.609444444444444,80.78999999999999,1.57,1.18,8.95,157.0,30.1,110.29284736397844,NO_NEARBY_SARAL,0.18,0.236,0.2968097,77.68588384917562,55.0,SCS,982.0,18.0,BOB,0.1295004189014434,3.4000000953674316,0.2841489559401846,LOW,SAFETY_AGENT,BROADER_INDIAN_MARINE_REGION,NORTH TAMILNADU,,,
PFZ0273,12.570833333333333,80.82027777777778,1.99,1.18,8.95,157.0,30.1,108.0583673789554,NO_NEARBY_SARAL,0.18,0.236,0.2968097,74.19914645696728,50.0,SCS,986.0,14.0,BOB,0.1295004189014434,3.4000000953674316,0.2768616438245138,LOW,SAFETY_AGENT,BROADER_INDIAN_MARINE_REGION,NORTH TAMILNADU,,,
PFZ0274,12.536388888888888,80.85472222222222,1.91,1.2,8.95,158.0,30.2,105.2608143598543,NO_NEARBY_SARAL,0.18,0.236,0.2968097,70.16263207165123,50.0,SCS,986.0,14.0,BOB,0.1295004189014434,3.4000000953674316,0.2780725981401086,LOW,SAFETY_AGENT,BROADER_INDIAN_MARINE_REGION,NORTH TAMILNADU,,,
PFZ0275,12.409444444444444,80.49916666666667,4.35,1.12,8.95,150.0,29.9,145.96943909899798,NO_NEARBY_SARAL,0.116500005,0.19750002,0.22930004,109.13407100484643,50.0,SCS,986.0,14.0,BOB,0.135249838232994,3.700000047683716,0.2597945739846371,LOW,SAFETY_AGENT,BROADER_INDIAN_MARINE_REGION,NORTH TAMILNADU,,,
PFZ0276,12.35,80.48222222222222,4.53,1.12,8.95,150.0,29.9,149.22386185322716,NO_NEARBY_SARAL,0.105000004,0.213,0.2374742,111.7724547203024,50.0,SCS,986.0,14.0,BOB,0.1388090848922729,5.5,0.2607293729628066,LOW,SAFETY_AGENT,BROADER_INDIAN_MARINE_REGION,NORTH TAMILNADU,,,
PFZ0277,12.300277777777778,80.44666666666667,4.45,1.12,9.0,150.0,29.9,154.23372836261623,NO_NEARBY_SARAL,0.105000004,0.213,0.2374742,116.52864330294116,50.0,SCS,986.0,14.0,BOB,0.1388090848922729,5.5,0.259302516388015,LOW,SAFETY_AGENT,BROADER_INDIAN_MARINE_REGION,NORTH TAMILNADU,,,
PFZ0278,12.259722222222225,80.40027777777779,4.45,1.08,9.05,148.0,29.7,160.12436476087603,NO_NEARBY_SARAL,0.105000004,0.213,0.2374742,122.3917527407847,50.0,SCS,986.0,14.0,BOB,0.1388090848922729,5.5,0.2575435835566619,LOW,SAFETY_AGENT,BROADER_INDIAN_MARINE_REGION,NORTH TAMILNADU,,,
PFZ0279,12.219166666666666,80.35388888888889,4.25,1.08,9.05,148.0,29.8,166.06146877989775,NO_NEARBY_SARAL,,,,128.3447143665412,50.0,SCS,986.0,14.0,BOB,,,0.2442201532503652,LOW,SAFETY_AGENT,BROADER_INDIAN_MARINE_REGION,NORTH TAMILNADU,,,
PFZ0280,12.16972222222222,80.3175,3.85,1.06,9.1,145.0,29.6,165.38236300622873,NO_NEARBY_SARAL,,,,133.5992480568509,50.0,SCS,986.0,14.0,BOB,,,0.2426437931432723,LOW,SAFETY_AGENT,BROADER_INDIAN_MARINE_REGION,NORTH TAMILNADU,,,
PFZ0281,12.110277777777778,80.30194444444444,4.1,1.06,9.05,145.0,29.8,165.19779011611934,NO_NEARBY_SARAL,0.054,0.11950001,0.13113448,137.1813855489059,50.0,SCS,986.0,14.0,BOB,0.1534083783626556,8.899999618530273,0.2442092197571666,LOW,SAFETY_AGENT,BROADER_INDIAN_MARINE_REGION,NORTH TAMILNADU,,,
PFZ0282,12.053611111111111,80.27888888888889,4.35,1.06,9.05,145.0,29.7,164.13907362088236,NO_NEARBY_SARAL,0.054,0.11950001,0.13113448,141.65667209547826,50.0,SCS,986.0,14.0,BOB,0.1534083783626556,8.899999618530273,0.2428666337931949,LOW,SAFETY_AGENT,BROADER_INDIAN_MARINE_REGION,NORTH TAMILNADU,,,
PFZ0283,12.007777777777775,80.23777777777778,3.95,1.02,9.1,145.0,29.7,160.90471742374632,NO_NEARBY_SARAL,0.054,0.11950001,0.13113448,147.67189793725709,50.0,SCS,986.0,14.0,BOB,0.1534083783626556,8.899999618530273,0.2410620660406613,LOW,SAFETY_AGENT,BROADER_INDIAN_MARINE_REGION,NORTH TAMILNADU,,,
PFZ0284,11.95,80.21722222222222,3.95,1.02,9.05,145.0,29.7,160.14834569413196,NO_NEARBY_SARAL,0.054,0.11950001,0.13113448,152.22822481779863,50.0,SCS,986.0,14.0,BOB,0.1534083783626556,8.899999618530273,0.2396951679764988,LOW,SAFETY_AGENT,BROADER_INDIAN_MARINE_REGION,NORTH TAMILNADU,,,
PFZ0285,11.79888888888889,80.12138888888889,3.58,0.94,9.1,142.0,29.8,153.71925680019078,NO_NEARBY_SARAL,,,,168.92523027861893,50.0,SCS,986.0,14.0,BOB,,,0.2320459984767419,LOW,SAFETY_AGENT,BROADER_INDIAN_MARINE_REGION,NORTH TAMILNADU,,,
PFZ0286,11.748055555555554,80.10388888888889,3.58,0.92,9.1,141.0,29.9,153.1310130863248,NO_NEARBY_SARAL,,,,173.2833815294003,50.0,SCS,986.0,14.0,BOB,,,0.2307385531015075,LOW,SAFETY_AGENT,BROADER_INDIAN_MARINE_REGION,NORTH TAMILNADU,,,
PFZ0287,11.7075,80.06833333333333,3.1,0.84,9.2,137.0,29.8,150.33402169989208,NO_NEARBY_SARAL,,,,178.86727224576254,50.0,SCS,986.0,14.0,BOB,,,0.2290633858865988,LOW,SAFETY_AGENT,BROADER_INDIAN_MARINE_REGION,NORTH TAMILNADU,,,
PFZ0288,11.654166666666669,80.06055555555555,2.44,0.82,9.25,136.0,29.8,150.80873680832067,NO_NEARBY_SARAL,,,,182.59969916568085,50.0,SCS,986.0,14.0,BOB,,,0.2279436578106233,LOW,SAFETY_AGENT,BROADER_INDIAN_MARINE_REGION,NORTH TAMILNADU,,,
PFZ0289,11.600833333333332,80.07027777777778,2.64,0.82,9.25,136.0,29.8,153.1481797483165,NO_NEARBY_SARAL,,,,184.84671333355269,50.0,SCS,986.0,14.0,BOB,,,0.2272695535602618,LOW,SAFETY_AGENT,BROADER_INDIAN_MARINE_REGION,NORTH TAMILNADU,,,
PFZ0290,11.55,80.08916666666666,2.53,0.88,9.15,139.0,29.9,156.41920527193892,NO_NEARBY_SARAL,,,,186.28059674973724,50.0,SCS,986.0,14.0,BOB,,,0.2268393885354064,LOW,SAFETY_AGENT,BROADER_INDIAN_MARINE_REGION,NORTH TAMILNADU,,,
PFZ0291,11.533055555555556,80.39305555555556,2.84,1.04,8.7,146.0,30.1,178.82060254784056,NO_NEARBY_SARAL,0.0245,0.22850001,0.2298097,161.41133909926577,50.0,SCS,986.0,14.0,BOB,0.1627652198076248,7.800000190734863,0.2462811480817734,LOW,SAFETY_AGENT,BROADER_INDIAN_MARINE_REGION,NORTH TAMILNADU,,,
PFZ0292,11.504444444444443,80.11861111111111,2.82,0.88,9.15,139.0,29.9,160.6592513216001,NO_NEARBY_SARAL,,,,186.62180245460695,50.0,SCS,986.0,14.0,BOB,,,0.2267370268239455,LOW,SAFETY_AGENT,BROADER_INDIAN_MARINE_REGION,NORTH TAMILNADU,,,
PFZ0293,11.489722222222222,80.42916666666667,2.71,1.08,8.6,149.0,30.1,176.03886225364053,NO_NEARBY_SARAL,0.0245,0.22850001,0.2298097,161.81767008090245,50.0,SCS,986.0,14.0,BOB,0.1627652198076248,7.800000190734863,0.2461592487872824,LOW,SAFETY_AGENT,BROADER_INDIAN_MARINE_REGION,NORTH TAMILNADU,,,
PFZ0294,11.473611111111111,80.16250000000001,2.82,0.84,9.1,138.0,29.9,166.12025149281786,NO_NEARBY_SARAL,0.0009999997,0.1645,0.16450304,184.9035897199454,50.0,SCS,986.0,14.0,BOB,0.1485283970832824,5.099999904632568,0.2313172146957075,LOW,SAFETY_AGENT,BROADER_INDIAN_MARINE_REGION,NORTH TAMILNADU,,,
PFZ0295,11.450555555555557,80.21027777777778,2.89,0.92,8.95,142.0,30.0,171.74979103397786,NO_NEARBY_SARAL,0.0009999997,0.1645,0.16450304,182.47666012588084,50.0,SCS,986.0,14.0,BOB,0.1485283970832824,5.099999904632568,0.2320452935739269,LOW,SAFETY_AGENT,BROADER_INDIAN_MARINE_REGION,NORTH TAMILNADU,,,
PFZ0296,11.436666666666667,80.44722222222222,2.67,1.08,8.6,149.0,30.1,175.4246910901836,NO_NEARBY_SARAL,0.0245,0.22850001,0.2298097,164.60309648200214,50.0,SCS,986.0,14.0,BOB,0.1627652198076248,7.800000190734863,0.2453236208669525,LOW,SAFETY_AGENT,BROADER_INDIAN_MARINE_REGION,NORTH TAMILNADU,,,
PFZ0297,11.400277777777776,80.2275,2.89,0.88,8.95,141.0,29.9,174.78071520044924,NO_NEARBY_SARAL,0.0009999997,0.1645,0.16450304,184.7029238111976,50.0,SCS,986.0,14.0,BOB,0.1485283970832824,5.099999904632568,0.2313774144683318,LOW,SAFETY_AGENT,BROADER_INDIAN_MARINE_REGION,NORTH TAMILNADU,,,
PFZ0298,11.380277777777778,80.44083333333333,2.84,1.06,8.6,149.0,30.1,177.49274216804722,NO_NEARBY_SARAL,0.0245,0.22850001,0.2298097,169.64255985242062,50.0,SCS,986.0,14.0,BOB,0.1627652198076248,7.800000190734863,0.2438117818558269,LOW,SAFETY_AGENT,BROADER_INDIAN_MARINE_REGION,NORTH TAMILNADU,,,
PFZ0299,11.324166666666668,80.43166666666667,2.84,1.06,8.55,149.0,30.1,179.85578553205798,NO_NEARBY_SARAL,-0.040999997,0.25050002,0.25383314,174.94211046017236,50.0,SCS,986.0,14.0,BOB,0.1503080874681472,7.5,0.2444431177472853,LOW,SAFETY_AGENT,BROADER_INDIAN_MARINE_REGION,NORTH TAMILNADU,,,
PFZ0300,11.26888888888889,80.44055555555556,3.06,1.06,8.55,149.0,30.1,180.281765702837,NO_NEARBY_SARAL,-0.040999997,0.25050002,0.25383314,178.96533302739155,50.0,SCS,986.0,14.0,BOB,0.1503080874681472,7.5,0.2432361509771196,LOW,SAFETY_AGENT,BROADER_INDIAN_MARINE_REGION,NORTH TAMILNADU,,,
PFZ0301,11.223888888888888,80.47472222222223,3.2,1.04,8.45,149.0,30.0,177.7713365587948,NO_NEARBY_SARAL,-0.040999997,0.25050002,0.25383314,180.505714441003,50.0,SCS,986.0,14.0,BOB,0.1503080874681472,7.5,0.2427740365530361,LOW,SAFETY_AGENT,BROADER_INDIAN_MARINE_REGION,NORTH TAMILNADU,,,
PFZ0302,11.187222222222225,80.51805555555555,3.2,1.08,8.4,153.0,30.1,174.04269308585108,NO_NEARBY_SARAL,-0.040999997,0.25050002,0.25383314,180.9075917322721,50.0,SCS,986.0,14.0,BOB,0.1503080874681472,7.5,0.2426534733656554,LOW,SAFETY_AGENT,BROADER_INDIAN_MARINE_REGION,NORTH TAMILNADU,,,
PFZ0303,11.155555555555557,80.56527777777778,3.65,1.08,8.35,154.0,30.1,169.80045252843243,NO_NEARBY_SARAL,-0.040999997,0.25050002,0.25383314,180.8237835898762,50.0,SCS,986.0,14.0,BOB,0.1503080874681472,7.5,0.2426786158083742,LOW,SAFETY_AGENT,BROADER_INDIAN_MARINE_REGION,NORTH TAMILNADU,,,
PFZ0304,11.126944444444446,80.61444444444444,3.83,1.14,8.3,157.0,30.1,165.3011915955199,NO_NEARBY_SARAL,-0.040999997,0.25050002,0.25383314,179.46211312226146,35.0,CS,994.0,6.0,BOB,0.1503080874681472,7.5,0.2180871169486586,LOW,SAFETY_AGENT,BROADER_INDIAN_MARINE_REGION,NORTH TAMILNADU,,,
PFZ0305,11.061666666666667,80.35388888888889,4.05,0.94,8.45,146.0,29.9,194.60928291493337,NO_NEARBY_SARAL,-0.08250001,0.23450002,0.24858904,197.18394163591475,25.0,,,3.0,BOB,0.1533195972442627,6.5,0.1950870205023362,LOW,SAFETY_AGENT,BROADER_INDIAN_MARINE_REGION,NORTH TAMILNADU,,,
PFZ0306,11.011944444444444,80.34638888888888,4.33,0.94,8.45,146.0,29.9,196.62427106576556,NO_NEARBY_SARAL,-0.08250001,0.23450002,0.24858904,191.93919876703183,25.0,,,3.0,BOB,0.1533195972442627,6.5,0.1966604433630011,LOW,SAFETY_AGENT,BROADER_INDIAN_MARINE_REGION,NORTH TAMILNADU,,,
PFZ0307,10.961666666666666,80.34388888888888,4.7,0.92,8.3,146.0,29.9,197.97536064020187,NO_NEARBY_SARAL,-0.08250001,0.23450002,0.24858904,186.93022744487104,25.0,,,3.0,BOB,0.1533195972442627,6.5,0.1981631347596493,LOW,SAFETY_AGENT,BROADER_INDIAN_MARINE_REGION,NORTH TAMILNADU,,,
PFZ0308,10.911388888888888,80.34777777777778,4.7,0.9,8.15,146.0,29.9,198.94524219123903,NO_NEARBY_SARAL,-0.08250001,0.23450002,0.24858904,182.31028809689408,25.0,,,3.0,BOB,0.1533195972442627,6.5,0.1995491165640424,LOW,SAFETY_AGENT,BROADER_INDIAN_MARINE_REGION,NORTH TAMILNADU,,,
PFZ0309,10.862222222222222,80.3586111111111,5.01,0.9,8.15,146.0,29.9,199.01490661347216,NO_NEARBY_SARAL,-0.101500005,0.20850001,0.2318933,178.25179639386258,25.0,,,3.0,BOB,0.1434633731842041,5.699999809265137,0.1986724494194343,LOW,SAFETY_AGENT,BROADER_INDIAN_MARINE_REGION,NORTH TAMILNADU,,,
PFZ0310,10.816111111111113,80.3786111111111,5.24,0.88,8.0,146.0,29.9,198.0400752658088,NO_NEARBY_SARAL,-0.155,0.22950003,0.2769391,175.11200066991947,25.0,,,3.0,BOB,0.1432580649852752,7.699999809265137,0.2051184548661199,LOW,SAFETY_AGENT,BROADER_INDIAN_MARINE_REGION,NORTH TAMILNADU,,,
PFZ0311,10.778333333333334,80.41166666666668,4.78,0.88,8.0,146.0,29.9,195.42821563077595,NO_NEARBY_SARAL,-0.155,0.22950003,0.2769391,173.6734546894672,25.0,,,3.0,BOB,0.1432580649852752,7.699999809265137,0.2055500186602555,LOW,SAFETY_AGENT,BROADER_INDIAN_MARINE_REGION,NORTH TAMILNADU,,,
PFZ0312,10.744166666666668,80.44888888888889,5.09,0.92,7.8,152.0,29.9,192.30634714621908,NO_NEARBY_SARAL,-0.155,0.22950003,0.2769391,172.9963129256742,25.0,,,3.0,BOB,0.1432580649852752,7.699999809265137,0.2057531611893935,LOW,SAFETY_AGENT,BROADER_INDIAN_MARINE_REGION,NORTH TAMILNADU,,,
PFZ0313,10.706944444444444,80.48277777777778,5.09,0.92,7.8,152.0,29.9,189.63905180424584,NO_NEARBY_SARAL,-0.155,0.22950003,0.2769391,172.00402777594343,25.0,,,3.0,BOB,0.1432580649852752,7.699999809265137,0.2060508467343127,LOW,SAFETY_AGENT,BROADER_INDIAN_MARINE_REGION,NORTH TAMILNADU,,,
PFZ0314,10.661111111111111,80.50194444444445,5.3,0.96,7.7,158.0,29.9,188.71032238790932,NO_NEARBY_SARAL,-0.155,0.22950003,0.2769391,169.41373771255385,25.0,,,3.0,BOB,0.1432580649852752,7.699999809265137,0.2068279337533295,LOW,SAFETY_AGENT,BROADER_INDIAN_MARINE_REGION,NORTH TAMILNADU,,,
PFZ0315,16.050833333333333,81.34138888888889,2.28,1.26,4.88,162.14,29.0,31.186918498039542,SARAL_AltiKa,,,,136.4995388317226,35.0,CS,,6.0,BOB,,,0.2167737059108108,LOW,SAFETY_AGENT,BROADER_INDIAN_MARINE_REGION,SOUTH ANDHRAPRADESH,,,
PFZ0316,15.968333333333334,81.485,4.48,1.269,5.5200000000000005,162.82,302.67,44.1051234946332,SARAL_AltiKa,0.42350003,0.045500003,0.42593724,120.4705812386354,40.0,CS,,8.0,BOB,,,0.2152471091220703,LOW,SAFETY_AGENT,BROADER_INDIAN_MARINE_REGION,SOUTH ANDHRAPRADESH,,,
PFZ0317,15.932777777777778,81.2213888888889,4.48,1.269,5.5200000000000005,162.82,302.67,15.91984414919114,SARAL_AltiKa,,,,133.11763283082394,35.0,CS,,6.0,BOB,,,0.1727882777110804,LOW,SAFETY_AGENT,BROADER_INDIAN_MARINE_REGION,SOUTH ANDHRAPRADESH,,,
PFZ0318,15.932222222222222,81.92083333333333,7.17,1.597,5.93,163.36,302.67,88.64350667161992,SARAL_AltiKa,0.3925,0.073,0.39923084,78.44066159035577,40.0,CS,,8.0,BOB,0.1726148277521133,9.0,0.2978057559256068,LOW,SAFETY_AGENT,BROADER_INDIAN_MARINE_REGION,SOUTH ANDHRAPRADESH,,,
PFZ0319,15.796111111111111,82.01916666666666,8.07,1.739,5.94,164.15,302.68,95.72570958747195,SARAL_AltiKa,0.5325,0.015000004,0.53271127,61.112843953488486,40.0,CS,,8.0,BOB,0.1449315100908279,5.300000190734863,0.3442662693512146,MEDIUM,SAFETY_AGENT,BROADER_INDIAN_MARINE_REGION,SOUTH ANDHRAPRADESH,,,
PFZ0320,15.715,81.8425,8.07,1.739,5.94,164.15,302.68,75.32491529067971,SARAL_AltiKa,0.6305,0.0435,0.63199884,74.36252170825146,40.0,CS,,8.0,BOB,0.1332192122936248,5.800000190734863,0.3504408422802927,MEDIUM,SAFETY_AGENT,BROADER_INDIAN_MARINE_REGION,SOUTH ANDHRAPRADESH,,,
PFZ0321,15.640833333333331,81.98222222222222,8.22,1.645,5.93,164.69,302.68,88.13868520931207,SARAL_AltiKa,0.5325,0.015000004,0.53271127,57.62979460983601,40.0,CS,,8.0,BOB,0.1449315100908279,5.300000190734863,0.340477850820977,MEDIUM,SAFETY_AGENT,BROADER_INDIAN_MARINE_REGION,SOUTH ANDHRAPRADESH,,,
PFZ0322,15.561388888888889,81.21472222222222,8.07,1.739,5.94,164.15,302.68,6.952315862505158,SARAL_AltiKa,0.6085,0.2475,0.6569083,104.84099297130936,35.0,CS,,6.0,BOB,0.1070596352219581,4.099999904632568,0.3345395144823118,MEDIUM,SAFETY_AGENT,BROADER_INDIAN_MARINE_REGION,SOUTH ANDHRAPRADESH,,,
PFZ0323,15.551388888888887,81.11277777777777,8.07,1.739,5.94,164.15,302.68,5.138036535283233,SARAL_AltiKa,0.4795,0.26200002,0.5464103,113.20853298230362,35.0,CS,,6.0,BOB,,,0.3217063629323032,MEDIUM,SAFETY_AGENT,BROADER_INDIAN_MARINE_REGION,SOUTH ANDHRAPRADESH,,,
PFZ0324,15.528055555555556,81.01472222222222,8.07,1.739,5.94,164.15,302.68,15.700700997238558,SARAL_AltiKa,0.4795,0.26200002,0.5464103,120.90737454648122,35.0,CS,,6.0,BOB,,,0.3193967104630499,MEDIUM,SAFETY_AGENT,BROADER_INDIAN_MARINE_REGION,SOUTH ANDHRAPRADESH,,,
PFZ0325,15.266944444444444,80.53833333333333,8.16,1.842,5.91,164.98,302.69,71.67971798044245,SARAL_AltiKa,0.197,0.15,0.24760655,103.0508894542935,50.0,SCS,986.0,14.0,BOB,0.0932725593447685,5.5,0.3301952362287405,MEDIUM,SAFETY_AGENT,BROADER_INDIAN_MARINE_REGION,SOUTH ANDHRAPRADESH,,,
PFZ0326,15.23,80.40916666666668,8.16,1.842,5.91,164.98,302.69,86.07278553755961,SARAL_AltiKa,0.197,0.15,0.24760655,92.31833449991008,50.0,SCS,986.0,14.0,BOB,0.0932725593447685,5.5,0.3334150027150556,MEDIUM,SAFETY_AGENT,BROADER_INDIAN_MARINE_REGION,SOUTH ANDHRAPRADESH,,,
PFZ0327,15.15388888888889,80.29944444444445,0.85,0.88,8.75,143.0,30.2,89.96412090887242,SARAL_AltiKa,,,,79.51523454822706,50.0,SCS,986.0,14.0,BOB,,,0.2588689971958595,LOW,SAFETY_AGENT,BROADER_INDIAN_MARINE_REGION,SOUTH ANDHRAPRADESH,,,
PFZ0328,14.799722222222222,80.50194444444445,9.3,1.516,5.29,171.29,302.71,86.92875880637705,SARAL_AltiKa,,,,63.45570439870571,50.0,SCS,986.0,14.0,BOB,0.0949349403381347,4.0,0.3244629674312337,MEDIUM,SAFETY_AGENT,BROADER_INDIAN_MARINE_REGION,SOUTH ANDHRAPRADESH,,,
PFZ0329,14.678055555555554,80.54805555555555,8.05,1.578,5.15,173.64,302.72,85.08088072374268,SARAL_AltiKa,,,,62.21069887257125,50.0,SCS,986.0,14.0,BOB,0.0949349403381347,4.0,0.3050031357557407,MEDIUM,SAFETY_AGENT,BROADER_INDIAN_MARINE_REGION,SOUTH ANDHRAPRADESH,,,
PFZ0330,14.59388888888889,80.63777777777779,8.82,1.821,5.0600000000000005,175.72,302.73,77.78947767897026,SARAL_AltiKa,0.0425,0.46150005,0.46345285,67.68555973480272,55.0,SCS,982.0,18.0,BOB,0.1000684574246406,5.300000190734863,0.3820897883184883,MEDIUM,SAFETY_AGENT,BROADER_INDIAN_MARINE_REGION,SOUTH ANDHRAPRADESH,,,
PFZ0331,14.256666666666666,80.52194444444444,8.59,1.316,4.98,180.04,302.74,98.20883872082923,SARAL_AltiKa,0.067,0.55300003,0.557044,28.637959924898635,55.0,SCS,982.0,18.0,BOB,0.0869862511754036,4.5,0.3560471443171356,MEDIUM,SAFETY_AGENT,BROADER_INDIAN_MARINE_REGION,SOUTH ANDHRAPRADESH,,,
PFZ0332,14.142777777777775,80.5261111111111,5.06,0.98,9.1,151.0,29.8,100.53082431648384,NO_NEARBY_SARAL,0.067,0.55300003,0.557044,16.124024007047986,55.0,SCS,982.0,18.0,BOB,0.0869862511754036,4.5,0.3290846584258241,MEDIUM,SAFETY_AGENT,BROADER_INDIAN_MARINE_REGION,SOUTH ANDHRAPRADESH,,,
PFZ0333,14.03472222222222,80.49027777777778,4.76,0.86,8.55,146.0,29.8,106.9466770598068,NO_NEARBY_SARAL,,,,4.000868362519731,55.0,SCS,982.0,18.0,BOB,0.0935659930109977,4.099999904632568,0.2890959958260878,LOW,SAFETY_AGENT,BROADER_INDIAN_MARINE_REGION,SOUTH ANDHRAPRADESH,,,
PFZ0334,13.826944444444443,80.62222222222222,11.58,9.378,4.82,184.71,302.78000000000003,98.21681334659452,SARAL_AltiKa,,,,23.330477588795866,55.0,SCS,982.0,18.0,BOB,0.1183561757206916,9.800000190734863,0.6003924219913638,HIGH,SAFETY_AGENT,BROADER_INDIAN_MARINE_REGION,SOUTH ANDHRAPRADESH,,,
PFZ0335,13.799444444444443,80.73583333333333,10.77,9.772,4.8100000000000005,184.89,302.78000000000003,86.90403311805603,SARAL_AltiKa,-0.0125,0.41500002,0.41518822,33.84242743706835,55.0,SCS,982.0,18.0,BOB,0.1088296175003051,5.300000190734863,0.608021501241331,HIGH,SAFETY_AGENT,BROADER_INDIAN_MARINE_REGION,SOUTH ANDHRAPRADESH,,,
PFZ0336,13.790555555555557,80.51694444444445,4.67,0.94,9.35,151.0,30.0,110.15397208244708,NO_NEARBY_SARAL,,,,23.36086879829171,55.0,SCS,982.0,18.0,BOB,0.1183561757206916,9.800000190734863,0.2861999712951816,LOW,SAFETY_AGENT,BROADER_INDIAN_MARINE_REGION,SOUTH ANDHRAPRADESH,,,
PFZ0337,13.734166666666663,80.83333333333333,7.0,1.542,4.83,184.73,302.77,78.26008561453493,SARAL_AltiKa,-0.0125,0.41500002,0.41518822,46.56874907915875,55.0,SCS,982.0,18.0,BOB,0.1088296175003051,5.300000190734863,0.3239702714153706,MEDIUM,SAFETY_AGENT,BROADER_INDIAN_MARINE_REGION,SOUTH ANDHRAPRADESH,,,
GRID_0001,18.5,78.25,4.75,,,,,202.51040226407451,NO_NEARBY_SARAL,,,,55.84762308003903,20.0,D,998.0,3.0,BOB,,,0.2159692806363158,LOW,SAFETY_AGENT,BROADER_INDIAN_MARINE_REGION,INDIAN_MARINE,,,
GRID_0002,14.0,68.25,7.96,2.62,9.6,226.0,28.3,413.4752502423002,NO_NEARBY_SARAL,0.06250001,0.1495,0.16203858,98.10473566401322,25.0,D,,3.0,ARB,0.0552360713481903,4.699999809265137,0.215010527383799,LOW,SAFETY_AGENT,BROADER_INDIAN_MARINE_REGION,INDIAN_MARINE,,,
GRID_0003,16.0,82.5,5.48,1.76,9.1,171.0,28.3,150.5690301784198,NO_NEARBY_SARAL,0.3405,-0.011500001,0.34069413,53.44369899878912,45.0,CS,,10.0,BOB,0.1344519704580307,4.800000190734863,0.2798557666552091,LOW,SAFETY_AGENT,BROADER_INDIAN_MARINE_REGION,INDIAN_MARINE,,,
GRID_0004,20.0,83.25,4.89,,,,,271.7633579929351,NO_NEARBY_SARAL,,,,191.39590263255383,20.0,D,,3.0,BOB,,,0.1753047967705614,LOW,SAFETY_AGENT,BROADER_INDIAN_MARINE_REGION,INDIAN_MARINE,,,
GRID_0005,7.75,72.25,4.21,1.86,10.9,209.0,29.7,292.7553095799368,NO_NEARBY_SARAL,-0.0025000013,0.132,0.13202368,594.021779206525,,,,,,0.1122518479824066,2.9000000953674316,0.1905415948616278,LOW,SAFETY_AGENT,BROADER_INDIAN_MARINE_REGION,INDIAN_MARINE,,,
GRID_0006,19.5,78.75,3.61,,,,,151.11341983246302,NO_NEARBY_SARAL,,,,72.9567031322811,20.0,D,998.0,3.0,BOB,,,0.2108365566206432,LOW,SAFETY_AGENT,BROADER_INDIAN_MARINE_REGION,INDIAN_MARINE,,,
GRID_0007,10.0,79.0,4.05,,,,,78.24334860118215,SARAL_AltiKa,,,,33.358477993367664,25.0,,,3.0,BOB,,,0.2310493574956506,LOW,SAFETY_AGENT,BROADER_INDIAN_MARINE_REGION,INDIAN_MARINE,,,
GRID_0008,13.25,72.5,7.73,2.12,9.35,244.0,28.8,130.54134854500822,NO_NEARBY_SARAL,-0.018000001,0.065500006,0.06792828,164.63199741939383,25.0,D,,3.0,ARB,0.1238878220319747,5.0,0.1859629483292618,LOW,SAFETY_AGENT,BROADER_INDIAN_MARINE_REGION,INDIAN_MARINE,,,
GRID_0009,6.25,74.75,5.68,1.791,6.51,187.24,302.24,60.27314589149502,SARAL_AltiKa,-0.16100001,0.22850001,0.27952325,605.0831988271112,,,,,,0.1757016479969024,3.5999999046325684,0.2179001762662966,LOW,SAFETY_AGENT,BROADER_INDIAN_MARINE_REGION,INDIAN_MARINE,,,
GRID_0010,8.0,74.75,4.98,1.866,6.7,216.51,302.26,18.28925164936228,SARAL_AltiKa,-0.001500003,-0.074,0.0740152,503.7436323834465,,,,,,0.1754964888095855,3.700000047683716,0.1900488584398539,LOW,SAFETY_AGENT,BROADER_INDIAN_MARINE_REGION,INDIAN_MARINE,,,
GRID_0011,12.5,79.25,2.31,,,,,44.30366995991867,SARAL_AltiKa,,,,214.7621635017404,55.0,SCS,982.0,18.0,BOB,,,0.2266282518431388,LOW,SAFETY_AGENT,BROADER_INDIAN_MARINE_REGION,INDIAN_MARINE,,,
GRID_0012,11.0,74.5,4.97,1.795,7.73,223.96,302.49,26.94219467685955,SARAL_AltiKa,-0.027500002,0.07,0.075208046,471.0549691915628,25.0,D,,3.0,ARB,0.277412861585617,4.5,0.0937311793298285,LOW,SAFETY_AGENT,BROADER_INDIAN_MARINE_REGION,INDIAN_MARINE,,,
GRID_0013,17.75,77.75,4.6,,,,,236.68989473874453,NO_NEARBY_SARAL,,,,64.50262297631964,20.0,D,998.0,3.0,BOB,,,0.2133727806674317,LOW,SAFETY_AGENT,BROADER_INDIAN_MARINE_REGION,INDIAN_MARINE,,,
GRID_0014,14.75,93.5,7.28,1.98,8.55,232.0,29.0,318.8661115975448,NO_NEARBY_SARAL,0.1115,-0.0345,0.11671547,216.97149548433077,25.0,D,990.0,3.0995834159888913,BOB,0.0,0.0,0.1723300983547007,LOW,SAFETY_AGENT,BROADER_INDIAN_MARINE_REGION,INDIAN_MARINE,,,
GRID_0015,21.25,70.75,4.83,,,,,111.92896715072293,NO_NEARBY_SARAL,,,,87.34735995954735,90.0,ESCS,962.0,40.0,ARB,,,0.3065193595724634,MEDIUM,SAFETY_AGENT,BROADER_INDIAN_MARINE_REGION,INDIAN_MARINE,,,
GRID_0016,12.25,88.25,9.32,2.4,9.65,204.0,28.7,161.64589818328977,NO_NEARBY_SARAL,-0.024999999,-0.07700001,0.08095679,407.7680145932287,30.0,DD,,5.0,BOB,0.2008899003267288,8.399999618530273,0.1245508325154466,LOW,SAFETY_AGENT,BROADER_INDIAN_MARINE_REGION,INDIAN_MARINE,,,
GRID_0017,13.0,78.75,4.27,,,,,20.839142952867643,SARAL_AltiKa,,,,214.583869759866,50.0,SCS,986.0,14.0,BOB,,,0.2183484066323678,LOW,SAFETY_AGENT,BROADER_INDIAN_MARINE_REGION,INDIAN_MARINE,,,
GRID_0018,21.5,68.5,6.35,2.2,9.15,223.0,28.0,332.2035526074492,NO_NEARBY_SARAL,0.02,-0.027,0.033600595,76.00053114472006,25.0,D,,3.0,ARB,0.0791238322854042,4.099999904632568,0.2085577096896138,LOW,SAFETY_AGENT,BROADER_INDIAN_MARINE_REGION,INDIAN_MARINE,,,
GRID_0019,14.0,79.25,4.87,,,,,8.408527184453106,SARAL_AltiKa,,,,98.10473566401322,50.0,SCS,986.0,14.0,BOB,,,0.2532921468611236,LOW,SAFETY_AGENT,BROADER_INDIAN_MARINE_REGION,INDIAN_MARINE,,,
GRID_0020,10.25,91.0,7.19,2.256,6.23,210.44,302.28000000000003,73.0113601840035,SARAL_AltiKa,-0.026500002,-0.008000001,0.027681224,475.6868101494582,25.0,D,990.0,3.0995834159888913,BOB,0.2232035547494888,6.0,0.1704200882420362,LOW,SAFETY_AGENT,BROADER_INDIAN_MARINE_REGION,INDIAN_MARINE,,,
GRID_0021,13.0,71.0,7.5,2.4,9.85,230.0,28.7,295.0584607349255,NO_NEARBY_SARAL,-0.034,-0.0575,0.06680007,55.59746332227927,25.0,D,,3.0,ARB,0.1354551464319229,4.300000190734863,0.2182394059647634,LOW,SAFETY_AGENT,BROADER_INDIAN_MARINE_REGION,INDIAN_MARINE,,,
GRID_0022,13.25,85.0,6.66,2.04,9.35,190.0,29.3,205.81277966995123,NO_NEARBY_SARAL,-0.015500002,0.072500005,0.07413839,282.7398036648474,25.0,D,,3.0,BOB,0.167761892080307,5.900000095367432,0.1517113026784302,LOW,SAFETY_AGENT,BROADER_INDIAN_MARINE_REGION,INDIAN_MARINE,,,
GRID_0023,20.75,77.0,5.41,,,,,296.60798028039693,NO_NEARBY_SARAL,,,,301.306925580203,20.0,D,998.0,3.0,BOB,,,0.1423314898862666,LOW,SAFETY_AGENT,BROADER_INDIAN_MARINE_REGION,INDIAN_MARINE,,,
GRID_0024,14.75,70.75,8.05,2.6,9.75,234.0,28.5,276.99744587722756,NO_NEARBY_SARAL,0.0025000004,-0.0024999995,0.0035355338,116.10794664627235,30.0,DD,,5.0,ARB,0.1261464953422546,3.900000095367432,0.201869869005491,LOW,SAFETY_AGENT,BROADER_INDIAN_MARINE_REGION,INDIAN_MARINE,,,
GRID_0025,13.75,70.5,8.41,2.54,9.8,231.0,28.7,328.71517090615055,NO_NEARBY_SARAL,-0.064500004,-0.094000004,0.1140011,60.71313524105158,30.0,DD,,5.0,ARB,0.1020534262061119,3.5999999046325684,0.2293246362788494,LOW,SAFETY_AGENT,BROADER_INDIAN_MARINE_REGION,INDIAN_MARINE,,,
GRID_0026,16.0,92.0,7.75,2.2,9.75,216.0,28.9,312.0640544005895,NO_NEARBY_SARAL,-0.049999997,-0.064500004,0.08161035,106.88732068989688,40.0,CS,984.0,7.934933544931562,BOB,0.2062286883592605,6.699999809265137,0.2307104104185616,LOW,SAFETY_AGENT,BROADER_INDIAN_MARINE_REGION,INDIAN_MARINE,,,
GRID_0027,5.75,77.5,5.78,2.12,6.43,194.32,301.98,19.415901477571552,SARAL_AltiKa,0.021500003,-0.009500001,0.02350532,469.2757959116768,25.0,,,3.0,BOB,0.1880220174789428,4.5,0.1315545149368609,LOW,SAFETY_AGENT,BROADER_INDIAN_MARINE_REGION,INDIAN_MARINE,,,
GRID_0028,20.25,73.0,4.3,1.742,6.71,235.61,,91.37436791666242,SARAL_AltiKa,,,,250.1885849502571,50.0,SCS,990.0,12.0,ARB,,,0.2020836587419171,LOW,SAFETY_AGENT,BROADER_INDIAN_MARINE_REGION,INDIAN_MARINE,,,
GRID_0029,7.75,72.75,4.1,1.78,10.75,207.0,29.7,239.04650196398927,NO_NEARBY_SARAL,-0.103,0.21900001,0.24201241,647.6248507661459,,,,,,0.1237508878111839,4.400000095367432,0.2023192154611997,LOW,SAFETY_AGENT,BROADER_INDIAN_MARINE_REGION,INDIAN_MARINE,,,
GRID_0030,14.0,86.25,7.74,2.124,5.59,201.59,302.34000000000003,91.7683478175443,SARAL_AltiKa,-0.0029999986,-0.064500004,0.064569734,168.94474930342085,30.0,DD,,5.0,BOB,0.1816564798355102,4.699999809265137,0.2737110230465284,LOW,SAFETY_AGENT,BROADER_INDIAN_MARINE_REGION,INDIAN_MARINE,,,
GRID_0031,10.5,92.75,7.23,1.92,9.95,216.0,28.7,265.4258434993668,NO_NEARBY_SARAL,0.054500006,-0.031,0.06269968,465.0102969169925,25.0,D,990.0,3.0995834159888913,BOB,0.1840845048427581,7.099999904632568,0.0965270901393254,LOW,SAFETY_AGENT,BROADER_INDIAN_MARINE_REGION,INDIAN_MARINE,,,
GRID_0032,6.25,70.25,0.92,1.86,10.9,194.0,30.3,451.50689756399953,NO_NEARBY_SARAL,-0.117000006,0.09600001,0.15134399,470.9323028365131,25.0,D,,3.0,ARB,0.1483915150165558,3.700000047683716,0.1018256869604293,LOW,SAFETY_AGENT,BROADER_INDIAN_MARINE_REGION,INDIAN_MARINE,,,
GRID_0033,12.25,71.25,7.53,2.32,10.0,229.0,28.9,287.5222421691811,NO_NEARBY_SARAL,0.1075,-0.030500002,0.11174301,141.61074850874337,25.0,D,,3.0,ARB,0.1112252697348594,5.900000095367432,0.1976691396693978,LOW,SAFETY_AGENT,BROADER_INDIAN_MARINE_REGION,INDIAN_MARINE,,,
GRID_0034,10.75,90.75,7.2,2.08,6.1000000000000005,208.29,302.27,58.225818534730806,SARAL_AltiKa,-0.110500015,-0.034,0.115612514,424.84477207193174,25.0,D,990.0,3.0995834159888913,BOB,0.2527720332145691,6.199999809265137,0.1801730830994228,LOW,SAFETY_AGENT,BROADER_INDIAN_MARINE_REGION,INDIAN_MARINE,,,
GRID_0035,21.75,71.75,4.75,,,,,3.6166007050618183,SARAL_AltiKa,,,,153.40567127446442,50.0,SCS,990.0,12.0,ARB,,,0.2367018661779882,LOW,SAFETY_AGENT,BROADER_INDIAN_MARINE_REGION,INDIAN_MARINE,,,
GRID_0036,8.5,81.5,4.21,0.54,8.25,152.0,29.0,134.86939243477963,NO_NEARBY_SARAL,,,,78.17034368438863,25.0,,,3.0,BOB,,,0.2176057977883443,LOW,SAFETY_AGENT,BROADER_INDIAN_MARINE_REGION,INDIAN_MARINE,,,
GRID_0037,6.5,77.75,6.04,1.996,6.26,205.4,301.94,28.47980836431335,SARAL_AltiKa,-0.0925,-0.10650001,0.14106205,381.4983677410445,25.0,,,3.0,BOB,0.1518824249505996,3.5999999046325684,0.1639697340257127,LOW,SAFETY_AGENT,BROADER_INDIAN_MARINE_REGION,INDIAN_MARINE,,,
GRID_0038,12.75,78.5,4.32,,,,,41.15389546163665,SARAL_AltiKa,,,,253.25711213007617,50.0,SCS,986.0,14.0,BOB,,,0.2067464339213047,LOW,SAFETY_AGENT,BROADER_INDIAN_MARINE_REGION,INDIAN_MARINE,,,
GRID_0039,12.75,81.0,7.09,1.656,4.83,184.17,302.71,84.72908708360993,SARAL_AltiKa,0.11100001,0.2585,0.28132412,54.51613947002312,55.0,SCS,982.0,18.0,BOB,0.1156742051243782,4.699999809265137,0.3192167555764366,MEDIUM,SAFETY_AGENT,BROADER_INDIAN_MARINE_REGION,INDIAN_MARINE,,,
GRID_0040,11.75,90.25,7.640000000000001,2.071,5.98,205.8,302.25,28.940561354768786,SARAL_AltiKa,0.16300002,0.009500001,0.16327663,334.40102481106146,25.0,D,990.0,3.0995834159888913,BOB,0.2779604792594909,8.199999809265137,0.2211855899927962,LOW,SAFETY_AGENT,BROADER_INDIAN_MARINE_REGION,INDIAN_MARINE,,,
GRID_0041,7.0,74.75,5.44,1.792,6.53,200.21,302.25,42.25279890775867,SARAL_AltiKa,-0.11900001,0.14100002,0.18450476,555.6179087607678,,,,,,0.174332782626152,5.199999809265137,0.2044782383885193,LOW,SAFETY_AGENT,BROADER_INDIAN_MARINE_REGION,INDIAN_MARINE,,,
GRID_0042,8.75,90.0,7.01,2.272,6.19,211.0,302.23,69.84545632318535,SARAL_AltiKa,0.124000005,0.042000003,0.13091983,293.92250553522666,25.0,D,,3.0,BOB,0.2569475769996643,6.900000095367432,0.2335409336629481,LOW,SAFETY_AGENT,BROADER_INDIAN_MARINE_REGION,INDIAN_MARINE,,,
GRID_0043,18.5,77.0,5.07,,,,,330.9069293816146,NO_NEARBY_SARAL,,,,148.11230198828326,20.0,D,998.0,3.0,BOB,,,0.1882898769638425,LOW,SAFETY_AGENT,BROADER_INDIAN_MARINE_REGION,INDIAN_MARINE,,,
GRID_0044,14.5,75.25,5.62,,,,,188.69872292453897,NO_NEARBY_SARAL,,,,386.48611310874753,25.0,D,997.0,3.0,BOB,,,0.1251110669610367,LOW,SAFETY_AGENT,BROADER_INDIAN_MARINE_REGION,INDIAN_MARINE,,,
GRID_0045,15.25,77.5,5.19,,,,,205.03791301247145,NO_NEARBY_SARAL,,,,135.727876046825,25.0,D,997.0,3.0,BOB,,,0.2003385380796134,LOW,SAFETY_AGENT,BROADER_INDIAN_MARINE_REGION,INDIAN_MARINE,,,
GRID_0046,17.5,80.25,3.25,,,,,27.51830231713396,SARAL_AltiKa,,,,193.97543906101,20.0,D,998.0,3.0,BOB,,,0.1745309358420246,LOW,SAFETY_AGENT,BROADER_INDIAN_MARINE_REGION,INDIAN_MARINE,,,
GRID_0047,20.0,80.0,3.11,,,,,11.354192162214126,SARAL_AltiKa,,,,139.2676310533215,20.0,D,998.0,3.0,BOB,,,0.1909432782443311,LOW,SAFETY_AGENT,BROADER_INDIAN_MARINE_REGION,INDIAN_MARINE,,,
GRID_0048,9.5,73.75,3.93,1.905,7.87,225.69,302.39,89.31021319287471,SARAL_AltiKa,0.098500006,-0.047500007,0.109354936,536.2609485094584,,,,,,0.1684463769197464,4.5,0.1972152067362874,LOW,SAFETY_AGENT,BROADER_INDIAN_MARINE_REGION,INDIAN_MARINE,,,
GRID_0049,11.25,80.25,3.74,0.86,8.95,141.0,29.8,180.8705713101785,NO_NEARBY_SARAL,-0.052500002,0.20150001,0.20822705,194.4724994274708,50.0,SCS,986.0,14.0,BOB,0.1566735804080963,7.0,0.2337893057894456,LOW,SAFETY_AGENT,BROADER_INDIAN_MARINE_REGION,INDIAN_MARINE,,,
GRID_0050,19.0,72.5,4.72,1.786,7.47,233.33,302.26,10.611069996026297,SARAL_AltiKa,0.0925,-0.08050001,0.122623414,267.6295208628275,90.0,ESCS,962.0,40.0,ARB,,,0.2505180446348127,LOW,SAFETY_AGENT,BROADER_INDIAN_MARINE_REGION,INDIAN_MARINE,,,
GRID_0051,19.5,72.5,4.42,1.598,7.18,234.2,302.26,22.53916149380574,SARAL_AltiKa,0.027,0.068500005,0.07362915,236.71521216897227,90.0,ESCS,962.0,40.0,ARB,,,0.2392262441763025,LOW,SAFETY_AGENT,BROADER_INDIAN_MARINE_REGION,INDIAN_MARINE,,,
GRID_0052,8.25,71.75,4.05,1.98,11.0,206.0,29.7,334.05771817162383,NO_NEARBY_SARAL,0.088,0.24600002,0.26126617,528.8128138582044,,,,,,0.1626284420490265,5.400000095367432,0.2048417853467943,LOW,SAFETY_AGENT,BROADER_INDIAN_MARINE_REGION,INDIAN_MARINE,,,
GRID_0053,11.25,85.25,8.37,2.28,9.9,189.0,29.3,132.61744793668925,NO_NEARBY_SARAL,-0.089,-0.0455,0.09995624,247.00946114228887,25.0,D,990.0,3.0,BOB,0.1407255977392196,7.099999904632568,0.1655445996039777,LOW,SAFETY_AGENT,BROADER_INDIAN_MARINE_REGION,INDIAN_MARINE,,,
GRID_0054,12.75,90.25,8.25,2.117,6.01,206.52,302.26,52.81990642367751,SARAL_AltiKa,-0.017500002,0.053500004,0.056289434,236.87798713363927,25.0,D,990.0,3.0995834159888913,BOB,0.2408626228570938,5.300000190734863,0.254234370579085,LOW,SAFETY_AGENT,BROADER_INDIAN_MARINE_REGION,INDIAN_MARINE,,,
GRID_0055,7.75,94.75,5.0600000000000005,1.192,5.86,214.49,302.44,22.686917448337176,SARAL_AltiKa,-0.07000001,-0.09150001,0.11520526,749.001118311621,,,,,,0.2036278396844864,4.599999904632568,0.1397215260788489,LOW,SAFETY_AGENT,BROADER_INDIAN_MARINE_REGION,INDIAN_MARINE,129858.0,0.169,2024-06-16 11:38:20.232767104
GRID_0056,10.0,79.25,6.45,0.58,3.8,178.0,31.7,104.9304653917782,NO_NEARBY_SARAL,,,,43.16179727446121,25.0,,,3.0,BOB,,,0.2281083617113225,LOW,SAFETY_AGENT,BROADER_INDIAN_MARINE_REGION,INDIAN_MARINE,,,
GRID_0057,13.25,75.5,2.25,,,,,185.89188203828272,NO_NEARBY_SARAL,,,,424.6085176757657,30.0,DD,996.0,4.0,BOB,,,0.1220076789242645,LOW,SAFETY_AGENT,BROADER_INDIAN_MARINE_REGION,INDIAN_MARINE,,,
GRID_0058,13.0,76.25,5.58,,,,,259.2742918637338,NO_NEARBY_SARAL,,,,370.780608035396,30.0,DD,996.0,4.0,BOB,,,0.1381560518163754,LOW,SAFETY_AGENT,BROADER_INDIAN_MARINE_REGION,INDIAN_MARINE,,,
GRID_0059,13.25,84.0,6.93,2.08,9.4,186.0,29.9,243.9745024233564,NO_NEARBY_SARAL,-0.0375,-0.0055,0.03790119,182.2919281904645,25.0,D,,3.0,BOB,0.1646575778722763,5.300000190734863,0.1779141845829088,LOW,SAFETY_AGENT,BROADER_INDIAN_MARINE_REGION,INDIAN_MARINE,,,
GRID_0060,15.0,91.5,8.31,2.2,9.85,213.0,28.8,237.04614448042443,NO_NEARBY_SARAL,-0.069000006,-0.21050002,0.22152033,55.59746332227909,25.0,D,990.0,3.0995834159888913,BOB,0.2441480010747909,6.0,0.2348331640060033,LOW,SAFETY_AGENT,BROADER_INDIAN_MARINE_REGION,INDIAN_MARINE,,,
GRID_0061,14.5,70.75,8.05,2.56,9.8,233.0,28.6,283.3611571318544,NO_NEARBY_SARAL,-0.024500001,-0.052,0.057482608,98.10473566401436,30.0,DD,,5.0,ARB,0.1158111244440078,4.0,0.212689701245239,LOW,SAFETY_AGENT,BROADER_INDIAN_MARINE_REGION,INDIAN_MARINE,,,
GRID_0062,8.5,69.0,2.84,2.12,10.95,195.0,29.6,368.7867619123504,NO_NEARBY_SARAL,-0.032500003,-0.064,0.07177918,226.72310588189737,25.0,D,,3.0,ARB,0.1379192024469375,4.400000095367432,0.1674557842892318,LOW,SAFETY_AGENT,BROADER_INDIAN_MARINE_REGION,INDIAN_MARINE,,,
GRID_0063,18.25,82.5,4.95,,,,,202.96629353445968,NO_NEARBY_SARAL,,,,127.87416564124236,25.0,DD,,4.0,BOB,,,0.2026946512012882,LOW,SAFETY_AGENT,BROADER_INDIAN_MARINE_REGION,INDIAN_MARINE,,,
GRID_0064,13.5,77.5,4.83,,,,,164.30234266292362,NO_NEARBY_SARAL,,,,232.27547186611713,30.0,DD,996.0,4.0,BOB,,,0.1797075926671591,LOW,SAFETY_AGENT,BROADER_INDIAN_MARINE_REGION,INDIAN_MARINE,,,
GRID_0065,10.5,82.5,8.290000000000001,1.909,5.39,186.45,302.61,20.45414651731633,SARAL_AltiKa,-0.22500001,0.044500005,0.22935835,55.59746332227927,30.0,DD,992.0,4.0,BOB,0.1588639467954635,10.600000381469728,0.3201704227277064,MEDIUM,SAFETY_AGENT,BROADER_INDIAN_MARINE_REGION,INDIAN_MARINE,,,
GRID_0066,10.25,76.0,4.75,1.3,11.05,205.0,27.4,168.88519242557044,NO_NEARBY_SARAL,0.08050001,-0.072500005,0.10833514,334.1833088509426,25.0,,,3.0,BOB,,,0.1393730808383781,LOW,SAFETY_AGENT,BROADER_INDIAN_MARINE_REGION,INDIAN_MARINE,,,
GRID_0067,14.25,77.25,6.08,,,,,208.0620800794985,NO_NEARBY_SARAL,,,,205.9267596325638,30.0,DD,996.0,4.0,BOB,,,0.1876122063372251,LOW,SAFETY_AGENT,BROADER_INDIAN_MARINE_REGION,INDIAN_MARINE,,,
GRID_0068,17.75,80.5,2.54,,,,,15.203900866745132,SARAL_AltiKa,,,,195.2879438674539,20.0,D,998.0,3.0,BOB,,,0.1741371844000914,LOW,SAFETY_AGENT,BROADER_INDIAN_MARINE_REGION,INDIAN_MARINE,,,
GRID_0069,14.75,82.0,8.53,1.545,5.0,177.62,302.73,68.83619316721544,SARAL_AltiKa,0.20300001,-0.096499994,0.22476934,27.798731661139367,35.0,CS,,6.0,BOB,0.1201916858553886,7.199999809265137,0.3090544602875958,MEDIUM,SAFETY_AGENT,BROADER_INDIAN_MARINE_REGION,INDIAN_MARINE,,,
GRID_0070,10.5,76.75,3.42,,,,,173.63784075613862,NO_NEARBY_SARAL,,,,261.88007610684275,25.0,,,3.0,BOB,,,0.1624928780616081,LOW,SAFETY_AGENT,BROADER_INDIAN_MARINE_REGION,INDIAN_MARINE,,,
GRID_0071,8.75,70.0,3.7,2.02,10.7,204.0,29.6,481.66997769957464,NO_NEARBY_SARAL,-0.0615,-0.126,0.14020789,330.7599276988298,25.0,D,,3.0,ARB,0.1361454129219055,4.199999809265137,0.1429831741272883,LOW,SAFETY_AGENT,BROADER_INDIAN_MARINE_REGION,INDIAN_MARINE,,,
GRID_0072,19.25,78.0,4.58,,,,,234.0904120691603,NO_NEARBY_SARAL,,,,129.09727972199758,20.0,D,998.0,3.0,BOB,,,0.1939943836437283,LOW,SAFETY_AGENT,BROADER_INDIAN_MARINE_REGION,INDIAN_MARINE,,,
GRID_0073,10.0,92.0,9.02,2.62,10.2,220.0,29.0,173.79357347166416,NO_NEARBY_SARAL,0.06600001,0.019000001,0.06868043,503.31649943048166,,,,,,0.2244353294372558,4.599999904632568,0.1853377284698975,LOW,SAFETY_AGENT,BROADER_INDIAN_MARINE_REGION,INDIAN_MARINE,,,
GRID_0074,11.5,95.0,4.95,1.384,5.39,230.47,302.47,85.14121218048051,SARAL_AltiKa,-0.19450001,-0.082,0.2110788,505.01166270727595,,,,,,0.253593772649765,4.800000190734863,0.1643337950543132,LOW,SAFETY_AGENT,BROADER_INDIAN_MARINE_REGION,INDIAN_MARINE,,,
GRID_0075,19.75,82.75,3.29,,,,,227.3577250011923,NO_NEARBY_SARAL,,,,229.3311484374801,20.0,D,998.0,3.0,BOB,,,0.1639242230290835,LOW,SAFETY_AGENT,BROADER_INDIAN_MARINE_REGION,INDIAN_MARINE,,,
GRID_0076,22.0,74.5,5.32,,,,,283.44756025405286,NO_NEARBY_SARAL,,,,151.38516063044474,35.0,CS,995.0,7.0,ARB,,,0.2123080193711942,LOW,SAFETY_AGENT,BROADER_INDIAN_MARINE_REGION,INDIAN_MARINE,,,
GRID_0077,15.0,79.25,5.5,,,,,16.168292816770407,SARAL_AltiKa,,,,26.85151142270055,30.0,DD,995.0,5.0,BOB,,,0.2413347808001841,LOW,SAFETY_AGENT,BROADER_INDIAN_MARINE_REGION,INDIAN_MARINE,,,
GRID_0078,15.75,91.25,8.39,2.22,9.7,211.0,28.9,228.18033465947917,NO_NEARBY_SARAL,0.0295,-0.075,0.08059312,38.57091978119738,40.0,CS,984.0,7.934933544931562,BOB,0.2522246539592743,10.300000190734863,0.2530185977959064,LOW,SAFETY_AGENT,BROADER_INDIAN_MARINE_REGION,INDIAN_MARINE,,,
GRID_0079,9.0,71.75,4.38,2.06,10.85,208.0,29.5,315.47222766203294,NO_NEARBY_SARAL,-0.08850001,0.2775,0.2912705,495.5939253707822,25.0,D,,3.0,ARB,0.1843260675668716,4.5,0.1089096875576825,LOW,SAFETY_AGENT,BROADER_INDIAN_MARINE_REGION,INDIAN_MARINE,,,
GRID_0080,14.5,93.25,7.48,1.98,8.65,233.0,28.9,339.420473762586,NO_NEARBY_SARAL,0.12950002,0.08850001,0.15685186,188.39247612801097,25.0,D,990.0,3.0995834159888913,BOB,0.2593429386615753,5.199999809265137,0.1881658004128832,LOW,SAFETY_AGENT,BROADER_INDIAN_MARINE_REGION,INDIAN_MARINE,,,
GRID_0081,11.25,77.0,3.23,,,,,164.5932401789375,NO_NEARBY_SARAL,,,,278.43201959033695,25.0,,,3.0,BOB,,,0.1575272950165598,LOW,SAFETY_AGENT,BROADER_INDIAN_MARINE_REGION,INDIAN_MARINE,,,
GRID_0082,16.75,90.5,8.24,2.28,9.6,205.0,28.8,173.33641448936012,NO_NEARBY_SARAL,0.102,0.108,0.14855303,27.798731661139723,40.0,CS,984.0,7.934933544931562,BOB,0.2188226878643036,4.800000190734863,0.2602127403166863,LOW,SAFETY_AGENT,BROADER_INDIAN_MARINE_REGION,INDIAN_MARINE,,,
GRID_0083,8.75,79.75,9.96,1.86,8.4,212.0,28.2,188.856893106104,NO_NEARBY_SARAL,-0.026,0.08400001,0.0879318,87.79662698596896,25.0,,,3.0,BOB,,,0.2112487513978702,LOW,SAFETY_AGENT,BROADER_INDIAN_MARINE_REGION,INDIAN_MARINE,,,
GRID_0084,8.0,81.75,6.65,0.72,8.25,137.0,29.7,120.1551042937802,NO_NEARBY_SARAL,,,,114.54334340253274,25.0,,,3.0,BOB,,,0.2066938978729011,LOW,SAFETY_AGENT,BROADER_INDIAN_MARINE_REGION,INDIAN_MARINE,,,
GRID_0085,14.0,75.25,5.07,,,,,177.06381105513182,NO_NEARBY_SARAL,,,,413.8715394181228,25.0,D,997.0,3.0,BOB,,,0.1168954390682241,LOW,SAFETY_AGENT,BROADER_INDIAN_MARINE_REGION,INDIAN_MARINE,,,
GRID_0086,13.0,83.0,6.38,1.78,9.2,187.0,29.9,132.63104993344697,NO_NEARBY_SARAL,-0.060999997,-0.0405,0.07322056,123.6399933087371,25.0,D,,3.0,BOB,0.1232716813683509,5.199999809265137,0.1988882371154323,LOW,SAFETY_AGENT,BROADER_INDIAN_MARINE_REGION,INDIAN_MARINE,,,
GRID_0087,13.5,71.5,6.36,2.38,9.85,234.0,28.6,229.75577733189257,NO_NEARBY_SARAL,0.052000005,0.0695,0.08680006,54.06129163646226,25.0,D,,3.0,ARB,0.1328543573617935,3.900000095367432,0.2204937544501495,LOW,SAFETY_AGENT,BROADER_INDIAN_MARINE_REGION,INDIAN_MARINE,,,
GRID_0088,16.5,79.25,5.4,,,,,52.168133001812095,SARAL_AltiKa,,,,97.30513028736544,20.0,D,998.0,3.0,BOB,,,0.2035320284741179,LOW,SAFETY_AGENT,BROADER_INDIAN_MARINE_REGION,INDIAN_MARINE,,,
GRID_0089,18.25,68.5,8.44,2.62,9.15,230.0,28.1,419.36108170906346,NO_NEARBY_SARAL,0.09,-0.13250001,0.1601757,160.7101301067217,80.0,VSCS,970.0,30.0,ARB,0.0575633011758327,3.5999999046325684,0.287165105839906,LOW,SAFETY_AGENT,BROADER_INDIAN_MARINE_REGION,INDIAN_MARINE,,,
GRID_0090,10.25,81.75,8.38,1.859,5.4,186.03,302.6,65.71396203604051,SARAL_AltiKa,-0.177,0.053499997,0.18490876,116.93289210360838,30.0,DD,992.0,4.0,BOB,0.1528405547142028,8.800000190734863,0.2940431098510704,LOW,SAFETY_AGENT,BROADER_INDIAN_MARINE_REGION,INDIAN_MARINE,,,
GRID_0091,12.0,90.75,7.56,2.238,6.0200000000000005,206.07,302.25,87.93241155162592,SARAL_AltiKa,0.101500005,0.0445,0.11082645,289.5950402290297,25.0,D,990.0,3.0995834159888913,BOB,0.2327174693346023,8.5,0.2417359266046276,LOW,SAFETY_AGENT,BROADER_INDIAN_MARINE_REGION,INDIAN_MARINE,,,
GRID_0092,13.0,91.25,8.08,2.5,10.3,215.0,29.2,164.3459324628979,NO_NEARBY_SARAL,0.032,0.029500002,0.043522984,168.96379598075876,25.0,D,990.0,3.0995834159888913,BOB,0.2197810858488083,4.5,0.1822126123203944,LOW,SAFETY_AGENT,BROADER_INDIAN_MARINE_REGION,INDIAN_MARINE,,,
GRID_0093,12.5,72.5,7.54,2.02,9.35,241.0,28.9,149.03881402929207,NO_NEARBY_SARAL,-0.015000001,0.143,0.14378457,196.91470064988724,25.0,D,,3.0,ARB,0.1436687707901001,5.800000190734863,0.1843132188273765,LOW,SAFETY_AGENT,BROADER_INDIAN_MARINE_REGION,INDIAN_MARINE,,,
GRID_0094,11.75,89.0,9.16,2.52,10.1,208.0,29.0,103.74206902415432,NO_NEARBY_SARAL,0.11550001,0.088,0.14520417,408.38757247889066,25.0,D,990.0,3.0995834159888913,BOB,0.2244355231523513,6.0,0.1213152340642136,LOW,SAFETY_AGENT,BROADER_INDIAN_MARINE_REGION,INDIAN_MARINE,,,
GRID_0095,18.5,75.25,5.03,,,,,280.5683612377308,NO_NEARBY_SARAL,,,,326.84356590937267,20.0,D,998.0,3.0,BOB,,,0.1346704977875157,LOW,SAFETY_AGENT,BROADER_INDIAN_MARINE_REGION,INDIAN_MARINE,,,
GRID_0096,12.0,74.25,4.41,1.805,7.76,235.86,302.57,24.22754310610844,SARAL_AltiKa,0.036,0.118,0.12336936,389.93185136200015,25.0,D,,3.0,ARB,0.211841344833374,3.5999999046325684,0.1231036505724663,LOW,SAFETY_AGENT,BROADER_INDIAN_MARINE_REGION,INDIAN_MARINE,,,
GRID_0097,16.25,69.75,8.92,2.72,9.2,236.0,28.4,342.81748788341247,NO_NEARBY_SARAL,0.054500002,-0.14400001,0.15396835,210.5495138694623,25.0,D,,3.0,ARB,0.0746064037084579,3.700000047683716,0.1800184968722743,LOW,SAFETY_AGENT,BROADER_INDIAN_MARINE_REGION,INDIAN_MARINE,,,
GRID_0098,18.75,69.75,7.76,2.48,9.4,230.0,28.2,277.8157183845088,NO_NEARBY_SARAL,0.04,0.1315,0.13744909,38.297723980383225,80.0,VSCS,970.0,30.0,ARB,0.0877480506896972,3.799999952316284,0.3217916285754341,MEDIUM,SAFETY_AGENT,BROADER_INDIAN_MARINE_REGION,INDIAN_MARINE,,,
GRID_0099,10.75,91.25,9.19,2.64,10.25,218.0,29.1,111.47284868530228,NO_NEARBY_SARAL,-0.094000004,-0.040500004,0.10235356,417.86203889207945,25.0,D,990.0,3.0995834159888913,BOB,0.2496921122074127,6.099999904632568,0.1143009745652109,LOW,SAFETY_AGENT,BROADER_INDIAN_MARINE_REGION,INDIAN_MARINE,,,
GRID_0100,13.75,92.75,7.86,2.0,8.75,234.0,29.1,339.7384849021295,NO_NEARBY_SARAL,0.134,0.082,0.1570987,158.50318834651628,25.0,D,990.0,3.0995834159888913,BOB,0.2497523128986358,10.899999618530272,0.1999832940875568,LOW,SAFETY_AGENT,BROADER_INDIAN_MARINE_REGION,INDIAN_MARINE,,,
GRID_0101,9.25,94.25,7.63,1.8,8.1,241.0,28.9,111.92599356221972,NO_NEARBY_SARAL,0.019500002,-0.24850002,0.24926394,655.9461374644499,,,,,,0.238398477435112,5.0,0.2036309873875758,LOW,SAFETY_AGENT,BROADER_INDIAN_MARINE_REGION,INDIAN_MARINE,,,
GRID_0102,13.5,72.0,7.45,2.24,9.7,238.0,28.7,177.0736596337306,NO_NEARBY_SARAL,-0.0024999995,0.09600001,0.09603255,108.122527180103,25.0,D,,3.0,ARB,0.1488023251295089,4.800000190734863,0.2056885027541603,LOW,SAFETY_AGENT,BROADER_INDIAN_MARINE_REGION,INDIAN_MARINE,,,
GRID_0103,21.5,73.0,5.12,,,,,121.02423517552896,NO_NEARBY_SARAL,,,,111.19492664455854,50.0,SCS,990.0,12.0,ARB,,,0.24936508956696,LOW,SAFETY_AGENT,BROADER_INDIAN_MARINE_REGION,INDIAN_MARINE,,,
GRID_0104,17.0,74.75,6.73,,,,,194.58860200418104,NO_NEARBY_SARAL,,,,392.538916853172,20.0,D,998.0,3.0,BOB,,,0.1149618925043759,LOW,SAFETY_AGENT,BROADER_INDIAN_MARINE_REGION,INDIAN_MARINE,,,
GRID_0105,18.0,84.5,8.85,1.98,8.9,185.0,29.6,365.9525410544392,NO_NEARBY_SARAL,0.22900003,0.21900001,0.3168628,123.19004751177624,55.0,SCS,,15.001983733386234,BOB,0.1390829384326934,5.599999904632568,0.2736269730448651,LOW,SAFETY_AGENT,BROADER_INDIAN_MARINE_REGION,INDIAN_MARINE,,,
GRID_0106,6.75,93.25,6.4,2.44,11.6,216.0,29.0,160.27580139412896,NO_NEARBY_SARAL,-0.18650001,-0.14700001,0.23746844,580.2387414691698,,,,,,0.222108244895935,4.599999904632568,0.2022107117585442,LOW,SAFETY_AGENT,BROADER_INDIAN_MARINE_REGION,INDIAN_MARINE,,,
GRID_0107,8.25,75.75,4.98,1.866,6.7,216.51,302.26,95.03858595264856,SARAL_AltiKa,-0.016500004,0.1305,0.13153897,391.6726821123587,25.0,,,3.0,BOB,0.1936345696449279,5.800000190734863,0.1295361788857721,LOW,SAFETY_AGENT,BROADER_INDIAN_MARINE_REGION,INDIAN_MARINE,,,
GRID_0108,13.0,81.25,6.73,1.601,4.86,183.51,302.72,52.262796053532774,SARAL_AltiKa,0.021000005,0.19600001,0.1971218,42.98061433627066,55.0,SCS,982.0,18.0,BOB,0.134154662489891,6.699999809265137,0.3035200489266428,MEDIUM,SAFETY_AGENT,BROADER_INDIAN_MARINE_REGION,INDIAN_MARINE,,,
GRID_0109,15.25,81.0,7.7,1.693,5.71,165.96,302.69,23.988978621650773,SARAL_AltiKa,0.448,0.38350004,0.5897256,110.88394321271473,35.0,CS,,6.0,BOB,0.1165181621909141,5.199999809265137,0.3153486723462954,MEDIUM,SAFETY_AGENT,BROADER_INDIAN_MARINE_REGION,INDIAN_MARINE,,,
GRID_0110,16.0,77.0,3.21,,,,,274.4460919731144,NO_NEARBY_SARAL,,,,160.33078775487584,25.0,D,997.0,3.0,BOB,,,0.1929576645671981,LOW,SAFETY_AGENT,BROADER_INDIAN_MARINE_REGION,INDIAN_MARINE,,,
GRID_0111,22.0,73.0,4.68,,,,,132.8587930589679,NO_NEARBY_SARAL,,,,55.597463322279445,50.0,SCS,990.0,12.0,ARB,,,0.2660443285636438,LOW,SAFETY_AGENT,BROADER_INDIAN_MARINE_REGION,INDIAN_MARINE,,,
GRID_0112,17.0,68.0,9.21,2.78,9.15,230.0,27.9,417.3655961894129,NO_NEARBY_SARAL,0.050499998,0.0435,0.066652074,76.97659093538385,65.0,VSCS,980.0,22.0,ARB,0.0755646228790283,6.599999904632568,0.2794778082955653,LOW,SAFETY_AGENT,BROADER_INDIAN_MARINE_REGION,INDIAN_MARINE,,,
GRID_0113,15.0,83.5,7.11,2.02,9.1,176.0,29.2,231.75403782764155,NO_NEARBY_SARAL,0.15,0.032500006,0.15348046,120.82983905325376,40.0,CS,,8.0,BOB,0.1692676693201065,5.0,0.2327722634573241,LOW,SAFETY_AGENT,BROADER_INDIAN_MARINE_REGION,INDIAN_MARINE,,,
GRID_0114,12.0,72.75,7.16,1.88,9.35,244.0,29.1,134.82128379719202,NO_NEARBY_SARAL,0.045500003,0.131,0.13867678,252.66293285280153,25.0,D,,3.0,ARB,0.2024641633033752,5.300000190734863,0.1669749586477854,LOW,SAFETY_AGENT,BROADER_INDIAN_MARINE_REGION,INDIAN_MARINE,,,
GRID_0115,10.5,97.0,8.22,2.0,8.4,248.0,28.8,128.87749616271378,NO_NEARBY_SARAL,-0.16,-0.12450001,0.20273197,744.411838630598,,,,,,0.2324434667825698,3.799999952316284,0.1983629028371026,LOW,SAFETY_AGENT,BROADER_INDIAN_MARINE_REGION,INDIAN_MARINE,,,
GRID_0116,17.25,74.25,5.32,,,,,148.68231351020475,NO_NEARBY_SARAL,,,,437.2150776933151,20.0,D,998.0,3.0,BOB,,,0.101559044252333,LOW,SAFETY_AGENT,BROADER_INDIAN_MARINE_REGION,INDIAN_MARINE,,,
GRID_0117,14.75,71.0,7.95,2.58,9.8,234.0,28.5,250.81793574246373,NO_NEARBY_SARAL,-0.035000004,-0.0395,0.052775472,136.22380911994068,30.0,DD,,5.0,ARB,0.1353183984756469,4.300000190734863,0.2009820338889076,LOW,SAFETY_AGENT,BROADER_INDIAN_MARINE_REGION,INDIAN_MARINE,,,
GRID_0118,12.5,73.75,3.77,1.753,7.0600000000000005,238.96,302.54,16.854107797172627,SARAL_AltiKa,0.019000001,0.0185,0.026518863,318.01620353550845,25.0,D,,3.0,ARB,0.2141002416610717,4.5,0.1311156091768334,LOW,SAFETY_AGENT,BROADER_INDIAN_MARINE_REGION,INDIAN_MARINE,,,
GRID_0119,19.75,81.75,5.12,,,,,125.46150158169652,NO_NEARBY_SARAL,,,,159.47021774748038,20.0,D,998.0,3.0,BOB,,,0.1848825022360835,LOW,SAFETY_AGENT,BROADER_INDIAN_MARINE_REGION,INDIAN_MARINE,,,
GRID_0120,20.25,80.5,3.73,,,,,14.134336831532671,SARAL_AltiKa,,,,98.29753199259504,20.0,D,998.0,3.0,BOB,,,0.2032343079625491,LOW,SAFETY_AGENT,BROADER_INDIAN_MARINE_REGION,INDIAN_MARINE,,,
GRID_0121,13.5,73.75,4.75,1.948,7.1000000000000005,242.72,302.49,7.421728698297568,SARAL_AltiKa,-0.010500001,-0.009500001,0.014159803,297.3355997295168,25.0,D,,3.0,ARB,0.228747546672821,4.599999904632568,0.1524205025334766,LOW,SAFETY_AGENT,BROADER_INDIAN_MARINE_REGION,INDIAN_MARINE,,,
GRID_0122,8.75,80.0,7.71,1.48,6.55,221.0,29.0,215.6352516018897,NO_NEARBY_SARAL,,,,99.840945841598,25.0,,,3.0,BOB,,,0.2111046171411815,LOW,SAFETY_AGENT,BROADER_INDIAN_MARINE_REGION,INDIAN_MARINE,,,
GRID_0123,7.25,91.5,6.04,1.883,7.04,204.74,302.21,55.30658530431844,SARAL_AltiKa,-0.14950001,0.0435,0.15570004,387.174947470355,25.0,D,,3.0,BOB,0.2482547909021377,5.199999809265137,0.1553548233074481,LOW,SAFETY_AGENT,BROADER_INDIAN_MARINE_REGION,INDIAN_MARINE,,,
GRID_0124,15.0,70.75,7.85,2.62,9.7,235.0,28.5,270.6346690672608,NO_NEARBY_SARAL,0.025000002,0.021,0.032649655,137.41552764660372,30.0,DD,,5.0,ARB,0.1233401745557785,4.599999904632568,0.1987319909280579,LOW,SAFETY_AGENT,BROADER_INDIAN_MARINE_REGION,INDIAN_MARINE,,,
GRID_0125,12.75,82.5,7.37,1.634,4.98,185.12,302.7,73.94393819443675,SARAL_AltiKa,0.033000007,-0.079500005,0.086077005,99.51877164699287,35.0,CS,994.0,6.0,BOB,0.1436687409877777,4.900000095367432,0.2567945742393886,LOW,SAFETY_AGENT,BROADER_INDIAN_MARINE_REGION,INDIAN_MARINE,,,
GRID_0126,13.5,96.5,4.71,1.181,5.24,233.73,302.31,25.73654599866143,SARAL_AltiKa,0.153,0.066,0.16662833,463.9386679328021,30.0,DD,,4.463400119024003,BOB,0.3004111647605896,6.199999809265137,0.0630822604366934,LOW,SAFETY_AGENT,BROADER_INDIAN_MARINE_REGION,INDIAN_MARINE,177216.0,0.097,2024-06-16 11:36:42.103645824
GRID_0127,6.0,71.0,0.6,1.9,10.95,197.0,30.3,470.4727717288668,NO_NEARBY_SARAL,-0.17700002,0.0165,0.17776743,552.8917376368673,,,,,,0.1315537542104721,4.400000095367432,0.1959142246271979,LOW,SAFETY_AGENT,BROADER_INDIAN_MARINE_REGION,INDIAN_MARINE,,,
GRID_0128,19.0,71.75,4.5600000000000005,1.779,7.4,233.31,302.26,66.55102539762929,SARAL_AltiKa,0.0335,-0.11500001,0.11978002,192.46768336100695,80.0,VSCS,970.0,30.0,ARB,0.1468173116445541,5.800000190734863,0.2724214070328434,LOW,SAFETY_AGENT,BROADER_INDIAN_MARINE_REGION,INDIAN_MARINE,,,
GRID_0129,17.0,70.0,8.42,2.66,9.25,234.0,28.3,297.4383644285145,NO_NEARBY_SARAL,0.0004999973,-0.142,0.14200088,166.792389966838,80.0,VSCS,970.0,30.0,ARB,0.0778233855962753,5.599999904632568,0.2845735960929222,LOW,SAFETY_AGENT,BROADER_INDIAN_MARINE_REGION,INDIAN_MARINE,,,
GRID_0130,9.75,91.75,9.35,2.64,10.2,219.0,29.0,141.23079265264582,NO_NEARBY_SARAL,0.097,0.021500006,0.09935416,513.4720554327723,,,,,,0.2395621091127395,5.300000190734863,0.1887929185621373,LOW,SAFETY_AGENT,BROADER_INDIAN_MARINE_REGION,INDIAN_MARINE,,,
GRID_0131,11.5,76.25,2.04,,,,,224.62228349538984,NO_NEARBY_SARAL,,,,361.0992158144622,25.0,,,3.0,BOB,,,0.1327271361493222,LOW,SAFETY_AGENT,BROADER_INDIAN_MARINE_REGION,INDIAN_MARINE,,,
GRID_0132,11.25,82.5,7.18,1.881,5.18,187.88,302.64,38.17164938135443,SARAL_AltiKa,-0.0135,0.061000004,0.062476,27.798731661139723,30.0,DD,992.0,4.0,BOB,0.137371689081192,5.099999904632568,0.2844847430100107,LOW,SAFETY_AGENT,BROADER_INDIAN_MARINE_REGION,INDIAN_MARINE,,,
GRID_0133,11.0,90.0,7.4,2.129,5.99,208.46,302.27,15.798252292997343,SARAL_AltiKa,-0.0555,-0.0365,0.06642665,421.8031855757211,25.0,D,990.0,3.0995834159888913,BOB,0.2353184968233108,7.199999809265137,0.1847066721406411,LOW,SAFETY_AGENT,BROADER_INDIAN_MARINE_REGION,INDIAN_MARINE,,,
GRID_0134,5.5,74.75,5.91,1.848,6.2700000000000005,184.81,302.25,78.20098130990809,SARAL_AltiKa,-0.1585,0.2915,0.33180493,661.3812166134732,,,,,,0.1624231934547424,4.900000095367432,0.2330951482253087,LOW,SAFETY_AGENT,BROADER_INDIAN_MARINE_REGION,INDIAN_MARINE,,,
GRID_0135,9.5,71.75,5.11,2.08,10.8,210.0,29.4,303.05457200950144,NO_NEARBY_SARAL,-0.15,0.20600002,0.25482544,452.22164677678546,25.0,D,,3.0,ARB,0.1616017073392868,5.800000190734863,0.11887005433068,LOW,SAFETY_AGENT,BROADER_INDIAN_MARINE_REGION,INDIAN_MARINE,,,
GRID_0136,15.25,78.0,5.25,,,,,152.7596968572293,NO_NEARBY_SARAL,,,,99.10455109229984,25.0,D,997.0,3.0,BOB,,,0.2113255355659709,LOW,SAFETY_AGENT,BROADER_INDIAN_MARINE_REGION,INDIAN_MARINE,,,
GRID_0137,11.25,68.5,5.35,2.36,10.2,214.0,29.1,378.1150401123562,NO_NEARBY_SARAL,0.096,-0.013,0.09687621,61.184965155729145,25.0,D,,3.0,ARB,0.0978097021579742,4.099999904632568,0.2193766556609925,LOW,SAFETY_AGENT,BROADER_INDIAN_MARINE_REGION,INDIAN_MARINE,,,
GRID_0138,9.25,79.0,7.3,0.96,8.25,183.0,30.2,96.43303835045624,SARAL_AltiKa,,,,50.03771699005132,25.0,,,3.0,BOB,,,0.2260455857966455,LOW,SAFETY_AGENT,BROADER_INDIAN_MARINE_REGION,INDIAN_MARINE,,,
GRID_0139,13.25,68.25,7.46,2.56,9.75,223.0,28.3,396.7142876321199,NO_NEARBY_SARAL,-0.0019999994,0.043000005,0.043046493,160.8536546578161,25.0,D,,3.0,ARB,0.0600958168506622,4.800000190734863,0.1843487925401492,LOW,SAFETY_AGENT,BROADER_INDIAN_MARINE_REGION,INDIAN_MARINE,,,
GRID_0140,15.25,73.0,3.23,1.687,7.42,242.86,302.56,29.259612652990967,SARAL_AltiKa,0.019000001,0.0115,0.022209233,290.2928939936368,25.0,D,,3.0,ARB,0.1985628008842468,6.0,0.1342127954374529,LOW,SAFETY_AGENT,BROADER_INDIAN_MARINE_REGION,INDIAN_MARINE,,,
GRID_0141,16.75,81.0,3.65,,,,,12.615692414582558,SARAL_AltiKa,,,,162.01254306836017,40.0,CS,,8.0,BOB,,,0.2174531379731529,LOW,SAFETY_AGENT,BROADER_INDIAN_MARINE_REGION,INDIAN_MARINE,,,
GRID_0142,17.0,93.5,6.37,2.16,9.65,222.0,28.9,333.5434420262655,NO_NEARBY_SARAL,0.083500005,-0.076500006,0.113245316,55.59746332227909,115.0,VSCS,,65.58718508232494,BOB,0.2924027442932129,6.300000190734863,0.3159429662260834,MEDIUM,SAFETY_AGENT,BROADER_INDIAN_MARINE_REGION,INDIAN_MARINE,,,
GRID_0143,13.5,89.5,9.02,2.27,6.0600000000000005,206.39,302.3,8.393336043264316,SARAL_AltiKa,-0.0955,0.038,0.10278254,242.74541078651163,25.0,D,990.0,3.0995834159888913,BOB,0.2356606721878051,6.699999809265137,0.2859604490158152,LOW,SAFETY_AGENT,BROADER_INDIAN_MARINE_REGION,INDIAN_MARINE,,,
GRID_0144,17.0,82.75,6.38,1.44,9.45,168.0,27.7,199.83082602342108,NO_NEARBY_SARAL,-0.04,-0.0555,0.06841235,26.584057494619127,40.0,CS,,8.0,BOB,,,0.2526605772452751,LOW,SAFETY_AGENT,BROADER_INDIAN_MARINE_REGION,INDIAN_MARINE,,,
GRID_0145,8.75,95.75,4.57,1.224,5.3,220.38,302.48,60.65497803980886,SARAL_AltiKa,0.19100001,-0.053500004,0.19835134,789.2087932772055,,,,,,0.2496238201856613,5.5,0.1500677907444522,LOW,SAFETY_AGENT,BROADER_INDIAN_MARINE_REGION,INDIAN_MARINE,,,
GRID_0146,8.0,79.0,9.3,2.18,9.6,204.0,27.5,126.6817936468723,NO_NEARBY_SARAL,-0.042000003,0.0925,0.10158864,175.61054027541053,25.0,,,3.0,BOB,0.0629021301865577,3.900000095367432,0.1853329572905269,LOW,SAFETY_AGENT,BROADER_INDIAN_MARINE_REGION,INDIAN_MARINE,,,
GRID_0147,9.75,70.5,4.65,2.08,10.55,210.0,29.3,430.3491294627002,NO_NEARBY_SARAL,-0.22,-0.004,0.22003636,335.42319761887785,25.0,D,,3.0,ARB,0.1539357751607895,5.300000190734863,0.150161516247606,LOW,SAFETY_AGENT,BROADER_INDIAN_MARINE_REGION,INDIAN_MARINE,,,
GRID_0148,7.5,70.5,2.43,1.86,10.85,202.0,29.9,486.9489074907139,NO_NEARBY_SARAL,0.264,0.063,0.27141297,419.7069480421449,25.0,D,,3.0,ARB,0.1669405698776245,4.5,0.1296465640120505,LOW,SAFETY_AGENT,BROADER_INDIAN_MARINE_REGION,INDIAN_MARINE,,,
GRID_0149,8.75,68.5,3.55,2.22,10.9,195.0,29.7,320.95532307017834,NO_NEARBY_SARAL,0.0040000007,-0.0625,0.06262787,167.12336866169764,25.0,D,,3.0,ARB,0.1270363926887512,4.0,0.1841933673832125,LOW,SAFETY_AGENT,BROADER_INDIAN_MARINE_REGION,INDIAN_MARINE,,,
GRID_0150,17.25,91.5,8.1,2.22,9.4,211.0,28.7,288.43361723979655,NO_NEARBY_SARAL,0.1525,0.0029999986,0.15252951,27.798731661139723,115.0,VSCS,,65.58718508232494,BOB,0.236961156129837,5.800000190734863,0.3278224011540168,MEDIUM,SAFETY_AGENT,BROADER_INDIAN_MARINE_REGION,INDIAN_MARINE,,,
GRID_0151,13.25,93.0,4.67,0.58,4.75,252.0,29.3,337.46653775453456,NO_NEARBY_SARAL,,,,213.39591634263272,25.0,D,990.0,3.0995834159888913,BOB,,,0.1770381259908711,LOW,SAFETY_AGENT,BROADER_INDIAN_MARINE_REGION,INDIAN_MARINE,,,
GRID_0152,6.0,76.5,5.78,2.12,6.43,194.32,301.98,94.4326806038,SARAL_AltiKa,-0.105500005,0.127,0.16510376,495.0502567461827,25.0,,,3.0,BOB,0.1929500699043274,5.5,0.1384943408175726,LOW,SAFETY_AGENT,BROADER_INDIAN_MARINE_REGION,INDIAN_MARINE,,,
GRID_0153,20.0,80.75,3.04,,,,,17.470221138752027,SARAL_AltiKa,,,,114.20280275715992,20.0,D,998.0,3.0,BOB,,,0.1984627267331796,LOW,SAFETY_AGENT,BROADER_INDIAN_MARINE_REGION,INDIAN_MARINE,,,
GRID_0154,11.25,74.25,4.72,1.827,7.52,224.65,302.51,6.261895588386883,SARAL_AltiKa,-0.0095,0.020500002,0.022594249,432.6365079607204,25.0,D,,3.0,ARB,0.2470912188291549,4.800000190734863,0.1027362006542242,LOW,SAFETY_AGENT,BROADER_INDIAN_MARINE_REGION,INDIAN_MARINE,,,
GRID_0155,16.0,79.0,5.08,,,,,66.14291712055434,SARAL_AltiKa,,,,53.44369899878775,25.0,D,997.0,3.0,BOB,,,0.2250237911940246,LOW,SAFETY_AGENT,BROADER_INDIAN_MARINE_REGION,INDIAN_MARINE,,,
GRID_0156,6.25,80.75,6.33,,,,28.4,270.26375392997517,NO_NEARBY_SARAL,,,,335.3809036404501,25.0,,,3.0,BOB,,,0.1404426298015259,LOW,SAFETY_AGENT,BROADER_INDIAN_MARINE_REGION,INDIAN_MARINE,,,
GRID_0157,5.75,77.25,5.59,1.779,6.45,193.53,301.98,7.591728228823916,SARAL_AltiKa,-0.029000003,0.025500003,0.03861671,479.66666962433754,25.0,,,3.0,BOB,0.182409405708313,5.0,0.0979676936269695,LOW,SAFETY_AGENT,BROADER_INDIAN_MARINE_REGION,INDIAN_MARINE,,,
GRID_0158,6.5,80.5,4.03,,,,,291.08185905450136,NO_NEARBY_SARAL,,,,323.39782269057395,25.0,,,3.0,BOB,,,0.1440375540864887,LOW,SAFETY_AGENT,BROADER_INDIAN_MARINE_REGION,INDIAN_MARINE,,,
GRID_0159,9.5,95.5,4.6000000000000005,1.15,5.4,228.54,302.51,16.0732560836811,SARAL_AltiKa,-0.09900001,-0.0135,0.09991622,705.8650077448541,,,,,,0.2268994748592376,4.199999809265137,0.133350801119102,LOW,SAFETY_AGENT,BROADER_INDIAN_MARINE_REGION,INDIAN_MARINE,220257.0,0.014,2024-06-16 11:37:49.236561792
GRID_0160,6.75,71.75,2.49,1.86,11.0,205.0,30.0,371.1487423568316,NO_NEARBY_SARAL,-0.0745,0.008,0.0749283,579.9026093071503,,,,,,0.1380562931299209,4.300000190734863,0.1855965680221803,LOW,SAFETY_AGENT,BROADER_INDIAN_MARINE_REGION,INDIAN_MARINE,,,
GRID_0161,18.75,72.0,5.18,1.809,7.6,234.95,302.26,47.17391036763411,SARAL_AltiKa,0.054500002,-0.08950001,0.104787886,212.5673356097219,80.0,VSCS,970.0,30.0,ARB,0.1532514244318008,5.0,0.2706083831448296,LOW,SAFETY_AGENT,BROADER_INDIAN_MARINE_REGION,INDIAN_MARINE,,,
GRID_0162,12.25,75.5,2.89,,,,,162.57545489593403,NO_NEARBY_SARAL,,,,475.75577125217393,25.0,,,3.0,BOB,,,0.0983301695180087,LOW,SAFETY_AGENT,BROADER_INDIAN_MARINE_REGION,INDIAN_MARINE,,,
GRID_0163,12.25,82.0,7.15,1.592,5.14,185.66,302.68,9.352772045938504,SARAL_AltiKa,0.072000004,-0.064,0.096332766,27.798731661139545,35.0,CS,994.0,6.0,BOB,0.1222450211644172,4.199999809265137,0.2710326028925351,LOW,SAFETY_AGENT,BROADER_INDIAN_MARINE_REGION,INDIAN_MARINE,,,
GRID_0164,17.75,73.75,2.91,,,,,108.76739146008732,NO_NEARBY_SARAL,,,,404.9600302947808,80.0,VSCS,970.0,30.0,ARB,,,0.2112355584718933,LOW,SAFETY_AGENT,BROADER_INDIAN_MARINE_REGION,INDIAN_MARINE,,,
GRID_0165,19.75,79.5,2.78,,,,,68.32470091117607,SARAL_AltiKa,,,,89.13597924970874,20.0,D,998.0,3.0,BOB,,,0.2059827737854149,LOW,SAFETY_AGENT,BROADER_INDIAN_MARINE_REGION,INDIAN_MARINE,,,
GRID_0166,7.25,70.5,2.36,1.86,10.85,201.0,30.0,493.2000930348302,NO_NEARBY_SARAL,0.23600002,0.086500004,0.25135285,431.6131063334143,25.0,D,,3.0,ARB,0.1591376662254333,3.5999999046325684,0.1235991972178555,LOW,SAFETY_AGENT,BROADER_INDIAN_MARINE_REGION,INDIAN_MARINE,,,
GRID_0167,14.75,82.75,6.61,1.86,8.4,184.0,30.0,147.40649284182027,NO_NEARBY_SARAL,0.29700002,-0.1075,0.3158564,38.681674099146534,30.0,DD,,5.0,BOB,0.1279945224523544,6.0,0.2573844574097202,LOW,SAFETY_AGENT,BROADER_INDIAN_MARINE_REGION,INDIAN_MARINE,,,
GRID_0168,16.25,78.75,3.91,,,,,98.10449538197304,SARAL_AltiKa,,,,38.54775020446417,25.0,D,997.0,3.0,BOB,,,0.2294925758323217,LOW,SAFETY_AGENT,BROADER_INDIAN_MARINE_REGION,INDIAN_MARINE,,,
GRID_0169,11.5,71.75,6.31,2.16,10.25,226.0,29.1,253.29226291164164,NO_NEARBY_SARAL,0.16950001,0.019000001,0.17056158,236.82395188753583,25.0,D,,3.0,ARB,0.1457221508026123,6.400000095367432,0.1753232778584295,LOW,SAFETY_AGENT,BROADER_INDIAN_MARINE_REGION,INDIAN_MARINE,,,
GRID_0170,7.0,81.25,1.31,,,,,198.157501963037,NO_NEARBY_SARAL,,,,237.22716057942193,25.0,,,3.0,BOB,,,0.1698887527198343,LOW,SAFETY_AGENT,BROADER_INDIAN_MARINE_REGION,INDIAN_MARINE,,,
GRID_0171,16.25,85.75,8.37,2.02,8.8,196.0,29.2,196.80935864628697,NO_NEARBY_SARAL,-0.050499998,0.055000003,0.074667595,38.54775020446417,35.0,CS,,7.0,BOB,0.1757700592279434,5.0,0.2412585262533972,LOW,SAFETY_AGENT,BROADER_INDIAN_MARINE_REGION,INDIAN_MARINE,,,
GRID_0172,5.75,71.25,0.61,1.86,10.9,199.0,30.2,449.6852961330018,NO_NEARBY_SARAL,-0.186,0.0015000002,0.18600605,591.7643759122858,,,,,,0.1468857824802398,4.699999809265137,0.1969264165548212,LOW,SAFETY_AGENT,BROADER_INDIAN_MARINE_REGION,INDIAN_MARINE,,,
GRID_0173,21.75,70.0,5.07,,,,,174.70935355599482,NO_NEARBY_SARAL,,,,148.353143873116,90.0,ESCS,962.0,40.0,ARB,,,0.2882176243983928,LOW,SAFETY_AGENT,BROADER_INDIAN_MARINE_REGION,INDIAN_MARINE,,,
GRID_0174,6.75,77.25,6.2,1.953,6.25,211.91,301.93,31.59981463215793,SARAL_AltiKa,-0.11900001,-0.0165,0.120138474,380.37137905635274,25.0,,,3.0,BOB,0.1774127185344696,4.900000095367432,0.1625459655271141,LOW,SAFETY_AGENT,BROADER_INDIAN_MARINE_REGION,INDIAN_MARINE,,,
GRID_0175,5.75,80.0,7.56,2.34,10.6,194.0,28.7,289.02262823825635,NO_NEARBY_SARAL,0.15100001,0.30200002,0.33764628,420.6050951672845,25.0,,,3.0,BOB,0.0,0.0,0.1333330994498146,LOW,SAFETY_AGENT,BROADER_INDIAN_MARINE_REGION,INDIAN_MARINE,,,
GRID_0176,9.5,91.0,7.22,2.193,6.28,211.61,302.26,55.24075248441291,SARAL_AltiKa,0.08100001,0.063,0.102615796,431.5618284852138,25.0,D,,3.0,BOB,0.2678306102752685,4.400000095367432,0.1858126076278077,LOW,SAFETY_AGENT,BROADER_INDIAN_MARINE_REGION,INDIAN_MARINE,,,
GRID_0177,12.25,79.5,1.41,,,,,76.82538142577711,SARAL_AltiKa,,,,218.99364764994817,50.0,SCS,986.0,14.0,BOB,,,0.2170254732653431,LOW,SAFETY_AGENT,BROADER_INDIAN_MARINE_REGION,INDIAN_MARINE,,,
GRID_0178,9.75,82.75,8.16,1.913,5.8100000000000005,178.55,302.56,29.02573954508565,SARAL_AltiKa,-0.22900002,-0.0635,0.23764104,117.15457753162124,25.0,,,3.0,BOB,0.1436686813831329,6.0,0.2895935691106381,LOW,SAFETY_AGENT,BROADER_INDIAN_MARINE_REGION,INDIAN_MARINE,,,
GRID_0179,11.25,72.75,6.55,1.54,8.65,258.0,29.2,153.22302595964564,NO_NEARBY_SARAL,0.060000002,0.119500004,0.13371706,314.1901947826496,25.0,D,,3.0,ARB,,,0.147909207058866,LOW,SAFETY_AGENT,BROADER_INDIAN_MARINE_REGION,INDIAN_MARINE,,,
GRID_0180,10.75,95.0,4.79,1.54,5.38,233.76,302.51,67.39629477240098,SARAL_AltiKa,-0.2745,-0.0435,0.27792534,563.9493036177546,,,,,,0.2436689287424087,6.0,0.1845936368491774,LOW,SAFETY_AGENT,BROADER_INDIAN_MARINE_REGION,INDIAN_MARINE,,,
GRID_0181,18.25,84.0,7.07,1.54,8.55,176.0,29.5,357.26742403141935,NO_NEARBY_SARAL,,,,174.32422836629692,20.0,D,,3.0,BOB,,,0.1804262990504385,LOW,SAFETY_AGENT,BROADER_INDIAN_MARINE_REGION,INDIAN_MARINE,,,
GRID_0182,15.75,71.0,7.45,2.62,9.65,236.0,28.3,225.49209400756737,NO_NEARBY_SARAL,0.0915,0.056,0.107276514,222.29281049624893,30.0,DD,,5.0,ARB,0.1427789628505706,5.900000095367432,0.1814300890392688,LOW,SAFETY_AGENT,BROADER_INDIAN_MARINE_REGION,INDIAN_MARINE,,,
GRID_0183,13.75,69.0,8.21,2.52,9.5,230.0,28.6,486.5477199391047,NO_NEARBY_SARAL,-0.064,0.09400001,0.113718964,83.39619498341916,25.0,D,,3.0,ARB,0.0533196181058883,2.200000047683716,0.2133363369740808,LOW,SAFETY_AGENT,BROADER_INDIAN_MARINE_REGION,INDIAN_MARINE,,,
GRID_0184,17.75,80.25,3.07,,,,,21.479457541898626,SARAL_AltiKa,,,,177.75148048451706,20.0,D,998.0,3.0,BOB,,,0.1793981234149724,LOW,SAFETY_AGENT,BROADER_INDIAN_MARINE_REGION,INDIAN_MARINE,,,
GRID_0185,14.0,71.25,7.15,2.46,9.85,234.0,28.5,243.48969143269608,NO_NEARBY_SARAL,-0.033,-0.07800001,0.08469357,61.80764189205728,25.0,D,,3.0,ARB,0.1216291114687919,3.700000047683716,0.2178311372348966,LOW,SAFETY_AGENT,BROADER_INDIAN_MARINE_REGION,INDIAN_MARINE,,,
GRID_0186,16.25,92.0,7.98,2.2,9.65,216.0,28.9,317.70820696001965,NO_NEARBY_SARAL,0.009000003,-0.0695,0.07008031,110.2466049251958,40.0,CS,984.0,7.934933544931562,BOB,0.2117729485034942,5.400000095367432,0.2279134819413837,LOW,SAFETY_AGENT,BROADER_INDIAN_MARINE_REGION,INDIAN_MARINE,,,
GRID_0187,9.0,89.25,9.39,2.76,10.35,214.0,28.9,144.0812128787324,NO_NEARBY_SARAL,0.079,0.018500004,0.08113723,261.53438470277047,25.0,D,,3.0,BOB,0.229911133646965,4.699999809265137,0.1583281853279188,LOW,SAFETY_AGENT,BROADER_INDIAN_MARINE_REGION,INDIAN_MARINE,,,
GRID_0188,17.0,92.5,7.95,2.24,9.85,216.0,28.8,386.3834012940955,NO_NEARBY_SARAL,0.141,0.040000003,0.14656399,76.8785495925866,115.0,VSCS,,65.58718508232494,BOB,0.2384670525789261,4.800000190734863,0.3120056685157054,MEDIUM,SAFETY_AGENT,BROADER_INDIAN_MARINE_REGION,INDIAN_MARINE,,,
GRID_0189,9.75,94.25,8.15,1.92,8.6,240.0,28.9,123.68687873732216,NO_NEARBY_SARAL,-0.0045000017,-0.23550001,0.235543,606.8694181421,,,,,,0.2591376304626465,4.699999809265137,0.2021607411747772,LOW,SAFETY_AGENT,BROADER_INDIAN_MARINE_REGION,INDIAN_MARINE,,,
GRID_0190,21.25,74.25,7.15,,,,,241.24772673555609,NO_NEARBY_SARAL,,,,189.619474811436,50.0,SCS,990.0,12.0,ARB,,,0.2258377251168968,LOW,SAFETY_AGENT,BROADER_INDIAN_MARINE_REGION,INDIAN_MARINE,,,
GRID_0191,10.5,74.25,4.5200000000000005,1.872,7.890000000000001,226.23,302.46,12.1587900015903,SARAL_AltiKa,-0.006000001,0.041500002,0.041931495,486.0016270976465,25.0,D,,3.0,ARB,0.2735116183757782,6.300000190734863,0.0932264405120129,LOW,SAFETY_AGENT,BROADER_INDIAN_MARINE_REGION,INDIAN_MARINE,,,
GRID_0192,14.75,71.25,7.81,2.54,9.8,235.0,28.5,224.617125222826,NO_NEARBY_SARAL,-0.072500005,-0.07350001,0.10324002,141.5837213773152,25.0,D,,3.0,ARB,0.1174538359045982,4.199999809265137,0.1959925200811995,LOW,SAFETY_AGENT,BROADER_INDIAN_MARINE_REGION,INDIAN_MARINE,,,
GRID_0193,16.25,93.75,7.47,2.1,9.3,228.0,28.8,326.62386054617116,NO_NEARBY_SARAL,-0.16950001,-0.1055,0.19965094,141.44614679626724,115.0,VSCS,,65.58718508232494,BOB,0.2454483062028885,7.5,0.2993115373932937,LOW,SAFETY_AGENT,BROADER_INDIAN_MARINE_REGION,INDIAN_MARINE,,,
GRID_0194,11.0,95.25,4.68,1.629,5.39,232.81,302.49,46.69097820036091,SARAL_AltiKa,-0.24450001,-0.0695,0.25418597,562.8541799137362,,,,,,0.2211500853300094,5.400000095367432,0.1892800694549968,LOW,SAFETY_AGENT,BROADER_INDIAN_MARINE_REGION,INDIAN_MARINE,217595.0,0.116,2024-06-16 11:37:26.515666944
GRID_0195,5.75,80.25,7.84,2.34,10.55,194.0,28.7,315.97810185409486,NO_NEARBY_SARAL,0.074,0.279,0.28864685,409.6697410778166,25.0,,,3.0,BOB,,,0.1347583221703159,LOW,SAFETY_AGENT,BROADER_INDIAN_MARINE_REGION,INDIAN_MARINE,,,
GRID_0196,20.0,72.75,4.8,1.743,6.9,235.34,302.26,59.97496146225258,SARAL_AltiKa,,,,241.2166068652107,90.0,ESCS,962.0,40.0,ARB,,,0.2548585855007644,LOW,SAFETY_AGENT,BROADER_INDIAN_MARINE_REGION,INDIAN_MARINE,,,
GRID_0197,14.5,72.0,7.37,2.4,9.65,240.0,28.6,152.24865666385398,NO_NEARBY_SARAL,-0.045,0.094000004,0.10421613,154.9342418408281,25.0,D,,3.0,ARB,0.135249838232994,4.099999904632568,0.1920794649956503,LOW,SAFETY_AGENT,BROADER_INDIAN_MARINE_REGION,INDIAN_MARINE,,,
GRID_0198,11.25,83.5,7.48,1.94,9.5,183.0,29.5,144.47807971069685,NO_NEARBY_SARAL,-0.094000004,-0.1145,0.14814267,112.5909794635821,30.0,DD,992.0,4.0,BOB,0.1082135438919067,3.900000095367432,0.2173408404016721,LOW,SAFETY_AGENT,BROADER_INDIAN_MARINE_REGION,INDIAN_MARINE,,,
GRID_0199,17.0,74.0,5.2,,,,,116.93895956515864,NO_NEARBY_SARAL,,,,455.2382249648553,80.0,VSCS,970.0,30.0,ARB,,,0.196152100070871,LOW,SAFETY_AGENT,BROADER_INDIAN_MARINE_REGION,INDIAN_MARINE,,,
GRID_0200,10.0,82.0,8.56,1.881,5.55,183.01,302.59000000000003,45.12911430001496,SARAL_AltiKa,-0.18900001,0.0034999996,0.1890324,111.19492664455872,25.0,,,3.0,BOB,0.1262834668159485,3.900000095367432,0.2907604707213559,LOW,SAFETY_AGENT,BROADER_INDIAN_MARINE_REGION,INDIAN_MARINE,,,
GRID_0201,10.25,75.25,2.77,1.85,8.01,223.82,302.43,88.87802929431862,SARAL_AltiKa,0.0015,-0.0505,0.050522275,415.2024992679866,25.0,,,3.0,BOB,0.2893911302089691,6.300000190734863,0.1135316223071605,LOW,SAFETY_AGENT,BROADER_INDIAN_MARINE_REGION,INDIAN_MARINE,,,
GRID_0202,10.25,94.5,9.04,1.92,8.7,235.0,28.8,108.78753478023629,NO_NEARBY_SARAL,-0.15900001,-0.13700001,0.20988093,573.969940117309,,,,,,0.2519508004188537,6.900000095367432,0.2006765672427189,LOW,SAFETY_AGENT,BROADER_INDIAN_MARINE_REGION,INDIAN_MARINE,,,
GRID_0203,12.25,76.25,5.47,,,,,241.9760114076985,NO_NEARBY_SARAL,,,,412.9137788495221,25.0,,,3.0,BOB,,,0.1171827672388042,LOW,SAFETY_AGENT,BROADER_INDIAN_MARINE_REGION,INDIAN_MARINE,,,
GRID_0204,16.75,92.0,6.96,2.18,9.55,215.0,28.8,328.9540218256267,NO_NEARBY_SARAL,0.132,-0.07450001,0.1515726,83.39619498341881,115.0,VSCS,,65.58718508232494,BOB,0.2291582077741623,6.699999809265137,0.311477963595709,MEDIUM,SAFETY_AGENT,BROADER_INDIAN_MARINE_REGION,INDIAN_MARINE,,,
GRID_0205,5.25,80.25,7.65,2.34,10.5,192.0,29.0,328.19590228444605,NO_NEARBY_SARAL,0.108500004,0.169,0.2008314,459.5022442296277,25.0,,,3.0,BOB,0.1489391326904297,4.5,0.1106048145628377,LOW,SAFETY_AGENT,BROADER_INDIAN_MARINE_REGION,INDIAN_MARINE,,,
GRID_0206,11.0,88.75,9.44,2.6,10.1,209.0,28.9,148.63268105649547,NO_NEARBY_SARAL,-0.046500005,0.20950001,0.21459848,452.33919557343614,25.0,D,,3.0,BOB,0.2060918509960174,3.799999952316284,0.1139233189316173,LOW,SAFETY_AGENT,BROADER_INDIAN_MARINE_REGION,INDIAN_MARINE,,,
GRID_0207,7.75,80.0,7.09,1.82,9.2,214.0,29.6,240.1554277635559,NO_NEARBY_SARAL,,,,202.2053722513179,25.0,,,3.0,BOB,,,0.1803952892182655,LOW,SAFETY_AGENT,BROADER_INDIAN_MARINE_REGION,INDIAN_MARINE,,,
GRID_0208,12.5,71.75,7.53,2.22,9.75,234.0,28.8,228.34234958807687,NO_NEARBY_SARAL,-0.0020000003,0.054500002,0.05453669,137.72108746629846,25.0,D,,3.0,ARB,0.1648187935352325,5.900000095367432,0.1932493897916322,LOW,SAFETY_AGENT,BROADER_INDIAN_MARINE_REGION,INDIAN_MARINE,,,
GRID_0209,19.5,81.0,4.31,,,,,55.21394425281637,SARAL_AltiKa,,,,166.79238996683833,20.0,D,998.0,3.0,BOB,,,0.1826858505702761,LOW,SAFETY_AGENT,BROADER_INDIAN_MARINE_REGION,INDIAN_MARINE,,,
GRID_0210,6.25,73.25,2.49,0.68,8.9,228.0,29.9,221.8446554379592,NO_NEARBY_SARAL,-0.1825,0.16600001,0.24670276,740.2415600024062,,,,,,,,0.203323432687649,LOW,SAFETY_AGENT,BROADER_INDIAN_MARINE_REGION,INDIAN_MARINE,,,
GRID_0211,9.0,95.0,4.7,1.299,5.28,221.06,302.49,25.69348584952293,SARAL_AltiKa,0.092,-0.15300001,0.17853011,720.4680607903869,,,,,,0.2261467576026916,6.099999904632568,0.1545769750403111,LOW,SAFETY_AGENT,BROADER_INDIAN_MARINE_REGION,INDIAN_MARINE,180344.0,0.084,2024-06-16 11:37:59.566852096
GRID_0212,15.5,84.75,7.01,1.88,9.05,192.0,29.3,283.79673017707074,NO_NEARBY_SARAL,0.089,0.0059999973,0.08920202,92.88657211902928,45.0,CS,,10.0,BOB,0.1793978661298751,4.800000190734863,0.2429860584583167,LOW,SAFETY_AGENT,BROADER_INDIAN_MARINE_REGION,INDIAN_MARINE,,,
GRID_0213,9.75,74.75,3.93,1.905,7.87,225.69,302.39,23.615333501419713,SARAL_AltiKa,-0.0029999996,0.064500004,0.064569734,465.8175344935765,25.0,,,3.0,BOB,0.2370295226573944,4.5,0.1033042868585705,LOW,SAFETY_AGENT,BROADER_INDIAN_MARINE_REGION,INDIAN_MARINE,,,
GRID_0214,11.75,92.75,5.65,0.82,5.55,241.0,29.1,294.19455358144774,NO_NEARBY_SARAL,,,,334.401024811062,25.0,D,990.0,3.0995834159888913,BOB,,,0.1407365934503423,LOW,SAFETY_AGENT,BROADER_INDIAN_MARINE_REGION,INDIAN_MARINE,,,
GRID_0215,20.75,71.25,4.41,1.204,5.1000000000000005,218.44,301.5,73.95575517777266,SARAL_AltiKa,,,,82.85349991488997,90.0,ESCS,962.0,40.0,ARB,,,0.2574508509191939,LOW,SAFETY_AGENT,BROADER_INDIAN_MARINE_REGION,INDIAN_MARINE,,,
GRID_0216,6.5,74.75,5.39,1.744,6.58,188.16,302.24,54.3073233058068,SARAL_AltiKa,-0.1755,0.2125,0.27560207,587.7454872956035,,,,,,0.1936345994472503,7.199999809265137,0.2096362239305721,LOW,SAFETY_AGENT,BROADER_INDIAN_MARINE_REGION,INDIAN_MARINE,,,
GRID_0217,10.75,79.0,2.18,,,,,60.13693236018206,SARAL_AltiKa,,,,116.75467297678684,25.0,,,3.0,BOB,,,0.2060304990006248,LOW,SAFETY_AGENT,BROADER_INDIAN_MARINE_REGION,INDIAN_MARINE,,,
GRID_0218,16.75,68.5,9.33,2.78,9.1,233.0,28.1,459.44878450017967,NO_NEARBY_SARAL,0.018000007,0.075500004,0.07761604,110.11326112365292,65.0,VSCS,980.0,22.0,ARB,0.0760437846183776,4.900000095367432,0.2697844018388004,LOW,SAFETY_AGENT,BROADER_INDIAN_MARINE_REGION,INDIAN_MARINE,,,
GRID_0219,8.25,82.25,5.7700000000000005,2.481,6.8,177.48,302.44,60.49081764263859,SARAL_AltiKa,-0.033,-0.3445,0.34607694,87.80833476906403,25.0,,,3.0,BOB,0.1705682128667831,6.400000095367432,0.3090416141491315,MEDIUM,SAFETY_AGENT,BROADER_INDIAN_MARINE_REGION,INDIAN_MARINE,,,
GRID_0220,20.75,75.0,5.65,,,,,305.77066364499876,NO_NEARBY_SARAL,,,,283.90220230256165,50.0,SCS,990.0,12.0,ARB,,,0.1975529068695591,LOW,SAFETY_AGENT,BROADER_INDIAN_MARINE_REGION,INDIAN_MARINE,,,
GRID_0221,9.0,78.0,5.49,,3.82,180.92,,4.622412128462084,SARAL_AltiKa,,,,134.52248949270205,25.0,,,3.0,BOB,,,0.2007001540458503,LOW,SAFETY_AGENT,BROADER_INDIAN_MARINE_REGION,INDIAN_MARINE,,,
GRID_0222,16.25,82.75,5.55,1.78,9.3,171.0,28.3,182.42570537179577,NO_NEARBY_SARAL,0.2175,0.0034999996,0.21752816,38.524243710974666,50.0,SCS,,14.0,BOB,0.1433561444282531,4.199999809265137,0.2800705998190775,LOW,SAFETY_AGENT,BROADER_INDIAN_MARINE_REGION,INDIAN_MARINE,,,
GRID_0223,10.0,80.5,3.01,0.58,6.2,163.0,29.4,205.1916813404478,NO_NEARBY_SARAL,0.12900001,0.119,0.175505,122.88490015632298,25.0,,,3.0,BOB,0.124298483133316,9.800000190734863,0.2116457762563038,LOW,SAFETY_AGENT,BROADER_INDIAN_MARINE_REGION,INDIAN_MARINE,,,
GRID_0224,17.0,94.25,5.42,1.94,9.3,232.0,29.0,255.86494307681585,NO_NEARBY_SARAL,-0.057000004,-0.032,0.06536819,42.64226073639493,115.0,VSCS,,65.58718508232494,BOB,,,0.3142053669394091,MEDIUM,SAFETY_AGENT,BROADER_INDIAN_MARINE_REGION,INDIAN_MARINE,,,
GRID_0225,12.5,92.5,7.67,1.48,7.25,243.0,29.0,284.8972361515238,NO_NEARBY_SARAL,-0.021000005,-0.0010000002,0.0210238,247.2778505596892,25.0,D,990.0,3.0995834159888913,BOB,,,0.1567135843257541,LOW,SAFETY_AGENT,BROADER_INDIAN_MARINE_REGION,INDIAN_MARINE,,,
GRID_0226,16.5,81.75,3.44,1.3,9.45,162.0,30.3,84.39458568547899,SARAL_AltiKa,,,,97.30513028736432,40.0,CS,,8.0,BOB,,,0.2368653618074516,LOW,SAFETY_AGENT,BROADER_INDIAN_MARINE_REGION,INDIAN_MARINE,,,
GRID_0227,6.75,70.5,1.59,1.88,10.9,199.0,30.2,489.9024213726225,NO_NEARBY_SARAL,0.061000004,0.095,0.112898186,459.557138342351,25.0,D,,3.0,ARB,0.124161496758461,3.4000000953674316,0.1011830808868745,LOW,SAFETY_AGENT,BROADER_INDIAN_MARINE_REGION,INDIAN_MARINE,,,
GRID_0228,8.5,72.0,4.02,1.98,10.95,208.0,29.6,301.0645567220321,NO_NEARBY_SARAL,0.009500001,0.266,0.2661696,550.5381351986118,,,,,,0.1629706621170044,5.699999809265137,0.2054829837539131,LOW,SAFETY_AGENT,BROADER_INDIAN_MARINE_REGION,INDIAN_MARINE,,,
GRID_0229,7.75,93.5,7.39,2.34,11.1,225.0,29.0,156.94747500706544,NO_NEARBY_SARAL,0.0045000017,-0.08300001,0.08312191,612.2111012445773,,,,,,,,0.186965347687649,LOW,SAFETY_AGENT,BROADER_INDIAN_MARINE_REGION,INDIAN_MARINE,,,
GRID_0230,12.75,94.0,5.69,1.32,8.1,206.0,29.0,220.40113558812004,NO_NEARBY_SARAL,0.13900001,0.106000006,0.17480563,332.93712177910714,25.0,D,990.0,3.0995834159888913,BOB,0.2014375329017639,3.700000047683716,0.1457030203223641,LOW,SAFETY_AGENT,BROADER_INDIAN_MARINE_REGION,INDIAN_MARINE,,,
GRID_0231,9.25,95.75,4.82,1.25,5.3500000000000005,226.15,302.5,48.68504650005964,SARAL_AltiKa,-0.05,-0.015999999,0.052497618,744.641701562571,,,,,,0.2156059443950653,4.300000190734863,0.1369640406170098,LOW,SAFETY_AGENT,BROADER_INDIAN_MARINE_REGION,INDIAN_MARINE,206856.0,0.037,2024-06-16 11:37:52.334863232
GRID_0232,5.25,80.0,7.43,2.34,10.6,191.0,29.1,301.21037729012926,NO_NEARBY_SARAL,0.18600002,0.1395,0.23250002,471.75335385689544,25.0,,,3.0,BOB,0.1520877480506897,4.099999904632568,0.1099042151653744,LOW,SAFETY_AGENT,BROADER_INDIAN_MARINE_REGION,INDIAN_MARINE,,,
GRID_0233,19.75,76.5,5.5,,,,,374.0114779424388,NO_NEARBY_SARAL,,,,271.53171611377917,20.0,D,998.0,3.0,BOB,,,0.1512640527261938,LOW,SAFETY_AGENT,BROADER_INDIAN_MARINE_REGION,INDIAN_MARINE,,,
GRID_0234,17.25,81.75,3.98,,,,,102.15422332232676,NO_NEARBY_SARAL,,,,81.40431124841983,25.0,DD,,4.0,BOB,,,0.2166356075191349,LOW,SAFETY_AGENT,BROADER_INDIAN_MARINE_REGION,INDIAN_MARINE,,,
GRID_0235,17.25,72.5,4.09,1.723,7.44,239.97,302.39,32.49173058497754,SARAL_AltiKa,0.021000002,0.037,0.042544097,298.84946403090044,80.0,VSCS,970.0,30.0,ARB,0.2302534282207489,6.900000095367432,0.2288752041089654,LOW,SAFETY_AGENT,BROADER_INDIAN_MARINE_REGION,INDIAN_MARINE,,,
GRID_0236,8.75,91.75,8.5,2.56,10.4,220.0,29.0,117.6964675644457,NO_NEARBY_SARAL,-0.0055000037,-0.024500005,0.025109766,456.57382265156315,25.0,D,,3.0,BOB,0.2722795903682709,9.199999809265137,0.0965695286850843,LOW,SAFETY_AGENT,BROADER_INDIAN_MARINE_REGION,INDIAN_MARINE,,,
GRID_0237,7.75,76.0,5.49,1.96,11.2,187.0,28.6,110.04446499697852,NO_NEARBY_SARAL,0.19900002,0.2125,0.291131,394.61590410792405,25.0,,,3.0,BOB,0.1582479029893875,4.599999904632568,0.1391739484774125,LOW,SAFETY_AGENT,BROADER_INDIAN_MARINE_REGION,INDIAN_MARINE,,,
GRID_0238,8.5,95.5,4.23,1.178,5.36,217.05,302.47,39.86568526261944,SARAL_AltiKa,0.20900002,-0.0635,0.21843365,796.7952624617901,,,,,,0.2472966313362121,4.5,0.1477368704389952,LOW,SAFETY_AGENT,BROADER_INDIAN_MARINE_REGION,INDIAN_MARINE,165338.0,0.151,2024-06-16 11:38:05.766627840
GRID_0239,16.0,83.5,7.8,1.76,9.05,178.0,29.3,254.7239553000196,NO_NEARBY_SARAL,0.313,0.194,0.36824584,53.44369899878775,45.0,CS,,10.0,BOB,0.1436687558889389,4.5,0.2824839795234193,LOW,SAFETY_AGENT,BROADER_INDIAN_MARINE_REGION,INDIAN_MARINE,,,
GRID_0240,11.75,70.25,7.13,2.34,10.15,223.0,28.9,406.17921750610714,NO_NEARBY_SARAL,0.029500002,0.010499999,0.03131294,210.9212635414937,25.0,D,,3.0,ARB,0.1111567467451095,4.099999904632568,0.1679328067567309,LOW,SAFETY_AGENT,BROADER_INDIAN_MARINE_REGION,INDIAN_MARINE,,,
GRID_0241,11.0,82.5,8.05,2.05,5.29,187.91,302.63,32.22805145911807,SARAL_AltiKa,-0.09900001,0.0705,0.12153704,0.0,30.0,DD,992.0,4.0,BOB,0.1522244364023208,6.5,0.3309509317576724,MEDIUM,SAFETY_AGENT,BROADER_INDIAN_MARINE_REGION,INDIAN_MARINE,,,
GRID_0242,14.0,89.25,9.09,2.088,5.8100000000000005,205.51,302.33,22.82353579931614,SARAL_AltiKa,-0.036500007,0.0535,0.06476496,248.7806703599045,25.0,D,990.0,3.0995834159888913,BOB,0.2405203729867935,4.900000095367432,0.2656935958721793,LOW,SAFETY_AGENT,BROADER_INDIAN_MARINE_REGION,INDIAN_MARINE,,,
GRID_0243,14.25,72.75,4.3500000000000005,1.963,7.26,241.94,302.5,79.69167385025946,SARAL_AltiKa,-0.034500003,0.1365,0.1407924,206.5002552980247,25.0,D,,3.0,ARB,0.152156189084053,6.699999809265137,0.1944428871212686,LOW,SAFETY_AGENT,BROADER_INDIAN_MARINE_REGION,INDIAN_MARINE,,,
GRID_0244,7.25,71.75,3.18,1.88,11.0,207.0,29.8,358.80689303697613,NO_NEARBY_SARAL,0.09150001,0.055500004,0.10701636,557.8865107611341,,,,,,0.1375770270824432,3.0999999046325684,0.1882041757140105,LOW,SAFETY_AGENT,BROADER_INDIAN_MARINE_REGION,INDIAN_MARINE,,,
GRID_0245,12.5,70.25,8.12,2.46,9.8,228.0,28.8,387.0135077431559,NO_NEARBY_SARAL,0.016,-0.079,0.08060397,137.72108746629763,25.0,D,,3.0,ARB,0.1099246516823768,3.799999952316284,0.1946688823654748,LOW,SAFETY_AGENT,BROADER_INDIAN_MARINE_REGION,INDIAN_MARINE,,,
GRID_0246,11.25,74.75,4.53,1.784,7.62,223.67,302.5,59.435347787291555,SARAL_AltiKa,-0.0355,0.048,0.059701342,477.96927042280095,25.0,D,,3.0,ARB,0.2747435867786407,4.800000190734863,0.0893328788021404,LOW,SAFETY_AGENT,BROADER_INDIAN_MARINE_REGION,INDIAN_MARINE,,,
GRID_0247,7.0,71.5,2.61,1.94,11.0,202.0,29.8,391.87282890051654,NO_NEARBY_SARAL,0.0485,0.053500004,0.0722115,543.0986145282594,,,,,,0.1531828939914703,7.800000190734863,0.1871127045243342,LOW,SAFETY_AGENT,BROADER_INDIAN_MARINE_REGION,INDIAN_MARINE,,,
GRID_0248,7.75,95.75,5.03,1.292,5.74,213.79,302.44,84.75916927507808,SARAL_AltiKa,-0.030500002,0.031499997,0.04384632,858.6738012760346,,,,,,0.2268311232328415,4.699999809265137,0.1404269735733694,LOW,SAFETY_AGENT,BROADER_INDIAN_MARINE_REGION,INDIAN_MARINE,,,
GRID_0249,13.75,70.25,8.37,2.54,9.7,231.0,28.6,355.03026329565466,NO_NEARBY_SARAL,-0.069000006,-0.048,0.08405356,38.744012550711545,30.0,DD,,5.0,ARB,0.1017796322703361,3.799999952316284,0.2330199346249538,LOW,SAFETY_AGENT,BROADER_INDIAN_MARINE_REGION,INDIAN_MARINE,,,
GRID_0250,11.25,97.0,8.42,1.94,8.8,239.0,28.8,110.54704893768267,NO_NEARBY_SARAL,-0.0445,-0.128,0.13551477,681.0574711012202,,,,,,0.2723478376865387,8.399999618530273,0.1940409435974695,LOW,SAFETY_AGENT,BROADER_INDIAN_MARINE_REGION,INDIAN_MARINE,,,
GRID_0251,18.75,81.75,4.1,,,,,137.5546976835539,NO_NEARBY_SARAL,,,,199.8934440838709,25.0,DD,,4.0,BOB,,,0.1810888676684996,LOW,SAFETY_AGENT,BROADER_INDIAN_MARINE_REGION,INDIAN_MARINE,,,
GRID_0252,8.0,70.0,3.1,1.92,10.8,201.0,29.8,464.64840133026064,NO_NEARBY_SARAL,0.132,-0.024,0.13416408,348.15003662868634,25.0,D,,3.0,ARB,0.1797399967908859,4.5,0.1374207470033713,LOW,SAFETY_AGENT,BROADER_INDIAN_MARINE_REGION,INDIAN_MARINE,,,
GRID_0253,5.0,76.25,5.44,1.707,6.22,183.49,302.28000000000003,71.79461477534997,SARAL_AltiKa,-0.094,0.224,0.24292386,604.1920134548861,,,,,,0.1964408606290817,4.699999809265137,0.2030420852501933,LOW,SAFETY_AGENT,BROADER_INDIAN_MARINE_REGION,INDIAN_MARINE,,,
GRID_0254,7.25,89.5,8.13,2.64,10.45,211.0,28.9,159.77760723906303,NO_NEARBY_SARAL,-0.2315,0.056500003,0.23829499,167.822548588507,25.0,D,,3.0,BOB,0.2282685339450836,5.199999809265137,0.2024034056629431,LOW,SAFETY_AGENT,BROADER_INDIAN_MARINE_REGION,INDIAN_MARINE,,,
GRID_0255,17.25,77.0,3.16,,,,,302.80378830032123,NO_NEARBY_SARAL,,,,161.04187057312114,20.0,D,998.0,3.0,BOB,,,0.1844110063883912,LOW,SAFETY_AGENT,BROADER_INDIAN_MARINE_REGION,INDIAN_MARINE,,,
GRID_0256,10.25,96.75,9.22,2.02,8.4,246.0,28.8,131.2214197800364,NO_NEARBY_SARAL,-0.127,-0.1965,0.23396848,740.4651221094723,,,,,,0.2195074409246444,4.699999809265137,0.2019042137009322,LOW,SAFETY_AGENT,BROADER_INDIAN_MARINE_REGION,INDIAN_MARINE,,,
GRID_0257,8.25,75.25,4.8100000000000005,1.776,6.8,217.87,302.27,41.37590583388517,SARAL_AltiKa,-0.031500004,-0.03850001,0.04974436,442.2966493640965,25.0,,,3.0,BOB,0.1929502189159393,4.0,0.0977678167380609,LOW,SAFETY_AGENT,BROADER_INDIAN_MARINE_REGION,INDIAN_MARINE,,,
GRID_0258,18.5,77.25,4.91,,,,,305.2156799590621,NO_NEARBY_SARAL,,,,124.03917402520116,20.0,D,998.0,3.0,BOB,,,0.1955118153527672,LOW,SAFETY_AGENT,BROADER_INDIAN_MARINE_REGION,INDIAN_MARINE,,,
GRID_0259,13.5,89.25,9.11,2.089,6.01,206.16,302.31,34.75681898779269,SARAL_AltiKa,-0.062000003,-0.042,0.07488658,267.00751499753335,25.0,D,990.0,3.0995834159888913,BOB,0.240999549627304,7.0,0.2627722357081415,LOW,SAFETY_AGENT,BROADER_INDIAN_MARINE_REGION,INDIAN_MARINE,,,
GRID_0260,5.0,74.0,2.45,1.64,11.05,157.0,30.1,171.20300116000044,NO_NEARBY_SARAL,-0.24850002,0.333,0.4155012,759.6014267414268,,,,,,0.1681041866540908,3.299999952316284,0.2192289776367814,LOW,SAFETY_AGENT,BROADER_INDIAN_MARINE_REGION,INDIAN_MARINE,,,
GRID_0261,11.5,88.5,9.45,2.48,9.9,206.0,28.8,162.90697811069194,NO_NEARBY_SARAL,0.001500003,0.106000006,0.10601062,465.7223965894464,25.0,D,990.0,3.0995834159888913,BOB,0.1862425357103347,4.900000095367432,0.0995499494101256,LOW,SAFETY_AGENT,BROADER_INDIAN_MARINE_REGION,INDIAN_MARINE,,,
GRID_0262,16.0,79.75,2.89,,,,,12.394347557349963,SARAL_AltiKa,,,,114.37600411774808,30.0,DD,995.0,5.0,BOB,,,0.2150774329916698,LOW,SAFETY_AGENT,BROADER_INDIAN_MARINE_REGION,INDIAN_MARINE,,,
GRID_0263,9.25,92.0,7.58,2.56,10.4,220.0,29.0,156.22089486417536,NO_NEARBY_SARAL,0.055,0.024500005,0.06021005,506.4026573359748,,,,,,0.2283369898796081,4.599999904632568,0.1845004446210033,LOW,SAFETY_AGENT,BROADER_INDIAN_MARINE_REGION,INDIAN_MARINE,,,
GRID_0264,16.0,72.75,2.57,1.938,7.42,240.29,302.6,36.94784895468472,SARAL_AltiKa,-0.007,0.0435,0.04405962,335.6801319166709,25.0,D,,3.0,ARB,0.1655716598033905,6.0,0.1436158515745072,LOW,SAFETY_AGENT,BROADER_INDIAN_MARINE_REGION,INDIAN_MARINE,,,
GRID_0265,9.5,83.75,5.0,2.24,9.35,189.0,29.6,129.97987444473634,NO_NEARBY_SARAL,-0.2175,-0.058,0.22510053,29.590210636565548,25.0,D,990.0,3.0,BOB,0.1475701034069061,7.400000095367432,0.2434519151152313,LOW,SAFETY_AGENT,BROADER_INDIAN_MARINE_REGION,INDIAN_MARINE,,,
GRID_0266,16.25,82.0,7.42,1.56,9.55,163.0,28.4,104.44504391479576,NO_NEARBY_SARAL,0.18200001,0.106000006,0.21061815,98.95920524450656,40.0,CS,,8.0,BOB,,,0.2451686129203089,LOW,SAFETY_AGENT,BROADER_INDIAN_MARINE_REGION,INDIAN_MARINE,,,
GRID_0267,5.25,76.5,5.43,1.864,6.58,184.5,302.04,76.6642010970987,SARAL_AltiKa,-0.0605,0.16600001,0.17668122,566.368253588815,,,,,,0.1991787701845169,4.400000095367432,0.2091579995004664,LOW,SAFETY_AGENT,BROADER_INDIAN_MARINE_REGION,INDIAN_MARINE,,,
GRID_0268,17.75,73.0,4.33,1.667,7.51,239.29,302.32,31.583373279364363,SARAL_AltiKa,0.0635,0.005500002,0.06373774,327.81138587414705,80.0,VSCS,970.0,30.0,ARB,,,0.2166582510647501,LOW,SAFETY_AGENT,BROADER_INDIAN_MARINE_REGION,INDIAN_MARINE,,,
GRID_0269,10.5,68.0,5.46,2.3,10.3,208.0,29.4,307.7823477284715,NO_NEARBY_SARAL,0.068,0.037000004,0.077414475,77.93966804833673,30.0,DD,,5.0,ARB,0.1006843969225883,3.799999952316284,0.2205945913872969,LOW,SAFETY_AGENT,BROADER_INDIAN_MARINE_REGION,INDIAN_MARINE,,,
GRID_0270,13.5,69.25,8.2,2.5,9.55,230.0,28.5,466.7595458982028,NO_NEARBY_SARAL,-0.09,0.051500004,0.10369306,98.24985108282915,30.0,DD,,5.0,ARB,0.0534565150737762,2.200000047683716,0.2162113253200109,LOW,SAFETY_AGENT,BROADER_INDIAN_MARINE_REGION,INDIAN_MARINE,,,
GRID_0271,12.25,78.75,4.24,,,,,3.3525948863118056,SARAL_AltiKa,,,,271.61650294711103,55.0,SCS,982.0,18.0,BOB,,,0.2095719500095276,LOW,SAFETY_AGENT,BROADER_INDIAN_MARINE_REGION,INDIAN_MARINE,,,
GRID_0272,9.25,88.75,9.36,2.8,10.35,213.0,28.7,191.4889026172273,NO_NEARBY_SARAL,0.079,0.079500005,0.11207699,263.45663167449,25.0,D,,3.0,BOB,0.20855613052845,5.599999904632568,0.1612420997762904,LOW,SAFETY_AGENT,BROADER_INDIAN_MARINE_REGION,INDIAN_MARINE,,,
GRID_0273,20.25,76.75,4.67,,,,,335.227354216172,NO_NEARBY_SARAL,,,,291.8207536506174,20.0,D,998.0,3.0,BOB,,,0.1451773414651423,LOW,SAFETY_AGENT,BROADER_INDIAN_MARINE_REGION,INDIAN_MARINE,,,
GRID_0274,14.0,94.25,6.02,1.5,7.1,237.0,28.9,222.99073619098843,NO_NEARBY_SARAL,0.1965,-0.172,0.26114413,301.54417338515526,25.0,D,990.0,3.0995834159888913,BOB,0.2425054609775543,6.5,0.1652574246368973,LOW,SAFETY_AGENT,BROADER_INDIAN_MARINE_REGION,INDIAN_MARINE,,,
GRID_0275,9.5,71.5,4.85,2.08,10.8,208.0,29.3,329.7691156934543,NO_NEARBY_SARAL,-0.20750001,0.192,0.2827017,442.5744029121172,25.0,D,,3.0,ARB,0.1561260819435119,5.699999809265137,0.1244881642358562,LOW,SAFETY_AGENT,BROADER_INDIAN_MARINE_REGION,INDIAN_MARINE,,,
GRID_0276,13.25,76.5,4.47,,,,,263.94965021278284,NO_NEARBY_SARAL,,,,332.46509939281094,30.0,DD,996.0,4.0,BOB,,,0.1496507044091509,LOW,SAFETY_AGENT,BROADER_INDIAN_MARINE_REGION,INDIAN_MARINE,,,
GRID_0277,8.5,90.0,6.84,2.048,6.2700000000000005,210.29,302.22,75.89786083563193,SARAL_AltiKa,0.094500005,0.043500006,0.10403125,276.35947978751227,25.0,D,,3.0,BOB,0.2540044486522674,7.5,0.2143469588520436,LOW,SAFETY_AGENT,BROADER_INDIAN_MARINE_REGION,INDIAN_MARINE,,,
GRID_0278,12.0,83.25,7.11,1.8,9.65,182.0,29.9,135.5586143492595,NO_NEARBY_SARAL,0.18450001,-0.078,0.2003104,135.9561968313897,35.0,CS,994.0,6.0,BOB,0.1327173709869384,3.4000000953674316,0.2236926410924008,LOW,SAFETY_AGENT,BROADER_INDIAN_MARINE_REGION,INDIAN_MARINE,,,
GRID_0279,9.25,68.5,3.97,2.3,10.7,200.0,29.5,332.4702782456092,NO_NEARBY_SARAL,0.015999999,-0.0505,0.05297405,167.0111010419087,25.0,D,,3.0,ARB,0.1297057271003723,6.199999809265137,0.1843683389098108,LOW,SAFETY_AGENT,BROADER_INDIAN_MARINE_REGION,INDIAN_MARINE,,,
GRID_0280,16.75,93.25,7.09,2.2,9.7,222.0,28.9,365.978295893452,NO_NEARBY_SARAL,-0.0185,-0.08400001,0.086013086,87.52530319773199,115.0,VSCS,,65.58718508232494,BOB,0.284462958574295,5.0,0.3029715417037828,MEDIUM,SAFETY_AGENT,BROADER_INDIAN_MARINE_REGION,INDIAN_MARINE,,,
GRID_0281,7.75,71.0,3.54,1.96,10.9,204.0,29.7,426.98488594868,NO_NEARBY_SARAL,0.269,0.13250001,0.29986206,461.4559215161286,25.0,D,,3.0,ARB,0.1774812042713165,3.700000047683716,0.1195931325796815,LOW,SAFETY_AGENT,BROADER_INDIAN_MARINE_REGION,INDIAN_MARINE,,,
GRID_0282,16.75,83.25,6.87,1.68,8.95,179.0,29.5,245.91413064353765,NO_NEARBY_SARAL,0.128,0.043500006,0.13518968,38.50040147538608,45.0,CS,,10.042650267804008,BOB,0.1325342506170272,3.0999999046325684,0.2629335164695763,LOW,SAFETY_AGENT,BROADER_INDIAN_MARINE_REGION,INDIAN_MARINE,,,
GRID_0283,12.5,68.0,6.8,2.52,9.85,221.0,28.5,353.3960565769582,NO_NEARBY_SARAL,-0.0585,0.023000002,0.06285897,111.19492664455872,25.0,D,,3.0,ARB,0.0556468106806278,2.9000000953674316,0.2002665360810177,LOW,SAFETY_AGENT,BROADER_INDIAN_MARINE_REGION,INDIAN_MARINE,,,
GRID_0284,9.0,74.75,4.19,1.94,7.6,225.46,302.33,6.299613612027999,SARAL_AltiKa,-0.0925,-0.0595,0.10998409,472.7457677283227,25.0,,,3.0,BOB,0.2409311234951019,4.300000190734863,0.108593673252275,LOW,SAFETY_AGENT,BROADER_INDIAN_MARINE_REGION,INDIAN_MARINE,,,
GRID_0285,9.5,94.0,7.99,1.92,8.35,240.0,28.9,144.53755077264088,NO_NEARBY_SARAL,0.008499995,-0.229,0.2291577,618.8622373997645,,,,,,0.231143370270729,5.400000095367432,0.2018022256673486,LOW,SAFETY_AGENT,BROADER_INDIAN_MARINE_REGION,INDIAN_MARINE,,,
GRID_0286,12.75,77.0,3.94,,,,,199.60663974745535,NO_NEARBY_SARAL,,,,330.454411428367,30.0,DD,996.0,4.0,BOB,,,0.1502539107984841,LOW,SAFETY_AGENT,BROADER_INDIAN_MARINE_REGION,INDIAN_MARINE,,,
GRID_0287,12.5,80.25,2.15,0.98,9.4,144.0,30.0,150.10476184414532,NO_NEARBY_SARAL,,,,135.6988275426496,50.0,SCS,986.0,14.0,BOB,,,0.2420139192975327,LOW,SAFETY_AGENT,BROADER_INDIAN_MARINE_REGION,INDIAN_MARINE,,,
GRID_0288,13.5,90.0,9.13,2.773,6.140000000000001,206.8,302.3,44.33634939623501,SARAL_AltiKa,-0.11400001,0.0885,0.14431997,196.3541573869996,25.0,D,990.0,3.0995834159888913,BOB,0.2439426481723785,5.099999904632568,0.3473689396899807,MEDIUM,SAFETY_AGENT,BROADER_INDIAN_MARINE_REGION,INDIAN_MARINE,,,
GRID_0289,19.5,69.75,7.06,2.36,9.35,229.0,28.3,258.3279468500334,NO_NEARBY_SARAL,-0.0195,0.108,0.1097463,114.25912607695156,80.0,VSCS,970.0,30.0,ARB,0.0940451622009277,5.0,0.2968486717490835,LOW,SAFETY_AGENT,BROADER_INDIAN_MARINE_REGION,INDIAN_MARINE,,,
GRID_0290,14.0,69.25,8.66,2.52,9.5,232.0,28.6,453.71724382935673,NO_NEARBY_SARAL,-0.025,0.05,0.055901702,61.782025080593655,25.0,D,,3.0,ARB,0.054893884807825,3.0,0.2144427973878414,LOW,SAFETY_AGENT,BROADER_INDIAN_MARINE_REGION,INDIAN_MARINE,,,
GRID_0291,9.75,72.0,5.44,2.08,10.75,212.0,29.4,270.14367885396837,NO_NEARBY_SARAL,-0.11900001,0.19100001,0.22503778,430.964748955506,25.0,D,,3.0,ARB,0.1485968232154846,8.5,0.1235858453713869,LOW,SAFETY_AGENT,BROADER_INDIAN_MARINE_REGION,INDIAN_MARINE,,,
GRID_0292,16.0,90.5,8.76,2.3,9.85,205.0,28.8,155.8544929786915,NO_NEARBY_SARAL,0.136,0.09150001,0.16391538,53.44369899878775,40.0,CS,984.0,7.934933544931562,BOB,0.2631076574325561,4.199999809265137,0.2538661973485775,LOW,SAFETY_AGENT,BROADER_INDIAN_MARINE_REGION,INDIAN_MARINE,,,
GRID_0293,21.5,70.0,5.8,1.86,8.7,229.0,26.9,181.1646673566929,NO_NEARBY_SARAL,,,,122.71230232197038,90.0,ESCS,962.0,40.0,ARB,,,0.2959098768637365,LOW,SAFETY_AGENT,BROADER_INDIAN_MARINE_REGION,INDIAN_MARINE,,,
GRID_0294,11.0,69.25,6.65,2.24,10.35,216.0,29.2,452.24174669273657,NO_NEARBY_SARAL,0.026500002,-0.030000001,0.040028118,147.2238442156723,25.0,D,,3.0,ARB,0.131553828716278,4.5,0.188164543107089,LOW,SAFETY_AGENT,BROADER_INDIAN_MARINE_REGION,INDIAN_MARINE,,,
GRID_0295,8.25,74.75,4.67,1.716,7.0,219.02,302.27,12.42082715305243,SARAL_AltiKa,-0.058500003,-0.103,0.11845358,493.83823311654254,25.0,,,3.0,BOB,0.1973307728767395,3.5999999046325684,0.0839872149495453,LOW,SAFETY_AGENT,BROADER_INDIAN_MARINE_REGION,INDIAN_MARINE,,,
GRID_0296,14.0,69.75,8.65,2.54,9.55,232.0,28.6,401.16181239485934,NO_NEARBY_SARAL,-0.045500003,-0.0145,0.047754582,26.972989274410153,30.0,DD,,5.0,ARB,0.0806296691298484,3.4000000953674316,0.2326684689715186,LOW,SAFETY_AGENT,BROADER_INDIAN_MARINE_REGION,INDIAN_MARINE,,,
GRID_0297,18.25,80.0,3.81,,,,,16.946250577411767,SARAL_AltiKa,,,,118.57825546519028,20.0,D,998.0,3.0,BOB,,,0.1971500909207705,LOW,SAFETY_AGENT,BROADER_INDIAN_MARINE_REGION,INDIAN_MARINE,,,
GRID_0298,6.0,72.0,1.38,1.72,10.9,205.0,30.0,362.6626528568062,NO_NEARBY_SARAL,-0.187,0.0465,0.19269471,644.2390659777828,,,,,,0.1737851202487945,4.300000190734863,0.1974625310899775,LOW,SAFETY_AGENT,BROADER_INDIAN_MARINE_REGION,INDIAN_MARINE,,,
GRID_0299,15.25,76.0,5.8,,,,,284.5072242672442,NO_NEARBY_SARAL,,,,280.39935981628173,25.0,D,997.0,3.0,BOB,,,0.1569370929487764,LOW,SAFETY_AGENT,BROADER_INDIAN_MARINE_REGION,INDIAN_MARINE,,,
GRID_0300,12.0,90.5,7.49,2.191,6.01,206.14,302.25,61.410945069038355,SARAL_AltiKa,0.13450001,0.05,0.14349304,298.3111534136304,25.0,D,990.0,3.0995834159888913,BOB,0.2475019097328186,8.300000190734863,0.2370080461789436,LOW,SAFETY_AGENT,BROADER_INDIAN_MARINE_REGION,INDIAN_MARINE,,,
GRID_0301,15.5,82.75,7.53,1.94,8.75,175.0,28.9,164.97446133784877,NO_NEARBY_SARAL,0.347,-0.0225,0.3477287,26.78770287164965,40.0,CS,,8.0,BOB,0.1631074696779251,5.599999904632568,0.2806943277650162,LOW,SAFETY_AGENT,BROADER_INDIAN_MARINE_REGION,INDIAN_MARINE,,,
GRID_0302,12.75,71.0,7.64,2.4,9.85,230.0,28.8,301.38117730049686,NO_NEARBY_SARAL,-0.0335,-0.060500003,0.069155626,83.396194983419,25.0,D,,3.0,ARB,0.1205339357256889,4.699999809265137,0.2102980388489211,LOW,SAFETY_AGENT,BROADER_INDIAN_MARINE_REGION,INDIAN_MARINE,,,
GRID_0303,11.75,78.25,2.5,,,,,43.74733691793198,SARAL_AltiKa,,,,242.22776324209784,25.0,,,3.0,BOB,,,0.1683885719210315,LOW,SAFETY_AGENT,BROADER_INDIAN_MARINE_REGION,INDIAN_MARINE,,,
GRID_0304,19.75,73.5,4.02,,,,,130.35965908903256,NO_NEARBY_SARAL,,,,310.1514668683808,50.0,SCS,990.0,12.0,ARB,,,0.1896781274998133,LOW,SAFETY_AGENT,BROADER_INDIAN_MARINE_REGION,INDIAN_MARINE,,,
GRID_0305,16.25,73.75,2.71,2.014,7.4,240.37,302.59000000000003,73.19545024992907,SARAL_AltiKa,,,,425.2372853205395,25.0,D,,3.0,ARB,,,0.1305690486308324,LOW,SAFETY_AGENT,BROADER_INDIAN_MARINE_REGION,INDIAN_MARINE,,,
GRID_0306,7.5,93.0,7.07,2.56,11.3,218.0,29.0,204.77673440827877,NO_NEARBY_SARAL,0.041,-0.124000005,0.13060245,554.3201812054326,,,,,,0.2459274381399154,4.800000190734863,0.1916836608847053,LOW,SAFETY_AGENT,BROADER_INDIAN_MARINE_REGION,INDIAN_MARINE,,,
GRID_0307,6.25,79.75,7.13,2.32,10.75,198.0,28.4,249.88212707482683,NO_NEARBY_SARAL,-0.043000005,0.33850002,0.34122026,362.430807457995,25.0,,,3.0,BOB,,,0.1541873432562624,LOW,SAFETY_AGENT,BROADER_INDIAN_MARINE_REGION,INDIAN_MARINE,,,
GRID_0308,6.5,70.5,1.12,1.92,10.95,198.0,30.3,484.1795423944056,NO_NEARBY_SARAL,-0.053000003,0.087000005,0.101872474,475.3521867619541,25.0,D,,3.0,ARB,0.1384669244289398,3.4000000953674316,0.0953777587301698,LOW,SAFETY_AGENT,BROADER_INDIAN_MARINE_REGION,INDIAN_MARINE,,,
GRID_0309,18.5,77.5,4.48,,,,,279.52889489864145,NO_NEARBY_SARAL,,,,101.13411891991824,20.0,D,998.0,3.0,BOB,,,0.2023833318843521,LOW,SAFETY_AGENT,BROADER_INDIAN_MARINE_REGION,INDIAN_MARINE,,,
GRID_0310,11.75,72.0,7.1,2.12,10.15,228.0,29.0,220.5457401481765,NO_NEARBY_SARAL,0.165,0.0675,0.17827298,222.79648961455837,25.0,D,,3.0,ARB,0.1491445153951645,4.599999904632568,0.1794112123564367,LOW,SAFETY_AGENT,BROADER_INDIAN_MARINE_REGION,INDIAN_MARINE,,,
GRID_0311,11.0,76.75,4.05,,,,,185.3219036141212,NO_NEARBY_SARAL,,,,285.4233452062849,25.0,,,3.0,BOB,,,0.1554298973317754,LOW,SAFETY_AGENT,BROADER_INDIAN_MARINE_REGION,INDIAN_MARINE,,,
GRID_0312,15.75,68.5,8.73,2.78,9.2,233.0,28.2,478.2099563469593,NO_NEARBY_SARAL,-0.0995,0.2055,0.22832105,135.51854584153787,65.0,VSCS,980.0,22.0,ARB,0.0676249042153358,3.5999999046325684,0.27656227012706,LOW,SAFETY_AGENT,BROADER_INDIAN_MARINE_REGION,INDIAN_MARINE,,,
GRID_0313,9.0,75.0,4.19,1.94,7.6,225.46,302.33,32.6090247825288,SARAL_AltiKa,-0.12900001,-0.0485,0.13781601,445.714229988236,25.0,,,3.0,BOB,0.2501027882099151,3.700000047683716,0.1192092556645624,LOW,SAFETY_AGENT,BROADER_INDIAN_MARINE_REGION,INDIAN_MARINE,,,
GRID_0314,19.75,68.5,7.38,2.44,9.1,228.0,28.1,379.17393438843993,NO_NEARBY_SARAL,0.09150001,-0.0335,0.09743973,98.38705802507845,25.0,D,,3.0,ARB,0.0557837001979351,3.5999999046325684,0.2079173147952876,LOW,SAFETY_AGENT,BROADER_INDIAN_MARINE_REGION,INDIAN_MARINE,,,
GRID_0315,12.25,78.0,4.21,,,,,82.04652235801511,SARAL_AltiKa,,,,303.830391374939,25.0,,,3.0,BOB,,,0.1499077834811792,LOW,SAFETY_AGENT,BROADER_INDIAN_MARINE_REGION,INDIAN_MARINE,,,
GRID_0316,10.25,79.5,7.64,0.48,3.45,177.0,31.4,125.54711161408292,NO_NEARBY_SARAL,,,,82.08842687585663,25.0,,,3.0,BOB,,,0.2164303728309039,LOW,SAFETY_AGENT,BROADER_INDIAN_MARINE_REGION,INDIAN_MARINE,,,
GRID_0317,12.5,84.75,6.93,2.0,9.65,187.0,29.3,214.83688534557731,NO_NEARBY_SARAL,-0.089,0.039,0.09716995,295.16338102454824,25.0,D,,3.0,BOB,0.1430527716875076,4.099999904632568,0.1493256125741705,LOW,SAFETY_AGENT,BROADER_INDIAN_MARINE_REGION,INDIAN_MARINE,,,
GRID_0318,12.0,83.5,7.26,1.86,9.65,182.0,29.8,162.07439072429855,NO_NEARBY_SARAL,0.178,-0.125,0.21750632,155.68179481457904,30.0,DD,992.0,4.0,BOB,0.1505818367004394,4.300000190734863,0.2116558815760781,LOW,SAFETY_AGENT,BROADER_INDIAN_MARINE_REGION,INDIAN_MARINE,,,
GRID_0319,7.75,78.25,6.68,1.731,5.55,222.92,301.89,52.29153799917481,SARAL_AltiKa,-0.11650001,-0.0455,0.12506999,231.96870445240907,25.0,,,3.0,BOB,0.0857631340622901,4.900000095367432,0.1984307955471167,LOW,SAFETY_AGENT,BROADER_INDIAN_MARINE_REGION,INDIAN_MARINE,,,
GRID_0320,13.0,73.5,4.6000000000000005,1.831,6.83,241.38,302.51,31.12329571776437,SARAL_AltiKa,-0.0255,0.034500003,0.04290105,276.2377560534388,25.0,D,,3.0,ARB,0.194387674331665,4.199999809265137,0.1515880806077634,LOW,SAFETY_AGENT,BROADER_INDIAN_MARINE_REGION,INDIAN_MARINE,,,
GRID_0321,12.75,74.0,4.14,1.766,6.95,239.8,302.52,15.826954310092532,SARAL_AltiKa,-0.007999999,0.064,0.06449807,335.3994560751584,25.0,D,,3.0,ARB,0.2330597788095474,5.900000095367432,0.1315292863388267,LOW,SAFETY_AGENT,BROADER_INDIAN_MARINE_REGION,INDIAN_MARINE,,,
GRID_0322,7.5,76.75,6.86,1.96,10.95,189.0,27.5,103.06960122444248,NO_NEARBY_SARAL,-0.020000001,0.17500001,0.17613916,347.89326741842257,25.0,,,3.0,BOB,0.1568789184093475,3.4000000953674316,0.1410881331181803,LOW,SAFETY_AGENT,BROADER_INDIAN_MARINE_REGION,INDIAN_MARINE,,,
GRID_0323,9.75,94.0,7.71,1.94,8.6,238.0,28.9,150.4079942423942,NO_NEARBY_SARAL,0.022500008,-0.2045,0.20573406,593.9601490686465,,,,,,0.2464067786931991,4.5,0.1990480201407211,LOW,SAFETY_AGENT,BROADER_INDIAN_MARINE_REGION,INDIAN_MARINE,,,
GRID_0324,5.0,74.25,2.95,1.76,11.1,161.0,30.0,144.1962854823668,NO_NEARBY_SARAL,-0.236,0.33350003,0.4085563,739.8429606895728,,,,,,0.1530458182096481,4.5,0.2190968417395122,LOW,SAFETY_AGENT,BROADER_INDIAN_MARINE_REGION,INDIAN_MARINE,,,
GRID_0325,15.75,81.0,7.17,1.597,5.93,163.36,302.67,11.7703107199512,SARAL_AltiKa,,,,135.8302016718701,35.0,CS,,6.0,BOB,,,0.2427078403920999,LOW,SAFETY_AGENT,BROADER_INDIAN_MARINE_REGION,INDIAN_MARINE,,,
GRID_0326,14.25,71.25,7.0,2.5,9.8,234.0,28.5,237.1964157185281,NO_NEARBY_SARAL,-0.0985,-0.09200001,0.13478224,87.65411244114547,25.0,D,,3.0,ARB,0.1141683459281921,2.4000000953674316,0.2144174111801605,LOW,SAFETY_AGENT,BROADER_INDIAN_MARINE_REGION,INDIAN_MARINE,,,
GRID_0327,12.0,77.75,3.69,,,,,102.6830556401998,NO_NEARBY_SARAL,,,,289.8949623787477,25.0,,,3.0,BOB,,,0.1540884121800366,LOW,SAFETY_AGENT,BROADER_INDIAN_MARINE_REGION,INDIAN_MARINE,,,
GRID_0328,10.5,93.5,7.47,2.0,9.6,224.0,28.6,221.27965230635172,NO_NEARBY_SARAL,-0.064,-0.054000005,0.083737694,494.92136533006413,25.0,D,990.0,3.0995834159888913,BOB,0.2622862458229065,5.0,0.088803075415538,LOW,SAFETY_AGENT,BROADER_INDIAN_MARINE_REGION,INDIAN_MARINE,,,
GRID_0329,16.75,72.5,4.76,1.806,7.4,234.01,302.46,44.70176702387117,SARAL_AltiKa,-0.016,0.028,0.03224903,328.7093420087525,80.0,VSCS,970.0,30.0,ARB,0.1768652200698852,6.0,0.2252209301142156,LOW,SAFETY_AGENT,BROADER_INDIAN_MARINE_REGION,INDIAN_MARINE,,,
GRID_0330,13.0,91.75,7.87,2.5,10.2,218.0,29.1,217.15104263401332,NO_NEARBY_SARAL,0.046499997,0.0045000017,0.04671723,168.963795980759,25.0,D,990.0,3.0995834159888913,BOB,0.229569137096405,4.599999904632568,0.1826065070008296,LOW,SAFETY_AGENT,BROADER_INDIAN_MARINE_REGION,INDIAN_MARINE,,,
GRID_0331,10.25,79.0,0.64,,,,,72.19570867910336,SARAL_AltiKa,,,,61.15720965450739,25.0,,,3.0,BOB,,,0.2227097379973087,LOW,SAFETY_AGENT,BROADER_INDIAN_MARINE_REGION,INDIAN_MARINE,,,
GRID_0332,14.75,73.75,4.74,1.901,7.53,241.92,302.51,37.36789941880749,SARAL_AltiKa,0.049000002,-0.093,0.10511898,327.4912607626077,25.0,D,,3.0,ARB,,,0.1487257459315452,LOW,SAFETY_AGENT,BROADER_INDIAN_MARINE_REGION,INDIAN_MARINE,,,
GRID_0333,11.75,70.75,6.7,2.32,10.15,223.0,29.0,353.1308722631842,NO_NEARBY_SARAL,0.13400002,-0.0195,0.13541143,196.47262188772768,25.0,D,,3.0,ARB,0.1408624500036239,5.5,0.1834515125586907,LOW,SAFETY_AGENT,BROADER_INDIAN_MARINE_REGION,INDIAN_MARINE,,,
GRID_0334,15.75,93.5,7.68,2.1,9.35,227.0,28.8,341.4204121285835,NO_NEARBY_SARAL,-0.0185,-0.120500006,0.12191186,194.5911216279777,115.0,VSCS,,65.58718508232494,BOB,0.2436690181493759,4.5,0.2740896887236468,LOW,SAFETY_AGENT,BROADER_INDIAN_MARINE_REGION,INDIAN_MARINE,,,
GRID_0335,15.0,76.5,4.57,,,,,303.90052645000344,NO_NEARBY_SARAL,,,,241.428529022636,25.0,D,997.0,3.0,BOB,,,0.1686283421868701,LOW,SAFETY_AGENT,BROADER_INDIAN_MARINE_REGION,INDIAN_MARINE,,,
GRID_0336,17.25,74.5,5.91,,,,,174.52510293576577,NO_NEARBY_SARAL,,,,411.2403778192075,20.0,D,998.0,3.0,BOB,,,0.1093514542145653,LOW,SAFETY_AGENT,BROADER_INDIAN_MARINE_REGION,INDIAN_MARINE,,,
GRID_0337,11.5,91.5,8.76,2.6,10.25,217.0,29.1,155.69270480466471,NO_NEARBY_SARAL,0.009999998,-0.038500004,0.03977751,333.5847799336763,25.0,D,990.0,3.0995834159888913,BOB,0.2592747211456299,6.599999904632568,0.1336005037750774,LOW,SAFETY_AGENT,BROADER_INDIAN_MARINE_REGION,INDIAN_MARINE,,,
GRID_0338,10.25,84.75,9.39,2.38,9.6,191.0,29.1,162.35379936184637,NO_NEARBY_SARAL,-0.20500001,-0.072000004,0.21727633,125.24172819907832,25.0,D,990.0,3.0,BOB,0.1315537542104721,4.800000190734863,0.2126339990211701,LOW,SAFETY_AGENT,BROADER_INDIAN_MARINE_REGION,INDIAN_MARINE,,,
GRID_0339,20.5,77.25,4.84,,,,,277.8746870925363,NO_NEARBY_SARAL,,,,263.5577166312665,20.0,D,998.0,3.0,BOB,,,0.1536562525709476,LOW,SAFETY_AGENT,BROADER_INDIAN_MARINE_REGION,INDIAN_MARINE,,,
GRID_0340,9.0,71.25,4.46,2.06,10.85,206.0,29.4,368.98656497163785,NO_NEARBY_SARAL,-0.13400002,0.1945,0.23619114,451.3497957345141,25.0,D,,3.0,ARB,0.1666667312383651,3.700000047683716,0.1162308421315835,LOW,SAFETY_AGENT,BROADER_INDIAN_MARINE_REGION,INDIAN_MARINE,,,
GRID_0341,10.5,69.75,5.49,2.14,10.4,214.0,29.2,491.2754015346414,NO_NEARBY_SARAL,0.07350001,0.1035,0.1269429,221.0209593860315,25.0,D,,3.0,ARB,0.131416916847229,6.300000190734863,0.175616544571676,LOW,SAFETY_AGENT,BROADER_INDIAN_MARINE_REGION,INDIAN_MARINE,,,
GRID_0342,16.25,77.5,4.0,,,,,228.12263130214575,NO_NEARBY_SARAL,,,,110.37799398665072,25.0,D,997.0,3.0,BOB,,,0.2079435026976657,LOW,SAFETY_AGENT,BROADER_INDIAN_MARINE_REGION,INDIAN_MARINE,,,
GRID_0343,6.75,82.25,8.88,2.563,6.140000000000001,199.33,302.24,96.59008195868044,SARAL_AltiKa,-0.0325,-0.12600002,0.130124,210.32708191568616,25.0,,,3.0,BOB,0.1306639313697815,10.300000190734863,0.3215742686824194,MEDIUM,SAFETY_AGENT,BROADER_INDIAN_MARINE_REGION,INDIAN_MARINE,,,
GRID_0344,7.75,94.0,6.86,1.5,8.4,239.0,29.0,103.24062624394244,NO_NEARBY_SARAL,-0.0014999993,-0.081,0.08101389,666.8754038797266,,,,,,0.241752490401268,4.099999904632568,0.1863643673723075,LOW,SAFETY_AGENT,BROADER_INDIAN_MARINE_REGION,INDIAN_MARINE,,,
GRID_0345,16.25,79.25,4.46,,,,,46.15228737559398,SARAL_AltiKa,,,,84.80093910217292,25.0,D,997.0,3.0,BOB,,,0.215616619163009,LOW,SAFETY_AGENT,BROADER_INDIAN_MARINE_REGION,INDIAN_MARINE,,,
GRID_0346,20.5,72.75,4.25,1.657,6.46,234.34,,71.93260173957377,SARAL_AltiKa,,,,223.8886236597757,50.0,SCS,990.0,12.0,ARB,,,0.2028903137957282,LOW,SAFETY_AGENT,BROADER_INDIAN_MARINE_REGION,INDIAN_MARINE,,,
GRID_0347,14.75,90.5,8.71,2.32,9.9,206.0,28.8,126.486644953089,NO_NEARBY_SARAL,-0.015500002,0.000500001,0.015508064,99.17411124465085,35.0,CS,986.0,6.075183495338227,BOB,0.2823409140110016,4.900000095367432,0.2173710920259826,LOW,SAFETY_AGENT,BROADER_INDIAN_MARINE_REGION,INDIAN_MARINE,,,
GRID_0348,11.75,91.5,8.64,2.6,10.25,218.0,29.1,161.54983233562254,NO_NEARBY_SARAL,0.022,-0.0145000005,0.026348624,305.7860482725366,25.0,D,990.0,3.0995834159888913,BOB,0.288980484008789,6.900000095367432,0.1408214991759447,LOW,SAFETY_AGENT,BROADER_INDIAN_MARINE_REGION,INDIAN_MARINE,,,
GRID_0349,15.25,80.5,8.16,1.842,5.91,164.98,302.69,76.08802959461956,SARAL_AltiKa,0.197,0.15,0.24760655,99.20810569368744,50.0,SCS,986.0,14.0,BOB,0.0932725593447685,5.5,0.3313480713569223,MEDIUM,SAFETY_AGENT,BROADER_INDIAN_MARINE_REGION,INDIAN_MARINE,,,
GRID_0350,14.5,72.75,4.74,1.901,7.53,241.92,302.51,73.59147593957722,SARAL_AltiKa,-0.043,0.13450001,0.14120641,219.11787791359697,25.0,D,,3.0,ARB,0.1670774519443512,5.5,0.1849696379224484,LOW,SAFETY_AGENT,BROADER_INDIAN_MARINE_REGION,INDIAN_MARINE,,,
GRID_0351,21.5,74.25,5.81,,,,,246.9536319798597,NO_NEARBY_SARAL,,,,170.2109214583075,50.0,SCS,990.0,12.0,ARB,,,0.2316602911228353,LOW,SAFETY_AGENT,BROADER_INDIAN_MARINE_REGION,INDIAN_MARINE,,,
GRID_0352,13.5,80.5,3.54,0.78,8.45,147.0,29.5,119.06110545396476,NO_NEARBY_SARAL,,,,55.597463322279445,55.0,SCS,982.0,18.0,BOB,,,0.2743776618969771,LOW,SAFETY_AGENT,BROADER_INDIAN_MARINE_REGION,INDIAN_MARINE,,,
GRID_0353,11.75,80.5,3.33,1.12,8.8,150.0,30.1,162.12704643975914,NO_NEARBY_SARAL,0.041,0.22150001,0.22526264,137.01653507412067,50.0,SCS,986.0,14.0,BOB,0.1457221508026123,5.900000095367432,0.2521522755691207,LOW,SAFETY_AGENT,BROADER_INDIAN_MARINE_REGION,INDIAN_MARINE,,,
GRID_0354,12.5,82.75,6.97,1.638,5.13,185.08,302.68,94.41095491466132,SARAL_AltiKa,0.074,-0.072000004,0.103247285,98.65518012268193,35.0,CS,994.0,6.0,BOB,0.1175222024321556,4.5,0.2508386466359424,LOW,SAFETY_AGENT,BROADER_INDIAN_MARINE_REGION,INDIAN_MARINE,,,
GRID_0355,7.5,75.0,4.84,2.019,6.62,210.15,302.25,3.609926478503592,SARAL_AltiKa,0.065000005,0.07,0.09552487,503.21117311280017,,,,,,0.17221100628376,4.400000095367432,0.2052916117573812,LOW,SAFETY_AGENT,BROADER_INDIAN_MARINE_REGION,INDIAN_MARINE,,,
GRID_0356,10.5,93.25,8.01,2.12,9.9,222.0,28.7,247.92113907588887,NO_NEARBY_SARAL,-0.0235,-0.015500002,0.028151376,483.63609976596575,25.0,D,990.0,3.0995834159888913,BOB,0.2540043592453003,4.800000190734863,0.0865093186636909,LOW,SAFETY_AGENT,BROADER_INDIAN_MARINE_REGION,INDIAN_MARINE,,,
GRID_0357,7.25,95.25,3.89,1.428,6.07,212.6,302.45,43.0606024362649,SARAL_AltiKa,-0.21000002,-0.07350001,0.22249104,800.4119451729524,,,,,,0.2084191590547561,8.100000381469727,0.1706787492823598,LOW,SAFETY_AGENT,BROADER_INDIAN_MARINE_REGION,INDIAN_MARINE,107211.0,0.161,2024-06-16 11:38:26.432546176
GRID_0358,20.0,69.0,6.68,2.36,9.25,228.0,28.2,321.59974656989766,NO_NEARBY_SARAL,-0.024500001,0.0385,0.04563442,55.597463322279445,25.0,D,,3.0,ARB,0.0788500607013702,3.5999999046325684,0.2156313281073859,LOW,SAFETY_AGENT,BROADER_INDIAN_MARINE_REGION,INDIAN_MARINE,,,
GRID_0359,5.0,72.5,1.19,1.46,10.7,206.0,30.6,333.1745529085689,NO_NEARBY_SARAL,-0.1665,0.11450001,0.20207055,752.4185961512721,,,,,,0.1845313608646392,3.799999952316284,0.1981769805723078,LOW,SAFETY_AGENT,BROADER_INDIAN_MARINE_REGION,INDIAN_MARINE,,,
GRID_0360,13.0,69.25,7.81,2.48,9.65,229.0,28.5,479.7872274280234,NO_NEARBY_SARAL,-0.067,0.060000002,0.08993887,137.62272848074684,30.0,DD,,5.0,ARB,0.0644078999757766,4.099999904632568,0.204001421491365,LOW,SAFETY_AGENT,BROADER_INDIAN_MARINE_REGION,INDIAN_MARINE,,,
GRID_0361,13.75,78.25,5.59,,,,,91.20275742750547,SARAL_AltiKa,,,,160.76432647997373,30.0,DD,996.0,4.0,BOB,,,0.2011609362830021,LOW,SAFETY_AGENT,BROADER_INDIAN_MARINE_REGION,INDIAN_MARINE,,,
GRID_0362,17.25,94.25,5.66,1.98,9.5,230.0,29.1,249.46412116862172,NO_NEARBY_SARAL,-0.071,0.021,0.07404053,27.12073087888576,115.0,VSCS,,65.58718508232494,BOB,,,0.3197290598966619,MEDIUM,SAFETY_AGENT,BROADER_INDIAN_MARINE_REGION,INDIAN_MARINE,,,
GRID_0363,18.5,84.75,9.53,1.84,9.4,180.0,29.6,351.3320138037775,NO_NEARBY_SARAL,0.42150003,0.1225,0.43894023,96.57812775904192,25.0,D,,4.0,BOB,0.1523875594139099,6.5,0.2443015535708222,LOW,SAFETY_AGENT,BROADER_INDIAN_MARINE_REGION,INDIAN_MARINE,,,
GRID_0364,20.0,83.0,4.62,,,,,246.34573103244617,NO_NEARBY_SARAL,,,,216.56412799677344,20.0,D,,3.0,BOB,,,0.1677543291612955,LOW,SAFETY_AGENT,BROADER_INDIAN_MARINE_REGION,INDIAN_MARINE,,,
GRID_0365,13.25,78.75,6.15,,,,,26.78378946599205,SARAL_AltiKa,,,,193.71784273602705,50.0,SCS,986.0,14.0,BOB,,,0.2246082147395194,LOW,SAFETY_AGENT,BROADER_INDIAN_MARINE_REGION,INDIAN_MARINE,,,
GRID_0366,6.25,72.5,1.77,1.56,10.6,215.0,30.1,302.65391181095185,NO_NEARBY_SARAL,-0.1685,0.125,0.20980288,678.867504367019,,,,,,,,0.199633444687649,LOW,SAFETY_AGENT,BROADER_INDIAN_MARINE_REGION,INDIAN_MARINE,,,
GRID_0367,11.75,88.25,9.57,2.44,9.75,205.0,28.7,173.9961345649099,NO_NEARBY_SARAL,0.001000002,0.047500007,0.047510535,457.8454351323504,30.0,DD,,5.0,BOB,0.2024642676115036,6.599999904632568,0.1052869169149732,LOW,SAFETY_AGENT,BROADER_INDIAN_MARINE_REGION,INDIAN_MARINE,,,
GRID_0368,17.5,92.5,6.97,2.24,9.7,216.0,28.8,397.4203687054783,NO_NEARBY_SARAL,0.17,-0.012,0.170423,53.02422797501986,115.0,VSCS,,65.58718508232494,BOB,0.2429844439029693,5.5,0.3219091593839181,MEDIUM,SAFETY_AGENT,BROADER_INDIAN_MARINE_REGION,INDIAN_MARINE,,,
GRID_0369,6.75,91.5,7.09,1.913,6.9,205.29,302.22,43.41284684281987,SARAL_AltiKa,-0.39000002,0.17250001,0.4264461,387.38142681770216,25.0,D,,3.0,BOB,0.2520878911018371,5.900000095367432,0.2062270683967943,LOW,SAFETY_AGENT,BROADER_INDIAN_MARINE_REGION,INDIAN_MARINE,,,
GRID_0370,18.5,78.0,4.63,,,,,228.17410600757668,NO_NEARBY_SARAL,,,,63.99003390123804,20.0,D,998.0,3.0,BOB,,,0.2135265573899561,LOW,SAFETY_AGENT,BROADER_INDIAN_MARINE_REGION,INDIAN_MARINE,,,
GRID_0371,18.75,84.75,10.79,1.56,9.3,176.0,29.5,356.88731193638955,NO_NEARBY_SARAL,0.425,0.068,0.43040562,83.66482520478596,25.0,D,,4.0,BOB,,,0.2467356739322251,LOW,SAFETY_AGENT,BROADER_INDIAN_MARINE_REGION,INDIAN_MARINE,,,
GRID_0372,14.0,77.5,5.89,,,,,176.00569047941144,NO_NEARBY_SARAL,,,,196.05892935606585,30.0,DD,996.0,4.0,BOB,,,0.1905725554201744,LOW,SAFETY_AGENT,BROADER_INDIAN_MARINE_REGION,INDIAN_MARINE,,,
GRID_0373,13.25,91.75,8.07,2.46,10.2,218.0,29.0,222.94675299958553,NO_NEARBY_SARAL,0.063999996,0.020999998,0.06735725,141.58931197730317,25.0,D,990.0,3.0995834159888913,BOB,0.2255306243896484,5.300000190734863,0.1932227580631506,LOW,SAFETY_AGENT,BROADER_INDIAN_MARINE_REGION,INDIAN_MARINE,,,
GRID_0374,19.75,70.25,6.95,2.2,8.9,233.0,28.3,200.8645561311238,NO_NEARBY_SARAL,0.024,-0.006,0.024738634,87.38534021157518,90.0,ESCS,962.0,40.0,ARB,0.1085558161139488,6.800000190734863,0.2973463176388464,LOW,SAFETY_AGENT,BROADER_INDIAN_MARINE_REGION,INDIAN_MARINE,,,
GRID_0375,5.0,78.75,6.51,2.2,10.8,188.0,29.1,172.32135537603818,NO_NEARBY_SARAL,0.23250002,0.054000005,0.23868862,507.16642346200615,,,,,,0.2035594880580902,5.199999809265137,0.2025863578187658,LOW,SAFETY_AGENT,BROADER_INDIAN_MARINE_REGION,INDIAN_MARINE,,,
GRID_0376,17.0,76.25,6.6,,,,,350.00056399882277,NO_NEARBY_SARAL,,,,239.2552193482191,20.0,D,998.0,3.0,BOB,,,0.1609470017558618,LOW,SAFETY_AGENT,BROADER_INDIAN_MARINE_REGION,INDIAN_MARINE,,,
GRID_0377,5.25,71.25,0.85,1.82,10.9,196.0,30.4,462.0038022273949,NO_NEARBY_SARAL,-0.14150001,0.0125,0.14205106,627.4423752897981,,,,,,0.149007648229599,4.300000190734863,0.1923362224099295,LOW,SAFETY_AGENT,BROADER_INDIAN_MARINE_REGION,INDIAN_MARINE,,,
GRID_0378,9.75,96.25,4.99,1.368,5.25,232.61,302.52,89.96840042242809,SARAL_AltiKa,-0.179,-0.059000004,0.18847282,738.5465667251285,,,,,,0.1984942257404327,5.300000190734863,0.1608521148537066,LOW,SAFETY_AGENT,BROADER_INDIAN_MARINE_REGION,INDIAN_MARINE,,,
GRID_0379,11.25,95.5,4.91,1.439,5.36,231.39,302.48,26.08629943829159,SARAL_AltiKa,-0.18,-0.120500006,0.21661083,564.3957231008611,,,,,,0.2344969660043716,5.199999809265137,0.1696225891802982,LOW,SAFETY_AGENT,BROADER_INDIAN_MARINE_REGION,INDIAN_MARINE,197238.0,0.157,2024-06-16 11:37:21.351826176
GRID_0380,20.5,70.0,6.1,2.14,9.15,229.0,28.1,206.95755277752187,NO_NEARBY_SARAL,0.0935,-0.0030000005,0.09354812,52.07657742020061,90.0,ESCS,962.0,40.0,ARB,0.0999315455555915,5.400000095367432,0.3140983343521791,MEDIUM,SAFETY_AGENT,BROADER_INDIAN_MARINE_REGION,INDIAN_MARINE,,,
GRID_0381,7.25,78.75,7.83,2.18,10.15,202.0,27.6,118.00012490654758,NO_NEARBY_SARAL,-0.112500004,0.094500005,0.14692345,263.44026945536024,25.0,,,3.0,BOB,0.1162217855453491,5.400000095367432,0.164400818674939,LOW,SAFETY_AGENT,BROADER_INDIAN_MARINE_REGION,INDIAN_MARINE,,,
GRID_0382,10.75,69.0,5.92,2.28,10.4,212.0,29.2,420.0024351607799,NO_NEARBY_SARAL,0.0515,-0.061000004,0.07983264,137.32703991829553,25.0,D,,3.0,ARB,0.1039699241518974,6.300000190734863,0.1959450769302585,LOW,SAFETY_AGENT,BROADER_INDIAN_MARINE_REGION,INDIAN_MARINE,,,
GRID_0383,16.25,77.0,4.61,,,,,280.13455646976763,NO_NEARBY_SARAL,,,,162.62350323499413,25.0,D,997.0,3.0,BOB,,,0.1922698499231627,LOW,SAFETY_AGENT,BROADER_INDIAN_MARINE_REGION,INDIAN_MARINE,,,
GRID_0384,9.75,96.0,5.29,1.364,5.2700000000000005,232.08,302.52,63.27958454394557,SARAL_AltiKa,-0.18850002,-0.009500001,0.18873926,719.8188463197442,,,,,,0.1989049017429351,5.300000190734863,0.1663464522103795,LOW,SAFETY_AGENT,BROADER_INDIAN_MARINE_REGION,INDIAN_MARINE,,,
GRID_0385,6.5,82.0,10.53,2.3,9.2,190.0,27.4,129.53765379448438,NO_NEARBY_SARAL,-0.0295,-0.10250001,0.10666068,247.1551061217471,25.0,,,3.0,BOB,0.3056122660636902,10.399999618530272,0.1682335666379002,LOW,SAFETY_AGENT,BROADER_INDIAN_MARINE_REGION,INDIAN_MARINE,,,
GRID_0386,20.5,77.0,5.06,,,,,303.22175012970104,NO_NEARBY_SARAL,,,,284.2967845781474,20.0,D,998.0,3.0,BOB,,,0.1474345321868833,LOW,SAFETY_AGENT,BROADER_INDIAN_MARINE_REGION,INDIAN_MARINE,,,
GRID_0387,16.25,85.25,7.79,1.96,8.65,198.0,29.2,248.83757999799784,NO_NEARBY_SARAL,0.03549999,0.1365,0.14104077,38.54775020446417,35.0,CS,,7.0,BOB,0.1410677880048751,4.199999809265137,0.2474090879799721,LOW,SAFETY_AGENT,BROADER_INDIAN_MARINE_REGION,INDIAN_MARINE,,,
GRID_0388,12.5,95.5,4.53,1.371,5.36,228.31,302.39,55.93816909633762,SARAL_AltiKa,0.090500005,-0.21900001,0.23696256,486.2908368438668,25.0,D,990.0,3.0995834159888913,BOB,0.2624231874942779,5.0,0.0702150629155756,LOW,SAFETY_AGENT,BROADER_INDIAN_MARINE_REGION,INDIAN_MARINE,,,
GRID_0389,10.5,77.0,5.26,,,,,146.9900588448546,NO_NEARBY_SARAL,,,,236.3227048260984,25.0,,,3.0,BOB,,,0.1701600894458314,LOW,SAFETY_AGENT,BROADER_INDIAN_MARINE_REGION,INDIAN_MARINE,,,
GRID_0390,11.0,85.0,8.61,2.3,9.75,189.0,29.2,153.30108102681714,NO_NEARBY_SARAL,-0.10400001,-0.065000005,0.122641765,208.87401402224648,25.0,D,990.0,3.0,BOB,0.13853520154953,7.800000190734863,0.1795983103925673,LOW,SAFETY_AGENT,BROADER_INDIAN_MARINE_REGION,INDIAN_MARINE,,,
GRID_0391,12.0,91.5,8.38,2.58,10.3,217.0,29.1,167.4034283070481,NO_NEARBY_SARAL,0.009500004,0.0085,0.012747552,277.98731661139686,25.0,D,990.0,3.0995834159888913,BOB,0.2744012475013733,6.199999809265137,0.1474145632399669,LOW,SAFETY_AGENT,BROADER_INDIAN_MARINE_REGION,INDIAN_MARINE,,,
GRID_0392,11.25,88.75,9.39,2.56,10.1,208.0,28.9,142.5134483192585,NO_NEARBY_SARAL,-0.020500004,0.16200002,0.16329193,468.4358304865154,25.0,D,990.0,3.0995834159888913,BOB,0.1769337058067321,3.200000047683716,0.103590778142404,LOW,SAFETY_AGENT,BROADER_INDIAN_MARINE_REGION,INDIAN_MARINE,,,
GRID_0393,9.75,77.25,4.95,,,,,102.6489606038221,NO_NEARBY_SARAL,,,,191.8751662999129,25.0,,,3.0,BOB,,,0.183494351003687,LOW,SAFETY_AGENT,BROADER_INDIAN_MARINE_REGION,INDIAN_MARINE,,,
GRID_0394,7.5,80.5,5.34,,,,,266.6073241169313,NO_NEARBY_SARAL,,,,234.65912489581655,25.0,,,3.0,BOB,,,0.1706591634249159,LOW,SAFETY_AGENT,BROADER_INDIAN_MARINE_REGION,INDIAN_MARINE,,,
GRID_0395,9.75,96.75,8.02,1.84,8.8,246.0,28.8,143.38534900747248,NO_NEARBY_SARAL,-0.0935,-0.056500003,0.109245144,777.4980477130409,,,,,,0.2282684594392776,5.199999809265137,0.1897037826472188,LOW,SAFETY_AGENT,BROADER_INDIAN_MARINE_REGION,INDIAN_MARINE,,,
GRID_0396,10.75,69.75,5.58,2.18,10.4,216.0,29.2,484.8780458917948,NO_NEARBY_SARAL,0.0685,0.0985,0.11997708,208.35117671071177,25.0,D,,3.0,ARB,0.1262149214744568,4.699999809265137,0.1779078921951051,LOW,SAFETY_AGENT,BROADER_INDIAN_MARINE_REGION,INDIAN_MARINE,,,
GRID_0397,9.75,79.0,6.53,0.62,3.85,175.0,31.4,84.29984188866294,SARAL_AltiKa,,,,5.559746332227944,25.0,,,3.0,BOB,,,0.2393889769939925,LOW,SAFETY_AGENT,BROADER_INDIAN_MARINE_REGION,INDIAN_MARINE,,,
GRID_0398,16.25,89.5,8.18,2.194,5.88,204.76,302.5,57.6798048420451,SARAL_AltiKa,0.18450001,0.2265,0.2921344,98.95920524450656,40.0,CS,984.0,7.934933544931562,BOB,0.2309376746416092,5.099999904632568,0.3490863558989016,MEDIUM,SAFETY_AGENT,BROADER_INDIAN_MARINE_REGION,INDIAN_MARINE,,,
GRID_0399,13.0,95.0,6.63,1.66,8.45,224.0,28.8,120.6266126129101,NO_NEARBY_SARAL,0.307,-0.0915,0.32034552,413.17496328892094,25.0,D,990.0,3.0995834159888913,BOB,0.2785765826702118,9.300000190734863,0.1391785045653666,LOW,SAFETY_AGENT,BROADER_INDIAN_MARINE_REGION,INDIAN_MARINE,,,
GRID_0400,10.75,88.5,9.74,2.66,9.95,209.0,28.8,181.37439645913184,NO_NEARBY_SARAL,-0.044500005,0.2,0.20489083,420.58231144522375,25.0,D,,3.0,BOB,0.1999317407608032,6.800000190734863,0.1239642190137023,LOW,SAFETY_AGENT,BROADER_INDIAN_MARINE_REGION,INDIAN_MARINE,,,
GRID_0401,12.0,80.75,3.43,1.22,8.8,157.0,30.1,129.47569623954342,NO_NEARBY_SARAL,0.07800001,0.259,0.27049032,98.65518012268193,50.0,SCS,986.0,14.0,BOB,0.1617385447025299,5.300000190734863,0.2679234910869859,LOW,SAFETY_AGENT,BROADER_INDIAN_MARINE_REGION,INDIAN_MARINE,,,
GRID_0402,14.0,90.75,9.01,2.32,10.05,210.0,29.1,135.12911164833633,NO_NEARBY_SARAL,-0.0845,-0.076000005,0.11364968,98.10473566401322,25.0,D,990.0,3.0995834159888913,BOB,0.2389461249113083,9.899999618530272,0.2132309124223394,LOW,SAFETY_AGENT,BROADER_INDIAN_MARINE_REGION,INDIAN_MARINE,,,
GRID_0403,9.5,72.5,5.13,2.06,10.9,211.0,29.5,222.88019402611187,NO_NEARBY_SARAL,-0.08,0.213,0.22752802,473.8466666446294,25.0,D,,3.0,ARB,0.1545517593622207,10.300000190734863,0.1118851815003841,LOW,SAFETY_AGENT,BROADER_INDIAN_MARINE_REGION,INDIAN_MARINE,,,
GRID_0404,9.75,72.75,5.18,2.06,10.85,209.0,29.4,190.0241698322396,NO_NEARBY_SARAL,-0.036,0.1305,0.13537449,458.4611137360048,25.0,D,,3.0,ARB,0.177344337105751,7.300000190734863,0.1058424758173303,LOW,SAFETY_AGENT,BROADER_INDIAN_MARINE_REGION,INDIAN_MARINE,,,
GRID_0405,14.5,68.25,8.41,2.66,9.5,228.0,28.3,424.5794647113686,NO_NEARBY_SARAL,0.094500005,0.17400001,0.19800569,80.73979325204708,25.0,D,,3.0,ARB,0.0584530904889106,2.799999952316284,0.2228747637267663,LOW,SAFETY_AGENT,BROADER_INDIAN_MARINE_REGION,INDIAN_MARINE,,,
GRID_0406,15.5,74.25,3.0,,,,,107.48025873513778,NO_NEARBY_SARAL,,,,414.54926815813315,25.0,D,,3.0,ARB,,,0.1166921204462209,LOW,SAFETY_AGENT,BROADER_INDIAN_MARINE_REGION,INDIAN_MARINE,,,
GRID_0407,12.5,76.5,5.05,,,,,246.6723119389091,NO_NEARBY_SARAL,,,,387.5227307935972,30.0,DD,996.0,4.0,BOB,,,0.1331334149889151,LOW,SAFETY_AGENT,BROADER_INDIAN_MARINE_REGION,INDIAN_MARINE,,,
GRID_0408,13.5,93.0,6.02,1.0,6.15,256.0,29.3,343.1330034740853,NO_NEARBY_SARAL,,,,196.35415738700075,25.0,D,990.0,3.0995834159888913,BOB,,,0.1821506536775606,LOW,SAFETY_AGENT,BROADER_INDIAN_MARINE_REGION,INDIAN_MARINE,,,
GRID_0409,15.0,82.5,6.83,1.86,8.3,183.0,30.1,127.13479049934168,NO_NEARBY_SARAL,0.342,-0.133,0.36695096,53.70301428409936,35.0,CS,,6.0,BOB,0.1323066353797912,5.199999809265137,0.2659316248745189,LOW,SAFETY_AGENT,BROADER_INDIAN_MARINE_REGION,INDIAN_MARINE,,,
GRID_0410,19.5,79.25,2.41,,,,,100.0541328691024,NO_NEARBY_SARAL,,,,55.84468275950014,20.0,D,998.0,3.0,BOB,,,0.2159701627324775,LOW,SAFETY_AGENT,BROADER_INDIAN_MARINE_REGION,INDIAN_MARINE,,,
GRID_0411,9.5,80.5,4.65,0.36,3.35,229.0,29.7,217.4836487744898,NO_NEARBY_SARAL,,,,109.66991719403114,25.0,,,3.0,BOB,,,0.2081559257354516,LOW,SAFETY_AGENT,BROADER_INDIAN_MARINE_REGION,INDIAN_MARINE,,,
GRID_0412,9.75,69.75,4.35,2.08,10.5,211.0,29.5,477.47085609745847,NO_NEARBY_SARAL,-0.0615,0.030500002,0.06864765,272.8385669122133,25.0,D,,3.0,ARB,0.1326489150524139,5.800000190734863,0.1539948173093344,LOW,SAFETY_AGENT,BROADER_INDIAN_MARINE_REGION,INDIAN_MARINE,,,
GRID_0413,17.5,69.0,9.17,2.62,9.15,231.0,28.2,387.7834666709245,NO_NEARBY_SARAL,0.19600001,-0.067,0.20713523,153.45206349766423,80.0,VSCS,970.0,30.0,ARB,0.0660506263375282,6.5,0.2955096971832112,LOW,SAFETY_AGENT,BROADER_INDIAN_MARINE_REGION,INDIAN_MARINE,,,
GRID_0414,17.0,84.5,7.93,1.94,8.3,192.0,29.4,343.67283958310816,NO_NEARBY_SARAL,0.19500002,0.39800003,0.44320315,53.16810417314237,55.0,SCS,,15.001983733386234,BOB,0.1465435475111007,4.199999809265137,0.3065862425214676,MEDIUM,SAFETY_AGENT,BROADER_INDIAN_MARINE_REGION,INDIAN_MARINE,,,
GRID_0415,12.75,82.25,7.62,1.676,4.94,185.03,302.7,47.49712640420959,SARAL_AltiKa,0.048499994,-0.075,0.089315444,81.53760034439291,55.0,SCS,982.0,18.0,BOB,0.1525668054819107,6.5,0.3051683479770535,MEDIUM,SAFETY_AGENT,BROADER_INDIAN_MARINE_REGION,INDIAN_MARINE,,,
GRID_0416,6.5,81.75,7.79,2.1,9.3,188.0,28.9,156.47216146436344,NO_NEARBY_SARAL,,,,272.0794485302033,25.0,,,3.0,BOB,,,0.1594330663345999,LOW,SAFETY_AGENT,BROADER_INDIAN_MARINE_REGION,INDIAN_MARINE,,,
GRID_0417,15.0,90.25,9.14,2.38,9.9,204.0,28.8,106.21327229066536,NO_NEARBY_SARAL,0.057500005,0.0885,0.1055391,97.79962779148556,35.0,CS,986.0,6.075183495338227,BOB,0.267419695854187,4.5,0.2265492375688564,LOW,SAFETY_AGENT,BROADER_INDIAN_MARINE_REGION,INDIAN_MARINE,,,
GRID_0418,9.25,89.0,9.37,2.78,10.25,214.0,28.8,164.76688586572308,NO_NEARBY_SARAL,0.051000003,0.043500006,0.06703171,273.3313064692653,25.0,D,,3.0,BOB,0.2147845923900604,5.5,0.1537407405401955,LOW,SAFETY_AGENT,BROADER_INDIAN_MARINE_REGION,INDIAN_MARINE,,,
GRID_0419,7.25,77.75,5.98,1.923,6.18,219.73,301.91,10.436876274247329,SARAL_AltiKa,-0.141,-0.020500004,0.14248246,305.1447390210359,25.0,,,3.0,BOB,0.1205339282751083,3.799999952316284,0.1797561590905351,LOW,SAFETY_AGENT,BROADER_INDIAN_MARINE_REGION,INDIAN_MARINE,,,
GRID_0420,12.5,75.0,3.31,1.44,9.1,256.0,28.1,115.4887025433398,NO_NEARBY_SARAL,,,,447.4071644647868,25.0,D,,3.0,ARB,,,0.1068347515542248,LOW,SAFETY_AGENT,BROADER_INDIAN_MARINE_REGION,INDIAN_MARINE,,,
GRID_0421,13.5,88.75,8.82,2.312,5.99,206.11,302.31,87.46178707368388,SARAL_AltiKa,-0.012500003,-0.1375,0.138067,316.8489848474651,25.0,D,990.0,3.0995834159888913,BOB,0.2162904888391494,4.5,0.265609397434525,LOW,SAFETY_AGENT,BROADER_INDIAN_MARINE_REGION,INDIAN_MARINE,,,
GRID_0422,19.75,69.25,7.11,2.42,9.4,228.0,28.2,302.74808595825283,NO_NEARBY_SARAL,-0.058,0.045500003,0.07371736,87.38534021157558,25.0,D,,3.0,ARB,0.0830252841114997,4.099999904632568,0.2091636970991223,LOW,SAFETY_AGENT,BROADER_INDIAN_MARINE_REGION,INDIAN_MARINE,,,
GRID_0423,10.0,76.0,4.83,1.52,10.55,211.0,27.6,163.0165136315089,NO_NEARBY_SARAL,0.041500002,-0.056500003,0.070103504,330.3544429665067,25.0,,,3.0,BOB,,,0.1366985770037089,LOW,SAFETY_AGENT,BROADER_INDIAN_MARINE_REGION,INDIAN_MARINE,,,
GRID_0424,12.5,81.0,7.69,1.65,4.91,184.81,302.7,90.79665366581968,SARAL_AltiKa,0.133,0.27100003,0.3018775,54.27957337896803,50.0,SCS,986.0,14.0,BOB,0.1227926239371299,4.0,0.3241775262128191,MEDIUM,SAFETY_AGENT,BROADER_INDIAN_MARINE_REGION,INDIAN_MARINE,,,
GRID_0425,16.5,82.75,5.74,1.7,9.35,172.0,28.2,188.2331479859548,NO_NEARBY_SARAL,0.1145,-0.0024999976,0.11452729,26.65397081543464,50.0,SCS,,14.0,BOB,0.1536987423896789,4.900000095367432,0.2737074513256942,LOW,SAFETY_AGENT,BROADER_INDIAN_MARINE_REGION,INDIAN_MARINE,,,
GRID_0426,14.5,96.25,4.64,1.269,5.46,236.53,302.28000000000003,24.70045322912853,SARAL_AltiKa,0.0635,0.0815,0.10331748,363.2507077749198,115.0,VSCS,,65.58718508232494,BOB,0.2930870354175567,7.800000190734863,0.178405920018102,LOW,SAFETY_AGENT,BROADER_INDIAN_MARINE_REGION,INDIAN_MARINE,138990.0,0.118,2024-06-16 11:36:26.604208000
GRID_0427,12.75,96.75,4.82,1.272,5.23,229.55,302.36,70.3214728749508,SARAL_AltiKa,0.016000003,-0.1145,0.1156125,529.3013857887188,,,,,,0.3093774616718292,7.900000095367432,0.1471432908958513,LOW,SAFETY_AGENT,BROADER_INDIAN_MARINE_REGION,INDIAN_MARINE,,,
GRID_0428,21.5,69.75,6.06,1.9,8.95,228.0,26.9,206.3269018706146,NO_NEARBY_SARAL,0.014,-0.052,0.05385165,135.74166549767145,90.0,ESCS,962.0,40.0,ARB,,,0.2851238915110262,LOW,SAFETY_AGENT,BROADER_INDIAN_MARINE_REGION,INDIAN_MARINE,,,
GRID_0429,18.75,84.5,5.84,1.46,9.8,171.0,29.7,382.52999049591153,NO_NEARBY_SARAL,,,,98.56037096339622,20.0,D,,3.0,BOB,,,0.2031554562713087,LOW,SAFETY_AGENT,BROADER_INDIAN_MARINE_REGION,INDIAN_MARINE,,,
GRID_0430,7.75,93.75,6.68,1.74,9.45,240.0,29.0,130.11000179832368,NO_NEARBY_SARAL,0.013,-0.07300001,0.074148506,639.5331551272053,,,,,,,,0.186068007287649,LOW,SAFETY_AGENT,BROADER_INDIAN_MARINE_REGION,INDIAN_MARINE,,,
GRID_0431,8.5,96.0,4.54,1.247,5.34,218.37,302.48,93.47716940823992,SARAL_AltiKa,0.2655,-0.014000002,0.26586887,827.821620736742,,,,,,0.2112937420606613,4.199999809265137,0.157990385120439,LOW,SAFETY_AGENT,BROADER_INDIAN_MARINE_REGION,INDIAN_MARINE,,,
GRID_0432,15.0,76.75,4.73,,,,,277.73373997532593,NO_NEARBY_SARAL,,,,218.00112880109,25.0,D,997.0,3.0,BOB,,,0.1756565622533339,LOW,SAFETY_AGENT,BROADER_INDIAN_MARINE_REGION,INDIAN_MARINE,,,
GRID_0433,19.25,80.75,3.76,,,,,35.83693995838321,SARAL_AltiKa,,,,165.194398959234,20.0,D,998.0,3.0,BOB,,,0.1831652478725574,LOW,SAFETY_AGENT,BROADER_INDIAN_MARINE_REGION,INDIAN_MARINE,,,
GRID_0434,15.5,90.75,8.61,2.3,9.8,206.0,28.8,170.21147029059213,NO_NEARBY_SARAL,0.076000005,0.007999999,0.0764199,26.78770287164828,35.0,CS,986.0,6.075183495338227,BOB,0.2382615357637405,4.5,0.2448679996445815,LOW,SAFETY_AGENT,BROADER_INDIAN_MARINE_REGION,INDIAN_MARINE,,,
GRID_0435,16.75,80.75,3.55,,,,,13.741373040322063,SARAL_AltiKa,,,,188.27484109033372,40.0,CS,,8.0,BOB,,,0.2095744485665608,LOW,SAFETY_AGENT,BROADER_INDIAN_MARINE_REGION,INDIAN_MARINE,,,
GRID_0436,6.75,93.75,6.6,2.24,11.2,228.0,29.3,106.44632636325164,NO_NEARBY_SARAL,-0.12400001,-0.24900001,0.27816722,635.377602316676,,,,,,,,0.206469878687649,LOW,SAFETY_AGENT,BROADER_INDIAN_MARINE_REGION,INDIAN_MARINE,,,
GRID_0437,9.25,94.5,4.63,1.106,5.2700000000000005,222.56,302.49,85.16058720900881,SARAL_AltiKa,0.034,-0.25,0.25230142,668.7844369640965,,,,,,0.2357290536165237,5.699999809265137,0.1456947283993286,LOW,SAFETY_AGENT,BROADER_INDIAN_MARINE_REGION,INDIAN_MARINE,,,
GRID_0438,14.5,90.75,8.56,2.3,9.95,208.0,28.8,146.84167774447337,NO_NEARBY_SARAL,-0.091,-0.086500004,0.12555179,80.73979325204708,25.0,D,990.0,3.0995834159888913,BOB,0.2778238356113434,4.699999809265137,0.2171278005180468,LOW,SAFETY_AGENT,BROADER_INDIAN_MARINE_REGION,INDIAN_MARINE,,,
GRID_0439,16.75,69.25,9.22,2.74,9.1,235.0,28.2,381.6918150833293,NO_NEARBY_SARAL,0.066,-0.101,0.12065239,188.516876954132,65.0,VSCS,980.0,22.0,ARB,0.0677617639303207,4.300000190734863,0.2502462470856203,LOW,SAFETY_AGENT,BROADER_INDIAN_MARINE_REGION,INDIAN_MARINE,,,
GRID_0440,17.5,85.5,9.84,2.0,8.35,195.0,29.5,251.51065005825623,NO_NEARBY_SARAL,0.12150001,0.125,0.1743194,76.8785495925866,55.0,SCS,,15.001983733386234,BOB,0.1661191433668136,5.300000190734863,0.2731836730760085,LOW,SAFETY_AGENT,BROADER_INDIAN_MARINE_REGION,INDIAN_MARINE,,,
GRID_0441,9.25,84.0,5.13,2.2,9.9,188.0,29.6,150.80749832225334,NO_NEARBY_SARAL,-0.18850002,-0.020000003,0.18955804,16.679238996683832,25.0,D,990.0,3.0,BOB,0.1573580801486969,6.0,0.2430954275013665,LOW,SAFETY_AGENT,BROADER_INDIAN_MARINE_REGION,INDIAN_MARINE,,,
GRID_0442,12.75,84.0,7.5,2.02,9.5,185.0,29.7,232.44634234002277,NO_NEARBY_SARAL,-0.024500001,0.0030000005,0.024682991,213.65624130164173,25.0,D,,3.0,BOB,0.1219328269362449,3.900000095367432,0.1663762588245318,LOW,SAFETY_AGENT,BROADER_INDIAN_MARINE_REGION,INDIAN_MARINE,,,
GRID_0443,19.5,69.5,7.31,2.4,9.35,228.0,28.3,283.82771454793004,NO_NEARBY_SARAL,-0.0295,0.11950001,0.123087384,122.8564339336205,25.0,D,,3.0,ARB,0.0798083320260047,4.400000095367432,0.2036013290976625,LOW,SAFETY_AGENT,BROADER_INDIAN_MARINE_REGION,INDIAN_MARINE,,,
GRID_0444,16.5,84.75,7.0,1.94,8.45,196.0,29.3,306.4892862936483,NO_NEARBY_SARAL,0.18700002,0.24700001,0.3098032,26.65397081543464,55.0,SCS,,15.001983733386234,BOB,0.1590007096529007,4.099999904632568,0.3011816304818182,MEDIUM,SAFETY_AGENT,BROADER_INDIAN_MARINE_REGION,INDIAN_MARINE,,,
GRID_0445,15.25,89.75,8.28,1.958,5.86,207.97,302.41,59.89027296432969,SARAL_AltiKa,0.141,0.2035,0.24757475,136.8716225395595,35.0,CS,986.0,6.075183495338227,BOB,0.223134845495224,5.699999809265137,0.307537158589836,MEDIUM,SAFETY_AGENT,BROADER_INDIAN_MARINE_REGION,INDIAN_MARINE,,,
GRID_0446,20.0,82.75,4.7,,,,,220.9029557412587,NO_NEARBY_SARAL,,,,213.5051644173469,20.0,D,998.0,3.0,BOB,,,0.1686720182351235,LOW,SAFETY_AGENT,BROADER_INDIAN_MARINE_REGION,INDIAN_MARINE,,,
GRID_0447,16.25,75.5,6.25,,,,,255.17898285762232,NO_NEARBY_SARAL,,,,321.6612333136575,25.0,D,997.0,3.0,BOB,,,0.1445585308995636,LOW,SAFETY_AGENT,BROADER_INDIAN_MARINE_REGION,INDIAN_MARINE,,,
GRID_0448,8.25,77.75,0.8300000000000001,1.755,4.44,199.04,,13.813326290320957,SARAL_AltiKa,,,,211.76385180047288,25.0,,,3.0,BOB,,,0.173027745353519,LOW,SAFETY_AGENT,BROADER_INDIAN_MARINE_REGION,INDIAN_MARINE,,,
GRID_0449,12.5,71.5,7.46,2.28,9.9,231.0,28.8,254.7901811078138,NO_NEARBY_SARAL,0.0165,0.009500001,0.019039433,123.68865972140117,25.0,D,,3.0,ARB,0.1721424162387848,6.199999809265137,0.1940777013288091,LOW,SAFETY_AGENT,BROADER_INDIAN_MARINE_REGION,INDIAN_MARINE,,,
GRID_0450,10.0,81.25,6.04,1.24,8.25,165.0,30.0,125.1273418044426,NO_NEARBY_SARAL,-0.113000005,0.21350001,0.24156004,138.30976512278548,25.0,,,3.0,BOB,0.1516769826412201,5.900000095367432,0.2117422669674511,LOW,SAFETY_AGENT,BROADER_INDIAN_MARINE_REGION,INDIAN_MARINE,,,
GRID_0451,19.25,69.25,7.41,2.46,9.35,228.0,28.2,315.9199778843339,NO_NEARBY_SARAL,-0.0020000003,0.064500004,0.064531006,114.8122470808715,80.0,VSCS,970.0,30.0,ARB,0.0705680698156356,4.199999809265137,0.2917025132215768,LOW,SAFETY_AGENT,BROADER_INDIAN_MARINE_REGION,INDIAN_MARINE,,,
GRID_0452,18.75,75.5,3.43,,,,,311.86778111679445,NO_NEARBY_SARAL,,,,307.0095966117638,20.0,D,998.0,3.0,BOB,,,0.1406206885767984,LOW,SAFETY_AGENT,BROADER_INDIAN_MARINE_REGION,INDIAN_MARINE,,,
GRID_0453,17.75,68.25,8.41,2.68,9.1,230.0,28.0,423.238213087418,NO_NEARBY_SARAL,0.025500003,-0.10100001,0.10416935,160.22110706155505,65.0,VSCS,980.0,22.0,ARB,0.0650239214301109,4.699999809265137,0.257279829256408,LOW,SAFETY_AGENT,BROADER_INDIAN_MARINE_REGION,INDIAN_MARINE,,,
GRID_0454,11.5,74.75,4.05,1.64,7.46,227.24,302.52,65.34415031358654,SARAL_AltiKa,-0.016,0.020500002,0.026004808,463.856677322244,25.0,D,,3.0,ARB,0.2832991778850555,5.300000190734863,0.0784683923100735,LOW,SAFETY_AGENT,BROADER_INDIAN_MARINE_REGION,INDIAN_MARINE,,,
GRID_0455,18.75,76.5,4.51,,,,,387.7734825484397,NO_NEARBY_SARAL,,,,207.4449125841439,20.0,D,998.0,3.0,BOB,,,0.1704900937850844,LOW,SAFETY_AGENT,BROADER_INDIAN_MARINE_REGION,INDIAN_MARINE,,,
GRID_0456,6.25,75.0,5.63,1.753,6.5,187.02,302.24,33.316792352231865,SARAL_AltiKa,-0.15150002,0.24150002,0.28508684,584.05785926965,,,,,,0.1865846663713455,5.0,0.2150170761932498,LOW,SAFETY_AGENT,BROADER_INDIAN_MARINE_REGION,INDIAN_MARINE,,,
GRID_0457,11.5,81.5,7.5,1.681,5.1000000000000005,188.42,302.66,62.11751759820983,SARAL_AltiKa,-0.0225,0.067,0.07067709,77.80711372114195,35.0,CS,994.0,6.0,BOB,0.1388774514198303,5.0,0.2683227685122069,LOW,SAFETY_AGENT,BROADER_INDIAN_MARINE_REGION,INDIAN_MARINE,,,
GRID_0458,9.0,80.75,5.57,,,,,202.9992723072721,NO_NEARBY_SARAL,,,,137.282349096184,25.0,,,3.0,BOB,,,0.1998721961648057,LOW,SAFETY_AGENT,BROADER_INDIAN_MARINE_REGION,INDIAN_MARINE,,,
GRID_0459,9.25,70.5,4.07,2.08,10.5,210.0,29.4,442.9611928936808,NO_NEARBY_SARAL,-0.19500001,-0.07000001,0.20718351,370.6130584395208,25.0,D,,3.0,ARB,0.1590691655874252,5.5,0.1384321063821123,LOW,SAFETY_AGENT,BROADER_INDIAN_MARINE_REGION,INDIAN_MARINE,,,
GRID_0460,6.5,75.0,5.39,1.744,6.58,188.16,302.24,27.406347642166832,SARAL_AltiKa,-0.164,0.21050002,0.26684502,566.0891902313074,,,,,,0.2023272961378097,8.100000381469727,0.2092322509584008,LOW,SAFETY_AGENT,BROADER_INDIAN_MARINE_REGION,INDIAN_MARINE,,,
GRID_0461,9.75,79.5,8.2,0.62,3.6,188.0,30.5,137.70756307158274,NO_NEARBY_SARAL,0.13000001,0.048500005,0.13875249,27.798731661139545,25.0,,,3.0,BOB,,,0.234330188995319,LOW,SAFETY_AGENT,BROADER_INDIAN_MARINE_REGION,INDIAN_MARINE,,,
GRID_0462,18.0,77.0,5.02,,,,,319.7086988805783,NO_NEARBY_SARAL,,,,137.47817582260245,20.0,D,998.0,3.0,BOB,,,0.1914801148135468,LOW,SAFETY_AGENT,BROADER_INDIAN_MARINE_REGION,INDIAN_MARINE,,,
GRID_0463,19.25,71.25,7.42,1.84,8.1,245.0,28.6,111.50509908079454,NO_NEARBY_SARAL,0.044500005,-0.038,0.058517095,155.73020936149254,80.0,VSCS,970.0,30.0,ARB,0.1256674528121948,7.800000190734863,0.2807634820856169,LOW,SAFETY_AGENT,BROADER_INDIAN_MARINE_REGION,INDIAN_MARINE,,,
GRID_0464,5.25,76.0,5.39,1.851,6.23,184.14,302.27,50.76957103974717,SARAL_AltiKa,-0.099,0.24500002,0.2642461,595.1315010399129,,,,,,0.1887066215276718,5.900000095367432,0.2167549737954909,LOW,SAFETY_AGENT,BROADER_INDIAN_MARINE_REGION,INDIAN_MARINE,,,
GRID_0465,14.25,78.25,5.69,,,,,103.03428561857596,NO_NEARBY_SARAL,,,,116.04457074794573,30.0,DD,996.0,4.0,BOB,,,0.2145768630026105,LOW,SAFETY_AGENT,BROADER_INDIAN_MARINE_REGION,INDIAN_MARINE,,,
GRID_0466,11.75,90.0,7.66,2.097,6.01,205.95,302.25,2.3930279194427384,SARAL_AltiKa,0.179,-0.017500002,0.17985341,346.24320119947026,25.0,D,990.0,3.0995834159888913,BOB,0.2592061758041382,6.5,0.2209603960796692,LOW,SAFETY_AGENT,BROADER_INDIAN_MARINE_REGION,INDIAN_MARINE,,,
GRID_0467,18.75,80.25,3.59,,,,,3.883005987515563,SARAL_AltiKa,,,,113.9198736887413,20.0,D,998.0,3.0,BOB,,,0.1985476054537052,LOW,SAFETY_AGENT,BROADER_INDIAN_MARINE_REGION,INDIAN_MARINE,,,
GRID_0468,20.5,74.5,5.85,,,,,249.44852935963664,NO_NEARBY_SARAL,,,,271.1758648047545,50.0,SCS,990.0,12.0,ARB,,,0.2013708081189012,LOW,SAFETY_AGENT,BROADER_INDIAN_MARINE_REGION,INDIAN_MARINE,,,
GRID_0469,7.25,81.25,2.97,,,,,192.0732850237685,NO_NEARBY_SARAL,,,,211.3791394035796,25.0,,,3.0,BOB,,,0.177643159072587,LOW,SAFETY_AGENT,BROADER_INDIAN_MARINE_REGION,INDIAN_MARINE,,,
GRID_0470,19.0,73.5,2.88,,,,,112.66727413067387,NO_NEARBY_SARAL,,,,355.5016947025323,90.0,ESCS,962.0,40.0,ARB,,,0.2260730591495679,LOW,SAFETY_AGENT,BROADER_INDIAN_MARINE_REGION,INDIAN_MARINE,,,
GRID_0471,13.0,69.0,8.06,2.48,9.6,227.0,28.5,470.3093980875637,NO_NEARBY_SARAL,-0.0675,0.0705,0.09760379,155.09495322428288,30.0,DD,,5.0,ARB,0.0650238916277885,4.199999809265137,0.1995777859997504,LOW,SAFETY_AGENT,BROADER_INDIAN_MARINE_REGION,INDIAN_MARINE,,,
GRID_0472,5.5,70.5,0.21,1.98,11.05,193.0,30.5,461.1879932583176,NO_NEARBY_SARAL,-0.18400002,0.017,0.18478367,548.146027890098,,,,,,0.1619440019130706,6.300000190734863,0.1976418242941381,LOW,SAFETY_AGENT,BROADER_INDIAN_MARINE_REGION,INDIAN_MARINE,,,
GRID_0473,16.75,73.25,3.95,1.909,7.48,236.38,302.5,33.19039749179783,SARAL_AltiKa,,,,395.5700793274115,80.0,VSCS,970.0,30.0,ARB,,,0.2223858770954375,LOW,SAFETY_AGENT,BROADER_INDIAN_MARINE_REGION,INDIAN_MARINE,,,
GRID_0474,9.0,76.25,5.05,1.84,11.05,198.0,27.6,166.28847169852418,NO_NEARBY_SARAL,-0.0635,0.056500003,0.08499706,311.59890856125475,25.0,,,3.0,BOB,,,0.1438145929252844,LOW,SAFETY_AGENT,BROADER_INDIAN_MARINE_REGION,INDIAN_MARINE,,,
GRID_0475,11.0,73.75,4.53,1.784,7.62,223.67,302.5,52.97479488704767,SARAL_AltiKa,-0.0195,-0.029500004,0.03536241,408.11220370270223,25.0,D,,3.0,ARB,0.2600960731506347,7.0,0.1089194867387325,LOW,SAFETY_AGENT,BROADER_INDIAN_MARINE_REGION,INDIAN_MARINE,,,
GRID_0476,10.0,91.5,9.44,2.68,10.05,219.0,29.0,120.4412076740196,NO_NEARBY_SARAL,0.0615,0.009499997,0.062229417,500.3771699005145,,,,,,0.2340866178274154,5.900000095367432,0.1853667554862403,LOW,SAFETY_AGENT,BROADER_INDIAN_MARINE_REGION,INDIAN_MARINE,,,
GRID_0477,10.5,90.5,7.0600000000000005,2.051,6.13,209.19,302.28000000000003,25.65095299234499,SARAL_AltiKa,-0.0975,-0.046500005,0.10802083,457.8302875015603,25.0,D,990.0,3.0995834159888913,BOB,0.2110886871814727,6.300000190734863,0.1642473852295197,LOW,SAFETY_AGENT,BROADER_INDIAN_MARINE_REGION,INDIAN_MARINE,,,
GRID_0478,22.0,75.5,5.47,,,,,383.8336289644909,NO_NEARBY_SARAL,,,,174.49438683783225,25.0,D,999.0,3.0,ARB,,,0.1887085848423112,LOW,SAFETY_AGENT,BROADER_INDIAN_MARINE_REGION,INDIAN_MARINE,,,
GRID_0479,9.25,88.5,9.54,2.88,10.4,211.0,28.8,218.22071313636164,NO_NEARBY_SARAL,0.11500001,0.090500005,0.1463395,256.1703494892361,25.0,D,,3.0,BOB,0.1982889175415039,4.400000095367432,0.1662285674947666,LOW,SAFETY_AGENT,BROADER_INDIAN_MARINE_REGION,INDIAN_MARINE,,,
GRID_0480,7.5,79.5,7.54,2.22,10.2,207.0,27.9,192.5276432053595,NO_NEARBY_SARAL,-0.043500002,0.29950002,0.30264255,222.3898532891176,25.0,,,3.0,BOB,,,0.1923418585069256,LOW,SAFETY_AGENT,BROADER_INDIAN_MARINE_REGION,INDIAN_MARINE,,,
GRID_0481,6.5,92.75,6.86,2.5,11.55,214.0,29.2,172.09514938644196,NO_NEARBY_SARAL,-0.35150003,-0.060000006,0.3565842,527.449414070965,,,,,,0.2433266788721084,4.5,0.2141253338911683,LOW,SAFETY_AGENT,BROADER_INDIAN_MARINE_REGION,INDIAN_MARINE,,,
GRID_0482,19.75,73.25,3.18,,,,,104.8869914814195,NO_NEARBY_SARAL,,,,298.9766224921305,90.0,ESCS,962.0,40.0,ARB,,,0.2430305808126884,LOW,SAFETY_AGENT,BROADER_INDIAN_MARINE_REGION,INDIAN_MARINE,,,
GRID_0483,10.0,94.5,8.25,1.92,8.7,238.0,28.8,102.87829002269116,NO_NEARBY_SARAL,-0.08250001,-0.18100001,0.1989152,597.1456755149222,,,,,,0.2555102109909057,6.400000095367432,0.199338892769149,LOW,SAFETY_AGENT,BROADER_INDIAN_MARINE_REGION,INDIAN_MARINE,,,
GRID_0484,8.25,84.25,9.09,2.44,9.95,196.0,28.4,154.10901122639524,NO_NEARBY_SARAL,-0.123,0.088,0.15123823,87.06398363349297,25.0,D,,4.0,BOB,0.1490759253501892,4.300000190734863,0.217277317818695,LOW,SAFETY_AGENT,BROADER_INDIAN_MARINE_REGION,INDIAN_MARINE,,,
GRID_0485,7.75,92.5,7.6,2.5,11.1,219.0,29.1,174.59407128444093,NO_NEARBY_SARAL,0.043000005,-0.1225,0.12982777,503.1908013149674,,,,,,0.2432583570480346,5.099999904632568,0.1917495200389244,LOW,SAFETY_AGENT,BROADER_INDIAN_MARINE_REGION,INDIAN_MARINE,,,
GRID_0486,9.75,91.5,9.17,2.68,10.05,219.0,28.9,114.53287239961948,NO_NEARBY_SARAL,0.098000005,0.019500002,0.09992123,491.6537937322208,25.0,D,,3.0,BOB,0.2577690780162811,6.800000190734863,0.0922904076707419,LOW,SAFETY_AGENT,BROADER_INDIAN_MARINE_REGION,INDIAN_MARINE,,,
GRID_0487,21.5,76.0,5.21,,,,,377.46216860653175,NO_NEARBY_SARAL,,,,244.96772140308013,25.0,D,999.0,3.0,ARB,,,0.1675665844727368,LOW,SAFETY_AGENT,BROADER_INDIAN_MARINE_REGION,INDIAN_MARINE,,,
GRID_0488,8.25,92.5,7.76,2.52,10.9,221.0,29.1,186.31428241912104,NO_NEARBY_SARAL,-0.068,-0.112500004,0.13145436,515.0493299621936,,,,,,0.246885746717453,4.900000095367432,0.1918212476084654,LOW,SAFETY_AGENT,BROADER_INDIAN_MARINE_REGION,INDIAN_MARINE,,,
GRID_0489,11.5,79.5,1.45,,,,,95.0685506371818,SARAL_AltiKa,,,,207.47669649069672,25.0,,,3.0,BOB,,,0.1788138919464519,LOW,SAFETY_AGENT,BROADER_INDIAN_MARINE_REGION,INDIAN_MARINE,,,
GRID_0490,15.0,92.25,8.04,2.28,9.9,220.0,28.9,315.5333509105846,NO_NEARBY_SARAL,-0.132,-0.086500004,0.15781714,97.95465358010767,25.0,D,990.0,3.0995834159888913,BOB,0.2507873177528381,7.0,0.2162722862203497,LOW,SAFETY_AGENT,BROADER_INDIAN_MARINE_REGION,INDIAN_MARINE,,,
GRID_0491,13.75,71.0,7.6,2.48,9.85,232.0,28.6,276.0916433229495,NO_NEARBY_SARAL,-0.0040000007,-0.1465,0.1465546,27.798731661139723,25.0,D,,3.0,ARB,0.0847364664077758,3.5999999046325684,0.2340776816199938,LOW,SAFETY_AGENT,BROADER_INDIAN_MARINE_REGION,INDIAN_MARINE,,,
GRID_0492,6.25,76.75,5.69,1.86,6.34,197.0,301.95,73.39153744726036,SARAL_AltiKa,-0.12450001,0.0705,0.14307517,456.65728011041847,25.0,,,3.0,BOB,0.1911021769046783,7.099999904632568,0.1251380883614524,LOW,SAFETY_AGENT,BROADER_INDIAN_MARINE_REGION,INDIAN_MARINE,,,
GRID_0493,9.75,78.0,0.25,,,,,22.596391033514536,SARAL_AltiKa,,,,109.7379258543372,25.0,,,3.0,BOB,,,0.2081355231373597,LOW,SAFETY_AGENT,BROADER_INDIAN_MARINE_REGION,INDIAN_MARINE,,,
GRID_0494,12.5,83.75,6.95,1.94,9.6,183.0,29.8,200.20882137651375,NO_NEARBY_SARAL,0.028,-0.049500003,0.05687047,198.12042819841665,35.0,CS,994.0,6.0,BOB,0.1431896537542343,3.5999999046325684,0.1908255592938435,LOW,SAFETY_AGENT,BROADER_INDIAN_MARINE_REGION,INDIAN_MARINE,,,
GRID_0495,15.75,94.75,5.04,1.22,7.65,222.0,29.1,211.0770265845399,NO_NEARBY_SARAL,-0.027,0.0705,0.07549338,174.4002709973761,115.0,VSCS,,65.58718508232494,BOB,,,0.2756904828611148,LOW,SAFETY_AGENT,BROADER_INDIAN_MARINE_REGION,INDIAN_MARINE,,,
GRID_0496,19.25,76.75,5.39,,,,,361.8600128787519,NO_NEARBY_SARAL,,,,214.45979740702992,20.0,D,998.0,3.0,BOB,,,0.1683856283382186,LOW,SAFETY_AGENT,BROADER_INDIAN_MARINE_REGION,INDIAN_MARINE,,,
GRID_0497,7.5,93.25,6.74,2.56,11.35,221.0,29.1,177.9103146390245,NO_NEARBY_SARAL,0.034,-0.117000006,0.12184007,581.7636489902178,,,,,,,,0.190837163687649,LOW,SAFETY_AGENT,BROADER_INDIAN_MARINE_REGION,INDIAN_MARINE,,,
GRID_0498,10.25,82.0,8.4,1.919,5.43,185.26,302.6,39.07793759245807,SARAL_AltiKa,-0.17450002,0.008500002,0.17470692,99.70391665091624,30.0,DD,992.0,4.0,BOB,0.1362765729427337,6.099999904632568,0.3022002083893982,MEDIUM,SAFETY_AGENT,BROADER_INDIAN_MARINE_REGION,INDIAN_MARINE,,,
GRID_0499,11.5,73.5,4.87,1.772,7.66,233.28,302.54,67.51674007246392,SARAL_AltiKa,0.040500004,0.017500002,0.04411916,350.86313707817663,25.0,D,,3.0,ARB,0.2562629580497741,5.0,0.1249602989383381,LOW,SAFETY_AGENT,BROADER_INDIAN_MARINE_REGION,INDIAN_MARINE,,,
GRID_0500,6.75,76.75,6.01,1.953,6.25,207.55,301.93,85.25935536490421,SARAL_AltiKa,-0.11400001,0.078,0.13813038,410.97337444396106,25.0,,,3.0,BOB,0.1886380016803741,5.699999809265137,0.1517926205756452,LOW,SAFETY_AGENT,BROADER_INDIAN_MARINE_REGION,INDIAN_MARINE,,,
GRID_0501,16.75,90.75,8.49,2.26,9.75,206.0,28.8,199.28367808596232,NO_NEARBY_SARAL,0.105000004,0.0925,0.13993302,38.50040147538608,40.0,CS,984.0,7.934933544931562,BOB,0.2092403173446655,4.900000095367432,0.2561662823984295,LOW,SAFETY_AGENT,BROADER_INDIAN_MARINE_REGION,INDIAN_MARINE,,,
GRID_0502,12.5,72.0,7.2,1.86,8.5,253.0,28.8,201.89927551938555,NO_NEARBY_SARAL,0.007000001,0.093,0.09326307,155.2500941356149,25.0,D,,3.0,ARB,0.1425051242113113,5.599999904632568,0.1916575415221601,LOW,SAFETY_AGENT,BROADER_INDIAN_MARINE_REGION,INDIAN_MARINE,,,
GRID_0503,12.0,74.75,4.5600000000000005,1.806,7.7,235.19,302.56,77.18586093522359,SARAL_AltiKa,-0.0075000003,-0.0034999996,0.008276473,439.5567737427368,25.0,D,,3.0,ARB,0.065200001001358,2.5999999046325684,0.0959236151319986,LOW,SAFETY_AGENT,BROADER_INDIAN_MARINE_REGION,INDIAN_MARINE,,,
GRID_0504,16.25,74.5,5.97,,,,,151.16316859487856,NO_NEARBY_SARAL,,,,428.1774373567608,25.0,D,997.0,3.0,BOB,,,0.1126036696866327,LOW,SAFETY_AGENT,BROADER_INDIAN_MARINE_REGION,INDIAN_MARINE,,,
GRID_0505,14.0,78.25,5.57,,,,,97.11802482933383,SARAL_AltiKa,,,,137.41552764660292,30.0,DD,996.0,4.0,BOB,,,0.2081655759330133,LOW,SAFETY_AGENT,BROADER_INDIAN_MARINE_REGION,INDIAN_MARINE,,,
GRID_0506,10.5,94.0,8.1,1.92,9.3,230.0,28.8,167.97503841859074,NO_NEARBY_SARAL,-0.14450002,-0.101,0.17629877,521.0095307587167,,,,,,0.2822726666927337,7.599999904632568,0.1977441558130362,LOW,SAFETY_AGENT,BROADER_INDIAN_MARINE_REGION,INDIAN_MARINE,,,
GRID_0507,12.25,94.0,6.63,1.48,8.3,204.0,29.0,208.81524794753835,NO_NEARBY_SARAL,-0.042000003,0.18750001,0.19214645,368.4081028744092,25.0,D,990.0,3.0995834159888913,BOB,0.1709104031324386,6.5,0.1381194901455083,LOW,SAFETY_AGENT,BROADER_INDIAN_MARINE_REGION,INDIAN_MARINE,,,
GRID_0508,11.5,70.25,6.87,2.28,10.3,221.0,28.9,412.5543299017794,NO_NEARBY_SARAL,0.012000002,0.06300001,0.06413268,236.82395188753537,25.0,D,,3.0,ARB,0.1348391324281692,4.699999809265137,0.1638031801694424,LOW,SAFETY_AGENT,BROADER_INDIAN_MARINE_REGION,INDIAN_MARINE,,,
GRID_0509,11.0,84.0,8.63,2.08,9.4,187.0,29.4,191.7883582331276,NO_NEARBY_SARAL,-0.109000005,-0.132,0.17118704,163.72777373838147,30.0,DD,992.0,4.0,BOB,0.1268993765115738,2.799999952316284,0.203800953629256,LOW,SAFETY_AGENT,BROADER_INDIAN_MARINE_REGION,INDIAN_MARINE,,,
GRID_0510,9.5,69.5,4.25,2.08,10.55,208.0,29.5,445.11024238836023,NO_NEARBY_SARAL,-0.052500002,0.0020000003,0.052538086,275.1504694251715,30.0,DD,,5.0,ARB,0.1458849161863327,6.199999809265137,0.1602567133008802,LOW,SAFETY_AGENT,BROADER_INDIAN_MARINE_REGION,INDIAN_MARINE,,,
GRID_0511,20.0,81.0,3.82,,,,,42.93001028453082,SARAL_AltiKa,,,,111.19492664455888,20.0,D,998.0,3.0,BOB,,,0.1993650895669599,LOW,SAFETY_AGENT,BROADER_INDIAN_MARINE_REGION,INDIAN_MARINE,,,
GRID_0512,15.0,92.5,8.02,2.26,9.8,222.0,28.9,341.7061464087892,NO_NEARBY_SARAL,-0.1005,0.013999999,0.10147044,121.0528838107884,25.0,D,990.0,3.0995834159888913,BOB,0.2466805428266525,6.300000190734863,0.2033478803091975,LOW,SAFETY_AGENT,BROADER_INDIAN_MARINE_REGION,INDIAN_MARINE,,,
GRID_0513,11.25,82.75,7.37,1.828,5.21,188.01,302.64,64.76271742373763,SARAL_AltiKa,-0.0205,0.011000004,0.023264783,38.94570052770355,30.0,DD,992.0,4.0,BOB,0.1296372562646865,6.0,0.2770335279490173,LOW,SAFETY_AGENT,BROADER_INDIAN_MARINE_REGION,INDIAN_MARINE,,,
GRID_0514,13.25,76.25,4.71,,,,,265.02650786999067,NO_NEARBY_SARAL,,,,354.67310105384865,30.0,DD,996.0,4.0,BOB,,,0.1429883039108396,LOW,SAFETY_AGENT,BROADER_INDIAN_MARINE_REGION,INDIAN_MARINE,,,
GRID_0515,15.5,72.75,2.02,1.774,7.48,241.91,302.58,49.18404003139735,SARAL_AltiKa,-0.0009999997,0.086,0.086005814,291.45264582298813,25.0,D,,3.0,ARB,0.1961671411991119,7.199999809265137,0.1480885387440672,LOW,SAFETY_AGENT,BROADER_INDIAN_MARINE_REGION,INDIAN_MARINE,,,
GRID_0516,6.5,79.5,7.37,2.34,10.55,199.0,28.5,216.8691523124406,NO_NEARBY_SARAL,-0.19600001,0.32650003,0.38081264,333.5847799336762,25.0,,,3.0,BOB,0.171533927321434,6.300000190734863,0.1673346649335681,LOW,SAFETY_AGENT,BROADER_INDIAN_MARINE_REGION,INDIAN_MARINE,,,
GRID_0517,13.75,89.25,8.31,2.079,5.91,205.94,302.32,28.760595183589288,SARAL_AltiKa,-0.082,0.002500005,0.082038105,256.55412763524583,25.0,D,990.0,3.0995834159888913,BOB,0.2609858214855194,7.0,0.24984003676314,LOW,SAFETY_AGENT,BROADER_INDIAN_MARINE_REGION,INDIAN_MARINE,,,
GRID_0518,18.75,83.75,3.26,,,,,342.70526285915025,NO_NEARBY_SARAL,,,,155.56348325680315,20.0,D,,3.0,BOB,,,0.1860545225832866,LOW,SAFETY_AGENT,BROADER_INDIAN_MARINE_REGION,INDIAN_MARINE,,,
GRID_0519,5.75,75.5,5.83,1.834,6.29,185.07,302.25,8.858038410963426,SARAL_AltiKa,-0.0895,0.2565,0.27166617,584.4461524964349,,,,,,0.1956881284713745,5.0,0.2244477678484998,LOW,SAFETY_AGENT,BROADER_INDIAN_MARINE_REGION,INDIAN_MARINE,,,
GRID_0520,10.5,94.75,5.67,1.558,5.33,234.12,302.52,88.08049234462257,SARAL_AltiKa,-0.24950002,-0.071,0.25940558,567.6701789922398,,,,,,0.2285422086715698,5.800000190734863,0.1975038441443678,LOW,SAFETY_AGENT,BROADER_INDIAN_MARINE_REGION,INDIAN_MARINE,,,
GRID_0521,6.5,73.25,2.82,0.8,9.5,145.0,29.9,215.7762519341034,NO_NEARBY_SARAL,-0.16950001,0.171,0.2407722,726.0664869202753,,,,,,,,0.202730376687649,LOW,SAFETY_AGENT,BROADER_INDIAN_MARINE_REGION,INDIAN_MARINE,,,
GRID_0522,7.0,78.25,5.68,1.877,6.24,218.91,301.91,70.22365766663744,SARAL_AltiKa,-0.147,-0.027000003,0.14945903,310.1534985683248,25.0,,,3.0,BOB,0.1129363477230072,2.9000000953674316,0.1686488610131604,LOW,SAFETY_AGENT,BROADER_INDIAN_MARINE_REGION,INDIAN_MARINE,,,
GRID_0523,17.75,73.5,4.24,1.642,7.5,239.5,302.33,82.98452464128981,SARAL_AltiKa,,,,379.14749237939816,80.0,VSCS,970.0,30.0,ARB,,,0.2050626531798414,LOW,SAFETY_AGENT,BROADER_INDIAN_MARINE_REGION,INDIAN_MARINE,,,
GRID_0524,8.0,82.0,6.04,2.472,6.5600000000000005,179.9,302.42,93.33052031005664,SARAL_AltiKa,-0.0715,-0.29150003,0.30014083,111.19492664455872,25.0,,,3.0,BOB,0.1694729775190353,6.099999904632568,0.3019292874027463,MEDIUM,SAFETY_AGENT,BROADER_INDIAN_MARINE_REGION,INDIAN_MARINE,,,
GRID_0525,18.25,78.5,4.69,,,,,171.0128881740808,NO_NEARBY_SARAL,,,,34.92101638075545,20.0,D,998.0,3.0,BOB,,,0.2222472626461009,LOW,SAFETY_AGENT,BROADER_INDIAN_MARINE_REGION,INDIAN_MARINE,,,
GRID_0526,17.25,92.25,7.75,2.22,9.55,217.0,28.8,366.03256484743014,NO_NEARBY_SARAL,0.16350001,-0.0034999996,0.16353747,38.42687234162745,115.0,VSCS,,65.58718508232494,BOB,0.2379877269268036,5.099999904632568,0.3253873212338117,MEDIUM,SAFETY_AGENT,BROADER_INDIAN_MARINE_REGION,INDIAN_MARINE,,,
GRID_0527,10.25,93.25,6.34,2.12,9.55,226.0,28.6,242.11950551863612,NO_NEARBY_SARAL,0.011500001,-0.060000006,0.06109215,509.3504535116512,,,,,,0.2300480008125305,3.799999952316284,0.1841929321721775,LOW,SAFETY_AGENT,BROADER_INDIAN_MARINE_REGION,INDIAN_MARINE,,,
GRID_0528,14.75,73.5,5.36,1.947,7.68,241.83,302.52,11.153007333068263,SARAL_AltiKa,0.0515,-0.1225,0.13288529,303.2983151441986,25.0,D,,3.0,ARB,0.2311431467533111,5.199999809265137,0.1699268922282563,LOW,SAFETY_AGENT,BROADER_INDIAN_MARINE_REGION,INDIAN_MARINE,,,
GRID_0529,13.0,75.0,3.4,1.58,9.4,251.0,29.2,127.27398756857689,NO_NEARBY_SARAL,,,,436.4884446532722,25.0,D,,3.0,ARB,,,0.1101103674976792,LOW,SAFETY_AGENT,BROADER_INDIAN_MARINE_REGION,INDIAN_MARINE,,,
GRID_0530,17.5,92.75,6.94,2.24,9.8,217.0,28.8,397.97329047893766,NO_NEARBY_SARAL,0.1805,-0.0125,0.1809323,79.53631343576531,115.0,VSCS,,65.58718508232494,BOB,0.2361397296190261,4.800000190734863,0.3146393520553521,MEDIUM,SAFETY_AGENT,BROADER_INDIAN_MARINE_REGION,INDIAN_MARINE,,,
GRID_0531,16.75,70.5,7.85,2.64,9.4,235.0,28.3,252.05391620732408,NO_NEARBY_SARAL,0.0405,-0.011,0.04196725,201.67575192884556,80.0,VSCS,970.0,30.0,ARB,0.0989732965826988,3.5999999046325684,0.2631580992817861,LOW,SAFETY_AGENT,BROADER_INDIAN_MARINE_REGION,INDIAN_MARINE,,,
GRID_0532,7.25,79.75,6.09,2.12,10.25,211.0,28.5,225.49588379912305,NO_NEARBY_SARAL,,,,251.69545127254943,25.0,,,3.0,BOB,,,0.1655482655118961,LOW,SAFETY_AGENT,BROADER_INDIAN_MARINE_REGION,INDIAN_MARINE,,,
GRID_0533,14.5,71.5,7.1,2.48,9.75,237.0,28.5,204.68044980733072,NO_NEARBY_SARAL,-0.0725,-0.052500002,0.089512564,123.58961060913155,25.0,D,,3.0,ARB,0.1381246149539947,5.300000190734863,0.2006196848500129,LOW,SAFETY_AGENT,BROADER_INDIAN_MARINE_REGION,INDIAN_MARINE,,,
GRID_0534,13.0,71.5,6.36,2.34,9.8,233.0,28.7,242.2785856218599,NO_NEARBY_SARAL,-0.02,0.029500002,0.035640568,77.58704894343234,25.0,D,,3.0,ARB,0.1442163437604904,4.800000190734863,0.2087984830717389,LOW,SAFETY_AGENT,BROADER_INDIAN_MARINE_REGION,INDIAN_MARINE,,,
GRID_0535,8.5,96.5,8.13,1.64,9.15,246.0,29.1,147.0964261567704,NO_NEARBY_SARAL,0.273,0.108500004,0.29377076,861.1760425711265,,,,,,0.2219713926315307,4.699999809265137,0.2078906015801994,LOW,SAFETY_AGENT,BROADER_INDIAN_MARINE_REGION,INDIAN_MARINE,,,
GRID_0536,8.0,81.0,7.21,,,,,200.67460455398125,NO_NEARBY_SARAL,,,,156.3910429750865,25.0,,,3.0,BOB,,,0.1941395880011349,LOW,SAFETY_AGENT,BROADER_INDIAN_MARINE_REGION,INDIAN_MARINE,,,
GRID_0537,7.5,73.75,3.78,1.62,10.8,172.0,29.4,137.72999879445132,NO_NEARBY_SARAL,-0.1065,0.15850002,0.19095682,626.8694193014371,,,,,,0.149692103266716,3.900000095367432,0.1970285094998385,LOW,SAFETY_AGENT,BROADER_INDIAN_MARINE_REGION,INDIAN_MARINE,,,
GRID_0538,12.0,84.5,7.83,2.0,9.8,183.0,29.4,229.7196974194455,NO_NEARBY_SARAL,-0.015500002,-0.034,0.03736643,244.65119254321328,30.0,DD,992.0,4.0,BOB,0.1465435475111007,5.400000095367432,0.1674909774868308,LOW,SAFETY_AGENT,BROADER_INDIAN_MARINE_REGION,INDIAN_MARINE,,,
GRID_0539,17.0,71.5,7.18,2.48,9.7,236.0,28.6,142.08452759645348,NO_NEARBY_SARAL,-0.024,0.086,0.08928606,230.32967456166887,80.0,VSCS,970.0,30.0,ARB,0.1491445302963256,5.300000190734863,0.2602692317192743,LOW,SAFETY_AGENT,BROADER_INDIAN_MARINE_REGION,INDIAN_MARINE,,,
GRID_0540,12.25,69.0,6.49,2.44,9.8,225.0,28.8,453.6556979106085,NO_NEARBY_SARAL,-0.0455,0.08900001,0.09995625,137.09659070519103,25.0,D,,3.0,ARB,0.0643394663929939,3.700000047683716,0.196627496478267,LOW,SAFETY_AGENT,BROADER_INDIAN_MARINE_REGION,INDIAN_MARINE,,,
GRID_0541,18.0,75.75,4.38,,,,,320.7356994278435,NO_NEARBY_SARAL,,,,269.6671562139593,20.0,D,998.0,3.0,BOB,,,0.1518234206961398,LOW,SAFETY_AGENT,BROADER_INDIAN_MARINE_REGION,INDIAN_MARINE,,,
GRID_0542,8.0,69.75,2.76,1.94,10.8,200.0,29.7,437.8130482400371,NO_NEARBY_SARAL,0.091000006,-0.025000002,0.09437161,322.21684259612175,25.0,D,,3.0,ARB,0.1885010600090026,5.0,0.141493360871186,LOW,SAFETY_AGENT,BROADER_INDIAN_MARINE_REGION,INDIAN_MARINE,,,
GRID_0543,17.5,78.0,4.34,,,,,205.12085666628343,NO_NEARBY_SARAL,,,,64.03461858689694,20.0,D,998.0,3.0,BOB,,,0.2135131819842585,LOW,SAFETY_AGENT,BROADER_INDIAN_MARINE_REGION,INDIAN_MARINE,,,
GRID_0544,19.5,75.75,4.76,,,,,354.18925757758416,NO_NEARBY_SARAL,,,,316.07717616852847,20.0,D,998.0,3.0,BOB,,,0.137900414709769,LOW,SAFETY_AGENT,BROADER_INDIAN_MARINE_REGION,INDIAN_MARINE,,,
GRID_0545,14.25,82.25,7.34,1.384,4.82,184.42,302.77,83.1878309129439,SARAL_AltiKa,0.087000005,-0.044000007,0.0974936,38.702798545884264,30.0,DD,,5.0,BOB,0.1143053025007247,4.900000095367432,0.2463409504068369,LOW,SAFETY_AGENT,BROADER_INDIAN_MARINE_REGION,INDIAN_MARINE,,,
GRID_0546,6.75,79.25,7.3,2.3,10.4,201.0,28.5,183.88244389879833,NO_NEARBY_SARAL,-0.18400002,0.27400002,0.3300485,307.0216382684293,25.0,,,3.0,BOB,0.129158154129982,3.5999999046325684,0.1687712538571124,LOW,SAFETY_AGENT,BROADER_INDIAN_MARINE_REGION,INDIAN_MARINE,,,
GRID_0547,9.25,90.75,7.45,2.219,6.23,211.89,302.25,22.692785815544703,SARAL_AltiKa,0.10250001,0.06100001,0.11927804,392.7070348057739,25.0,D,,3.0,BOB,0.2799454629421234,5.900000095367432,0.2066822239299734,LOW,SAFETY_AGENT,BROADER_INDIAN_MARINE_REGION,INDIAN_MARINE,,,
GRID_0548,7.0,70.5,1.61,1.86,10.9,200.0,30.1,495.61478996291874,NO_NEARBY_SARAL,0.16300002,0.0945,0.18841246,444.9376218673697,25.0,D,,3.0,ARB,0.1440794467926025,4.199999809265137,0.1135701579614031,LOW,SAFETY_AGENT,BROADER_INDIAN_MARINE_REGION,INDIAN_MARINE,,,
GRID_0549,13.75,81.5,7.44,1.785,4.86,184.56,302.76,8.101790860738959,SARAL_AltiKa,-0.061500005,0.18800001,0.19780357,111.47205012150656,25.0,D,,3.0,BOB,0.1287474930286407,5.0,0.2617106106961196,LOW,SAFETY_AGENT,BROADER_INDIAN_MARINE_REGION,INDIAN_MARINE,,,
GRID_0550,17.0,80.25,4.64,,,,,39.599082189443514,SARAL_AltiKa,,,,186.0877967141252,20.0,D,998.0,3.0,BOB,,,0.17689722854609,LOW,SAFETY_AGENT,BROADER_INDIAN_MARINE_REGION,INDIAN_MARINE,,,
GRID_0551,12.25,70.0,7.2,2.44,9.85,227.0,28.8,419.8715910225941,NO_NEARBY_SARAL,0.026000002,-0.045,0.05197115,176.26427847245847,25.0,D,,3.0,ARB,0.1086926609277725,4.599999904632568,0.1806395630628982,LOW,SAFETY_AGENT,BROADER_INDIAN_MARINE_REGION,INDIAN_MARINE,,,
GRID_0552,10.25,97.0,9.04,1.94,8.6,247.0,28.8,134.96606246009966,NO_NEARBY_SARAL,-0.1035,-0.10650001,0.14850758,761.5594148400284,,,,,,0.2327175289392471,4.5,0.1932911490163361,LOW,SAFETY_AGENT,BROADER_INDIAN_MARINE_REGION,INDIAN_MARINE,,,
GRID_0553,5.5,80.5,8.52,2.32,10.4,193.0,28.8,315.53030246721585,NO_NEARBY_SARAL,0.056499988,0.22850001,0.23538162,422.8835609364343,25.0,,,3.0,BOB,0.1698836386203766,6.400000095367432,0.1260478028633043,LOW,SAFETY_AGENT,BROADER_INDIAN_MARINE_REGION,INDIAN_MARINE,,,
GRID_0554,5.5,75.0,5.8500000000000005,1.878,6.26,184.6,302.25,51.224068584214194,SARAL_AltiKa,-0.14400001,0.301,0.333672,642.1697488092116,,,,,,0.1608488261699676,4.599999904632568,0.2344279192117293,LOW,SAFETY_AGENT,BROADER_INDIAN_MARINE_REGION,INDIAN_MARINE,,,
GRID_0555,10.75,88.25,9.79,2.64,9.85,208.0,28.7,198.6167082538355,NO_NEARBY_SARAL,-0.053500004,0.1455,0.1550242,417.8842188250628,25.0,D,,3.0,BOB,0.1773443669080734,5.0,0.1188305152697513,LOW,SAFETY_AGENT,BROADER_INDIAN_MARINE_REGION,INDIAN_MARINE,,,
GRID_0556,13.25,95.25,6.68,1.72,8.6,226.0,28.8,100.11589775933837,NO_NEARBY_SARAL,0.3555,-0.11,0.37212935,427.9982882858053,25.0,D,990.0,3.0995834159888913,BOB,0.2434636056423187,4.900000095367432,0.1376221075760479,LOW,SAFETY_AGENT,BROADER_INDIAN_MARINE_REGION,INDIAN_MARINE,,,
GRID_0557,11.75,72.5,6.28,1.86,9.4,243.0,29.0,167.47858452407323,NO_NEARBY_SARAL,0.0885,0.098000005,0.1320464,253.6808025185725,25.0,D,,3.0,ARB,0.2002814263105392,7.599999904632568,0.1671511027625208,LOW,SAFETY_AGENT,BROADER_INDIAN_MARINE_REGION,INDIAN_MARINE,,,
GRID_0558,13.75,94.25,5.2,,,,,217.20342760157908,NO_NEARBY_SARAL,0.156,-0.157,0.22132556,308.04037180828266,25.0,D,990.0,3.0995834159888913,BOB,0.2418209314346313,5.199999809265137,0.1586749966907343,LOW,SAFETY_AGENT,BROADER_INDIAN_MARINE_REGION,INDIAN_MARINE,,,
GRID_0559,15.25,93.0,7.87,,,,,382.4347668594702,NO_NEARBY_SARAL,-0.046,0.050500005,0.06830996,181.49585246153703,25.0,D,990.0,3.0995834159888913,BOB,0.2575635313987732,5.699999809265137,0.1816261489946684,LOW,SAFETY_AGENT,BROADER_INDIAN_MARINE_REGION,INDIAN_MARINE,,,
GRID_0560,14.5,82.25,9.35,6.404,4.93,182.06,302.75,89.13924836975842,SARAL_AltiKa,0.21650001,-0.067499995,0.22677854,26.913275124823308,30.0,DD,,5.0,BOB,0.120876096189022,4.300000190734863,0.5207227284650596,MEDIUM,SAFETY_AGENT,BROADER_INDIAN_MARINE_REGION,INDIAN_MARINE,,,
GRID_0561,5.75,72.0,1.12,,,,,368.7987625515191,NO_NEARBY_SARAL,-0.16950001,0.05,0.17672083,659.1842282158639,,,,,,0.16570845246315,4.400000095367432,0.1958949513728296,LOW,SAFETY_AGENT,BROADER_INDIAN_MARINE_REGION,INDIAN_MARINE,,,
GRID_0562,11.5,70.75,6.31,,,,,359.4552830183801,NO_NEARBY_SARAL,0.1005,0.0345,0.10625676,224.0395706366055,25.0,D,,3.0,ARB,0.1418891996145248,4.599999904632568,0.1718185277603709,LOW,SAFETY_AGENT,BROADER_INDIAN_MARINE_REGION,INDIAN_MARINE,,,
GRID_0563,19.5,80.75,3.65,,,,,29.68479374073753,SARAL_AltiKa,,,,168.8189577946805,20.0,D,998.0,3.0,BOB,,,0.1820778802219234,LOW,SAFETY_AGENT,BROADER_INDIAN_MARINE_REGION,INDIAN_MARINE,,,
GRID_0564,16.75,79.0,4.62,,,,,84.04020669683985,SARAL_AltiKa,,,,60.0280758035226,20.0,D,998.0,3.0,BOB,,,0.2147151448192708,LOW,SAFETY_AGENT,BROADER_INDIAN_MARINE_REGION,INDIAN_MARINE,,,
GRID_0565,15.25,94.5,6.16,,,,,225.62058948305975,NO_NEARBY_SARAL,0.012000001,0.0535,0.05482928,227.94959962134573,115.0,VSCS,,65.58718508232494,BOB,0.2759073078632355,4.900000095367432,0.2576544830976047,LOW,SAFETY_AGENT,BROADER_INDIAN_MARINE_REGION,INDIAN_MARINE,,,
GRID_0566,15.75,78.5,5.08,,,,,112.34911881713673,NO_NEARBY_SARAL,,,,27.798731661139723,25.0,D,997.0,3.0,BOB,,,0.232717281395319,LOW,SAFETY_AGENT,BROADER_INDIAN_MARINE_REGION,INDIAN_MARINE,,,
GRID_0567,7.5,73.5,3.59,,,,,164.57434576671633,NO_NEARBY_SARAL,-0.101,0.21300001,0.23573291,652.2622117108665,,,,,,0.1425735801458358,5.0,0.2020383221443526,LOW,SAFETY_AGENT,BROADER_INDIAN_MARINE_REGION,INDIAN_MARINE,,,
GRID_0568,18.5,74.0,5.96,,,,,152.1618454181158,NO_NEARBY_SARAL,,,,421.7864891930028,80.0,VSCS,970.0,30.0,ARB,,,0.2061876208024267,LOW,SAFETY_AGENT,BROADER_INDIAN_MARINE_REGION,INDIAN_MARINE,,,
GRID_0569,9.0,79.5,8.64,,,,,155.98572597157917,NO_NEARBY_SARAL,0.0055000037,0.085,0.08517776,55.597463322279445,25.0,,,3.0,BOB,,,0.2206330964969771,LOW,SAFETY_AGENT,BROADER_INDIAN_MARINE_REGION,INDIAN_MARINE,,,
GRID_0570,17.25,74.0,5.07,,,,,122.81585002902352,NO_NEARBY_SARAL,,,,445.526625785346,80.0,VSCS,970.0,30.0,ARB,,,0.1990655798247237,LOW,SAFETY_AGENT,BROADER_INDIAN_MARINE_REGION,INDIAN_MARINE,,,
GRID_0571,11.25,92.5,8.5,,,,,256.13514070927545,NO_NEARBY_SARAL,0.018000001,-0.034500003,0.03891337,377.286092587292,25.0,D,990.0,3.0995834159888913,BOB,,,0.1195000687174733,LOW,SAFETY_AGENT,BROADER_INDIAN_MARINE_REGION,INDIAN_MARINE,,,
GRID_0572,10.25,81.5,8.290000000000001,1.909,5.39,186.45,302.61,92.37717512024994,SARAL_AltiKa,-0.17450002,0.143,0.22560865,137.4725435761396,30.0,DD,992.0,4.0,BOB,0.1642026454210281,8.600000381469727,0.2942462753981122,LOW,SAFETY_AGENT,BROADER_INDIAN_MARINE_REGION,INDIAN_MARINE,,,
GRID_0573,21.0,74.0,6.6,,,,,210.26239484553147,NO_NEARBY_SARAL,,,,196.17669911259455,50.0,SCS,990.0,12.0,ARB,,,0.2238705578265492,LOW,SAFETY_AGENT,BROADER_INDIAN_MARINE_REGION,INDIAN_MARINE,,,
GRID_0574,14.25,81.75,8.15,1.206,4.83,184.11,302.77,30.72262966115203,SARAL_AltiKa,0.052500002,0.09600001,0.10941778,85.43417686200223,30.0,DD,,5.0,BOB,0.1171800121665,4.599999904632568,0.2347378082574652,LOW,SAFETY_AGENT,BROADER_INDIAN_MARINE_REGION,INDIAN_MARINE,,,
GRID_0575,10.25,81.0,5.17,,,,,145.7245137605823,NO_NEARBY_SARAL,-0.13550001,0.32950002,0.35627308,177.02364813445732,25.0,,,3.0,BOB,0.1411363184452057,5.5,0.2113730543557758,LOW,SAFETY_AGENT,BROADER_INDIAN_MARINE_REGION,INDIAN_MARINE,,,
GRID_0576,11.75,81.0,3.86,,,,,109.06076568541512,NO_NEARBY_SARAL,0.0475,0.29650003,0.30028075,99.54686939509212,50.0,SCS,986.0,14.0,BOB,0.1592745333909988,5.800000190734863,0.2708788672769839,LOW,SAFETY_AGENT,BROADER_INDIAN_MARINE_REGION,INDIAN_MARINE,,,
GRID_0577,17.0,69.75,9.35,,,,,323.3347594764108,NO_NEARBY_SARAL,0.0635,-0.15450001,0.16704042,168.8804176309944,80.0,VSCS,970.0,30.0,ARB,0.0748801678419113,3.5,0.2853937837969731,LOW,SAFETY_AGENT,BROADER_INDIAN_MARINE_REGION,INDIAN_MARINE,,,
GRID_0578,12.0,95.25,4.5200000000000005,1.231,5.49,228.57,302.43,70.51332097394766,SARAL_AltiKa,-0.045500003,-0.17450002,0.18033443,491.91712398315576,25.0,D,990.0,3.0995834159888913,BOB,0.2358659952878952,3.5,0.0503813041266063,LOW,SAFETY_AGENT,BROADER_INDIAN_MARINE_REGION,INDIAN_MARINE,,,
GRID_0579,9.75,81.25,5.25,,,,,131.21147525290152,NO_NEARBY_SARAL,-0.061500005,0.12900001,0.14290994,117.15457753162124,25.0,,,3.0,BOB,0.1529774665832519,6.800000190734863,0.2086770645023392,LOW,SAFETY_AGENT,BROADER_INDIAN_MARINE_REGION,INDIAN_MARINE,,,
GRID_0580,5.75,74.25,3.86,,,,,126.17437699612692,NO_NEARBY_SARAL,-0.16700001,0.2585,0.30775195,683.1735408589102,,,,,,0.2197810560464859,4.199999809265137,0.2090332447387368,LOW,SAFETY_AGENT,BROADER_INDIAN_MARINE_REGION,INDIAN_MARINE,,,
GRID_0581,6.75,79.0,7.21,,,,,156.99279495498024,NO_NEARBY_SARAL,-0.13350001,0.16550002,0.21263233,310.6989269647625,25.0,,,3.0,BOB,0.1412731409072876,4.0,0.1561567377628394,LOW,SAFETY_AGENT,BROADER_INDIAN_MARINE_REGION,INDIAN_MARINE,,,
GRID_0582,9.25,77.25,2.64,,,,,90.85679364785858,SARAL_AltiKa,,,,198.35089712657785,25.0,,,3.0,BOB,,,0.1815516317556875,LOW,SAFETY_AGENT,BROADER_INDIAN_MARINE_REGION,INDIAN_MARINE,,,
GRID_0583,15.25,78.25,4.39,,,,,126.63425447313804,NO_NEARBY_SARAL,,,,85.17140972403061,30.0,DD,996.0,4.0,BOB,,,0.2238388113097851,LOW,SAFETY_AGENT,BROADER_INDIAN_MARINE_REGION,INDIAN_MARINE,,,
GRID_0584,22.0,73.75,5.0,,,,,208.12973998292864,NO_NEARBY_SARAL,,,,95.12504095141884,50.0,SCS,990.0,12.0,ARB,,,0.2541860552749019,LOW,SAFETY_AGENT,BROADER_INDIAN_MARINE_REGION,INDIAN_MARINE,,,
GRID_0585,5.5,79.75,7.26,,,,,268.1451417957089,NO_NEARBY_SARAL,0.259,0.20650002,0.331245,445.63243431406494,25.0,,,3.0,BOB,0.1575632989406585,3.799999952316284,0.1274786779292903,LOW,SAFETY_AGENT,BROADER_INDIAN_MARINE_REGION,INDIAN_MARINE,,,
GRID_0586,9.25,80.75,3.99,,,,,196.8744984766621,NO_NEARBY_SARAL,,,,139.92612248863253,25.0,,,3.0,BOB,,,0.1990790641470711,LOW,SAFETY_AGENT,BROADER_INDIAN_MARINE_REGION,INDIAN_MARINE,,,
GRID_0587,9.25,72.25,4.96,,,,,255.7742238469475,NO_NEARBY_SARAL,-0.089,0.25500003,0.2700852,491.82164566108094,25.0,D,,3.0,ARB,0.1843258589506149,8.100000381469727,0.1097228411397871,LOW,SAFETY_AGENT,BROADER_INDIAN_MARINE_REGION,INDIAN_MARINE,,,
GRID_0588,7.0,69.5,1.95,,,,,388.0038885255755,NO_NEARBY_SARAL,0.17050001,0.11250001,0.20427068,353.87712850665656,25.0,D,,3.0,ARB,0.1396989673376083,4.599999904632568,0.1426631768186633,LOW,SAFETY_AGENT,BROADER_INDIAN_MARINE_REGION,INDIAN_MARINE,,,
GRID_0589,15.25,73.75,3.5,2.0380000000000003,7.43,244.24,302.54,49.28623685362819,SARAL_AltiKa,0.030500002,-0.075500004,0.08142789,354.39846031180133,25.0,D,,3.0,ARB,,,0.1497011437334539,LOW,SAFETY_AGENT,BROADER_INDIAN_MARINE_REGION,INDIAN_MARINE,,,
GRID_0590,9.0,88.25,9.27,,,,,241.73284915218187,NO_NEARBY_SARAL,0.1395,0.076000005,0.15885922,224.0869628224695,25.0,D,,3.0,BOB,0.1798083782196045,5.900000095367432,0.1778093541464918,LOW,SAFETY_AGENT,BROADER_INDIAN_MARINE_REGION,INDIAN_MARINE,,,
GRID_0591,16.5,74.5,5.51,,,,,157.01075290632727,NO_NEARBY_SARAL,,,,429.51295600478295,20.0,D,998.0,3.0,BOB,,,0.1038696807588927,LOW,SAFETY_AGENT,BROADER_INDIAN_MARINE_REGION,INDIAN_MARINE,,,
GRID_0592,15.75,84.75,6.74,,,,,289.48267322336096,NO_NEARBY_SARAL,0.0855,0.0635,0.10650118,66.73886534622628,45.0,CS,,10.0,BOB,0.1429159492254257,4.5,0.252319081602529,LOW,SAFETY_AGENT,BROADER_INDIAN_MARINE_REGION,INDIAN_MARINE,,,
GRID_0593,9.25,77.0,3.83,,,,,117.5936242585822,NO_NEARBY_SARAL,,,,224.98974576613668,25.0,,,3.0,BOB,,,0.1735599771638199,LOW,SAFETY_AGENT,BROADER_INDIAN_MARINE_REGION,INDIAN_MARINE,,,
GRID_0594,13.75,80.75,6.51,1.444,4.82,184.81,302.78000000000003,86.60338847575453,SARAL_AltiKa,-0.0125,0.41500002,0.41518822,38.744012550710586,55.0,SCS,982.0,18.0,BOB,0.1088296175003051,5.300000190734863,0.3083510257072384,MEDIUM,SAFETY_AGENT,BROADER_INDIAN_MARINE_REGION,INDIAN_MARINE,,,
GRID_0595,9.75,95.0,5.48,1.299,5.37,230.05,302.52,43.574328186729225,SARAL_AltiKa,-0.0905,-0.08850001,0.12658001,650.8869352623252,,,,,,0.2301850467920303,4.900000095367432,0.1583920608586519,LOW,SAFETY_AGENT,BROADER_INDIAN_MARINE_REGION,INDIAN_MARINE,229771.0,0.084,2024-06-16 11:37:47.171023872
GRID_0596,9.0,74.0,4.22,1.974,7.65,226.32,302.34000000000003,74.60401624933552,SARAL_AltiKa,0.036500003,-0.075,0.08341014,554.0743226635719,,,,,,0.2095825970172882,3.799999952316284,0.2001235676626894,LOW,SAFETY_AGENT,BROADER_INDIAN_MARINE_REGION,INDIAN_MARINE,,,
GRID_0597,14.5,95.25,6.52,,,,,129.62871477920615,NO_NEARBY_SARAL,0.0255,-0.0715,0.075911134,321.5082233310071,115.0,VSCS,,65.58718508232494,BOB,0.2613964974880218,6.199999809265137,0.2323088042157171,LOW,SAFETY_AGENT,BROADER_INDIAN_MARINE_REGION,INDIAN_MARINE,,,
GRID_0598,6.25,77.0,5.75,1.917,6.32,197.5,301.95,46.45681874833283,SARAL_AltiKa,-0.112500004,0.008499999,0.11282066,442.3300198720489,25.0,,,3.0,BOB,0.1744696199893951,4.800000190734863,0.1311692341837262,LOW,SAFETY_AGENT,BROADER_INDIAN_MARINE_REGION,INDIAN_MARINE,,,
GRID_0599,12.25,90.75,7.46,2.064,5.97,206.4,302.25,93.8319521267097,SARAL_AltiKa,0.069000006,0.065500006,0.095138066,263.0134923164432,25.0,D,990.0,3.0995834159888913,BOB,0.2457223236560821,7.199999809265137,0.2310240646188398,LOW,SAFETY_AGENT,BROADER_INDIAN_MARINE_REGION,INDIAN_MARINE,,,
GRID_0600,15.0,85.5,8.3,,,,,193.89558490250212,NO_NEARBY_SARAL,0.087000005,-0.036000002,0.094154134,111.19492664455888,35.0,CS,,7.0,BOB,0.2180014550685882,5.099999904632568,0.2215686056632867,LOW,SAFETY_AGENT,BROADER_INDIAN_MARINE_REGION,INDIAN_MARINE,,,
GRID_0601,7.0,76.75,5.76,1.966,6.26,215.45,301.92,91.19683042024788,SARAL_AltiKa,-0.09150001,0.1045,0.13889745,389.09881158387503,25.0,,,3.0,BOB,0.1900754421949386,4.0,0.1536686234636581,LOW,SAFETY_AGENT,BROADER_INDIAN_MARINE_REGION,INDIAN_MARINE,,,
GRID_0602,18.0,76.0,4.52,,,,,346.5033762910238,NO_NEARBY_SARAL,,,,243.22955728192647,20.0,D,998.0,3.0,BOB,,,0.1597547003757496,LOW,SAFETY_AGENT,BROADER_INDIAN_MARINE_REGION,INDIAN_MARINE,,,
GRID_0603,8.0,80.25,7.36,,,,,260.84960920244635,NO_NEARBY_SARAL,,,,186.04639539388344,25.0,,,3.0,BOB,,,0.1852429822754959,LOW,SAFETY_AGENT,BROADER_INDIAN_MARINE_REGION,INDIAN_MARINE,,,
GRID_0604,10.5,92.25,7.23,,,,,212.13188545714297,NO_NEARBY_SARAL,0.0335,-0.011,0.035259753,452.1670125896633,25.0,D,990.0,3.0995834159888913,BOB,,,0.0966704310167619,LOW,SAFETY_AGENT,BROADER_INDIAN_MARINE_REGION,INDIAN_MARINE,,,
GRID_0605,10.25,70.5,4.89,,,,,417.6977070719953,NO_NEARBY_SARAL,-0.0625,0.068,0.09235935,306.3360745822357,25.0,D,,3.0,ARB,0.1307322829961776,5.099999904632568,0.145961943285136,LOW,SAFETY_AGENT,BROADER_INDIAN_MARINE_REGION,INDIAN_MARINE,,,
GRID_0606,17.25,75.25,4.41,,,,,252.1172673648531,NO_NEARBY_SARAL,,,,333.8036484031761,20.0,D,998.0,3.0,BOB,,,0.1325824730393747,LOW,SAFETY_AGENT,BROADER_INDIAN_MARINE_REGION,INDIAN_MARINE,,,
GRID_0607,17.0,78.25,4.63,,,,,167.64362550840036,NO_NEARBY_SARAL,,,,26.584057494617777,20.0,D,998.0,3.0,BOB,,,0.2247483503119422,LOW,SAFETY_AGENT,BROADER_INDIAN_MARINE_REGION,INDIAN_MARINE,,,
GRID_0608,8.0,80.75,7.78,,,,,227.5106538244273,NO_NEARBY_SARAL,,,,176.80763881819976,25.0,,,3.0,BOB,,,0.188014609248201,LOW,SAFETY_AGENT,BROADER_INDIAN_MARINE_REGION,INDIAN_MARINE,,,
GRID_0609,11.5,96.0,4.42,1.332,5.44,229.5,302.46,21.271211981380592,SARAL_AltiKa,-0.076000005,-0.154,0.17173235,590.6920431976673,,,,,,0.2349762022495269,3.700000047683716,0.1554692727234538,LOW,SAFETY_AGENT,BROADER_INDIAN_MARINE_REGION,INDIAN_MARINE,181199.0,0.08,2024-06-16 11:37:16.187986816
GRID_0610,8.0,75.75,5.03,1.836,6.62,214.15,302.25,89.14240981694206,SARAL_AltiKa,0.11850001,0.1435,0.18610346,404.0159645671696,25.0,,,3.0,BOB,0.1730322390794754,5.199999809265137,0.1290381371321803,LOW,SAFETY_AGENT,BROADER_INDIAN_MARINE_REGION,INDIAN_MARINE,,,
GRID_0611,17.0,92.75,7.39,,,,,411.2072362188819,NO_NEARBY_SARAL,0.15850002,0.016000003,0.15930554,97.13057596222666,115.0,VSCS,,65.58718508232494,BOB,0.2475018799304962,6.199999809265137,0.3079268024824574,MEDIUM,SAFETY_AGENT,BROADER_INDIAN_MARINE_REGION,INDIAN_MARINE,,,
GRID_0612,9.5,74.75,4.05,1.895,7.77,226.36,302.37,17.680576573075484,SARAL_AltiKa,-0.013000001,0.035,0.03733631,466.4876418196563,25.0,,,3.0,BOB,0.2670091688632965,4.900000095367432,0.0998215280906117,LOW,SAFETY_AGENT,BROADER_INDIAN_MARINE_REGION,INDIAN_MARINE,,,
GRID_0613,6.75,94.75,10.5,9.496,6.29,216.35,302.45,2.397444008450586,SARAL_AltiKa,-0.1325,-0.19800001,0.2382441,745.6804809724125,,,,,,0.2292267680168151,4.099999904632568,0.4946394073996797,MEDIUM,SAFETY_AGENT,BROADER_INDIAN_MARINE_REGION,INDIAN_MARINE,89574.0,-20.558,2024-06-16 11:38:36.765504896
GRID_0614,16.75,84.5,7.68,,,,,338.06925183276417,NO_NEARBY_SARAL,0.2945,0.3585,0.4639531,27.798731661139723,55.0,SCS,,15.001983733386234,BOB,0.147570252418518,5.099999904632568,0.3167246160850207,MEDIUM,SAFETY_AGENT,BROADER_INDIAN_MARINE_REGION,INDIAN_MARINE,,,
GRID_0615,19.25,78.75,1.63,,,,,157.4346915555098,NO_NEARBY_SARAL,,,,54.84321011825469,20.0,D,998.0,3.0,BOB,,,0.2162706045248512,LOW,SAFETY_AGENT,BROADER_INDIAN_MARINE_REGION,INDIAN_MARINE,,,
GRID_0616,12.75,85.5,7.33,,,,,141.35002164653142,NO_NEARBY_SARAL,-0.15100001,0.010000002,0.15133077,324.23817313879783,30.0,DD,,5.0,BOB,0.1710473001003265,7.699999809265137,0.1562225765465773,LOW,SAFETY_AGENT,BROADER_INDIAN_MARINE_REGION,INDIAN_MARINE,,,
GRID_0617,13.5,94.0,4.73,,,,,237.73894439137624,NO_NEARBY_SARAL,0.064500004,-0.064500004,0.09121678,291.7458936320035,25.0,D,990.0,3.0995834159888913,BOB,0.187748298048973,3.4000000953674316,0.1495172807032051,LOW,SAFETY_AGENT,BROADER_INDIAN_MARINE_REGION,INDIAN_MARINE,,,
GRID_0618,14.75,89.0,7.88,1.956,5.9,208.8,302.39,30.6858168977971,SARAL_AltiKa,0.22150001,0.0735,0.23337631,230.31259329662217,35.0,CS,986.0,6.075183495338227,BOB,0.2279946058988571,6.0,0.2700805061924271,LOW,SAFETY_AGENT,BROADER_INDIAN_MARINE_REGION,INDIAN_MARINE,,,
GRID_0619,13.5,97.25,2.19,1.243,5.12,232.14,302.38,29.484655574791812,SARAL_AltiKa,0.052500002,-0.020000003,0.056180514,432.6952566781755,30.0,DD,,4.463400119024003,BOB,0.3592747747898102,7.699999809265137,0.0674743279048211,LOW,SAFETY_AGENT,BROADER_INDIAN_MARINE_REGION,INDIAN_MARINE,50277.0,0.189,2024-06-18 23:15:10.445483264
GRID_0620,8.75,74.5,4.14,1.852,7.54,224.07,302.31,27.181991826714196,SARAL_AltiKa,-0.064,-0.0935,0.11330601,505.06650518262086,,,,,,0.1971938461065292,4.5,0.1932655161425877,LOW,SAFETY_AGENT,BROADER_INDIAN_MARINE_REGION,INDIAN_MARINE,,,
GRID_0621,17.25,84.25,8.71,,,,,360.81539929015133,NO_NEARBY_SARAL,0.056,0.23150001,0.23817694,84.40762011743064,55.0,SCS,,15.001983733386234,BOB,0.1560575067996978,5.099999904632568,0.2771855516840863,LOW,SAFETY_AGENT,BROADER_INDIAN_MARINE_REGION,INDIAN_MARINE,,,
GRID_0622,11.75,73.0,6.82,,,,,114.42944000308545,NO_NEARBY_SARAL,0.0735,0.1045,0.12775955,291.4718131365789,25.0,D,,3.0,ARB,0.2172485589981079,5.099999904632568,0.1541775324088379,LOW,SAFETY_AGENT,BROADER_INDIAN_MARINE_REGION,INDIAN_MARINE,,,
GRID_0623,7.5,71.25,3.04,,,,,406.34750327259474,NO_NEARBY_SARAL,0.22350001,0.13650002,0.26188645,496.5242500404278,25.0,D,,3.0,ARB,0.1505133956670761,4.300000190734863,0.1055076535724067,LOW,SAFETY_AGENT,BROADER_INDIAN_MARINE_REGION,INDIAN_MARINE,,,
GRID_0624,10.75,75.0,4.48,1.822,7.84,226.9,302.47,74.0963176637811,SARAL_AltiKa,0.021000002,0.00049999985,0.021005953,453.0104387862696,25.0,,,3.0,BOB,0.2872692346572876,7.300000190734863,0.097398970179463,LOW,SAFETY_AGENT,BROADER_INDIAN_MARINE_REGION,INDIAN_MARINE,,,
GRID_0625,19.75,73.75,5.47,,,,,155.8457602178022,NO_NEARBY_SARAL,,,,315.5233074031962,50.0,SCS,990.0,12.0,ARB,,,0.1880665753393687,LOW,SAFETY_AGENT,BROADER_INDIAN_MARINE_REGION,INDIAN_MARINE,,,
GRID_0626,8.75,82.0,4.3500000000000005,2.203,6.86,173.98,302.49,75.22445146587876,SARAL_AltiKa,0.0945,-0.18100001,0.20418435,27.798731661139723,25.0,,,3.0,BOB,0.1718686521053314,7.699999809265137,0.2749418203698873,LOW,SAFETY_AGENT,BROADER_INDIAN_MARINE_REGION,INDIAN_MARINE,,,
GRID_0627,9.75,78.75,3.26,,,,,57.62420648285392,SARAL_AltiKa,,,,27.957649016762986,25.0,,,3.0,BOB,,,0.232669606188632,LOW,SAFETY_AGENT,BROADER_INDIAN_MARINE_REGION,INDIAN_MARINE,,,
GRID_0628,16.25,92.5,7.42,,,,,369.708468660672,NO_NEARBY_SARAL,-0.030000001,-0.0775,0.08310385,148.82775249964735,115.0,VSCS,,65.58718508232494,BOB,0.2273102700710296,4.300000190734863,0.2837970016873175,LOW,SAFETY_AGENT,BROADER_INDIAN_MARINE_REGION,INDIAN_MARINE,,,
GRID_0629,10.25,73.0,5.72,,,,,151.10100787791154,NO_NEARBY_SARAL,0.041500002,0.018,0.045235496,421.8370180042033,25.0,D,,3.0,ARB,0.1832992434501648,6.199999809265137,0.1072806922119969,LOW,SAFETY_AGENT,BROADER_INDIAN_MARINE_REGION,INDIAN_MARINE,,,
GRID_0630,19.0,72.25,4.72,1.786,7.47,233.33,302.26,15.642479634304584,SARAL_AltiKa,0.102000006,-0.10100001,0.14354444,243.3448722792204,80.0,VSCS,970.0,30.0,ARB,0.1531144380569458,5.699999809265137,0.2600837683160088,LOW,SAFETY_AGENT,BROADER_INDIAN_MARINE_REGION,INDIAN_MARINE,,,
GRID_0631,14.75,70.25,8.15,,,,,329.363649725592,NO_NEARBY_SARAL,0.029000001,-0.0395,0.049002554,87.63590276577125,30.0,DD,,5.0,ARB,0.0911704152822494,3.200000047683716,0.2145207439656494,LOW,SAFETY_AGENT,BROADER_INDIAN_MARINE_REGION,INDIAN_MARINE,,,
GRID_0632,6.0,78.75,6.95,,,,,148.160094455505,NO_NEARBY_SARAL,0.1815,-0.0045,0.18155578,397.8555349961885,25.0,,,3.0,BOB,0.1675565391778946,6.5,0.1282178088490881,LOW,SAFETY_AGENT,BROADER_INDIAN_MARINE_REGION,INDIAN_MARINE,,,
GRID_0633,11.75,68.0,5.61,,,,,336.3604137145154,NO_NEARBY_SARAL,0.0505,-0.009,0.051295713,27.798731661139723,25.0,D,,3.0,ARB,0.0772073715925216,3.299999952316284,0.2243829702067975,LOW,SAFETY_AGENT,BROADER_INDIAN_MARINE_REGION,INDIAN_MARINE,,,
GRID_0634,9.75,89.0,9.84,,,,,152.53559767523396,NO_NEARBY_SARAL,0.0034999996,0.097500004,0.097562805,324.9686717267591,25.0,D,,3.0,BOB,0.2105409204959869,6.199999809265137,0.1416420311878448,LOW,SAFETY_AGENT,BROADER_INDIAN_MARINE_REGION,INDIAN_MARINE,,,
GRID_0635,7.0,71.25,2.5,,,,,418.7624130826848,NO_NEARBY_SARAL,0.0925,0.075,0.11908506,518.1084855690349,,,,,,0.1590007841587066,9.199999809265137,0.1925146050590174,LOW,SAFETY_AGENT,BROADER_INDIAN_MARINE_REGION,INDIAN_MARINE,,,
GRID_0636,16.25,91.75,7.58,,,,,291.69330897947765,NO_NEARBY_SARAL,-0.011500001,-0.030000001,0.032128647,84.70474524582056,40.0,CS,984.0,7.934933544931562,BOB,0.2352497577667236,5.400000095367432,0.2318395655683543,LOW,SAFETY_AGENT,BROADER_INDIAN_MARINE_REGION,INDIAN_MARINE,,,
GRID_0637,8.75,77.75,5.4,,,,,25.503640512373725,SARAL_AltiKa,,,,173.15034309251587,25.0,,,3.0,BOB,,,0.1891117979659061,LOW,SAFETY_AGENT,BROADER_INDIAN_MARINE_REGION,INDIAN_MARINE,,,
GRID_0638,18.5,85.75,10.0,,,,,248.60520063600387,NO_NEARBY_SARAL,0.49400002,0.043000005,0.49586794,22.854725996811677,30.0,DD,,5.0,BOB,0.1498289704322815,4.300000190734863,0.2793382820557379,LOW,SAFETY_AGENT,BROADER_INDIAN_MARINE_REGION,INDIAN_MARINE,,,
GRID_0639,8.75,74.75,4.29,1.838,7.5,223.34,302.31,3.4748795785632836,SARAL_AltiKa,-0.10650001,-0.088,0.138153,478.26943990932176,25.0,,,3.0,BOB,0.2243669331073761,4.199999809265137,0.1011620519312711,LOW,SAFETY_AGENT,BROADER_INDIAN_MARINE_REGION,INDIAN_MARINE,,,
GRID_0640,13.0,78.25,4.62,,,,,73.45425060807717,SARAL_AltiKa,,,,236.65234511268744,30.0,DD,996.0,4.0,BOB,,,0.178394530693188,LOW,SAFETY_AGENT,BROADER_INDIAN_MARINE_REGION,INDIAN_MARINE,,,
GRID_0641,10.25,74.5,2.77,2.128,8.0,223.4,302.44,9.13040475713206,SARAL_AltiKa,0.0,0.076000005,0.076000005,496.58760606134615,25.0,,,3.0,BOB,0.2721426784992218,6.0,0.1146374087111775,LOW,SAFETY_AGENT,BROADER_INDIAN_MARINE_REGION,INDIAN_MARINE,,,
GRID_0642,14.0,95.75,4.93,1.157,5.22,234.4,302.28000000000003,65.34291943213444,SARAL_AltiKa,0.1375,-0.0065000057,0.13765356,390.5823205766905,115.0,VSCS,,65.58718508232494,BOB,0.2578372955322265,5.900000095367432,0.1632685864468404,LOW,SAFETY_AGENT,BROADER_INDIAN_MARINE_REGION,INDIAN_MARINE,,,
GRID_0643,14.5,86.25,7.04,,,,,103.63597631618048,NO_NEARBY_SARAL,0.012000002,-0.043000005,0.044643033,114.39096613045456,30.0,DD,,5.0,BOB,0.1886380761861801,5.900000095367432,0.2076519420323461,LOW,SAFETY_AGENT,BROADER_INDIAN_MARINE_REGION,INDIAN_MARINE,,,
GRID_0644,9.75,73.5,5.01,,,,,109.93181607624966,NO_NEARBY_SARAL,0.087500006,-0.024500001,0.09086529,497.9779010834784,25.0,D,,3.0,ARB,0.0709784179925918,2.5999999046325684,0.0869206046722542,LOW,SAFETY_AGENT,BROADER_INDIAN_MARINE_REGION,INDIAN_MARINE,,,
GRID_0645,15.5,82.0,7.930000000000001,1.66,5.8100000000000005,165.49,302.69,86.64068224627412,SARAL_AltiKa,0.5525,-0.095000006,0.5606079,53.57539663763071,40.0,CS,,8.0,BOB,0.1556546241044998,5.800000190734863,0.3402106409976728,MEDIUM,SAFETY_AGENT,BROADER_INDIAN_MARINE_REGION,INDIAN_MARINE,,,
GRID_0646,19.5,71.5,4.39,1.773,7.05,234.98,302.26,79.72443671474198,SARAL_AltiKa,0.0855,-0.104,0.13463376,152.5839243926802,90.0,ESCS,962.0,40.0,ARB,0.1132101491093635,6.0,0.285387890721636,LOW,SAFETY_AGENT,BROADER_INDIAN_MARINE_REGION,INDIAN_MARINE,,,
GRID_0647,13.0,81.5,6.84,1.51,4.84,183.76,302.72,25.85422693425025,SARAL_AltiKa,-0.0014999956,0.148,0.1480076,33.35847799336784,55.0,SCS,982.0,18.0,BOB,0.1318274140357971,6.400000095367432,0.2959561185180962,LOW,SAFETY_AGENT,BROADER_INDIAN_MARINE_REGION,INDIAN_MARINE,,,
GRID_0648,9.5,91.5,9.17,,,,,108.62335403973464,NO_NEARBY_SARAL,0.091000006,0.031000003,0.096135326,474.9685825284764,25.0,D,,3.0,BOB,0.2472283542156219,4.300000190734863,0.0956410288223635,LOW,SAFETY_AGENT,BROADER_INDIAN_MARINE_REGION,INDIAN_MARINE,,,
GRID_0649,10.25,73.25,5.53,,,,,124.43267669477386,NO_NEARBY_SARAL,0.0435,-0.0295,0.05255949,436.48977899373904,25.0,D,,3.0,ARB,0.1960301101207733,4.5,0.1027990905771802,LOW,SAFETY_AGENT,BROADER_INDIAN_MARINE_REGION,INDIAN_MARINE,,,
GRID_0650,11.25,88.5,9.59,,,,,169.06259076793583,NO_NEARBY_SARAL,-0.058500003,0.1435,0.15496613,475.7543767613946,25.0,D,,3.0,BOB,0.196303978562355,5.699999809265137,0.10186105982262,LOW,SAFETY_AGENT,BROADER_INDIAN_MARINE_REGION,INDIAN_MARINE,,,
GRID_0651,17.0,71.0,6.98,,,,,193.89750618790745,NO_NEARBY_SARAL,-0.044,0.179,0.18432851,197.5701958103664,80.0,VSCS,970.0,30.0,ARB,0.1192333996295929,4.099999904632568,0.2789265423749471,LOW,SAFETY_AGENT,BROADER_INDIAN_MARINE_REGION,INDIAN_MARINE,,,
GRID_0652,7.0,74.25,4.97,1.824,6.55,203.23,302.25,96.00969434838186,SARAL_AltiKa,-0.1535,0.13350001,0.20343181,602.6320423452341,,,,,,0.177755057811737,4.800000190734863,0.2000461659338849,LOW,SAFETY_AGENT,BROADER_INDIAN_MARINE_REGION,INDIAN_MARINE,,,
GRID_0653,9.75,89.75,7.33,2.283,6.26,210.9,302.28000000000003,72.43685312024263,SARAL_AltiKa,-0.0395,-0.037,0.05412255,361.33070387083535,25.0,D,,3.0,BOB,0.2305958271026611,6.5,0.212689533406506,LOW,SAFETY_AGENT,BROADER_INDIAN_MARINE_REGION,INDIAN_MARINE,,,
GRID_0654,13.0,91.0,8.35,,,,,137.93903447317888,NO_NEARBY_SARAL,0.004499998,0.0335,0.03380089,175.31672074250645,25.0,D,990.0,3.0995834159888913,BOB,0.2316908687353134,4.699999809265137,0.1794642998537189,LOW,SAFETY_AGENT,BROADER_INDIAN_MARINE_REGION,INDIAN_MARINE,,,
GRID_0655,5.5,76.25,5.54,1.834,6.24,184.44,302.26,83.67242108394531,SARAL_AltiKa,-0.083000004,0.18300001,0.20094278,556.7156791719242,,,,,,0.168583407998085,3.900000095367432,0.2109576670950003,LOW,SAFETY_AGENT,BROADER_INDIAN_MARINE_REGION,INDIAN_MARINE,,,
GRID_0656,5.0,77.75,5.43,1.864,6.58,184.5,302.04,64.30510265301652,SARAL_AltiKa,0.0445,0.109500006,0.118196875,536.3019926087544,,,,,,0.1862425804138183,5.900000095367432,0.2040272245260397,LOW,SAFETY_AGENT,BROADER_INDIAN_MARINE_REGION,INDIAN_MARINE,,,
GRID_0657,8.0,81.5,2.73,,,,,146.99023793193146,NO_NEARBY_SARAL,,,,124.0474692299552,25.0,,,3.0,BOB,,,0.2038426601246744,LOW,SAFETY_AGENT,BROADER_INDIAN_MARINE_REGION,INDIAN_MARINE,,,
GRID_0658,9.5,77.25,4.75,,,,,96.75096058504349,SARAL_AltiKa,,,,193.15031175133456,25.0,,,3.0,BOB,,,0.1831118073682605,LOW,SAFETY_AGENT,BROADER_INDIAN_MARINE_REGION,INDIAN_MARINE,,,
GRID_0659,13.75,82.75,5.71,,,,,123.90777271514384,NO_NEARBY_SARAL,-0.083000004,-0.12850001,0.15297468,38.744012550711545,25.0,D,,3.0,BOB,0.1079397425055503,4.699999809265137,0.232044113495683,LOW,SAFETY_AGENT,BROADER_INDIAN_MARINE_REGION,INDIAN_MARINE,,,
GRID_0660,16.0,77.75,3.32,,,,,196.3280406784446,NO_NEARBY_SARAL,,,,80.16552433982746,25.0,D,997.0,3.0,BOB,,,0.2170072435917127,LOW,SAFETY_AGENT,BROADER_INDIAN_MARINE_REGION,INDIAN_MARINE,,,
GRID_0661,7.5,70.0,1.95,,,,,453.2488902109323,NO_NEARBY_SARAL,0.22950001,0.068500005,0.23950471,369.8650167834298,25.0,D,,3.0,ARB,0.1764545440673828,3.4000000953674316,0.1408821023728232,LOW,SAFETY_AGENT,BROADER_INDIAN_MARINE_REGION,INDIAN_MARINE,,,
GRID_0662,10.25,87.75,9.59,,,,,157.65177099851,NO_NEARBY_SARAL,0.033000004,0.0605,0.0689148,362.42684194984486,25.0,D,,3.0,BOB,0.2133472561836242,5.099999904632568,0.1269967955078219,LOW,SAFETY_AGENT,BROADER_INDIAN_MARINE_REGION,INDIAN_MARINE,,,
GRID_0663,8.5,90.5,7.2,2.056,6.3,209.99,302.22,22.32181378348327,SARAL_AltiKa,0.076000005,0.026,0.080324344,322.00402534367464,25.0,D,,3.0,BOB,0.2403834760189056,7.199999809265137,0.2059655187249108,LOW,SAFETY_AGENT,BROADER_INDIAN_MARINE_REGION,INDIAN_MARINE,,,
GRID_0664,13.0,68.25,7.23,,,,,391.1022980333301,NO_NEARBY_SARAL,-0.026500003,0.028500002,0.03891658,168.99003839530482,25.0,D,,3.0,ARB,0.061533149331808,4.0,0.181098479354738,LOW,SAFETY_AGENT,BROADER_INDIAN_MARINE_REGION,INDIAN_MARINE,,,
GRID_0665,12.25,74.5,4.94,1.763,7.49,236.72,302.56,56.6487314072353,SARAL_AltiKa,0.04,0.0775,0.08721382,404.0457465721366,25.0,D,,3.0,ARB,0.2721424996852875,6.099999904632568,0.1131546808965551,LOW,SAFETY_AGENT,BROADER_INDIAN_MARINE_REGION,INDIAN_MARINE,,,
GRID_0666,19.0,81.0,3.85,,,,,66.70741005351495,SARAL_AltiKa,,,,189.24553860968751,20.0,D,998.0,3.0,BOB,,,0.1759499059774213,LOW,SAFETY_AGENT,BROADER_INDIAN_MARINE_REGION,INDIAN_MARINE,,,
GRID_0667,18.25,77.0,4.63,,,,,325.3102288056476,NO_NEARBY_SARAL,,,,140.16455286516893,20.0,D,998.0,3.0,BOB,,,0.1906742017007769,LOW,SAFETY_AGENT,BROADER_INDIAN_MARINE_REGION,INDIAN_MARINE,,,
GRID_0668,9.0,83.25,4.3500000000000005,2.203,6.86,173.98,302.49,64.72039693282208,SARAL_AltiKa,-0.16550002,-0.08,0.18382125,62.01579788240716,25.0,D,,4.0,BOB,0.1783026754856109,8.399999618530273,0.2630064754665903,LOW,SAFETY_AGENT,BROADER_INDIAN_MARINE_REGION,INDIAN_MARINE,,,
GRID_0669,16.0,94.75,5.43,,,,,216.8445676204647,NO_NEARBY_SARAL,,,,146.98631247795117,115.0,VSCS,,65.58718508232494,BOB,,,0.2886276738169422,LOW,SAFETY_AGENT,BROADER_INDIAN_MARINE_REGION,INDIAN_MARINE,,,
GRID_0670,15.5,79.25,5.63,,,,,28.10504740695424,SARAL_AltiKa,,,,61.728254204457194,30.0,DD,995.0,5.0,BOB,,,0.2308717579656571,LOW,SAFETY_AGENT,BROADER_INDIAN_MARINE_REGION,INDIAN_MARINE,,,
GRID_0671,15.25,90.0,8.28,1.958,5.86,207.97,302.41,86.04214734368439,SARAL_AltiKa,0.11000001,0.155,0.19006579,110.76040280282038,35.0,CS,986.0,6.075183495338227,BOB,0.2313484400510788,6.5,0.3100401625926149,MEDIUM,SAFETY_AGENT,BROADER_INDIAN_MARINE_REGION,INDIAN_MARINE,,,
GRID_0672,12.25,73.75,4.62,1.868,7.3,237.46,302.55,22.928305146764036,SARAL_AltiKa,0.050000004,0.01,0.0509902,328.90243082234394,25.0,D,,3.0,ARB,0.2272418439388275,5.0,0.1401630620298105,LOW,SAFETY_AGENT,BROADER_INDIAN_MARINE_REGION,INDIAN_MARINE,,,
GRID_0673,15.75,74.5,6.31,,,,,139.45726923246454,NO_NEARBY_SARAL,,,,428.7114384249961,25.0,D,997.0,3.0,BOB,,,0.1124434693661621,LOW,SAFETY_AGENT,BROADER_INDIAN_MARINE_REGION,INDIAN_MARINE,,,
GRID_0674,19.5,70.75,7.21,,,,,156.25041129616443,NO_NEARBY_SARAL,0.0555,-0.000500001,0.055502255,114.22197688403836,90.0,ESCS,962.0,40.0,ARB,0.0970568135380745,6.400000095367432,0.292142941182984,LOW,SAFETY_AGENT,BROADER_INDIAN_MARINE_REGION,INDIAN_MARINE,,,
GRID_0675,13.75,97.0,2.38,1.14,5.25,232.65,302.31,49.67037395117439,SARAL_AltiKa,0.08600001,0.0050000027,0.08614524,415.92749218062033,30.0,DD,,4.463400119024003,BOB,0.3152637481689453,6.900000095367432,0.0664077690972533,LOW,SAFETY_AGENT,BROADER_INDIAN_MARINE_REGION,INDIAN_MARINE,47865.0,0.227,2024-06-18 23:15:15.606684160
GRID_0676,10.25,83.75,8.72,,,,,147.60939689602796,NO_NEARBY_SARAL,-0.2515,-0.0445,0.25540656,98.40461522072876,25.0,D,990.0,3.0,BOB,0.1733745336532592,6.5,0.2254527077679145,LOW,SAFETY_AGENT,BROADER_INDIAN_MARINE_REGION,INDIAN_MARINE,,,
GRID_0677,16.25,85.0,7.45,,,,,274.83248753348863,NO_NEARBY_SARAL,0.0915,0.1555,0.18042311,53.65833826830427,45.0,CS,,10.0,BOB,0.1339493244886398,4.0,0.2633630161640636,LOW,SAFETY_AGENT,BROADER_INDIAN_MARINE_REGION,INDIAN_MARINE,,,
GRID_0678,12.0,92.75,5.55,,,,,299.9268998563272,NO_NEARBY_SARAL,,,,309.15670102435723,25.0,D,990.0,3.0995834159888913,BOB,,,0.1483098905863537,LOW,SAFETY_AGENT,BROADER_INDIAN_MARINE_REGION,INDIAN_MARINE,,,
GRID_0679,15.5,83.25,8.1,,,,,217.15513765885123,NO_NEARBY_SARAL,0.315,0.094500005,0.32886967,61.70011432240771,45.0,CS,,10.0,BOB,0.1753593981266021,7.400000095367432,0.2775986645796113,LOW,SAFETY_AGENT,BROADER_INDIAN_MARINE_REGION,INDIAN_MARINE,,,
GRID_0680,14.0,68.0,7.97,,,,,387.17975920193743,NO_NEARBY_SARAL,0.09150001,0.10350001,0.13814667,121.2687606152708,25.0,D,,3.0,ARB,0.0485968142747879,3.200000047683716,0.2049055308749475,LOW,SAFETY_AGENT,BROADER_INDIAN_MARINE_REGION,INDIAN_MARINE,,,
GRID_0681,9.75,77.5,5.16,,,,,75.93450958688574,SARAL_AltiKa,,,,164.48940661483638,25.0,,,3.0,BOB,,,0.19171007890921,LOW,SAFETY_AGENT,BROADER_INDIAN_MARINE_REGION,INDIAN_MARINE,,,
GRID_0682,10.25,74.25,2.61,1.86,7.98,224.21,302.44,18.066020874817564,SARAL_AltiKa,0.008000001,0.028,0.02912044,505.59529190174226,,,,,,0.2583847045898437,4.199999809265137,0.1855166028600953,LOW,SAFETY_AGENT,BROADER_INDIAN_MARINE_REGION,INDIAN_MARINE,,,
GRID_0683,5.5,72.0,0.78,,,,,374.9310716405645,NO_NEARBY_SARAL,-0.1525,0.054000005,0.1617784,674.9410524584525,,,,,,0.1654347628355026,4.599999904632568,0.1945000240533931,LOW,SAFETY_AGENT,BROADER_INDIAN_MARINE_REGION,INDIAN_MARINE,,,
GRID_0684,14.25,95.25,6.45,,,,,123.7306416755635,NO_NEARBY_SARAL,0.056500003,-0.103,0.11747872,348.50827521787085,115.0,VSCS,,65.58718508232494,BOB,0.2801508903503418,6.300000190734863,0.2284624334225487,LOW,SAFETY_AGENT,BROADER_INDIAN_MARINE_REGION,INDIAN_MARINE,,,
GRID_0685,18.0,84.75,9.2,,,,,340.18926329155767,NO_NEARBY_SARAL,0.282,0.26900002,0.38972428,114.31177121211694,55.0,SCS,,15.001983733386234,BOB,0.126146450638771,4.400000095367432,0.2829442628106455,LOW,SAFETY_AGENT,BROADER_INDIAN_MARINE_REGION,INDIAN_MARINE,,,
GRID_0686,11.5,90.5,7.41,2.106,5.92,207.48,302.26,49.57970299825978,SARAL_AltiKa,0.0785,-0.0015000002,0.07851433,350.73397346500707,25.0,D,990.0,3.0995834159888913,BOB,0.254346638917923,7.0,0.2054671075577926,LOW,SAFETY_AGENT,BROADER_INDIAN_MARINE_REGION,INDIAN_MARINE,,,
GRID_0687,11.25,75.5,4.99,,,,,139.0890599835825,NO_NEARBY_SARAL,0.0045000017,-0.16200002,0.16206251,419.7026706213644,25.0,,,3.0,BOB,,,0.1190900093072516,LOW,SAFETY_AGENT,BROADER_INDIAN_MARINE_REGION,INDIAN_MARINE,,,
GRID_0688,7.5,80.0,6.14,,,,,246.27564389184576,NO_NEARBY_SARAL,,,,229.0861498733772,25.0,,,3.0,BOB,,,0.1723310559316477,LOW,SAFETY_AGENT,BROADER_INDIAN_MARINE_REGION,INDIAN_MARINE,,,
GRID_0689,5.25,77.5,5.65,1.91,6.55,187.31,302.03000000000003,31.33045078150193,SARAL_AltiKa,0.032,0.08850001,0.09410766,521.4874974838589,,,,,,0.178028792142868,4.0,0.2088811018410119,LOW,SAFETY_AGENT,BROADER_INDIAN_MARINE_REGION,INDIAN_MARINE,,,
GRID_0690,17.75,70.75,7.45,,,,,200.68999794505257,NO_NEARBY_SARAL,-0.0965,0.0145000005,0.0975833,115.0506053858006,80.0,VSCS,970.0,30.0,ARB,0.134633868932724,5.099999904632568,0.2955463996755745,LOW,SAFETY_AGENT,BROADER_INDIAN_MARINE_REGION,INDIAN_MARINE,,,
GRID_0691,14.0,68.75,8.31,,,,,466.0489479243656,NO_NEARBY_SARAL,-0.007000001,0.14450002,0.14466947,61.78202508059306,25.0,D,,3.0,ARB,0.045037642121315,2.5999999046325684,0.2230949335334416,LOW,SAFETY_AGENT,BROADER_INDIAN_MARINE_REGION,INDIAN_MARINE,,,
GRID_0692,8.75,77.25,2.33,,,,,79.00300619288218,SARAL_AltiKa,,,,219.20393516465617,25.0,,,3.0,BOB,,,0.175295720344264,LOW,SAFETY_AGENT,BROADER_INDIAN_MARINE_REGION,INDIAN_MARINE,,,
GRID_0693,19.75,80.75,4.18,,,,,23.55400677959383,SARAL_AltiKa,,,,141.4153284739961,20.0,D,998.0,3.0,BOB,,,0.1902989690181287,LOW,SAFETY_AGENT,BROADER_INDIAN_MARINE_REGION,INDIAN_MARINE,,,
GRID_0694,6.5,74.0,3.21,,,,,134.98298105039868,NO_NEARBY_SARAL,-0.19000001,0.181,0.2624138,655.3580716752235,,,,,,0.1396988630294799,3.5999999046325684,0.203999224303878,LOW,SAFETY_AGENT,BROADER_INDIAN_MARINE_REGION,INDIAN_MARINE,,,
GRID_0695,17.75,82.75,2.19,,,,,217.1774404620336,NO_NEARBY_SARAL,,,,76.98950274254874,25.0,DD,,4.0,BOB,,,0.2179600500708963,LOW,SAFETY_AGENT,BROADER_INDIAN_MARINE_REGION,INDIAN_MARINE,,,
GRID_0696,7.0,76.25,5.12,,,,,119.17870392197504,NO_NEARBY_SARAL,-0.057000004,0.17900002,0.18785635,426.2049131037108,25.0,,,3.0,BOB,0.1767283827066421,5.099999904632568,0.1196659819779696,LOW,SAFETY_AGENT,BROADER_INDIAN_MARINE_REGION,INDIAN_MARINE,,,
GRID_0697,7.0,82.0,13.22,,,,,117.49058827391144,NO_NEARBY_SARAL,,,,222.38985328911744,25.0,,,3.0,BOB,,,0.1743399449069256,LOW,SAFETY_AGENT,BROADER_INDIAN_MARINE_REGION,INDIAN_MARINE,,,
GRID_0698,14.75,90.75,8.55,,,,,152.68956404656916,NO_NEARBY_SARAL,-0.060500003,-0.061500005,0.08626993,85.3480291232802,25.0,D,990.0,3.0995834159888913,BOB,0.2710473239421844,4.699999809265137,0.2118002024775039,LOW,SAFETY_AGENT,BROADER_INDIAN_MARINE_REGION,INDIAN_MARINE,,,
GRID_0699,15.5,95.0,5.02,,,,,179.1867331762759,NO_NEARBY_SARAL,0.032,0.0175,0.036472596,207.1345966619772,115.0,VSCS,,65.58718508232494,BOB,,,0.2619681067617345,LOW,SAFETY_AGENT,BROADER_INDIAN_MARINE_REGION,INDIAN_MARINE,,,
GRID_0700,8.0,77.5,7.15,1.697,5.3100000000000005,220.78,301.88,34.34973108564877,SARAL_AltiKa,-0.231,0.046000004,0.23553556,250.7826073675477,25.0,,,3.0,BOB,,,0.2107799999500633,LOW,SAFETY_AGENT,BROADER_INDIAN_MARINE_REGION,INDIAN_MARINE,,,
GRID_0701,14.0,81.5,10.77,9.772,4.8100000000000005,184.89,302.78000000000003,2.484536755206457,SARAL_AltiKa,-0.012,0.17650001,0.17690746,107.89188195830587,25.0,D,,3.0,BOB,0.1227241232991218,5.300000190734863,0.5120133251494569,MEDIUM,SAFETY_AGENT,BROADER_INDIAN_MARINE_REGION,INDIAN_MARINE,,,
GRID_0702,13.0,74.75,3.11,,,,,100.89682827237944,NO_NEARBY_SARAL,0.08400001,-0.037,0.09178781,409.6655409700302,25.0,D,,3.0,ARB,,,0.1150736782026518,LOW,SAFETY_AGENT,BROADER_INDIAN_MARINE_REGION,INDIAN_MARINE,,,
GRID_0703,7.25,95.5,3.45,1.415,6.08,212.77,302.45,69.96297622827025,SARAL_AltiKa,-0.26500002,-0.041,0.26815295,827.9790219298063,,,,,,0.2162903994321823,4.699999809265137,0.1724812847638677,LOW,SAFETY_AGENT,BROADER_INDIAN_MARINE_REGION,INDIAN_MARINE,,,
GRID_0704,11.25,72.0,6.64,,,,,232.93778196536584,NO_NEARBY_SARAL,0.091,0.0045000003,0.09111119,272.74350185626207,25.0,D,,3.0,ARB,,,0.1560826279367823,LOW,SAFETY_AGENT,BROADER_INDIAN_MARINE_REGION,INDIAN_MARINE,,,
GRID_0705,6.25,76.25,5.06,,,,,101.48773750497212,NO_NEARBY_SARAL,-0.11950001,0.16750002,0.20575838,488.71439477199505,25.0,,,3.0,BOB,0.199178859591484,6.0,0.1032094667173802,LOW,SAFETY_AGENT,BROADER_INDIAN_MARINE_REGION,INDIAN_MARINE,,,
GRID_0706,15.5,93.25,7.45,,,,,361.9127258421214,NO_NEARBY_SARAL,0.0165,-0.065,0.067061536,218.3854873046578,25.0,D,990.0,3.0995834159888913,BOB,0.2561943829059601,4.900000095367432,0.1700309934135512,LOW,SAFETY_AGENT,BROADER_INDIAN_MARINE_REGION,INDIAN_MARINE,,,
GRID_0707,6.75,75.75,5.2700000000000005,1.725,6.59,189.01,302.25,59.43977307362088,SARAL_AltiKa,-0.116500005,0.2255,0.2538159,485.2781238729451,25.0,,,3.0,BOB,0.1734428405761718,4.199999809265137,0.1064817598441894,LOW,SAFETY_AGENT,BROADER_INDIAN_MARINE_REGION,INDIAN_MARINE,,,
GRID_0708,10.5,81.25,5.47,,,,,112.97749309027392,NO_NEARBY_SARAL,-0.176,0.256,0.31066382,147.43818487207363,30.0,DD,992.0,4.0,BOB,0.1570158451795578,5.800000190734863,0.2242107995800276,LOW,SAFETY_AGENT,BROADER_INDIAN_MARINE_REGION,INDIAN_MARINE,,,
GRID_0709,11.25,76.5,1.82,,,,,217.73188640968596,NO_NEARBY_SARAL,,,,323.14471888826586,25.0,,,3.0,BOB,,,0.1441134852271811,LOW,SAFETY_AGENT,BROADER_INDIAN_MARINE_REGION,INDIAN_MARINE,,,
GRID_0710,14.5,94.75,6.29,,,,,182.0524354847888,NO_NEARBY_SARAL,0.14400001,-0.10300001,0.17704521,312.4912753177404,115.0,VSCS,,65.58718508232494,BOB,0.2718686759471893,4.699999809265137,0.2444034766658451,LOW,SAFETY_AGENT,BROADER_INDIAN_MARINE_REGION,INDIAN_MARINE,,,
GRID_0711,17.25,75.5,5.59,,,,,277.99336635464823,NO_NEARBY_SARAL,,,,308.2220765542396,20.0,D,998.0,3.0,BOB,,,0.1402569445940557,LOW,SAFETY_AGENT,BROADER_INDIAN_MARINE_REGION,INDIAN_MARINE,,,
GRID_0712,18.0,74.25,5.81,,,,,166.1974757506456,NO_NEARBY_SARAL,,,,428.2897528297221,20.0,D,998.0,3.0,BOB,,,0.1042366417114109,LOW,SAFETY_AGENT,BROADER_INDIAN_MARINE_REGION,INDIAN_MARINE,,,
GRID_0713,15.5,93.75,7.3,,,,,309.6906381215473,NO_NEARBY_SARAL,0.017,-0.134,0.13507406,215.54628521909848,115.0,VSCS,,65.58718508232494,BOB,0.243805781006813,5.199999809265137,0.2694697014580867,LOW,SAFETY_AGENT,BROADER_INDIAN_MARINE_REGION,INDIAN_MARINE,,,
GRID_0714,8.75,89.0,9.19,,,,,176.9467470144637,NO_NEARBY_SARAL,0.08100001,0.021499999,0.08380484,223.5998784454625,25.0,D,,3.0,BOB,0.222929760813713,6.300000190734863,0.1707578449637629,LOW,SAFETY_AGENT,BROADER_INDIAN_MARINE_REGION,INDIAN_MARINE,,,
GRID_0715,9.0,77.5,9.8,,3.82,180.92,,58.18297430518449,SARAL_AltiKa,,,,182.05359592825928,25.0,,,3.0,BOB,,,0.1864408221151831,LOW,SAFETY_AGENT,BROADER_INDIAN_MARINE_REGION,INDIAN_MARINE,,,
GRID_0716,13.0,80.25,0.7,,,,,137.78765248536095,NO_NEARBY_SARAL,,,,114.43315061428366,55.0,SCS,982.0,18.0,BOB,,,0.2567269557093758,LOW,SAFETY_AGENT,BROADER_INDIAN_MARINE_REGION,INDIAN_MARINE,,,
GRID_0717,16.25,89.75,7.69,2.354,5.88,204.76,302.5,83.65803825624694,SARAL_AltiKa,0.182,0.23250002,0.29526302,84.70474524582056,40.0,CS,984.0,7.934933544931562,BOB,0.2246407270431518,7.300000190734863,0.3582931470058958,MEDIUM,SAFETY_AGENT,BROADER_INDIAN_MARINE_REGION,INDIAN_MARINE,,,
GRID_0718,17.5,73.5,4.36,1.767,7.45,240.01,302.38,77.02248337304006,SARAL_AltiKa,,,,386.4648354200806,80.0,VSCS,970.0,30.0,ARB,,,0.2132841169343034,LOW,SAFETY_AGENT,BROADER_INDIAN_MARINE_REGION,INDIAN_MARINE,,,
GRID_0719,7.25,90.0,7.76,,,,,105.99808818487216,NO_NEARBY_SARAL,-0.26900002,0.08450001,0.28195968,222.4162361860914,25.0,D,,3.0,BOB,0.2388777732849121,5.400000095367432,0.1905182916250685,LOW,SAFETY_AGENT,BROADER_INDIAN_MARINE_REGION,INDIAN_MARINE,,,
GRID_0720,20.75,68.5,6.77,,,,,352.33443855448024,NO_NEARBY_SARAL,-0.048500005,-0.017,0.0513931,58.918255781685545,25.0,D,,3.0,ARB,0.070157416164875,3.4000000953674316,0.2150892268535902,LOW,SAFETY_AGENT,BROADER_INDIAN_MARINE_REGION,INDIAN_MARINE,,,
GRID_0721,21.25,68.25,6.75,,,,,329.61557245674237,NO_NEARBY_SARAL,0.024500001,-0.10650001,0.109281756,38.01528020817682,25.0,D,,3.0,ARB,0.0798767805099487,4.099999904632568,0.2275232834411381,LOW,SAFETY_AGENT,BROADER_INDIAN_MARINE_REGION,INDIAN_MARINE,,,
GRID_0722,11.0,68.75,5.71,,,,,399.03702087315406,NO_NEARBY_SARAL,0.0665,-0.0505,0.083501495,98.90018224609808,25.0,D,,3.0,ARB,0.1246407032012939,6.099999904632568,0.20779169653649,LOW,SAFETY_AGENT,BROADER_INDIAN_MARINE_REGION,INDIAN_MARINE,,,
GRID_0723,16.5,76.5,4.98,,,,,337.7727029499098,NO_NEARBY_SARAL,,,,220.0904389357544,20.0,D,998.0,3.0,BOB,,,0.1666964358796012,LOW,SAFETY_AGENT,BROADER_INDIAN_MARINE_REGION,INDIAN_MARINE,,,
GRID_0724,16.75,81.75,3.78,,,,,90.31353065899036,SARAL_AltiKa,,,,84.50808322662719,40.0,CS,,8.0,BOB,,,0.2407044759256728,LOW,SAFETY_AGENT,BROADER_INDIAN_MARINE_REGION,INDIAN_MARINE,,,
GRID_0725,14.75,77.0,5.69,,,,,245.84771775428163,NO_NEARBY_SARAL,,,,212.5604387505073,25.0,D,997.0,3.0,BOB,,,0.1772887692685087,LOW,SAFETY_AGENT,BROADER_INDIAN_MARINE_REGION,INDIAN_MARINE,,,
GRID_0726,16.0,69.5,9.0,,,,,375.33789800990417,NO_NEARBY_SARAL,0.012499999,-0.076500006,0.07751452,175.2047930524986,25.0,D,,3.0,ARB,0.0773442462086677,6.599999904632568,0.1844333746520883,LOW,SAFETY_AGENT,BROADER_INDIAN_MARINE_REGION,INDIAN_MARINE,,,
GRID_0727,9.75,74.0,2.52,1.815,7.94,225.03,302.41,56.5691190400078,SARAL_AltiKa,0.056500003,-0.020000003,0.059935383,529.7070731812237,,,,,,0.1858317703008651,4.699999809265137,0.1849167148243728,LOW,SAFETY_AGENT,BROADER_INDIAN_MARINE_REGION,INDIAN_MARINE,,,
GRID_0728,9.0,93.25,7.1,,,,,213.03251875330523,NO_NEARBY_SARAL,-0.050500005,-0.12100001,0.1311154,619.3603683223768,,,,,,0.2806300520896911,4.800000190734863,0.1918217124195797,LOW,SAFETY_AGENT,BROADER_INDIAN_MARINE_REGION,INDIAN_MARINE,,,
GRID_0729,20.0,73.25,3.48,,,,,110.82671986223065,NO_NEARBY_SARAL,,,,279.1917811920071,50.0,SCS,990.0,12.0,ARB,,,0.1989660332027255,LOW,SAFETY_AGENT,BROADER_INDIAN_MARINE_REGION,INDIAN_MARINE,,,
GRID_0730,5.75,76.0,5.91,1.848,6.2700000000000005,184.81,302.25,62.70533195877886,SARAL_AltiKa,-0.0815,0.22500001,0.23930578,549.6692004818805,,,,,,0.2181383520364761,6.0,0.2245345210740793,LOW,SAFETY_AGENT,BROADER_INDIAN_MARINE_REGION,INDIAN_MARINE,,,
GRID_0731,9.0,92.25,7.47,,,,,177.12104245369247,NO_NEARBY_SARAL,-0.021499991,0.002000004,0.021592814,518.1084855690361,,,,,,0.2469543218612671,4.0,0.1803852643986412,LOW,SAFETY_AGENT,BROADER_INDIAN_MARINE_REGION,INDIAN_MARINE,,,
GRID_0732,10.75,68.25,5.54,,,,,340.1376497351118,NO_NEARBY_SARAL,0.08950001,0.0,0.08950001,86.48767234898443,30.0,DD,,5.0,ARB,0.0989732667803764,5.199999809265137,0.2199344657002215,LOW,SAFETY_AGENT,BROADER_INDIAN_MARINE_REGION,INDIAN_MARINE,,,
GRID_0733,10.75,79.75,1.01,,,,,139.9601822684946,NO_NEARBY_SARAL,,,,141.66189333769424,25.0,,,3.0,BOB,,,0.1985583328923526,LOW,SAFETY_AGENT,BROADER_INDIAN_MARINE_REGION,INDIAN_MARINE,,,
GRID_0734,17.5,74.75,7.19,,,,,206.1671109834443,NO_NEARBY_SARAL,,,,380.0323203854247,20.0,D,998.0,3.0,BOB,,,0.1187138714447001,LOW,SAFETY_AGENT,BROADER_INDIAN_MARINE_REGION,INDIAN_MARINE,,,
GRID_0735,11.0,75.5,5.47,,,,,133.20747176762532,NO_NEARBY_SARAL,0.031,-0.16600001,0.16886978,409.22023552172425,25.0,,,3.0,BOB,,,0.1229154668371436,LOW,SAFETY_AGENT,BROADER_INDIAN_MARINE_REGION,INDIAN_MARINE,,,
GRID_0736,11.75,83.25,7.36,,,,,129.6900485158498,NO_NEARBY_SARAL,0.1315,-0.0645,0.14646673,116.78697149067015,30.0,DD,992.0,4.0,BOB,0.1123886927962303,3.799999952316284,0.2158748865942809,LOW,SAFETY_AGENT,BROADER_INDIAN_MARINE_REGION,INDIAN_MARINE,,,
GRID_0737,16.0,94.0,6.51,,,,,294.9526826083087,NO_NEARBY_SARAL,-0.12100001,-0.037000004,0.12653063,154.0546745066144,115.0,VSCS,,65.58718508232494,BOB,,,0.2868978868083433,LOW,SAFETY_AGENT,BROADER_INDIAN_MARINE_REGION,INDIAN_MARINE,,,
GRID_0738,11.0,94.5,8.77,,,,,126.50934194853018,NO_NEARBY_SARAL,-0.27400002,-0.049500003,0.27843538,507.23009443737857,,,,,,0.2245039939880371,6.800000190734863,0.2074133952743256,LOW,SAFETY_AGENT,BROADER_INDIAN_MARINE_REGION,INDIAN_MARINE,,,
GRID_0739,11.75,77.5,3.54,,,,,123.22371078737667,NO_NEARBY_SARAL,,,,280.73841447538825,25.0,,,3.0,BOB,,,0.1568353765510444,LOW,SAFETY_AGENT,BROADER_INDIAN_MARINE_REGION,INDIAN_MARINE,,,
GRID_0740,11.75,75.25,4.64,,,,,124.34566569320258,NO_NEARBY_SARAL,-0.015000002,-0.0675,0.06914659,468.8184706368455,25.0,,,3.0,BOB,,,0.0950636773026072,LOW,SAFETY_AGENT,BROADER_INDIAN_MARINE_REGION,INDIAN_MARINE,,,
GRID_0741,16.25,71.75,7.26,,,,,134.8661247837693,NO_NEARBY_SARAL,-0.0695,0.038500004,0.07945124,311.57234621524617,80.0,VSCS,970.0,30.0,ARB,0.1611910015344619,5.099999904632568,0.2348430642582452,LOW,SAFETY_AGENT,BROADER_INDIAN_MARINE_REGION,INDIAN_MARINE,,,
GRID_0742,10.5,69.5,5.16,,,,,467.65367645441006,NO_NEARBY_SARAL,0.07,0.053500004,0.08810364,197.91497661761576,25.0,D,,3.0,ARB,0.1140314489603042,4.900000095367432,0.1779209496847997,LOW,SAFETY_AGENT,BROADER_INDIAN_MARINE_REGION,INDIAN_MARINE,,,
GRID_0743,14.5,69.75,8.64,,,,,388.2178282062378,NO_NEARBY_SARAL,0.015999999,-0.014500001,0.021592824,61.78202508059306,30.0,DD,,5.0,ARB,0.0734428018331527,3.200000047683716,0.2194916152375801,LOW,SAFETY_AGENT,BROADER_INDIAN_MARINE_REGION,INDIAN_MARINE,,,
GRID_0744,11.0,79.5,1.87,,,,,107.25947907420309,NO_NEARBY_SARAL,,,,154.55370966494428,25.0,,,3.0,BOB,,,0.1946907879941776,LOW,SAFETY_AGENT,BROADER_INDIAN_MARINE_REGION,INDIAN_MARINE,,,
GRID_0745,14.75,94.5,6.21,,,,,214.06622500517545,NO_NEARBY_SARAL,0.15750001,-0.0675,0.1713549,283.54706294362484,115.0,VSCS,,65.58718508232494,BOB,0.2653663754463196,5.699999809265137,0.2530014536268276,LOW,SAFETY_AGENT,BROADER_INDIAN_MARINE_REGION,INDIAN_MARINE,,,
GRID_0746,12.25,68.75,6.68,,,,,427.1756419766974,NO_NEARBY_SARAL,-0.046,0.0635,0.078410774,116.68435095716512,25.0,D,,3.0,ARB,0.0706364884972572,3.0,0.2002623633340935,LOW,SAFETY_AGENT,BROADER_INDIAN_MARINE_REGION,INDIAN_MARINE,,,
GRID_0747,12.0,80.25,3.95,,,,,162.39372369898592,NO_NEARBY_SARAL,0.054,0.11950001,0.13113448,146.76651052425993,50.0,SCS,986.0,14.0,BOB,0.1534083783626556,8.899999618530273,0.2413336822645604,LOW,SAFETY_AGENT,BROADER_INDIAN_MARINE_REGION,INDIAN_MARINE,,,
GRID_0748,12.25,93.5,4.83,,,,,261.7640649286248,NO_NEARBY_SARAL,-0.0825,0.19900002,0.21542343,330.7533834604426,25.0,D,990.0,3.0995834159888913,BOB,0.1766278147697448,5.900000095367432,0.1514578975464753,LOW,SAFETY_AGENT,BROADER_INDIAN_MARINE_REGION,INDIAN_MARINE,,,
GRID_0749,18.0,70.75,7.36,,,,,194.3375013591085,NO_NEARBY_SARAL,-0.026500002,-0.012499999,0.029300172,96.76704625741958,80.0,VSCS,970.0,30.0,ARB,0.107871375977993,4.900000095367432,0.2940362484770695,LOW,SAFETY_AGENT,BROADER_INDIAN_MARINE_REGION,INDIAN_MARINE,,,
GRID_0750,7.0,94.5,5.2700000000000005,1.65,6.15,214.79,302.45,31.74868968436906,SARAL_AltiKa,-0.15850002,-0.17500001,0.23610857,717.373906581983,,,,,,0.2363452464342117,5.5,0.1947103173100736,LOW,SAFETY_AGENT,BROADER_INDIAN_MARINE_REGION,INDIAN_MARINE,90362.0,0.204,2024-06-16 11:38:33.665616000
GRID_0751,13.5,78.25,5.57,,,,,85.3044158005422,SARAL_AltiKa,,,,185.3449936872287,30.0,DD,996.0,4.0,BOB,,,0.1937867361208256,LOW,SAFETY_AGENT,BROADER_INDIAN_MARINE_REGION,INDIAN_MARINE,,,
GRID_0752,12.0,79.75,2.95,,,,,109.4018588932136,NO_NEARBY_SARAL,,,,198.12042819841665,50.0,SCS,986.0,14.0,BOB,,,0.2232874391008026,LOW,SAFETY_AGENT,BROADER_INDIAN_MARINE_REGION,INDIAN_MARINE,,,
GRID_0753,7.0,82.75,8.98,2.529,6.15,197.93,302.26,36.77526968744093,SARAL_AltiKa,0.093499996,-0.22200002,0.2408864,148.6690782034068,25.0,,,3.0,BOB,0.1536618769168853,9.800000190734863,0.3501220713266376,MEDIUM,SAFETY_AGENT,BROADER_INDIAN_MARINE_REGION,INDIAN_MARINE,,,
GRID_0754,14.5,68.0,8.21,,,,,398.34664949440906,NO_NEARBY_SARAL,0.0995,0.104,0.1439314,107.6530201922413,25.0,D,,3.0,ARB,0.063312754034996,4.699999809265137,0.2103555157320476,LOW,SAFETY_AGENT,BROADER_INDIAN_MARINE_REGION,INDIAN_MARINE,,,
GRID_0755,10.75,68.75,4.91,,,,,393.3772463677663,NO_NEARBY_SARAL,0.062000006,-0.075500004,0.09769469,116.83668214172766,25.0,D,,3.0,ARB,0.1055441424250602,5.699999809265137,0.2035823246181769,LOW,SAFETY_AGENT,BROADER_INDIAN_MARINE_REGION,INDIAN_MARINE,,,
GRID_0756,14.25,97.0,2.94,1.088,5.3,234.35,302.28000000000003,37.54541447662258,SARAL_AltiKa,0.094000004,0.097,0.13507405,365.19796180672085,30.0,DD,,4.463400119024003,BOB,0.352909117937088,7.099999904632568,0.0823802892051427,LOW,SAFETY_AGENT,BROADER_INDIAN_MARINE_REGION,INDIAN_MARINE,46781.0,0.223,2024-06-18 23:15:23.864603008
GRID_0757,14.25,74.0,4.58,1.983,7.15,242.18,302.49,51.639605276877504,SARAL_AltiKa,0.054500002,-0.0355,0.065042295,334.4119637889359,25.0,D,,3.0,ARB,0.2666666805744171,0.4000000059604645,0.1472973070677355,LOW,SAFETY_AGENT,BROADER_INDIAN_MARINE_REGION,INDIAN_MARINE,,,
GRID_0758,11.75,79.25,1.58,,,,,62.51567071060072,SARAL_AltiKa,,,,229.57991878383703,25.0,,,3.0,BOB,,,0.1721829252585098,LOW,SAFETY_AGENT,BROADER_INDIAN_MARINE_REGION,INDIAN_MARINE,,,
GRID_0759,18.0,72.5,4.78,1.74,7.55,237.5,302.26,14.089630323076609,SARAL_AltiKa,0.063,-0.038000003,0.0735731,269.7919258056592,80.0,VSCS,970.0,30.0,ARB,0.213282898068428,9.300000190734863,0.2432696062655074,LOW,SAFETY_AGENT,BROADER_INDIAN_MARINE_REGION,INDIAN_MARINE,,,
GRID_0760,6.75,72.5,2.55,,,,,290.4093537809735,NO_NEARBY_SARAL,-0.0705,0.10800001,0.12897384,655.3917361290975,,,,,,0.1424367278814315,5.099999904632568,0.1914120729660079,LOW,SAFETY_AGENT,BROADER_INDIAN_MARINE_REGION,INDIAN_MARINE,,,
GRID_0761,6.25,77.75,5.87,1.785,6.3,199.02,301.95,34.50974192933055,SARAL_AltiKa,0.000500001,-0.09250001,0.09250136,407.5628823706768,25.0,,,3.0,BOB,0.1612594425678253,3.5999999046325684,0.1303344198475328,LOW,SAFETY_AGENT,BROADER_INDIAN_MARINE_REGION,INDIAN_MARINE,,,
GRID_0762,6.0,73.0,2.04,1.06,9.75,235.0,30.0,254.87118637012685,NO_NEARBY_SARAL,-0.2095,0.18150002,0.27718675,740.741896139328,,,,,,,,0.206371831687649,LOW,SAFETY_AGENT,BROADER_INDIAN_MARINE_REGION,INDIAN_MARINE,,,
GRID_0763,17.75,83.5,7.65,1.32,8.4,170.0,29.1,294.53445388089494,NO_NEARBY_SARAL,,,,128.37167533021363,25.0,DD,,4.0,BOB,,,0.2025453982945968,LOW,SAFETY_AGENT,BROADER_INDIAN_MARINE_REGION,INDIAN_MARINE,,,
GRID_0764,14.25,91.25,8.66,2.28,10.1,212.0,29.0,193.48166037756147,NO_NEARBY_SARAL,-0.055,-0.09950001,0.11368927,38.702798545884264,25.0,D,990.0,3.0995834159888913,BOB,0.2454484105110168,4.800000190734863,0.2285217085578796,LOW,SAFETY_AGENT,BROADER_INDIAN_MARINE_REGION,INDIAN_MARINE,,,
GRID_0765,15.25,81.75,8.23,1.452,5.53,167.63,302.7,54.575394481128065,SARAL_AltiKa,0.4605,-0.0625,0.46472198,38.63839554269861,35.0,CS,,6.0,BOB,0.1304110288619995,7.599999904632568,0.3162733735283283,MEDIUM,SAFETY_AGENT,BROADER_INDIAN_MARINE_REGION,INDIAN_MARINE,,,
GRID_0766,12.25,94.25,7.38,1.56,8.3,210.0,28.8,182.32773710921805,NO_NEARBY_SARAL,-0.008,0.09,0.09035485,388.69231375984594,25.0,D,990.0,3.0995834159888913,BOB,0.1848050504922866,5.400000095367432,0.1213398035459606,LOW,SAFETY_AGENT,BROADER_INDIAN_MARINE_REGION,INDIAN_MARINE,,,
GRID_0767,6.25,71.75,1.6,1.84,10.95,204.0,30.0,383.461505801834,NO_NEARBY_SARAL,-0.18400002,-0.0014999998,0.18400612,606.2219385102079,,,,,,0.1574264466762542,3.0999999046325684,0.195952775262995,LOW,SAFETY_AGENT,BROADER_INDIAN_MARINE_REGION,INDIAN_MARINE,,,
GRID_0768,19.75,74.0,6.65,,,,,181.3399633684431,NO_NEARBY_SARAL,,,,322.8937612091531,50.0,SCS,990.0,12.0,ARB,,,0.1858554391975816,LOW,SAFETY_AGENT,BROADER_INDIAN_MARINE_REGION,INDIAN_MARINE,,,
GRID_0769,15.5,90.0,7.21,2.075,5.88,207.3,302.43,91.94823420076362,SARAL_AltiKa,0.14050001,0.16750002,0.21862413,107.15072042802277,35.0,CS,986.0,6.075183495338227,BOB,0.2279262840747833,6.099999904632568,0.3021203458674298,MEDIUM,SAFETY_AGENT,BROADER_INDIAN_MARINE_REGION,INDIAN_MARINE,,,
GRID_0770,17.75,77.0,4.46,,,,,314.0835621314654,NO_NEARBY_SARAL,,,,140.35560140188477,20.0,D,998.0,3.0,BOB,,,0.1906168871397621,LOW,SAFETY_AGENT,BROADER_INDIAN_MARINE_REGION,INDIAN_MARINE,,,
GRID_0771,13.25,70.75,7.8,2.46,9.8,231.0,28.7,315.0966748458965,NO_NEARBY_SARAL,-0.023500001,-0.082,0.08530094,38.78383995121082,25.0,D,,3.0,ARB,0.1114305704832077,3.5,0.2246735184408447,LOW,SAFETY_AGENT,BROADER_INDIAN_MARINE_REGION,INDIAN_MARINE,,,
GRID_0772,21.0,75.0,5.27,,,,,311.37252195740217,NO_NEARBY_SARAL,,,,265.48378248312173,50.0,SCS,990.0,12.0,ARB,,,0.203078432815391,LOW,SAFETY_AGENT,BROADER_INDIAN_MARINE_REGION,INDIAN_MARINE,,,
GRID_0773,15.75,72.25,2.43,1.884,7.47,240.29,302.61,95.17477604514272,SARAL_AltiKa,-0.0515,0.14850001,0.15717666,284.04063087410697,25.0,D,,3.0,ARB,0.1736482083797454,5.699999809265137,0.1657895971633498,LOW,SAFETY_AGENT,BROADER_INDIAN_MARINE_REGION,INDIAN_MARINE,,,
GRID_0774,19.25,78.25,3.16,,,,,208.54715835082655,NO_NEARBY_SARAL,,,,103.6036341848714,20.0,D,998.0,3.0,BOB,,,0.2016424773048661,LOW,SAFETY_AGENT,BROADER_INDIAN_MARINE_REGION,INDIAN_MARINE,,,
GRID_0775,14.75,91.5,8.29,2.22,9.9,213.0,28.9,231.28155100532516,NO_NEARBY_SARAL,-0.065000005,-0.21100001,0.22078498,27.798731661139723,25.0,D,990.0,3.0995834159888913,BOB,0.2765916883945465,4.699999809265137,0.242530357627277,LOW,SAFETY_AGENT,BROADER_INDIAN_MARINE_REGION,INDIAN_MARINE,,,
GRID_0776,11.25,79.5,1.26,,,,,101.15446793296312,NO_NEARBY_SARAL,,,,180.81472274778068,25.0,,,3.0,BOB,,,0.1868124840693267,LOW,SAFETY_AGENT,BROADER_INDIAN_MARINE_REGION,INDIAN_MARINE,,,
GRID_0777,12.5,95.75,4.55,1.271,5.33,228.4,302.39,29.46584859815632,SARAL_AltiKa,0.09,-0.23200001,0.24884534,510.47665848261295,,,,,,0.29685178399086,4.900000095367432,0.1588519273683156,LOW,SAFETY_AGENT,BROADER_INDIAN_MARINE_REGION,INDIAN_MARINE,170735.0,0.115,2024-06-16 11:37:00.696467840
GRID_0778,20.25,80.75,4.19,,,,,11.291795384540263,SARAL_AltiKa,,,,87.36014882093515,20.0,D,998.0,3.0,BOB,,,0.206515522914047,LOW,SAFETY_AGENT,BROADER_INDIAN_MARINE_REGION,INDIAN_MARINE,,,
GRID_0779,16.5,95.75,3.52,,,,,112.89567927513924,NO_NEARBY_SARAL,,,,159.99795244748177,115.0,VSCS,,65.58718508232494,BOB,,,0.284724181826083,LOW,SAFETY_AGENT,BROADER_INDIAN_MARINE_REGION,INDIAN_MARINE,,,
GRID_0780,18.5,83.75,2.07,,,,,337.13056466657366,NO_NEARBY_SARAL,,,,172.1486174930321,20.0,D,,3.0,BOB,,,0.1810789823124179,LOW,SAFETY_AGENT,BROADER_INDIAN_MARINE_REGION,INDIAN_MARINE,,,
GRID_0781,11.75,71.5,7.06,2.22,10.15,227.0,29.0,273.56650532297124,NO_NEARBY_SARAL,0.20500001,0.0055000004,0.20507377,202.0120048087914,25.0,D,,3.0,ARB,0.1486653834581375,5.900000095367432,0.1889754390636916,LOW,SAFETY_AGENT,BROADER_INDIAN_MARINE_REGION,INDIAN_MARINE,,,
GRID_0782,6.5,73.75,3.11,1.44,11.1,153.0,29.7,161.90991419475353,NO_NEARBY_SARAL,-0.19550002,0.164,0.25517887,678.6304906859643,,,,,,0.1488706618547439,3.700000047683716,0.2033486608724667,LOW,SAFETY_AGENT,BROADER_INDIAN_MARINE_REGION,INDIAN_MARINE,,,
GRID_0783,11.25,90.0,7.62,2.023,5.97,207.99,302.26,9.74496143794133,SARAL_AltiKa,0.051,-0.0185,0.05425173,396.2678329723447,25.0,D,990.0,3.0995834159888913,BOB,0.2433950155973434,5.699999809265137,0.1859866438852558,LOW,SAFETY_AGENT,BROADER_INDIAN_MARINE_REGION,INDIAN_MARINE,,,
GRID_0784,7.25,82.5,8.66,2.873,6.18,195.02,302.3,57.6761698346939,SARAL_AltiKa,0.001500003,-0.2475,0.24750455,167.73196898665793,25.0,,,3.0,BOB,0.1748118549585342,8.899999618530273,0.3669345604173307,MEDIUM,SAFETY_AGENT,BROADER_INDIAN_MARINE_REGION,INDIAN_MARINE,,,
GRID_0785,15.75,85.75,8.25,2.0,8.9,196.0,28.9,185.2141859135763,NO_NEARBY_SARAL,-0.13250001,0.033000004,0.13654763,38.57091978119738,35.0,CS,,7.0,BOB,0.1887064576148986,7.0,0.2484719198763446,LOW,SAFETY_AGENT,BROADER_INDIAN_MARINE_REGION,INDIAN_MARINE,,,
GRID_0786,8.5,91.25,6.68,1.962,6.42,208.94,302.21,58.17513793045263,SARAL_AltiKa,0.011,-0.013499998,0.017414073,395.0120144354644,25.0,D,,3.0,BOB,0.2660509645938873,5.900000095367432,0.1589529304285291,LOW,SAFETY_AGENT,BROADER_INDIAN_MARINE_REGION,INDIAN_MARINE,,,
GRID_0787,9.5,80.75,4.66,0.32,5.35,160.0,29.8,190.75177121509373,NO_NEARBY_SARAL,,,,137.08736982916983,25.0,,,3.0,BOB,,,0.1999306899449099,LOW,SAFETY_AGENT,BROADER_INDIAN_MARINE_REGION,INDIAN_MARINE,,,
GRID_0788,20.75,70.0,5.86,1.92,9.1,228.0,27.7,200.49854933542076,NO_NEARBY_SARAL,0.10700001,-0.009,0.10737784,58.99404978299851,90.0,ESCS,962.0,40.0,ARB,,,0.313500795225428,MEDIUM,SAFETY_AGENT,BROADER_INDIAN_MARINE_REGION,INDIAN_MARINE,,,
GRID_0789,17.5,82.0,3.69,,,,,133.90229905083083,NO_NEARBY_SARAL,,,,69.25317185171834,25.0,DD,,4.0,BOB,,,0.2202809493381454,LOW,SAFETY_AGENT,BROADER_INDIAN_MARINE_REGION,INDIAN_MARINE,,,
GRID_0790,11.0,96.75,8.72,1.98,8.7,242.0,28.8,112.89946480601408,NO_NEARBY_SARAL,-0.086,-0.11850001,0.14641808,689.5851864781191,,,,,,0.261601835489273,4.400000095367432,0.1931044098303949,LOW,SAFETY_AGENT,BROADER_INDIAN_MARINE_REGION,INDIAN_MARINE,,,
GRID_0791,17.25,80.5,3.8,,,,,27.193530584178884,SARAL_AltiKa,,,,213.12553247566655,25.0,DD,,4.0,BOB,,,0.1771192411509609,LOW,SAFETY_AGENT,BROADER_INDIAN_MARINE_REGION,INDIAN_MARINE,,,
GRID_0792,15.5,86.5,9.71,2.08,9.25,198.0,29.1,101.07818328707874,NO_NEARBY_SARAL,-0.0325,-0.083,0.08913613,0.0,30.0,DD,,5.0,BOB,0.2385352253913879,7.300000190734863,0.2472432844921792,LOW,SAFETY_AGENT,BROADER_INDIAN_MARINE_REGION,INDIAN_MARINE,,,
GRID_0793,9.5,90.25,7.51,2.338,6.28,211.06,302.26,25.02535642070392,SARAL_AltiKa,0.056500003,0.038000003,0.068090014,372.2525324661987,25.0,D,,3.0,BOB,0.2564685344696045,9.399999618530272,0.2205077461389128,LOW,SAFETY_AGENT,BROADER_INDIAN_MARINE_REGION,INDIAN_MARINE,,,
GRID_0794,18.5,80.5,3.06,,,,,3.4796745797816713,SARAL_AltiKa,,,,147.74136087117435,20.0,D,998.0,3.0,BOB,,,0.1884011592989752,LOW,SAFETY_AGENT,BROADER_INDIAN_MARINE_REGION,INDIAN_MARINE,,,
GRID_0795,14.5,70.0,8.73,2.58,9.55,233.0,28.5,361.998539908925,NO_NEARBY_SARAL,0.022499999,-0.047000002,0.052108064,55.597463322279445,30.0,DD,,5.0,ARB,0.0833675339818,2.700000047683716,0.2241733195954458,LOW,SAFETY_AGENT,BROADER_INDIAN_MARINE_REGION,INDIAN_MARINE,,,
GRID_0796,11.5,87.75,8.94,2.46,9.8,201.0,28.9,127.0329967895612,NO_NEARBY_SARAL,-0.09700001,0.075,0.12261322,464.8512089624183,30.0,DD,,5.0,BOB,0.2041751742362976,5.599999904632568,0.1101997305325148,LOW,SAFETY_AGENT,BROADER_INDIAN_MARINE_REGION,INDIAN_MARINE,,,
GRID_0797,15.0,74.5,4.33,,,,,121.81794392342849,NO_NEARBY_SARAL,,,,412.42306793721656,25.0,D,,3.0,ARB,,,0.1173299805124959,LOW,SAFETY_AGENT,BROADER_INDIAN_MARINE_REGION,INDIAN_MARINE,,,
GRID_0798,8.75,80.5,7.02,,,,,235.90435330752192,NO_NEARBY_SARAL,,,,137.8697794316953,25.0,,,3.0,BOB,,,0.1996959670641523,LOW,SAFETY_AGENT,BROADER_INDIAN_MARINE_REGION,INDIAN_MARINE,,,
GRID_0799,15.75,93.25,7.57,2.16,9.5,225.0,28.9,367.50053657635505,NO_NEARBY_SARAL,-0.010000002,-0.114999995,0.11543395,196.40556907052937,115.0,VSCS,,65.58718508232494,BOB,0.2459274977445602,5.300000190734863,0.2733032097852367,LOW,SAFETY_AGENT,BROADER_INDIAN_MARINE_REGION,INDIAN_MARINE,,,
GRID_0800,19.0,85.25,9.17,1.74,9.45,180.0,29.6,311.2232046419704,NO_NEARBY_SARAL,0.3175,0.0405,0.32007265,26.28421495365293,25.0,D,,4.0,BOB,0.134878933429718,7.900000095367432,0.2541591978951621,LOW,SAFETY_AGENT,BROADER_INDIAN_MARINE_REGION,INDIAN_MARINE,,,
GRID_0801,12.0,97.0,4.59,0.873,3.99,256.21,302.47,92.26959832890576,SARAL_AltiKa,0.012,-0.20050001,0.2008588,600.3011186808982,,,,,,0.3068448901176452,6.400000095367432,0.1322449228002992,LOW,SAFETY_AGENT,BROADER_INDIAN_MARINE_REGION,INDIAN_MARINE,,,
GRID_0802,8.5,93.25,6.99,1.4,6.9,247.0,29.0,201.3684031486423,NO_NEARBY_SARAL,-0.132,-0.131,0.18597043,601.9878678922701,,,,,,,,0.197250199687649,LOW,SAFETY_AGENT,BROADER_INDIAN_MARINE_REGION,INDIAN_MARINE,,,
GRID_0803,11.25,69.75,5.49,2.24,10.3,220.0,29.0,472.0578844643812,NO_NEARBY_SARAL,-0.012,0.096,0.09674709,192.78314700725628,25.0,D,,3.0,ARB,0.1101300045847892,4.0,0.179865089909285,LOW,SAFETY_AGENT,BROADER_INDIAN_MARINE_REGION,INDIAN_MARINE,,,
GRID_0804,7.5,77.25,5.92,1.913,6.1000000000000005,220.26,301.90000000000003,49.29443749983217,SARAL_AltiKa,-0.105000004,0.040000003,0.11236103,311.219119296777,25.0,,,3.0,BOB,0.1029431298375129,4.5,0.1731943917022273,LOW,SAFETY_AGENT,BROADER_INDIAN_MARINE_REGION,INDIAN_MARINE,,,
GRID_0805,13.25,82.75,5.89,1.7,9.0,186.0,29.9,112.14762144582735,NO_NEARBY_SARAL,-0.0985,-0.033500005,0.10404085,87.662993408667,25.0,D,,3.0,BOB,0.1190281137824058,3.700000047683716,0.2120027572856977,LOW,SAFETY_AGENT,BROADER_INDIAN_MARINE_REGION,INDIAN_MARINE,,,
GRID_0806,8.5,73.25,5.68,1.7,10.55,202.0,29.4,167.0853620947974,NO_NEARBY_SARAL,-0.16100001,0.20650001,0.26184586,607.7666285059257,,,,,,0.1791924089193344,4.800000190734863,0.2046411643116538,LOW,SAFETY_AGENT,BROADER_INDIAN_MARINE_REGION,INDIAN_MARINE,,,
GRID_0807,8.5,96.75,8.52,1.64,8.55,250.0,29.1,173.87357504915812,NO_NEARBY_SARAL,0.26900002,0.092500016,0.28445962,878.6441211210685,,,,,,0.2019850760698318,3.5999999046325684,0.2063595218364789,LOW,SAFETY_AGENT,BROADER_INDIAN_MARINE_REGION,INDIAN_MARINE,,,
GRID_0808,10.5,90.0,7.27,2.098,6.11,208.38,302.27,27.825071127494457,SARAL_AltiKa,-0.13850002,-0.042000003,0.14472821,446.944451622249,25.0,D,,3.0,BOB,0.2318960130214691,8.300000190734863,0.1803525589745797,LOW,SAFETY_AGENT,BROADER_INDIAN_MARINE_REGION,INDIAN_MARINE,,,
GRID_0809,14.75,75.0,5.09,,,,,168.29543028655343,NO_NEARBY_SARAL,,,,400.1559356752824,25.0,D,997.0,3.0,BOB,,,0.1210101201910762,LOW,SAFETY_AGENT,BROADER_INDIAN_MARINE_REGION,INDIAN_MARINE,,,
GRID_0810,17.25,68.5,9.02,2.7,9.1,231.0,28.0,446.10130408191594,NO_NEARBY_SARAL,0.09300001,0.0275,0.096980676,135.1929191948778,65.0,VSCS,980.0,22.0,ARB,0.0706365033984184,5.5,0.2644834497666994,LOW,SAFETY_AGENT,BROADER_INDIAN_MARINE_REGION,INDIAN_MARINE,,,
GRID_0811,15.25,83.5,7.71,1.96,9.05,176.0,29.2,237.50716938284737,NO_NEARBY_SARAL,0.20650001,0.0825,0.22237019,99.10455109229912,45.0,CS,,10.0,BOB,0.1691307574510574,5.400000095367432,0.2547118139469549,LOW,SAFETY_AGENT,BROADER_INDIAN_MARINE_REGION,INDIAN_MARINE,,,
GRID_0812,7.25,71.5,3.14,1.94,11.05,202.0,29.8,385.68040979996954,NO_NEARBY_SARAL,0.12650001,0.093,0.15700717,532.1831882294441,,,,,,0.156605064868927,4.599999904632568,0.1940008268084767,LOW,SAFETY_AGENT,BROADER_INDIAN_MARINE_REGION,INDIAN_MARINE,,,
GRID_0813,20.5,72.5,4.3,1.763,6.390000000000001,233.75,,46.57283980326533,SARAL_AltiKa,-0.315,0.025500001,0.31603044,208.30509356084295,90.0,ESCS,962.0,40.0,ARB,,,0.2857394087587414,LOW,SAFETY_AGENT,BROADER_INDIAN_MARINE_REGION,INDIAN_MARINE,,,
GRID_0814,12.75,88.75,9.26,2.4,9.75,205.0,29.0,105.75749415568028,NO_NEARBY_SARAL,-0.042000003,-0.07150001,0.08292317,355.2084773182888,25.0,D,990.0,3.0995834159888913,BOB,0.2084190994501114,8.899999618530273,0.1324508213624038,LOW,SAFETY_AGENT,BROADER_INDIAN_MARINE_REGION,INDIAN_MARINE,,,
GRID_0815,15.5,83.5,8.23,1.88,8.95,178.0,29.3,243.2534634053468,NO_NEARBY_SARAL,0.2625,0.1315,0.2935958,77.16463984104831,45.0,CS,,10.0,BOB,0.1587952971458435,6.099999904632568,0.2687405095761997,LOW,SAFETY_AGENT,BROADER_INDIAN_MARINE_REGION,INDIAN_MARINE,,,
GRID_0816,9.0,70.5,3.93,2.04,10.55,208.0,29.4,449.2608462702532,NO_NEARBY_SARAL,-0.12550001,-0.082,0.14991415,384.3893009271131,25.0,D,,3.0,ARB,0.153319627046585,4.900000095367432,0.1282579238371662,LOW,SAFETY_AGENT,BROADER_INDIAN_MARINE_REGION,INDIAN_MARINE,,,
GRID_0817,15.5,89.25,7.47,1.926,5.91,206.48,302.44,13.61816863911478,SARAL_AltiKa,0.15750001,0.17950001,0.23880224,173.8250056610755,40.0,CS,984.0,7.934933544931562,BOB,0.2018482536077499,5.099999904632568,0.284687342888013,LOW,SAFETY_AGENT,BROADER_INDIAN_MARINE_REGION,INDIAN_MARINE,,,
GRID_0818,10.0,90.75,7.33,2.283,6.26,210.9,302.28000000000003,40.39807281673496,SARAL_AltiKa,-0.015000001,0.0225,0.027041635,450.2425642453751,25.0,D,,3.0,BOB,0.1880220770835876,5.099999904632568,0.1825014493714127,LOW,SAFETY_AGENT,BROADER_INDIAN_MARINE_REGION,INDIAN_MARINE,,,
GRID_0819,15.75,68.75,8.96,2.74,9.15,235.0,28.2,460.04641161945574,NO_NEARBY_SARAL,-0.0615,0.19350001,0.20303819,141.56044555367478,25.0,D,,3.0,ARB,0.0617385022342205,2.9000000953674316,0.2051900316371668,LOW,SAFETY_AGENT,BROADER_INDIAN_MARINE_REGION,INDIAN_MARINE,,,
GRID_0820,14.5,95.5,6.58,1.64,8.5,232.0,28.9,103.41748704192248,NO_NEARBY_SARAL,0.017499998,-0.072000004,0.074096225,329.1954991787659,115.0,VSCS,,65.58718508232494,BOB,0.2991789579391479,4.599999904632568,0.229115586760201,LOW,SAFETY_AGENT,BROADER_INDIAN_MARINE_REGION,INDIAN_MARINE,,,
GRID_0821,14.0,92.75,7.7,2.1,9.25,233.0,29.1,345.3878356272874,NO_NEARBY_SARAL,0.19500001,0.1115,0.22462693,145.73796153590246,25.0,D,990.0,3.0995834159888913,BOB,0.2188227921724319,4.5,0.2072883615196603,LOW,SAFETY_AGENT,BROADER_INDIAN_MARINE_REGION,INDIAN_MARINE,,,
GRID_0822,5.5,76.0,5.68,1.77,6.24,184.46,302.26,56.73670410813759,SARAL_AltiKa,-0.086,0.21850002,0.23481537,572.1772321592354,,,,,,0.199794739484787,5.0,0.2124396210427,LOW,SAFETY_AGENT,BROADER_INDIAN_MARINE_REGION,INDIAN_MARINE,,,
GRID_0823,17.75,85.75,10.33,1.96,8.4,195.0,29.4,231.4478587251973,NO_NEARBY_SARAL,0.24350001,-0.013500001,0.24387395,87.48082470404657,30.0,DD,,5.0,BOB,0.1581793576478958,4.800000190734863,0.2350219294116065,LOW,SAFETY_AGENT,BROADER_INDIAN_MARINE_REGION,INDIAN_MARINE,,,
GRID_0824,12.25,74.0,4.62,1.868,7.3,237.46,302.55,4.97970259024415,SARAL_AltiKa,0.048,0.048,0.067882255,353.6479881683508,25.0,D,,3.0,ARB,0.2683782577514648,5.800000190734863,0.1349314414559075,LOW,SAFETY_AGENT,BROADER_INDIAN_MARINE_REGION,INDIAN_MARINE,,,
GRID_0825,18.5,68.0,8.39,2.64,9.15,229.0,28.0,377.5419841305128,NO_NEARBY_SARAL,0.12650001,-0.1065,0.16536173,210.89648041266335,80.0,VSCS,970.0,30.0,ARB,0.0543463192880153,5.400000095367432,0.2735197613887714,LOW,SAFETY_AGENT,BROADER_INDIAN_MARINE_REGION,INDIAN_MARINE,,,
GRID_0826,18.75,70.25,7.67,2.42,9.45,230.0,28.4,226.55266690456315,NO_NEARBY_SARAL,0.0555,0.030000001,0.06308922,38.29772398038415,80.0,VSCS,970.0,30.0,ARB,0.1132102087140083,4.800000190734863,0.3149192970897038,MEDIUM,SAFETY_AGENT,BROADER_INDIAN_MARINE_REGION,INDIAN_MARINE,,,
GRID_0827,18.75,78.5,4.71,,,,,182.63493690611793,NO_NEARBY_SARAL,,,,78.72235129352312,20.0,D,998.0,3.0,BOB,,,0.2091068621722706,LOW,SAFETY_AGENT,BROADER_INDIAN_MARINE_REGION,INDIAN_MARINE,,,
GRID_0828,9.75,92.0,8.4,2.6,10.25,220.0,29.0,167.9384696670886,NO_NEARBY_SARAL,0.10250001,0.027499996,0.10612493,530.9638009760968,,,,,,0.2207394242286682,4.900000095367432,0.1892229388022434,LOW,SAFETY_AGENT,BROADER_INDIAN_MARINE_REGION,INDIAN_MARINE,,,
GRID_0829,11.0,93.5,8.27,1.86,9.9,217.0,29.0,232.87423164124195,NO_NEARBY_SARAL,-0.064500004,0.047,0.07980759,445.52667840332697,25.0,D,990.0,3.0995834159888913,BOB,0.2268310934305191,5.400000095367432,0.1033398332602619,LOW,SAFETY_AGENT,BROADER_INDIAN_MARINE_REGION,INDIAN_MARINE,,,
GRID_0830,9.75,74.5,4.07,2.315,7.890000000000001,225.57,302.40000000000003,3.154095011769557,SARAL_AltiKa,0.025500001,0.055500004,0.061077826,493.2143797947778,25.0,,,3.0,BOB,0.2336760610342025,5.300000190734863,0.1292943255761862,LOW,SAFETY_AGENT,BROADER_INDIAN_MARINE_REGION,INDIAN_MARINE,,,
GRID_0831,8.75,70.5,3.78,1.98,10.7,205.0,29.5,455.5558922056423,NO_NEARBY_SARAL,-0.046,-0.0855,0.09708888,385.5244586687874,25.0,D,,3.0,ARB,0.1630316525697708,5.099999904632568,0.1227591294831044,LOW,SAFETY_AGENT,BROADER_INDIAN_MARINE_REGION,INDIAN_MARINE,,,
GRID_0832,15.5,81.0,8.1,1.646,5.94,164.42000000000002,302.68,17.87742078718505,SARAL_AltiKa,0.4795,0.26200002,0.5464103,120.82983905325376,35.0,CS,,6.0,BOB,,,0.3122699711110182,MEDIUM,SAFETY_AGENT,BROADER_INDIAN_MARINE_REGION,INDIAN_MARINE,,,
GRID_0833,12.5,96.75,4.55,1.277,5.24,229.03,302.37,76.4205056168779,SARAL_AltiKa,0.035,-0.13800001,0.14236924,555.4115248291029,,,,,,0.2843261659145355,4.300000190734863,0.1483730033708085,LOW,SAFETY_AGENT,BROADER_INDIAN_MARINE_REGION,INDIAN_MARINE,,,
GRID_0834,14.75,95.25,6.36,1.6,8.1,232.0,29.0,135.52040473386418,NO_NEARBY_SARAL,0.0045000017,-0.039000005,0.039258763,294.65660668250024,115.0,VSCS,,65.58718508232494,BOB,0.2996580898761749,6.800000190734863,0.2370947062819744,LOW,SAFETY_AGENT,BROADER_INDIAN_MARINE_REGION,INDIAN_MARINE,,,
GRID_0835,16.0,89.75,7.57,2.206,5.91,205.64,302.48,77.71185502944228,SARAL_AltiKa,0.18050002,0.21600002,0.28148937,97.47484109943508,40.0,CS,984.0,7.934933544931562,BOB,0.2179330289363861,5.800000190734863,0.3375846506712112,MEDIUM,SAFETY_AGENT,BROADER_INDIAN_MARINE_REGION,INDIAN_MARINE,,,
GRID_0836,16.75,77.5,4.59,,,,,239.6242984930287,NO_NEARBY_SARAL,,,,109.97796564583884,20.0,D,998.0,3.0,BOB,,,0.1997301778665759,LOW,SAFETY_AGENT,BROADER_INDIAN_MARINE_REGION,INDIAN_MARINE,,,
GRID_0837,12.5,92.25,8.25,2.32,9.6,228.0,29.0,258.43897757291563,NO_NEARBY_SARAL,0.009999998,-0.027500002,0.029261751,236.7115610340356,25.0,D,990.0,3.0995834159888913,BOB,0.2595323920249939,8.800000190734863,0.1627115378652192,LOW,SAFETY_AGENT,BROADER_INDIAN_MARINE_REGION,INDIAN_MARINE,,,
GRID_0838,20.25,82.75,3.86,,,,,214.45340558318392,NO_NEARBY_SARAL,,,,200.30290772806708,20.0,D,998.0,3.0,BOB,,,0.1726326952419074,LOW,SAFETY_AGENT,BROADER_INDIAN_MARINE_REGION,INDIAN_MARINE,,,
GRID_0839,16.25,75.0,6.1,,,,,203.1948002173041,NO_NEARBY_SARAL,,,,374.8982623787191,25.0,D,997.0,3.0,BOB,,,0.1285874221800452,LOW,SAFETY_AGENT,BROADER_INDIAN_MARINE_REGION,INDIAN_MARINE,,,
GRID_0840,20.0,76.25,4.84,,,,,392.7491092671027,NO_NEARBY_SARAL,,,,309.68331850506183,20.0,D,998.0,3.0,BOB,,,0.139818572008809,LOW,SAFETY_AGENT,BROADER_INDIAN_MARINE_REGION,INDIAN_MARINE,,,
GRID_0841,11.25,70.25,6.2,2.26,10.35,219.0,29.0,418.92065464276334,NO_NEARBY_SARAL,0.0145,0.097500004,0.098572314,246.84367675118972,25.0,D,,3.0,ARB,0.1318960189819336,4.5,0.1641338684220979,LOW,SAFETY_AGENT,BROADER_INDIAN_MARINE_REGION,INDIAN_MARINE,,,
GRID_0842,8.75,92.0,8.78,2.54,10.55,220.0,29.0,144.48851554687542,NO_NEARBY_SARAL,-0.025000006,-0.027500004,0.037165176,481.6259247941766,25.0,D,,3.0,BOB,0.2658455967903137,6.900000095367432,0.0890933542014065,LOW,SAFETY_AGENT,BROADER_INDIAN_MARINE_REGION,INDIAN_MARINE,,,
GRID_0843,21.25,72.5,7.44,0.96,4.5200000000000005,211.49,29.2,64.69763013673021,SARAL_AltiKa,0.6075001,-0.25200003,0.6576932,148.26010478725502,50.0,SCS,990.0,12.0,ARB,,,0.2917525147241511,LOW,SAFETY_AGENT,BROADER_INDIAN_MARINE_REGION,INDIAN_MARINE,,,
GRID_0844,7.0,69.0,1.51,2.06,10.95,190.0,30.1,334.2101651614946,NO_NEARBY_SARAL,0.15900001,0.07,0.1737268,312.97162288597906,25.0,D,,3.0,ARB,0.1479809433221817,6.400000095367432,0.1528011455401954,LOW,SAFETY_AGENT,BROADER_INDIAN_MARINE_REGION,INDIAN_MARINE,,,
GRID_0845,7.75,74.75,5.03,1.836,6.62,214.15,302.25,24.24156149677253,SARAL_AltiKa,0.023999996,0.00049999356,0.024005204,514.9581311550523,,,,,,0.1744695901870727,4.900000095367432,0.1837452916171394,LOW,SAFETY_AGENT,BROADER_INDIAN_MARINE_REGION,INDIAN_MARINE,,,
GRID_0846,11.75,91.0,8.9,2.62,10.35,215.0,29.2,108.52510260177336,NO_NEARBY_SARAL,0.076000005,-0.004,0.07610519,310.5416919715279,25.0,D,990.0,3.0995834159888913,BOB,0.2591377198696136,4.699999809265137,0.1431958556128482,LOW,SAFETY_AGENT,BROADER_INDIAN_MARINE_REGION,INDIAN_MARINE,,,
GRID_0847,18.25,79.75,3.85,,,,,42.49154631629301,SARAL_AltiKa,,,,101.5557266008328,20.0,D,998.0,3.0,BOB,,,0.2022568495800777,LOW,SAFETY_AGENT,BROADER_INDIAN_MARINE_REGION,INDIAN_MARINE,,,
GRID_0848,7.25,92.25,7.39,2.44,11.0,218.0,29.3,135.9673096483438,NO_NEARBY_SARAL,-0.0335,-0.041,0.05294573,469.7503552045162,25.0,D,,3.0,BOB,0.2052704393863678,5.199999809265137,0.0932326424417436,LOW,SAFETY_AGENT,BROADER_INDIAN_MARINE_REGION,INDIAN_MARINE,,,
GRID_0849,7.0,91.25,5.89,1.797,6.8500000000000005,204.73,302.22,22.490687615986523,SARAL_AltiKa,-0.30900002,0.112500004,0.3288423,358.68909927673906,25.0,D,,3.0,BOB,0.2535251677036285,5.099999904632568,0.1710113130885536,LOW,SAFETY_AGENT,BROADER_INDIAN_MARINE_REGION,INDIAN_MARINE,,,
GRID_0850,13.25,81.5,6.04,1.591,4.92,183.1,302.73,19.933673695196997,SARAL_AltiKa,-0.079500005,0.16550002,0.18360421,61.15720965450739,55.0,SCS,982.0,18.0,BOB,0.1185488849878311,6.300000190734863,0.2818429637448181,LOW,SAFETY_AGENT,BROADER_INDIAN_MARINE_REGION,INDIAN_MARINE,,,
GRID_0851,12.25,91.25,8.17,2.58,10.3,216.0,29.1,146.7954532087939,NO_NEARBY_SARAL,0.0255,0.042500004,0.04956309,251.64585475311023,25.0,D,990.0,3.0995834159888913,BOB,0.2400411367416381,4.900000095367432,0.1582626554636047,LOW,SAFETY_AGENT,BROADER_INDIAN_MARINE_REGION,INDIAN_MARINE,,,
GRID_0852,6.0,71.5,1.39,1.84,10.95,201.0,30.1,416.5640193024007,NO_NEARBY_SARAL,-0.19250001,-0.0034999996,0.19253182,597.7701062273703,,,,,,0.1509239971637725,3.4000000953674316,0.1969390892345812,LOW,SAFETY_AGENT,BROADER_INDIAN_MARINE_REGION,INDIAN_MARINE,,,
GRID_0853,8.5,79.5,8.95,2.12,9.65,204.0,27.6,168.18835915002677,NO_NEARBY_SARAL,-0.08850001,0.1525,0.17631932,111.19492664455872,25.0,,,3.0,BOB,,,0.2130680135002933,LOW,SAFETY_AGENT,BROADER_INDIAN_MARINE_REGION,INDIAN_MARINE,,,
GRID_0854,5.75,73.75,3.01,1.16,10.8,146.0,29.9,180.06172557447812,NO_NEARBY_SARAL,-0.1975,0.26000002,0.32650614,726.2257602481868,,,,,,0.176180750131607,4.0,0.2106996630693171,LOW,SAFETY_AGENT,BROADER_INDIAN_MARINE_REGION,INDIAN_MARINE,,,
GRID_0855,12.25,97.25,5.23,1.244,4.5600000000000005,249.1,302.47,59.70338668932672,SARAL_AltiKa,-0.0315,-0.024500001,0.03990614,566.580973558714,,,,,,0.2946613430976867,4.599999904632568,0.1401525311707152,LOW,SAFETY_AGENT,BROADER_INDIAN_MARINE_REGION,INDIAN_MARINE,,,
GRID_0856,22.0,75.0,5.42,,,,,333.623081077373,NO_NEARBY_SARAL,,,,166.79238996683833,25.0,D,999.0,3.0,ARB,,,0.1910191839036094,LOW,SAFETY_AGENT,BROADER_INDIAN_MARINE_REGION,INDIAN_MARINE,,,
GRID_0857,14.75,85.5,8.64,2.08,8.9,197.0,29.1,188.08337019430417,NO_NEARBY_SARAL,0.116000004,-0.0705,0.13574332,135.93096194271442,30.0,DD,,5.0,BOB,0.2004106640815735,4.599999904632568,0.2096794033630392,LOW,SAFETY_AGENT,BROADER_INDIAN_MARINE_REGION,INDIAN_MARINE,,,
GRID_0858,10.0,92.5,7.67,2.5,10.25,223.0,29.0,227.17666419979705,NO_NEARBY_SARAL,0.0775,0.009999998,0.0781425,512.0332486961661,,,,,,0.2190966457128524,2.9000000953674316,0.1854205888559539,LOW,SAFETY_AGENT,BROADER_INDIAN_MARINE_REGION,INDIAN_MARINE,,,
GRID_0859,20.75,74.5,5.27,,,,,255.13418548217092,NO_NEARBY_SARAL,,,,248.80544585948832,50.0,SCS,990.0,12.0,ARB,,,0.2080819338024811,LOW,SAFETY_AGENT,BROADER_INDIAN_MARINE_REGION,INDIAN_MARINE,,,
GRID_0860,10.75,72.25,5.68,2.08,10.65,217.0,29.2,218.72149608525487,NO_NEARBY_SARAL,0.034500003,0.065000005,0.073588386,334.6160946047055,25.0,D,,3.0,ARB,,,0.1357685697122492,LOW,SAFETY_AGENT,BROADER_INDIAN_MARINE_REGION,INDIAN_MARINE,,,
GRID_0861,7.5,75.25,5.0600000000000005,1.896,6.61,208.67,302.25,23.625038351461264,SARAL_AltiKa,0.109,0.11050001,0.15521356,479.379576902097,25.0,,,3.0,BOB,0.1542096585035324,4.199999809265137,0.1083930069802622,LOW,SAFETY_AGENT,BROADER_INDIAN_MARINE_REGION,INDIAN_MARINE,,,
GRID_0862,16.5,95.5,3.92,,,,,138.86404648600657,NO_NEARBY_SARAL,,,,138.68068265988444,115.0,VSCS,,65.58718508232494,BOB,,,0.2911193627623623,LOW,SAFETY_AGENT,BROADER_INDIAN_MARINE_REGION,INDIAN_MARINE,,,
GRID_0863,13.0,77.5,4.49,,,,,152.59703831606143,NO_NEARBY_SARAL,,,,275.03731301151396,30.0,DD,996.0,4.0,BOB,,,0.16687904032354,LOW,SAFETY_AGENT,BROADER_INDIAN_MARINE_REGION,INDIAN_MARINE,,,
GRID_0864,10.0,68.5,4.97,2.34,10.55,205.0,29.6,349.64952321074645,NO_NEARBY_SARAL,-0.017,-0.040500008,0.043923236,155.94121480117153,30.0,DD,,5.0,ARB,0.1000683903694152,3.5,0.1936934634689054,LOW,SAFETY_AGENT,BROADER_INDIAN_MARINE_REGION,INDIAN_MARINE,,,
GRID_0865,5.5,72.75,1.46,1.38,10.5,220.0,30.4,294.0068918186533,NO_NEARBY_SARAL,-0.20650001,0.1535,0.25730234,744.0502303642941,,,,,,0.1620512753725052,8.899999618530273,0.2061939591916844,LOW,SAFETY_AGENT,BROADER_INDIAN_MARINE_REGION,INDIAN_MARINE,,,
GRID_0866,15.0,78.75,4.84,,,,,68.47484236096517,SARAL_AltiKa,,,,26.85151142270055,30.0,DD,996.0,4.0,BOB,,,0.2413347808001841,LOW,SAFETY_AGENT,BROADER_INDIAN_MARINE_REGION,INDIAN_MARINE,,,
GRID_0867,16.5,84.25,7.65,1.84,8.65,190.0,29.4,344.0606767336033,NO_NEARBY_SARAL,0.36100003,0.275,0.45381278,26.65397081543464,50.0,SCS,,12.398333663955563,BOB,0.1805613338947296,5.300000190734863,0.3079031568521405,MEDIUM,SAFETY_AGENT,BROADER_INDIAN_MARINE_REGION,INDIAN_MARINE,,,
GRID_0868,7.25,69.5,1.69,1.96,10.8,196.0,30.0,393.76113820800566,NO_NEARBY_SARAL,0.183,0.08250001,0.20073678,337.0349420610872,25.0,D,,3.0,ARB,0.1600958555936813,4.199999809265137,0.1472134349252906,LOW,SAFETY_AGENT,BROADER_INDIAN_MARINE_REGION,INDIAN_MARINE,,,
GRID_0869,13.75,69.25,8.55,2.5,9.55,231.0,28.6,460.24016148502216,NO_NEARBY_SARAL,-0.063,0.046499997,0.0783023,85.60213745276808,30.0,DD,,5.0,ARB,0.0558521226048469,2.5,0.217622552404015,LOW,SAFETY_AGENT,BROADER_INDIAN_MARINE_REGION,INDIAN_MARINE,,,
GRID_0870,11.5,76.5,2.8,,,,,223.536163402264,NO_NEARBY_SARAL,,,,338.69636235491146,25.0,,,3.0,BOB,,,0.1394479921871875,LOW,SAFETY_AGENT,BROADER_INDIAN_MARINE_REGION,INDIAN_MARINE,,,
GRID_0871,16.75,76.0,3.85,,,,,318.4714821469304,NO_NEARBY_SARAL,,,,267.46377541831504,20.0,D,998.0,3.0,BOB,,,0.152484434934833,LOW,SAFETY_AGENT,BROADER_INDIAN_MARINE_REGION,INDIAN_MARINE,,,
GRID_0872,12.5,97.0,5.36,1.227,4.6000000000000005,241.47,302.46,80.13087547819656,SARAL_AltiKa,0.015000001,-0.1105,0.11151345,546.9024416459284,,,,,,0.2900069653987884,4.900000095367432,0.1486349596551688,LOW,SAFETY_AGENT,BROADER_INDIAN_MARINE_REGION,INDIAN_MARINE,,,
GRID_0873,18.75,68.0,8.75,2.62,9.1,229.0,28.0,370.9028579950358,NO_NEARBY_SARAL,0.0855,-0.097,0.12930293,212.56733560972057,80.0,VSCS,970.0,30.0,ARB,0.0454482994973659,3.5999999046325684,0.2684903796848102,LOW,SAFETY_AGENT,BROADER_INDIAN_MARINE_REGION,INDIAN_MARINE,,,
GRID_0874,7.75,82.25,6.26,2.572,6.28,186.58,302.38,72.57397064628051,SARAL_AltiKa,-0.10500001,-0.3025,0.32020503,141.68832264948648,25.0,,,3.0,BOB,0.1615332663059234,7.099999904632568,0.3080011726565684,MEDIUM,SAFETY_AGENT,BROADER_INDIAN_MARINE_REGION,INDIAN_MARINE,,,
GRID_0875,10.0,72.75,5.6,2.06,10.95,208.0,29.4,183.89710610994192,NO_NEARBY_SARAL,-0.009000001,0.09900001,0.099408254,433.2959310221996,25.0,D,,3.0,ARB,0.1787816882133484,9.100000381469728,0.1106990005046083,LOW,SAFETY_AGENT,BROADER_INDIAN_MARINE_REGION,INDIAN_MARINE,,,
GRID_0876,15.25,74.5,5.0,,,,,127.71931602591636,NO_NEARBY_SARAL,,,,424.23686046067854,25.0,D,,3.0,ARB,,,0.1137858427554573,LOW,SAFETY_AGENT,BROADER_INDIAN_MARINE_REGION,INDIAN_MARINE,,,
GRID_0877,10.75,71.75,5.32,2.14,10.5,219.0,29.3,271.95634864614976,NO_NEARBY_SARAL,-0.0039999997,0.034500003,0.034731112,316.4675831978674,25.0,D,,3.0,ARB,0.1357974112033844,5.5,0.1373723297686482,LOW,SAFETY_AGENT,BROADER_INDIAN_MARINE_REGION,INDIAN_MARINE,,,
GRID_0878,15.0,91.0,8.57,2.26,9.85,209.0,28.8,184.7081222767044,NO_NEARBY_SARAL,-0.038000003,-0.1115,0.117797494,55.597463322279445,35.0,CS,986.0,6.075183495338227,BOB,0.2413416504859924,4.199999809265137,0.2402205311008304,LOW,SAFETY_AGENT,BROADER_INDIAN_MARINE_REGION,INDIAN_MARINE,,,
GRID_0879,7.0,83.0,8.88,2.582,6.15,198.54,302.25,9.999043880026951,SARAL_AltiKa,0.12150001,-0.21550001,0.2473914,123.52484568837272,25.0,,,3.0,BOB,0.1558522433042526,8.899999618530273,0.3602879833776806,MEDIUM,SAFETY_AGENT,BROADER_INDIAN_MARINE_REGION,INDIAN_MARINE,,,
GRID_0880,10.25,96.25,5.4,1.523,5.3500000000000005,234.19,302.51,77.86529175795357,SARAL_AltiKa,-0.19150001,-0.06400001,0.20191151,699.5289977756338,,,,,,0.2354553490877151,5.199999809265137,0.1831550531380066,LOW,SAFETY_AGENT,BROADER_INDIAN_MARINE_REGION,INDIAN_MARINE,,,
GRID_0881,14.25,81.0,9.35,6.404,4.93,182.06,302.75,48.13401237700961,SARAL_AltiKa,-0.038500004,0.43350002,0.4352063,60.660966179185145,55.0,SCS,982.0,18.0,BOB,0.1004790738224983,4.400000095367432,0.5731068712118177,MEDIUM,SAFETY_AGENT,BROADER_INDIAN_MARINE_REGION,INDIAN_MARINE,,,
GRID_0882,17.25,72.0,4.51,1.704,7.47,239.97,302.37,84.109339336783,SARAL_AltiKa,-0.0065,0.011,0.012776932,253.20783533257656,80.0,VSCS,970.0,30.0,ARB,0.1597537994384765,5.599999904632568,0.2371813937178062,LOW,SAFETY_AGENT,BROADER_INDIAN_MARINE_REGION,INDIAN_MARINE,,,
GRID_0883,13.25,84.25,6.8,2.08,9.35,185.0,29.7,270.3546075893004,NO_NEARBY_SARAL,-0.043000005,0.024,0.049244296,206.68491208261108,25.0,D,,3.0,BOB,0.1698836684226989,7.099999904632568,0.1726436650985897,LOW,SAFETY_AGENT,BROADER_INDIAN_MARINE_REGION,INDIAN_MARINE,,,
GRID_0884,8.25,91.0,6.49,2.096,6.55,208.5,302.2,25.418086090841204,SARAL_AltiKa,0.031500004,-0.033,0.04562072,358.655574213725,25.0,D,,3.0,BOB,0.2336073219776153,4.599999904632568,0.1793160846598094,LOW,SAFETY_AGENT,BROADER_INDIAN_MARINE_REGION,INDIAN_MARINE,,,
GRID_0885,5.5,77.0,5.63,2.041,6.54,189.2,302.01,28.645333256922253,SARAL_AltiKa,-0.049500003,0.1005,0.112029016,516.406430159349,,,,,,0.1824093908071518,4.400000095367432,0.221400855652023,LOW,SAFETY_AGENT,BROADER_INDIAN_MARINE_REGION,INDIAN_MARINE,,,
GRID_0886,7.0,90.0,7.89,2.64,10.8,210.0,28.9,112.03185259369268,NO_NEARBY_SARAL,-0.3425,0.062,0.34806645,220.73202658609551,25.0,D,,3.0,BOB,0.2449008226394653,6.199999809265137,0.1980492889854025,LOW,SAFETY_AGENT,BROADER_INDIAN_MARINE_REGION,INDIAN_MARINE,,,
GRID_0887,14.0,94.0,6.48,1.48,7.05,232.0,29.0,249.265946343242,NO_NEARBY_SARAL,0.1805,-0.1225,0.2181433,275.1080813424977,25.0,D,990.0,3.0995834159888913,BOB,0.2720741629600525,5.099999904632568,0.1682620909569671,LOW,SAFETY_AGENT,BROADER_INDIAN_MARINE_REGION,INDIAN_MARINE,,,
GRID_0888,14.0,89.75,8.63,2.162,5.83,205.37,302.33,29.96113854288612,SARAL_AltiKa,-0.0925,0.0725,0.11752659,196.6265695055251,25.0,D,990.0,3.0995834159888913,BOB,0.2381248027086258,6.099999904632568,0.284176666774097,LOW,SAFETY_AGENT,BROADER_INDIAN_MARINE_REGION,INDIAN_MARINE,,,
GRID_0889,8.25,78.75,9.49,2.22,4.17,193.37,27.8,93.80786733433447,SARAL_AltiKa,-0.092,-0.026,0.09560335,161.58072055675945,25.0,,,3.0,BOB,0.0600957833230495,4.199999809265137,0.1890863581959123,LOW,SAFETY_AGENT,BROADER_INDIAN_MARINE_REGION,INDIAN_MARINE,,,
GRID_0890,11.25,73.75,4.05,1.64,7.46,227.24,302.52,46.95034978751106,SARAL_AltiKa,0.0040000007,-0.0355,0.035724644,389.603626954828,25.0,D,,3.0,ARB,0.2414101660251617,5.900000095367432,0.1019115684429648,LOW,SAFETY_AGENT,BROADER_INDIAN_MARINE_REGION,INDIAN_MARINE,,,
GRID_0891,10.75,89.0,9.42,2.66,10.2,210.0,29.0,128.11511124960597,NO_NEARBY_SARAL,-0.045,0.21350001,0.21819086,431.2058870010804,25.0,D,,3.0,BOB,0.2585903406143188,5.800000190734863,0.1217537958465791,LOW,SAFETY_AGENT,BROADER_INDIAN_MARINE_REGION,INDIAN_MARINE,,,
GRID_0892,12.75,68.25,7.19,2.52,9.8,223.0,28.4,385.48013712210013,NO_NEARBY_SARAL,-0.057500005,0.029000003,0.06439915,141.6258427110991,25.0,D,,3.0,ARB,0.0615331605076789,4.5,0.1921059950879394,LOW,SAFETY_AGENT,BROADER_INDIAN_MARINE_REGION,INDIAN_MARINE,,,
GRID_0893,16.0,72.25,3.01,1.717,7.390000000000001,240.43,302.58,89.02478972085814,SARAL_AltiKa,-0.072500005,0.119500004,0.13977304,308.77234589222485,25.0,D,,3.0,ARB,0.1716633141040802,5.400000095367432,0.1425580918986098,LOW,SAFETY_AGENT,BROADER_INDIAN_MARINE_REGION,INDIAN_MARINE,,,
GRID_0894,17.25,76.5,3.94,,,,,354.537801072836,NO_NEARBY_SARAL,,,,208.1865519092821,20.0,D,998.0,3.0,BOB,,,0.1702676019875429,LOW,SAFETY_AGENT,BROADER_INDIAN_MARINE_REGION,INDIAN_MARINE,,,
GRID_0895,19.5,74.0,5.35,,,,,175.5364304453195,NO_NEARBY_SARAL,,,,349.3588592347971,50.0,SCS,990.0,12.0,ARB,,,0.1779159097898884,LOW,SAFETY_AGENT,BROADER_INDIAN_MARINE_REGION,INDIAN_MARINE,,,
GRID_0896,6.25,93.5,5.51,2.4,11.7,216.0,29.2,121.55953880892196,NO_NEARBY_SARAL,-0.3675,-0.17050001,0.40512532,613.1783957001908,,,,,,0.2580427229404449,4.199999809265137,0.2188662359059717,LOW,SAFETY_AGENT,BROADER_INDIAN_MARINE_REGION,INDIAN_MARINE,,,
GRID_0897,8.25,79.5,8.7,2.18,9.6,207.0,27.6,174.29140640801523,NO_NEARBY_SARAL,-0.048000004,0.188,0.19403091,138.99365830569843,25.0,,,3.0,BOB,,,0.2064995530019513,LOW,SAFETY_AGENT,BROADER_INDIAN_MARINE_REGION,INDIAN_MARINE,,,
GRID_0898,10.0,95.25,4.92,1.337,5.24,233.13,302.53000000000003,23.03646423393637,SARAL_AltiKa,-0.17150001,0.0024999995,0.17151824,645.230710021515,,,,,,0.2344971150159835,4.699999809265137,0.1563633305528272,LOW,SAFETY_AGENT,BROADER_INDIAN_MARINE_REGION,INDIAN_MARINE,255326.0,0.021,2024-06-16 11:37:42.007185024
GRID_0899,6.5,93.5,6.03,,,,,127.45787542242132,NO_NEARBY_SARAL,-0.23700002,-0.21150002,0.3176496,609.8672347245333,,,,,,0.2414315938949585,5.300000190734863,0.2106271362740929,LOW,SAFETY_AGENT,BROADER_INDIAN_MARINE_REGION,INDIAN_MARINE,,,
GRID_0900,18.5,82.0,3.54,,,,,157.35886955240048,NO_NEARBY_SARAL,,,,164.42653259899157,25.0,DD,,4.0,BOB,,,0.1917289411139634,LOW,SAFETY_AGENT,BROADER_INDIAN_MARINE_REGION,INDIAN_MARINE,,,
GRID_0901,10.25,94.25,8.72,,,,,135.4504726097374,NO_NEARBY_SARAL,-0.11750001,-0.1525,0.19251624,559.0110370680827,,,,,,0.2550312280654907,8.699999809265137,0.1998477991687843,LOW,SAFETY_AGENT,BROADER_INDIAN_MARINE_REGION,INDIAN_MARINE,,,
GRID_0902,13.5,94.5,5.81,,,,,185.079110334698,NO_NEARBY_SARAL,0.17500001,-0.16100001,0.23779406,342.23651801868317,25.0,D,990.0,3.0995834159888913,BOB,0.2406570613384246,4.300000190734863,0.1496100933431085,LOW,SAFETY_AGENT,BROADER_INDIAN_MARINE_REGION,INDIAN_MARINE,,,
GRID_0903,7.5,80.25,6.02,,,,,273.13570409746006,NO_NEARBY_SARAL,,,,237.19081855281848,25.0,,,3.0,BOB,,,0.1698996553278153,LOW,SAFETY_AGENT,BROADER_INDIAN_MARINE_REGION,INDIAN_MARINE,,,
GRID_0904,14.25,91.5,8.47,,,,,219.7319885521621,NO_NEARBY_SARAL,-0.010000002,-0.108500004,0.10895986,27.798731661139723,25.0,D,990.0,3.0995834159888913,BOB,0.262149304151535,5.800000190734863,0.2318617398574043,LOW,SAFETY_AGENT,BROADER_INDIAN_MARINE_REGION,INDIAN_MARINE,,,
GRID_0905,12.5,70.0,7.96,,,,,413.4567257274283,NO_NEARBY_SARAL,0.0185,-0.061000004,0.06374363,155.2500941356149,25.0,D,,3.0,ARB,0.0947980731725692,4.5,0.1880363299422469,LOW,SAFETY_AGENT,BROADER_INDIAN_MARINE_REGION,INDIAN_MARINE,,,
GRID_0906,13.5,70.75,7.87,,,,,308.7493633678937,NO_NEARBY_SARAL,-0.0145000005,-0.11900001,0.11988016,27.030649323937723,25.0,D,,3.0,ARB,0.1172485575079917,3.700000047683716,0.2317719426204305,LOW,SAFETY_AGENT,BROADER_INDIAN_MARINE_REGION,INDIAN_MARINE,,,
GRID_0907,9.0,90.25,7.33,2.026,6.17,211.4,302.24,37.103064197595685,SARAL_AltiKa,0.119500004,0.0535,0.13092937,332.91503522786337,25.0,D,,3.0,BOB,0.2338124811649322,8.300000190734863,0.2083862910632541,LOW,SAFETY_AGENT,BROADER_INDIAN_MARINE_REGION,INDIAN_MARINE,,,
GRID_0908,10.0,84.25,8.34,,,,,195.10243694709564,NO_NEARBY_SARAL,-0.26450002,-0.048,0.26882014,72.12472740143772,25.0,D,990.0,3.0,BOB,0.1438055336475372,6.300000190734863,0.234504109709055,LOW,SAFETY_AGENT,BROADER_INDIAN_MARINE_REGION,INDIAN_MARINE,,,
GRID_0909,8.5,94.75,4.05,1.002,5.42,216.0,302.46,40.67653355248997,SARAL_AltiKa,0.105000004,-0.1185,0.1583264,755.2430700599592,,,,,,0.2568104863166809,6.599999904632568,0.128133263362096,LOW,SAFETY_AGENT,BROADER_INDIAN_MARINE_REGION,INDIAN_MARINE,162055.0,0.172,2024-06-16 11:38:07.833218048
GRID_0910,7.0,93.25,6.47,,,,,166.1557018444153,NO_NEARBY_SARAL,-0.11,-0.13350001,0.1729805,579.4189937074804,,,,,,0.2716762721538543,7.800000190734863,0.1974858379697401,LOW,SAFETY_AGENT,BROADER_INDIAN_MARINE_REGION,INDIAN_MARINE,,,
GRID_0911,13.75,70.75,8.05,,,,,302.40205665145993,NO_NEARBY_SARAL,-0.0395,-0.1575,0.16237764,38.76410007376798,25.0,D,,3.0,ARB,0.1004106998443603,3.4000000953674316,0.2323095607751642,LOW,SAFETY_AGENT,BROADER_INDIAN_MARINE_REGION,INDIAN_MARINE,,,
GRID_0912,12.0,74.5,4.5,1.722,7.72,235.53,302.56,50.683340074911825,SARAL_AltiKa,-0.0145,0.079,0.08031968,414.6003961459462,25.0,D,,3.0,ARB,0.2724165022373199,5.400000095367432,0.1055328904594931,LOW,SAFETY_AGENT,BROADER_INDIAN_MARINE_REGION,INDIAN_MARINE,,,
GRID_0913,7.75,83.0,6.95,2.5,6.21,189.54,302.36,8.07736867169819,SARAL_AltiKa,-0.0405,-0.21750002,0.22123857,99.92103118996228,25.0,D,,4.0,BOB,0.1499659121036529,5.099999904632568,0.3174057957089201,MEDIUM,SAFETY_AGENT,BROADER_INDIAN_MARINE_REGION,INDIAN_MARINE,,,
GRID_0914,8.0,70.25,3.0,,,,,491.4866736709659,NO_NEARBY_SARAL,0.17750001,-0.014,0.17805126,374.3058757906074,25.0,D,,3.0,ARB,0.1720740050077438,4.0,0.1336935482753371,LOW,SAFETY_AGENT,BROADER_INDIAN_MARINE_REGION,INDIAN_MARINE,,,
GRID_0915,6.5,72.25,1.95,,,,,323.45456313157194,NO_NEARBY_SARAL,-0.13250001,0.064500004,0.1473652,641.724840078239,,,,,,0.1193703040480613,4.800000190734863,0.1930435430494756,LOW,SAFETY_AGENT,BROADER_INDIAN_MARINE_REGION,INDIAN_MARINE,,,
GRID_0916,17.5,77.75,4.13,,,,,230.95397499830824,NO_NEARBY_SARAL,,,,80.52098287311867,20.0,D,998.0,3.0,BOB,,,0.2085672726983919,LOW,SAFETY_AGENT,BROADER_INDIAN_MARINE_REGION,INDIAN_MARINE,,,
GRID_0917,8.5,75.25,4.67,1.788,7.22,220.16,302.28000000000003,47.33031438627704,SARAL_AltiKa,-0.109500006,-0.067,0.12837154,432.80514729433867,25.0,,,3.0,BOB,0.1871322244405746,4.0,0.1094634403727998,LOW,SAFETY_AGENT,BROADER_INDIAN_MARINE_REGION,INDIAN_MARINE,,,
GRID_0918,15.75,71.5,6.91,,,,,173.38526249838435,NO_NEARBY_SARAL,0.0010000002,-0.032500003,0.032515384,252.68463637783424,30.0,DD,,5.0,ARB,0.1731007099151611,5.199999809265137,0.1645622324994035,LOW,SAFETY_AGENT,BROADER_INDIAN_MARINE_REGION,INDIAN_MARINE,,,
GRID_0919,10.75,77.0,8.9,,,,,152.86063733768282,NO_NEARBY_SARAL,,,,248.0500248049212,25.0,,,3.0,BOB,,,0.1666418934521845,LOW,SAFETY_AGENT,BROADER_INDIAN_MARINE_REGION,INDIAN_MARINE,,,
GRID_0920,19.25,80.5,3.71,,,,,10.448252619910017,SARAL_AltiKa,,,,139.37487226727055,20.0,D,998.0,3.0,BOB,,,0.1909111058801464,LOW,SAFETY_AGENT,BROADER_INDIAN_MARINE_REGION,INDIAN_MARINE,,,
GRID_0921,6.25,78.5,7.21,,,,,115.18408415628228,NO_NEARBY_SARAL,0.034999996,-0.056,0.06603787,377.79200744221544,25.0,,,3.0,BOB,0.1563313603401184,5.099999904632568,0.1219570131205019,LOW,SAFETY_AGENT,BROADER_INDIAN_MARINE_REGION,INDIAN_MARINE,,,
GRID_0922,15.25,70.75,7.91,,,,,264.2732220522706,NO_NEARBY_SARAL,0.049500003,0.035000004,0.060623843,160.718558502819,30.0,DD,,5.0,ARB,0.1312115639448166,5.400000095367432,0.1949581790400333,LOW,SAFETY_AGENT,BROADER_INDIAN_MARINE_REGION,INDIAN_MARINE,,,
GRID_0923,9.0,79.25,8.41,,,,,129.23776766993925,NO_NEARBY_SARAL,-0.011500001,0.07000001,0.07093836,61.99899410713454,25.0,,,3.0,BOB,,,0.2172886972615205,LOW,SAFETY_AGENT,BROADER_INDIAN_MARINE_REGION,INDIAN_MARINE,,,
GRID_0924,16.75,84.25,8.04,,,,,349.655960327793,NO_NEARBY_SARAL,0.328,0.27550003,0.42835063,38.50040147538608,50.0,SCS,,12.398333663955563,BOB,0.1598904728889465,4.599999904632568,0.3014013353585895,MEDIUM,SAFETY_AGENT,BROADER_INDIAN_MARINE_REGION,INDIAN_MARINE,,,
GRID_0925,15.25,71.0,5.91,,,,,238.15309011483575,NO_NEARBY_SARAL,0.0485,0.0165,0.051229876,175.7689606113017,30.0,DD,,5.0,ARB,0.1452430188655853,6.199999809265137,0.1899387402017393,LOW,SAFETY_AGENT,BROADER_INDIAN_MARINE_REGION,INDIAN_MARINE,,,
GRID_0926,18.0,83.5,4.94,,,,,300.1804716386834,NO_NEARBY_SARAL,,,,145.79043520446498,25.0,DD,,4.0,BOB,,,0.1973197703323214,LOW,SAFETY_AGENT,BROADER_INDIAN_MARINE_REGION,INDIAN_MARINE,,,
GRID_0927,19.25,71.75,4.55,1.582,7.22,233.97,302.26,60.36079548006355,SARAL_AltiKa,0.066,-0.12850001,0.14445849,190.79977100755704,90.0,ESCS,962.0,40.0,ARB,0.1198494210839271,5.0,0.2585055412504427,LOW,SAFETY_AGENT,BROADER_INDIAN_MARINE_REGION,INDIAN_MARINE,,,
GRID_0928,16.5,70.5,7.0,,,,,258.4543508578086,NO_NEARBY_SARAL,0.087000005,-0.025000002,0.090520725,228.62293182430437,80.0,VSCS,970.0,30.0,ARB,0.1147844418883323,4.5,0.2604188207240962,LOW,SAFETY_AGENT,BROADER_INDIAN_MARINE_REGION,INDIAN_MARINE,,,
GRID_0929,9.75,95.25,5.59,1.359,5.33,230.79,302.52,17.014548281105455,SARAL_AltiKa,-0.112500004,-0.016,0.11363208,667.1287679935267,,,,,,0.2408626973628997,5.099999904632568,0.1644239618897116,LOW,SAFETY_AGENT,BROADER_INDIAN_MARINE_REGION,INDIAN_MARINE,234685.0,0.03,2024-06-16 11:37:46.138256128
GRID_0930,20.0,80.25,3.31,,,,,14.467549115724832,SARAL_AltiKa,,,,135.8897281875303,20.0,D,998.0,3.0,BOB,,,0.1919566491040685,LOW,SAFETY_AGENT,BROADER_INDIAN_MARINE_REGION,INDIAN_MARINE,,,
GRID_0931,16.25,84.75,7.14,,,,,300.829329569682,NO_NEARBY_SARAL,0.16800001,0.1645,0.23512603,27.25780011440829,45.0,CS,,10.0,BOB,0.1379192322492599,4.599999904632568,0.2770633943319503,LOW,SAFETY_AGENT,BROADER_INDIAN_MARINE_REGION,INDIAN_MARINE,,,
GRID_0932,15.0,70.5,8.25,,,,,296.7879795854487,NO_NEARBY_SARAL,0.026500002,0.005000001,0.026967576,123.53752487962616,30.0,DD,,5.0,ARB,0.1156742572784423,4.599999904632568,0.2023080190649578,LOW,SAFETY_AGENT,BROADER_INDIAN_MARINE_REGION,INDIAN_MARINE,,,
GRID_0933,12.0,68.75,6.17,,,,,421.5762724653622,NO_NEARBY_SARAL,-0.0065,0.065500006,0.06582173,98.78021575480967,25.0,D,,3.0,ARB,0.0798767730593681,3.200000047683716,0.2044978002300473,LOW,SAFETY_AGENT,BROADER_INDIAN_MARINE_REGION,INDIAN_MARINE,,,
GRID_0934,18.0,76.5,3.99,,,,,371.2086765517342,NO_NEARBY_SARAL,,,,190.35403963977987,20.0,D,998.0,3.0,BOB,,,0.1756173556683936,LOW,SAFETY_AGENT,BROADER_INDIAN_MARINE_REGION,INDIAN_MARINE,,,
GRID_0935,16.5,77.0,4.55,,,,,285.81479612940007,NO_NEARBY_SARAL,,,,169.11483958945493,20.0,D,998.0,3.0,BOB,,,0.1819891156834911,LOW,SAFETY_AGENT,BROADER_INDIAN_MARINE_REGION,INDIAN_MARINE,,,
GRID_0936,13.75,90.0,8.82,2.312,5.99,206.11,302.31,50.28041546868198,SARAL_AltiKa,-0.1245,0.060500003,0.13842146,181.98159545737408,25.0,D,990.0,3.0995834159888913,BOB,0.2341549694538116,8.199999809265137,0.3079997213577216,MEDIUM,SAFETY_AGENT,BROADER_INDIAN_MARINE_REGION,INDIAN_MARINE,,,
GRID_0937,8.5,71.0,3.77,,,,,408.2617015665248,NO_NEARBY_SARAL,0.07000001,0.11500001,0.13462913,443.1014217974673,25.0,D,,3.0,ARB,0.1553046852350235,3.700000047683716,0.1085207481976892,LOW,SAFETY_AGENT,BROADER_INDIAN_MARINE_REGION,INDIAN_MARINE,,,
GRID_0938,9.5,81.5,2.2,,,,,110.58770721946512,NO_NEARBY_SARAL,-0.0375,0.023500003,0.044254944,78.11700792544076,25.0,,,3.0,BOB,0.1720739752054214,5.900000095367432,0.210120577008065,LOW,SAFETY_AGENT,BROADER_INDIAN_MARINE_REGION,INDIAN_MARINE,,,
GRID_0939,7.75,79.75,6.75,,,,,213.3061216166556,NO_NEARBY_SARAL,,,,196.5223439842841,25.0,,,3.0,BOB,,,0.1821001976983756,LOW,SAFETY_AGENT,BROADER_INDIAN_MARINE_REGION,INDIAN_MARINE,,,
GRID_0940,19.0,82.0,4.19,,,,,169.02869194549535,NO_NEARBY_SARAL,,,,217.7823333565831,25.0,DD,,4.0,BOB,,,0.175722200886686,LOW,SAFETY_AGENT,BROADER_INDIAN_MARINE_REGION,INDIAN_MARINE,,,
GRID_0941,9.75,90.5,7.87,2.225,6.2700000000000005,210.84,302.27,7.807530608504957,SARAL_AltiKa,0.0009999946,0.051500008,0.051509716,411.2504799444636,25.0,D,,3.0,BOB,0.24449023604393,5.0,0.2027037198734374,LOW,SAFETY_AGENT,BROADER_INDIAN_MARINE_REGION,INDIAN_MARINE,,,
GRID_0942,12.0,91.0,8.88,,,,,114.44229048838582,NO_NEARBY_SARAL,0.076000005,0.026500002,0.08048758,283.2050496409181,25.0,D,990.0,3.0995834159888913,BOB,0.2387408763170242,6.099999904632568,0.1524840952508334,LOW,SAFETY_AGENT,BROADER_INDIAN_MARINE_REGION,INDIAN_MARINE,,,
GRID_0943,12.0,70.5,7.52,,,,,373.30640231691416,NO_NEARBY_SARAL,0.09650001,-0.0715,0.12010205,175.38536535187427,25.0,D,,3.0,ARB,0.1305955350399017,4.900000095367432,0.1879210842797212,LOW,SAFETY_AGENT,BROADER_INDIAN_MARINE_REGION,INDIAN_MARINE,,,
GRID_0944,7.75,91.25,6.84,2.077,6.86,206.04,302.2,40.47287227459552,SARAL_AltiKa,-0.029,-0.0275,0.039965607,367.96549544351825,25.0,D,,3.0,BOB,0.2349762469530105,5.199999809265137,0.1816776859222929,LOW,SAFETY_AGENT,BROADER_INDIAN_MARINE_REGION,INDIAN_MARINE,,,
GRID_0945,10.5,96.5,4.49,1.408,5.39,233.46,302.5,98.48940092300798,SARAL_AltiKa,-0.12150001,-0.16750002,0.20692633,701.6481820754792,,,,,,0.2616018950939178,6.400000095367432,0.1667385683127399,LOW,SAFETY_AGENT,BROADER_INDIAN_MARINE_REGION,INDIAN_MARINE,,,
GRID_0946,14.75,81.25,8.72,1.773,5.09,174.76,302.72,9.889158971608747,SARAL_AltiKa,0.11050001,0.23700002,0.26149428,85.26043933330374,35.0,CS,,6.0,BOB,0.1006160154938697,5.300000190734863,0.3172895030007776,MEDIUM,SAFETY_AGENT,BROADER_INDIAN_MARINE_REGION,INDIAN_MARINE,,,
GRID_0947,8.75,83.5,5.36,2.4,7.09,174.95000000000002,302.46,85.4901495467147,SARAL_AltiKa,-0.199,-0.072500005,0.21179532,27.798731661139545,25.0,D,,4.0,BOB,0.157426506280899,5.599999904632568,0.2982334787196766,LOW,SAFETY_AGENT,BROADER_INDIAN_MARINE_REGION,INDIAN_MARINE,,,
GRID_0948,16.75,81.5,3.91,,,,,64.3654145949845,SARAL_AltiKa,,,,109.97796564583751,40.0,CS,,8.0,BOB,,,0.2330635111999097,LOW,SAFETY_AGENT,BROADER_INDIAN_MARINE_REGION,INDIAN_MARINE,,,
GRID_0949,15.5,70.5,8.62,,,,,284.00956033030855,NO_NEARBY_SARAL,0.0715,-0.013500001,0.07276332,175.24328324964722,30.0,DD,,5.0,ARB,0.1025325059890747,4.900000095367432,0.1914930116710955,LOW,SAFETY_AGENT,BROADER_INDIAN_MARINE_REGION,INDIAN_MARINE,,,
GRID_0950,17.75,69.75,7.45,,,,,303.83485868955444,NO_NEARBY_SARAL,-0.0225,0.117000006,0.11914383,87.48082470404616,80.0,VSCS,970.0,30.0,ARB,0.0923339501023292,6.099999904632568,0.3063676370830249,MEDIUM,SAFETY_AGENT,BROADER_INDIAN_MARINE_REGION,INDIAN_MARINE,,,
GRID_0951,22.0,70.25,4.63,,,,,143.1866454098755,NO_NEARBY_SARAL,,,,168.7924848152391,90.0,ESCS,962.0,40.0,ARB,,,0.2820858221157559,LOW,SAFETY_AGENT,BROADER_INDIAN_MARINE_REGION,INDIAN_MARINE,,,
GRID_0952,18.5,83.0,5.75,,,,,260.0756619448677,NO_NEARBY_SARAL,,,,164.42653259899205,25.0,DD,,4.0,BOB,,,0.1917289411139632,LOW,SAFETY_AGENT,BROADER_INDIAN_MARINE_REGION,INDIAN_MARINE,,,
GRID_0953,19.75,72.0,4.83,1.769,6.96,235.22,302.26,22.526671924718222,SARAL_AltiKa,-0.0025000013,-0.0625,0.06254998,177.42764314946243,90.0,ESCS,962.0,40.0,ARB,0.1246406584978103,5.300000190734863,0.2700716401301066,LOW,SAFETY_AGENT,BROADER_INDIAN_MARINE_REGION,INDIAN_MARINE,,,
GRID_0954,14.25,93.5,6.96,,,,,307.5160220067793,NO_NEARBY_SARAL,0.17400001,0.020500004,0.17520347,217.21247677444285,25.0,D,990.0,3.0995834159888913,BOB,0.2658453583717346,4.800000190734863,0.1811712174589639,LOW,SAFETY_AGENT,BROADER_INDIAN_MARINE_REGION,INDIAN_MARINE,,,
GRID_0955,20.0,76.0,5.26,,,,,390.6886125836796,NO_NEARBY_SARAL,,,,328.51599809965234,20.0,D,998.0,3.0,BOB,,,0.1341687681304318,LOW,SAFETY_AGENT,BROADER_INDIAN_MARINE_REGION,INDIAN_MARINE,,,
GRID_0956,8.5,93.0,7.47,,,,,228.1659478614055,NO_NEARBY_SARAL,-0.13,-0.09950001,0.16370782,575.573309120138,,,,,,,,0.195023938687649,LOW,SAFETY_AGENT,BROADER_INDIAN_MARINE_REGION,INDIAN_MARINE,,,
GRID_0957,8.5,75.5,4.5200000000000005,1.81,7.12,219.58,302.28000000000003,74.12802604064215,SARAL_AltiKa,-0.123,0.00049999356,0.12300102,406.7822232726282,25.0,,,3.0,BOB,0.1737852096557617,3.799999952316284,0.1184332313518424,LOW,SAFETY_AGENT,BROADER_INDIAN_MARINE_REGION,INDIAN_MARINE,,,
GRID_0958,12.75,94.75,6.4,,,,,141.1405392037587,NO_NEARBY_SARAL,0.23250002,-0.07350001,0.24384116,401.50162958206545,25.0,D,990.0,3.0995834159888913,BOB,0.2263519465923309,5.699999809265137,0.1330995068964937,LOW,SAFETY_AGENT,BROADER_INDIAN_MARINE_REGION,INDIAN_MARINE,,,
GRID_0959,8.5,80.0,5.78,,,,,221.76422174205743,NO_NEARBY_SARAL,,,,124.01476848560812,25.0,,,3.0,BOB,,,0.2038524703479785,LOW,SAFETY_AGENT,BROADER_INDIAN_MARINE_REGION,INDIAN_MARINE,,,
GRID_0960,11.5,77.0,0.81,,,,,170.454189284782,NO_NEARBY_SARAL,,,,296.3774117152074,25.0,,,3.0,BOB,,,0.1521436773790986,LOW,SAFETY_AGENT,BROADER_INDIAN_MARINE_REGION,INDIAN_MARINE,,,
GRID_0961,5.25,78.0,5.63,2.041,6.54,189.2,302.01,85.32143559841066,SARAL_AltiKa,0.1395,0.0375,0.14445242,500.67803245009753,,,,,,0.2032854855060577,6.400000095367432,0.2256953862887702,LOW,SAFETY_AGENT,BROADER_INDIAN_MARINE_REGION,INDIAN_MARINE,,,
GRID_0962,13.5,85.25,6.78,,,,,185.2850038333902,NO_NEARBY_SARAL,-0.027999999,0.072000004,0.077252835,259.9290390830273,30.0,DD,,5.0,BOB,0.1868583858013153,5.400000095367432,0.1669970511206121,LOW,SAFETY_AGENT,BROADER_INDIAN_MARINE_REGION,INDIAN_MARINE,,,
GRID_0963,20.25,75.75,5.35,,,,,370.7568580297372,NO_NEARBY_SARAL,,,,366.5368963766942,20.0,D,998.0,3.0,BOB,,,0.1227624986473193,LOW,SAFETY_AGENT,BROADER_INDIAN_MARINE_REGION,INDIAN_MARINE,,,
GRID_0964,17.75,81.75,3.31,,,,,113.99551740522146,NO_NEARBY_SARAL,,,,107.4945161463348,25.0,DD,,4.0,BOB,,,0.2088085460497605,LOW,SAFETY_AGENT,BROADER_INDIAN_MARINE_REGION,INDIAN_MARINE,,,
GRID_0965,8.75,75.0,4.29,1.838,7.5,223.34,302.31,26.602859917037037,SARAL_AltiKa,-0.1395,-0.08500001,0.16335621,451.5493488957407,25.0,,,3.0,BOB,0.2376457452774047,4.099999904632568,0.1116815973134542,LOW,SAFETY_AGENT,BROADER_INDIAN_MARINE_REGION,INDIAN_MARINE,,,
GRID_0966,12.75,73.25,4.93,1.873,6.88,240.48,302.52,63.59261392049763,SARAL_AltiKa,0.018,0.033999998,0.038470767,257.52724752244376,25.0,D,,3.0,ARB,0.1828201711177826,4.199999809265137,0.1602292861090272,LOW,SAFETY_AGENT,BROADER_INDIAN_MARINE_REGION,INDIAN_MARINE,,,
GRID_0967,19.0,79.5,3.15,,,,,86.01861321621918,SARAL_AltiKa,,,,31.54105677747128,20.0,D,998.0,3.0,BOB,,,0.2232612505270862,LOW,SAFETY_AGENT,BROADER_INDIAN_MARINE_REGION,INDIAN_MARINE,,,
GRID_0968,15.25,69.75,8.75,,,,,368.7912002724585,NO_NEARBY_SARAL,0.0315,-0.045500003,0.05533986,115.98016408339171,25.0,D,,3.0,ARB,0.0813141018152237,6.199999809265137,0.199793221934153,LOW,SAFETY_AGENT,BROADER_INDIAN_MARINE_REGION,INDIAN_MARINE,,,
GRID_0969,13.0,72.5,8.07,,,,,136.70274217826326,NO_NEARBY_SARAL,-0.0145,0.072000004,0.073445566,171.60727765481897,25.0,D,,3.0,ARB,0.138535276055336,3.4000000953674316,0.1836587115413763,LOW,SAFETY_AGENT,BROADER_INDIAN_MARINE_REGION,INDIAN_MARINE,,,
GRID_0970,14.75,81.5,8.82,1.821,5.0600000000000005,175.72,302.73,16.426155685586757,SARAL_AltiKa,0.08850001,0.055000003,0.10419814,60.499064323745586,35.0,CS,,6.0,BOB,0.1036275848746299,7.5,0.3160958303317296,MEDIUM,SAFETY_AGENT,BROADER_INDIAN_MARINE_REGION,INDIAN_MARINE,,,
GRID_0971,6.25,72.0,1.59,,,,,356.5228261756645,NO_NEARBY_SARAL,-0.17600001,0.0345,0.17934953,630.1633179108384,,,,,,0.158110961318016,4.0,0.1959388275972831,LOW,SAFETY_AGENT,BROADER_INDIAN_MARINE_REGION,INDIAN_MARINE,,,
GRID_0972,16.0,93.25,7.81,,,,,373.07479239553345,NO_NEARBY_SARAL,-0.0605,-0.14400001,0.156193,168.9030351579351,115.0,VSCS,,65.58718508232494,BOB,0.2208077907562255,5.099999904632568,0.285467075548493,LOW,SAFETY_AGENT,BROADER_INDIAN_MARINE_REGION,INDIAN_MARINE,,,
GRID_0973,15.25,96.25,4.63,1.239,5.3100000000000005,233.11,302.31,42.76576255058084,SARAL_AltiKa,0.079500005,0.120000005,0.1439453,294.6996899493827,115.0,VSCS,,65.58718508232494,BOB,0.3155374228954315,5.300000190734863,0.1993401333344578,LOW,SAFETY_AGENT,BROADER_INDIAN_MARINE_REGION,INDIAN_MARINE,123164.0,0.137,2024-06-16 11:36:18.337842048
GRID_0974,21.75,68.5,6.85,,,,,325.48653206878146,NO_NEARBY_SARAL,0.041,-0.041500002,0.058337383,98.15971795146154,25.0,D,,3.0,ARB,0.0767282173037529,5.599999904632568,0.2051276434101372,LOW,SAFETY_AGENT,BROADER_INDIAN_MARINE_REGION,INDIAN_MARINE,,,
GRID_0975,10.5,77.5,5.79,,,,,93.7246750656229,SARAL_AltiKa,,,,186.7532619199708,25.0,,,3.0,BOB,,,0.1850309223176697,LOW,SAFETY_AGENT,BROADER_INDIAN_MARINE_REGION,INDIAN_MARINE,,,
GRID_0976,8.75,78.75,7.54,,3.82,180.92,,81.7525835661633,SARAL_AltiKa,-0.059000004,-0.0040000044,0.05913544,109.14065262922712,25.0,,,3.0,BOB,0.0849409997463226,5.599999904632568,0.2019337006629139,LOW,SAFETY_AGENT,BROADER_INDIAN_MARINE_REGION,INDIAN_MARINE,,,
GRID_0977,18.75,70.0,7.21,,,,,252.18181330082524,NO_NEARBY_SARAL,0.0325,0.098500006,0.1037232,27.798731661139723,80.0,VSCS,970.0,30.0,ARB,0.1058863997459411,5.300000190734863,0.322364083263057,MEDIUM,SAFETY_AGENT,BROADER_INDIAN_MARINE_REGION,INDIAN_MARINE,,,
GRID_0978,15.5,84.25,6.75,,,,,321.5814384236498,NO_NEARBY_SARAL,0.1485,0.11250001,0.18630217,92.88657211902928,45.0,CS,,10.0,BOB,0.1658453047275543,7.699999809265137,0.254112191864076,LOW,SAFETY_AGENT,BROADER_INDIAN_MARINE_REGION,INDIAN_MARINE,,,
GRID_0979,13.25,70.0,8.64,,,,,394.19669776285417,NO_NEARBY_SARAL,-0.0825,-0.034,0.08923145,83.39619498341916,30.0,DD,,5.0,ARB,0.0757015123963356,2.4000000953674316,0.2193768736669821,LOW,SAFETY_AGENT,BROADER_INDIAN_MARINE_REGION,INDIAN_MARINE,,,
GRID_0980,21.0,69.0,6.42,,,,,295.096491924302,NO_NEARBY_SARAL,0.011000001,-0.0014999993,0.011101803,55.597463322279445,25.0,D,,3.0,ARB,0.0801505222916603,4.199999809265137,0.2124813175136779,LOW,SAFETY_AGENT,BROADER_INDIAN_MARINE_REGION,INDIAN_MARINE,,,
GRID_0981,9.25,75.5,4.18,1.963,7.640000000000001,226.07,302.34000000000003,91.91873143947294,SARAL_AltiKa,-0.165,-0.034500003,0.16856824,387.11763383019127,25.0,,,3.0,BOB,0.2414100617170334,4.699999809265137,0.1422583922432011,LOW,SAFETY_AGENT,BROADER_INDIAN_MARINE_REGION,INDIAN_MARINE,,,
GRID_0982,14.25,81.25,10.51,1.463,4.89,182.82,302.76,21.867480423771337,SARAL_AltiKa,-0.012499999,0.24900001,0.24931356,85.51888035650761,55.0,SCS,982.0,18.0,BOB,0.1173853650689125,6.400000095367432,0.3598858220200704,MEDIUM,SAFETY_AGENT,BROADER_INDIAN_MARINE_REGION,INDIAN_MARINE,,,
GRID_0983,8.25,83.25,6.04,2.472,6.5600000000000005,179.9,302.42,46.81688214370926,SARAL_AltiKa,-0.13700001,-0.1525,0.20500062,39.10426935330491,25.0,D,,4.0,BOB,0.1257358640432357,6.800000190734863,0.314283120949484,MEDIUM,SAFETY_AGENT,BROADER_INDIAN_MARINE_REGION,INDIAN_MARINE,,,
GRID_0984,5.0,74.75,5.39,1.851,6.23,184.14,302.27,90.20052735363303,SARAL_AltiKa,-0.21450001,0.3445,0.4058208,701.9059497024039,,,,,,0.1635866165161132,3.0999999046325684,0.2294496436875946,LOW,SAFETY_AGENT,BROADER_INDIAN_MARINE_REGION,INDIAN_MARINE,,,
GRID_0985,5.25,72.0,1.07,,,,,381.059262985213,NO_NEARBY_SARAL,-0.1745,0.043000005,0.17971992,691.4540520037876,,,,,,0.1824778616428375,5.300000190734863,0.1966867839434626,LOW,SAFETY_AGENT,BROADER_INDIAN_MARINE_REGION,INDIAN_MARINE,,,
GRID_0986,21.0,72.25,4.38,1.142,4.8100000000000005,215.01,301.49,33.503566121595746,SARAL_AltiKa,0.120000005,0.0575,0.13306484,183.8997232449372,50.0,SCS,990.0,12.0,ARB,,,0.1730144598535131,LOW,SAFETY_AGENT,BROADER_INDIAN_MARINE_REGION,INDIAN_MARINE,,,
GRID_0987,18.25,84.75,9.79,,,,,345.76589420916986,NO_NEARBY_SARAL,0.40800002,0.20400001,0.4561579,114.8926742199904,25.0,D,,4.0,BOB,0.1762492507696151,4.699999809265137,0.2396886107655594,LOW,SAFETY_AGENT,BROADER_INDIAN_MARINE_REGION,INDIAN_MARINE,,,
GRID_0988,16.75,80.5,3.59,,,,,39.47457625932302,SARAL_AltiKa,,,,214.6206248055598,40.0,CS,,8.0,BOB,,,0.201670713451993,LOW,SAFETY_AGENT,BROADER_INDIAN_MARINE_REGION,INDIAN_MARINE,,,
GRID_0989,7.0,75.75,5.36,1.843,6.54,195.05,302.25,65.38491822258797,SARAL_AltiKa,-0.032,0.20750001,0.20995298,466.8552367499212,25.0,,,3.0,BOB,0.1606435477733612,4.099999904632568,0.1191736691301066,LOW,SAFETY_AGENT,BROADER_INDIAN_MARINE_REGION,INDIAN_MARINE,,,
GRID_0990,14.75,92.0,8.1,,,,,283.66864932574805,NO_NEARBY_SARAL,-0.050000004,-0.16500002,0.17240942,60.55392902512904,25.0,D,990.0,3.0995834159888913,BOB,0.2536619901657104,4.599999904632568,0.2277589182201918,LOW,SAFETY_AGENT,BROADER_INDIAN_MARINE_REGION,INDIAN_MARINE,,,
GRID_0991,5.0,79.75,7.27,,,,,280.2873122600994,NO_NEARBY_SARAL,0.15050001,0.08250001,0.17162898,501.1360737522202,,,,,,0.1611910760402679,5.300000190734863,0.1958244729794561,LOW,SAFETY_AGENT,BROADER_INDIAN_MARINE_REGION,INDIAN_MARINE,,,
GRID_0992,10.5,69.0,5.26,,,,,414.35712155838814,NO_NEARBY_SARAL,0.0555,-0.058000002,0.08027609,155.81436046561907,25.0,D,,3.0,ARB,0.127789095044136,6.400000095367432,0.1905527736456083,LOW,SAFETY_AGENT,BROADER_INDIAN_MARINE_REGION,INDIAN_MARINE,,,
GRID_0993,15.25,68.5,8.83,,,,,467.2894924175994,NO_NEARBY_SARAL,-0.019500002,0.22250001,0.22335288,99.2081056936867,25.0,D,,3.0,ARB,0.0669404342770576,2.799999952316284,0.2198902073537448,LOW,SAFETY_AGENT,BROADER_INDIAN_MARINE_REGION,INDIAN_MARINE,,,
GRID_0994,13.0,94.0,5.49,,,,,226.1863074882587,NO_NEARBY_SARAL,0.12100001,0.040999997,0.1277576,317.37257947768603,25.0,D,990.0,3.0995834159888913,BOB,0.2009584009647369,3.0999999046325684,0.1453663821114223,LOW,SAFETY_AGENT,BROADER_INDIAN_MARINE_REGION,INDIAN_MARINE,,,
GRID_0995,17.0,70.25,7.94,,,,,271.5449202285948,NO_NEARBY_SARAL,-0.0215,-0.1125,0.11453602,168.8804176309946,80.0,VSCS,970.0,30.0,ARB,0.0733058825135231,5.099999904632568,0.2809394080359684,LOW,SAFETY_AGENT,BROADER_INDIAN_MARINE_REGION,INDIAN_MARINE,,,
GRID_0996,11.25,84.25,8.35,,,,,224.19381276435925,NO_NEARBY_SARAL,-0.041,-0.1535,0.15888125,192.94707405104197,30.0,DD,992.0,4.0,BOB,0.1479809731245041,4.199999809265137,0.1945572884554645,LOW,SAFETY_AGENT,BROADER_INDIAN_MARINE_REGION,INDIAN_MARINE,,,
GRID_0997,12.75,79.0,3.57,,,,,11.925898821609284,SARAL_AltiKa,,,,213.65624130164173,55.0,SCS,982.0,18.0,BOB,,,0.2269600285031684,LOW,SAFETY_AGENT,BROADER_INDIAN_MARINE_REGION,INDIAN_MARINE,,,
GRID_0998,13.25,72.25,7.93,,,,,156.90443566771327,NO_NEARBY_SARAL,-0.025500001,0.0915,0.09498684,138.05126296997645,25.0,D,,3.0,ARB,0.1466120779514312,5.400000095367432,0.1968998353515693,LOW,SAFETY_AGENT,BROADER_INDIAN_MARINE_REGION,INDIAN_MARINE,,,
GRID_0999,12.75,94.5,6.58,,,,,167.55133458239715,NO_NEARBY_SARAL,0.22100002,-0.031,0.22316363,378.0985922297641,25.0,D,990.0,3.0995834159888913,BOB,0.1982890218496322,4.5,0.1373825078856948,LOW,SAFETY_AGENT,BROADER_INDIAN_MARINE_REGION,INDIAN_MARINE,,,
GRID_1000,7.75,89.5,7.31,,,,,147.66845586140494,NO_NEARBY_SARAL,-0.11800001,0.055,0.13018833,185.24525509542048,25.0,D,,3.0,BOB,0.2435319721698761,6.699999809265137,0.1871540863064311,LOW,SAFETY_AGENT,BROADER_INDIAN_MARINE_REGION,INDIAN_MARINE,,,
GRID_1001,19.25,73.25,4.68,1.747,7.43,233.31,302.26,92.99802997312509,SARAL_AltiKa,,,,319.3911521674856,90.0,ESCS,962.0,40.0,ARB,,,0.2317395552434152,LOW,SAFETY_AGENT,BROADER_INDIAN_MARINE_REGION,INDIAN_MARINE,,,
GRID_1002,8.75,81.5,2.48,,,,,128.81671655362408,NO_NEARBY_SARAL,,,,61.56514980020698,25.0,,,3.0,BOB,0.1752909272909164,6.800000190734863,0.2233810238735326,LOW,SAFETY_AGENT,BROADER_INDIAN_MARINE_REGION,INDIAN_MARINE,,,
GRID_1003,16.75,91.25,8.7,,,,,251.14443063557636,NO_NEARBY_SARAL,0.12550001,0.116500005,0.17123815,38.50040147538608,40.0,CS,984.0,7.934933544931562,BOB,0.2001370191574096,5.0,0.2593240371052777,LOW,SAFETY_AGENT,BROADER_INDIAN_MARINE_REGION,INDIAN_MARINE,,,
GRID_1004,11.25,79.25,2.53,,,,,74.59482707303557,SARAL_AltiKa,,,,174.50626141586162,25.0,,,3.0,BOB,,,0.1887050224689024,LOW,SAFETY_AGENT,BROADER_INDIAN_MARINE_REGION,INDIAN_MARINE,,,
GRID_1005,18.0,82.5,4.19,,,,,197.16775846135124,NO_NEARBY_SARAL,,,,100.07543398010264,25.0,DD,,4.0,BOB,,,0.2110342706996301,LOW,SAFETY_AGENT,BROADER_INDIAN_MARINE_REGION,INDIAN_MARINE,,,
GRID_1006,8.0,95.5,4.54,1.077,5.63,213.59,302.45,51.91885116310245,SARAL_AltiKa,0.07700001,-0.0064999983,0.07727387,834.2498171819902,,,,,,0.2236141413450241,4.599999904632568,0.1251950194996669,LOW,SAFETY_AGENT,BROADER_INDIAN_MARINE_REGION,INDIAN_MARINE,,,
GRID_1007,11.5,85.25,7.19,,,,,138.50154006519847,NO_NEARBY_SARAL,-0.08850001,-0.030000003,0.093446516,270.5696999280516,25.0,D,990.0,3.0,BOB,0.1401780098676681,6.699999809265137,0.1576241865508862,LOW,SAFETY_AGENT,BROADER_INDIAN_MARINE_REGION,INDIAN_MARINE,,,
GRID_1008,12.0,94.75,7.91,,,,,123.48145846184336,NO_NEARBY_SARAL,-0.063,-0.064500004,0.09016235,448.31870834332136,25.0,D,990.0,3.0995834159888913,BOB,0.2311431467533111,5.0,0.1033484803638868,LOW,SAFETY_AGENT,BROADER_INDIAN_MARINE_REGION,INDIAN_MARINE,,,
GRID_1009,21.25,72.25,6.99,,4.5200000000000005,211.49,,39.53753553267459,SARAL_AltiKa,0.666,-0.3,0.73044914,159.08591736211218,50.0,SCS,990.0,12.0,ARB,,,0.2957803649516939,LOW,SAFETY_AGENT,BROADER_INDIAN_MARINE_REGION,INDIAN_MARINE,,,
GRID_1010,13.75,85.5,7.59,,,,,164.78747432432485,NO_NEARBY_SARAL,-0.0335,0.023000002,0.04063558,222.35256740272567,30.0,DD,,5.0,BOB,0.1876798123121261,5.5,0.1746603206432959,LOW,SAFETY_AGENT,BROADER_INDIAN_MARINE_REGION,INDIAN_MARINE,,,
GRID_1011,19.5,80.0,3.47,,,,,23.70160127050944,SARAL_AltiKa,,,,100.7176035664924,20.0,D,998.0,3.0,BOB,,,0.2025082864903798,LOW,SAFETY_AGENT,BROADER_INDIAN_MARINE_REGION,INDIAN_MARINE,,,
GRID_1012,14.5,88.75,8.27,1.996,5.88,208.85,302.37,62.97489572571829,SARAL_AltiKa,0.19900002,-0.026500002,0.20075671,266.01374047365994,30.0,DD,,5.0,BOB,0.2353182435035705,7.0,0.2594265111333276,LOW,SAFETY_AGENT,BROADER_INDIAN_MARINE_REGION,INDIAN_MARINE,,,
GRID_1013,11.75,89.5,7.49,2.191,6.01,206.14,302.25,50.70112445325589,SARAL_AltiKa,0.16,0.05,0.16763054,374.7018000411775,25.0,D,990.0,3.0995834159888913,BOB,0.2342917472124099,6.199999809265137,0.2154215765936436,LOW,SAFETY_AGENT,BROADER_INDIAN_MARINE_REGION,INDIAN_MARINE,,,
GRID_1014,11.75,90.75,7.54,2.004,5.94,206.03,302.25,82.0372997986496,SARAL_AltiKa,0.09900001,0.0195,0.100902185,316.38573556572857,25.0,D,990.0,3.0995834159888913,BOB,0.2452431172132492,8.100000381469727,0.2126376058140494,LOW,SAFETY_AGENT,BROADER_INDIAN_MARINE_REGION,INDIAN_MARINE,,,
GRID_1015,14.25,69.5,8.46,,,,,420.9400920827537,NO_NEARBY_SARAL,-0.007000001,0.028500002,0.029347064,60.60789688055286,25.0,D,,3.0,ARB,0.077754907310009,3.299999952316284,0.2123467245802673,LOW,SAFETY_AGENT,BROADER_INDIAN_MARINE_REGION,INDIAN_MARINE,,,
GRID_1016,12.25,81.0,7.3,1.647,5.08,184.91,302.69,96.87527371847725,SARAL_AltiKa,0.106000006,0.28250003,0.30173212,61.00715443012678,50.0,SCS,986.0,14.0,BOB,0.1418206542730331,4.099999904632568,0.3141922839256275,MEDIUM,SAFETY_AGENT,BROADER_INDIAN_MARINE_REGION,INDIAN_MARINE,,,
GRID_1017,19.75,82.25,5.86,,,,,176.40624943485247,NO_NEARBY_SARAL,,,,190.51406937655713,20.0,D,998.0,3.0,BOB,,,0.1755693467473604,LOW,SAFETY_AGENT,BROADER_INDIAN_MARINE_REGION,INDIAN_MARINE,,,
GRID_1018,9.0,95.5,4.63,1.106,5.2700000000000005,222.56,302.49,27.87575822854564,SARAL_AltiKa,0.086500004,-0.078999996,0.117146276,750.6515152732604,,,,,,0.245311826467514,5.599999904632568,0.1321531709791398,LOW,SAFETY_AGENT,BROADER_INDIAN_MARINE_REGION,INDIAN_MARINE,187146.0,0.075,2024-06-16 11:37:57.500260864
GRID_1019,16.25,68.25,9.26,,,,,463.07719700508306,NO_NEARBY_SARAL,-0.120500006,0.0935,0.1525205,84.70474524582056,65.0,VSCS,980.0,22.0,ARB,0.0748801752924919,5.199999809265137,0.2850444934357843,LOW,SAFETY_AGENT,BROADER_INDIAN_MARINE_REGION,INDIAN_MARINE,,,
GRID_1020,9.0,80.25,4.85,,,,,236.27530347491216,NO_NEARBY_SARAL,,,,99.32900778521017,25.0,,,3.0,BOB,,,0.2112581985580979,LOW,SAFETY_AGENT,BROADER_INDIAN_MARINE_REGION,INDIAN_MARINE,,,
GRID_1021,5.5,71.5,0.97,,,,,428.8730169023623,NO_NEARBY_SARAL,-0.16000001,0.0225,0.16157429,630.6902608128416,,,,,,0.1598906069993972,3.900000095367432,0.1941157527591702,LOW,SAFETY_AGENT,BROADER_INDIAN_MARINE_REGION,INDIAN_MARINE,,,
GRID_1022,12.0,71.25,6.46,,,,,293.80342096348187,NO_NEARBY_SARAL,0.1715,-0.023000002,0.1730354,168.98160485248826,25.0,D,,3.0,ARB,0.1108830720186233,5.599999904632568,0.1954362661766163,LOW,SAFETY_AGENT,BROADER_INDIAN_MARINE_REGION,INDIAN_MARINE,,,
GRID_1023,8.5,94.5,4.01,1.049,5.45,215.44,302.46,67.377746103769,SARAL_AltiKa,0.054500002,-0.1395,0.14976816,735.3035717050416,,,,,,0.2550308406352997,6.300000190734863,0.1310396570576104,LOW,SAFETY_AGENT,BROADER_INDIAN_MARINE_REGION,INDIAN_MARINE,,,
GRID_1024,8.0,73.0,3.94,,,,,206.0913600011851,NO_NEARBY_SARAL,-0.16300002,0.24200001,0.2917756,649.3967968568811,,,,,,0.0386699512600898,2.5999999046325684,0.2061828320244546,LOW,SAFETY_AGENT,BROADER_INDIAN_MARINE_REGION,INDIAN_MARINE,,,
GRID_1025,20.25,68.5,6.95,,,,,365.753731640108,NO_NEARBY_SARAL,0.028500002,0.054000005,0.061059404,59.06899748800653,25.0,D,,3.0,ARB,0.0838466584682464,6.400000095367432,0.2175448578474524,LOW,SAFETY_AGENT,BROADER_INDIAN_MARINE_REGION,INDIAN_MARINE,,,
GRID_1026,6.0,72.5,1.62,,,,,308.77295095856607,NO_NEARBY_SARAL,-0.20750001,0.14250001,0.25171912,691.9781939186767,,,,,,0.1542641520500183,4.5,0.2034161695741131,LOW,SAFETY_AGENT,BROADER_INDIAN_MARINE_REGION,INDIAN_MARINE,,,
GRID_1027,20.5,73.5,3.72,,,,,148.01566229291214,NO_NEARBY_SARAL,,,,228.32590954146303,50.0,SCS,990.0,12.0,ARB,,,0.2142257946978887,LOW,SAFETY_AGENT,BROADER_INDIAN_MARINE_REGION,INDIAN_MARINE,,,
GRID_1028,18.75,69.25,7.91,,,,,329.09314024983735,NO_NEARBY_SARAL,0.066,0.034500003,0.07447315,83.77515751846443,80.0,VSCS,970.0,30.0,ARB,0.0790553912520408,4.400000095367432,0.3021290729369412,MEDIUM,SAFETY_AGENT,BROADER_INDIAN_MARINE_REGION,INDIAN_MARINE,,,
GRID_1029,11.5,95.25,4.75,1.365,5.4,230.02,302.47,58.59443719629573,SARAL_AltiKa,-0.164,-0.123500004,0.2053004,525.6488436666223,,,,,,0.2440796345472335,4.900000095367432,0.1621988363280399,LOW,SAFETY_AGENT,BROADER_INDIAN_MARINE_REGION,INDIAN_MARINE,,,
GRID_1030,15.75,95.0,4.39,,,,,184.9954819675825,NO_NEARBY_SARAL,,,,180.40521151292504,115.0,VSCS,,65.58718508232494,BOB,,,0.2786020041064501,LOW,SAFETY_AGENT,BROADER_INDIAN_MARINE_REGION,INDIAN_MARINE,,,
GRID_1031,7.75,90.5,6.49,2.032,6.82,206.82,302.2,40.23285299599461,SARAL_AltiKa,-0.091500014,0.036000002,0.09832728,288.02298577900893,25.0,D,,3.0,BOB,0.2279944419860839,3.700000047683716,0.1999791517284377,LOW,SAFETY_AGENT,BROADER_INDIAN_MARINE_REGION,INDIAN_MARINE,,,
GRID_1032,14.5,84.0,6.54,,,,,272.67890967270154,NO_NEARBY_SARAL,0.036500003,0.109500006,0.11542314,161.47936966431257,30.0,DD,,5.0,BOB,0.1310746222734451,4.0,0.1995095229897232,LOW,SAFETY_AGENT,BROADER_INDIAN_MARINE_REGION,INDIAN_MARINE,,,
GRID_1033,7.0,93.0,6.4,,,,,193.06064968943983,NO_NEARBY_SARAL,-0.083000004,-0.136,0.15932672,551.8278800392268,,,,,,0.2600274384021759,4.5,0.1944413377899935,LOW,SAFETY_AGENT,BROADER_INDIAN_MARINE_REGION,INDIAN_MARINE,,,
GRID_1034,11.5,96.5,4.63,1.52,5.46,229.06,302.45,74.16085461303852,SARAL_AltiKa,-0.09,-0.079500005,0.120084345,636.1270378950184,,,,,,0.2498290091753006,4.300000190734863,0.1663082709789604,LOW,SAFETY_AGENT,BROADER_INDIAN_MARINE_REGION,INDIAN_MARINE,,,
GRID_1035,7.0,78.0,5.5200000000000005,1.947,6.25,218.55,301.91,43.31526513268687,SARAL_AltiKa,-0.14400001,-0.062,0.15678011,319.7452188709166,25.0,,,3.0,BOB,0.1322381943464279,4.0,0.1697350408245911,LOW,SAFETY_AGENT,BROADER_INDIAN_MARINE_REGION,INDIAN_MARINE,,,
GRID_1036,12.75,71.25,7.31,,,,,274.9611756493128,NO_NEARBY_SARAL,-0.014500001,-0.027,0.030647187,87.68030444940584,25.0,D,,3.0,ARB,0.1418208181858062,6.300000190734863,0.2060151795060102,LOW,SAFETY_AGENT,BROADER_INDIAN_MARINE_REGION,INDIAN_MARINE,,,
GRID_1037,16.5,94.25,5.13,1.84,9.0,237.0,28.8,268.6746336388381,NO_NEARBY_SARAL,,,,92.8472357357468,115.0,VSCS,,65.58718508232494,BOB,,,0.3048693968396035,MEDIUM,SAFETY_AGENT,BROADER_INDIAN_MARINE_REGION,INDIAN_MARINE,,,
GRID_1038,5.0,78.0,5.39,1.975,6.5600000000000005,185.46,302.04,91.30815626626476,SARAL_AltiKa,0.078,0.09300001,0.12137958,527.009647976222,,,,,,0.1952087730169296,4.099999904632568,0.21191791041218,LOW,SAFETY_AGENT,BROADER_INDIAN_MARINE_REGION,INDIAN_MARINE,,,
GRID_1039,8.0,76.25,6.26,1.98,11.15,189.0,28.7,142.777936744125,NO_NEARBY_SARAL,0.128,0.2675,0.29654723,356.39468531438115,25.0,,,3.0,BOB,0.1517454236745834,3.900000095367432,0.1508156810125558,LOW,SAFETY_AGENT,BROADER_INDIAN_MARINE_REGION,INDIAN_MARINE,,,
GRID_1040,17.0,77.25,3.62,,,,,271.25304695493037,NO_NEARBY_SARAL,,,,132.92007114338202,20.0,D,998.0,3.0,BOB,,,0.1928475462173129,LOW,SAFETY_AGENT,BROADER_INDIAN_MARINE_REGION,INDIAN_MARINE,,,
GRID_1041,17.0,94.0,5.49,2.06,9.5,227.0,29.0,281.7643176774093,NO_NEARBY_SARAL,-0.030500002,-0.057000004,0.06464712,62.730250060829555,115.0,VSCS,,65.58718508232494,BOB,0.3859649300575256,9.600000381469728,0.3108272161642965,MEDIUM,SAFETY_AGENT,BROADER_INDIAN_MARINE_REGION,INDIAN_MARINE,,,
GRID_1042,5.5,74.5,3.61,1.88,11.2,160.0,29.8,105.18731640292908,NO_NEARBY_SARAL,-0.1835,0.291,0.34402508,681.1651458089681,,,,,,0.1776181310415268,4.699999809265137,0.2128051504262244,LOW,SAFETY_AGENT,BROADER_INDIAN_MARINE_REGION,INDIAN_MARINE,,,
GRID_1043,15.0,71.5,7.1,2.52,9.75,237.0,28.4,192.16129506923903,NO_NEARBY_SARAL,-0.014000001,-0.083500005,0.08466552,175.28059601654596,25.0,D,,3.0,ARB,0.124709203839302,4.599999904632568,0.1842441461569507,LOW,SAFETY_AGENT,BROADER_INDIAN_MARINE_REGION,INDIAN_MARINE,,,
GRID_1044,11.5,71.5,6.18,2.2,10.25,224.0,29.1,279.82622899825697,NO_NEARBY_SARAL,0.1885,0.009500001,0.18873924,228.91739918350177,25.0,D,,3.0,ARB,0.1428474634885788,5.199999809265137,0.1789058228083034,LOW,SAFETY_AGENT,BROADER_INDIAN_MARINE_REGION,INDIAN_MARINE,,,
GRID_1045,13.25,73.0,4.49,1.91,7.0200000000000005,242.71,302.5,77.86732198142842,SARAL_AltiKa,-0.045500003,0.07300001,0.0860189,218.13571849677405,25.0,D,,3.0,ARB,0.1540041416883468,5.800000190734863,0.1806128515672227,LOW,SAFETY_AGENT,BROADER_INDIAN_MARINE_REGION,INDIAN_MARINE,,,
GRID_1046,21.75,74.0,4.56,,,,,227.52402852780472,NO_NEARBY_SARAL,,,,132.53341692346223,50.0,SCS,990.0,12.0,ARB,,,0.2429635424832889,LOW,SAFETY_AGENT,BROADER_INDIAN_MARINE_REGION,INDIAN_MARINE,,,
GRID_1047,15.75,85.25,7.77,1.96,8.85,194.0,28.9,237.3506673563698,NO_NEARBY_SARAL,-0.043000005,0.019500002,0.04721494,38.57091978119738,35.0,CS,,7.0,BOB,0.1504449844360351,4.099999904632568,0.2379929971457137,LOW,SAFETY_AGENT,BROADER_INDIAN_MARINE_REGION,INDIAN_MARINE,,,
GRID_1048,14.5,74.0,4.3500000000000005,1.963,7.26,241.94,302.5,57.63580297185147,SARAL_AltiKa,0.053500004,-0.0040000007,0.05364933,342.23651801868317,25.0,D,,3.0,ARB,,,0.1443218704213893,LOW,SAFETY_AGENT,BROADER_INDIAN_MARINE_REGION,INDIAN_MARINE,,,
GRID_1049,8.25,70.75,3.5,1.92,10.85,204.0,29.6,441.32204195176223,NO_NEARBY_SARAL,0.1525,0.041,0.15791532,420.61108815674623,25.0,D,,3.0,ARB,0.1386722475290298,3.200000047683716,0.1173048861956405,LOW,SAFETY_AGENT,BROADER_INDIAN_MARINE_REGION,INDIAN_MARINE,,,
GRID_1050,8.25,81.25,5.16,,,,,167.7552007316311,NO_NEARBY_SARAL,,,,117.2745848492543,25.0,,,3.0,BOB,,,0.2058745254388846,LOW,SAFETY_AGENT,BROADER_INDIAN_MARINE_REGION,INDIAN_MARINE,,,
GRID_1051,17.0,84.0,7.98,1.88,8.5,187.0,29.1,329.3433349405492,NO_NEARBY_SARAL,0.16600001,0.08500001,0.18649666,55.597463322279445,50.0,SCS,,12.398333663955563,BOB,0.1489725857973098,3.900000095367432,0.2717095251821598,LOW,SAFETY_AGENT,BROADER_INDIAN_MARINE_REGION,INDIAN_MARINE,,,
GRID_1052,5.5,76.75,5.69,2.006,6.55,188.26,302.02,55.63969994701367,SARAL_AltiKa,-0.066,0.12250001,0.13914831,528.750177681855,,,,,,0.2082135826349258,4.099999904632568,0.2223106287695583,LOW,SAFETY_AGENT,BROADER_INDIAN_MARINE_REGION,INDIAN_MARINE,,,
GRID_1053,14.25,83.25,6.34,1.94,8.9,186.0,29.9,188.18751657475983,NO_NEARBY_SARAL,0.079,-0.1365,0.15771256,85.43417686200353,30.0,DD,,5.0,BOB,0.1457906514406204,5.199999809265137,0.2271888128079664,LOW,SAFETY_AGENT,BROADER_INDIAN_MARINE_REGION,INDIAN_MARINE,,,
GRID_1054,13.5,70.25,8.22,2.52,9.75,231.0,28.7,361.429547256264,NO_NEARBY_SARAL,-0.075500004,-0.047000002,0.088933975,61.80764189205788,30.0,DD,,5.0,ARB,0.0915126204490661,2.700000047683716,0.2260132198406804,LOW,SAFETY_AGENT,BROADER_INDIAN_MARINE_REGION,INDIAN_MARINE,,,
GRID_1055,17.75,82.5,2.42,,,,,191.3754061616712,NO_NEARBY_SARAL,,,,72.27670231896292,25.0,DD,,4.0,BOB,,,0.219373890197972,LOW,SAFETY_AGENT,BROADER_INDIAN_MARINE_REGION,INDIAN_MARINE,,,
GRID_1056,12.25,89.5,7.82,2.156,5.96,206.84,302.25,38.70914759689502,SARAL_AltiKa,0.11750001,0.037,0.12318788,330.7533834604416,25.0,D,990.0,3.0995834159888913,BOB,0.220670998096466,8.100000381469727,0.2287611173145101,LOW,SAFETY_AGENT,BROADER_INDIAN_MARINE_REGION,INDIAN_MARINE,,,
GRID_1057,15.75,82.0,8.07,1.739,5.94,164.15,302.68,92.57734870532911,SARAL_AltiKa,0.5325,0.015000004,0.53271127,60.32910671663544,40.0,CS,,8.0,BOB,0.1449315100908279,5.300000190734863,0.3445013905222706,MEDIUM,SAFETY_AGENT,BROADER_INDIAN_MARINE_REGION,INDIAN_MARINE,,,
GRID_1058,14.0,76.25,5.98,,,,,282.19157816103666,NO_NEARBY_SARAL,,,,316.233843553042,30.0,DD,996.0,4.0,BOB,,,0.1545200811610816,LOW,SAFETY_AGENT,BROADER_INDIAN_MARINE_REGION,INDIAN_MARINE,,,
GRID_1059,21.25,70.0,5.47,1.46,8.4,234.0,26.8,187.62555484187175,NO_NEARBY_SARAL,,,,98.2520611667981,90.0,ESCS,962.0,40.0,ARB,,,0.3032479492102882,MEDIUM,SAFETY_AGENT,BROADER_INDIAN_MARINE_REGION,INDIAN_MARINE,,,
GRID_1060,13.75,90.75,8.92,2.34,10.15,210.0,29.2,129.23645247216487,NO_NEARBY_SARAL,-0.053500004,-0.042500004,0.06832643,116.17028864275537,25.0,D,990.0,3.0995834159888913,BOB,0.2454484105110168,9.399999618530272,0.203045177242716,LOW,SAFETY_AGENT,BROADER_INDIAN_MARINE_REGION,INDIAN_MARINE,,,
GRID_1061,11.5,79.25,1.2,,,,,68.56695198086516,SARAL_AltiKa,,,,202.00723372175585,25.0,,,3.0,BOB,,,0.1804547307771341,LOW,SAFETY_AGENT,BROADER_INDIAN_MARINE_REGION,INDIAN_MARINE,,,
GRID_1062,10.5,75.75,5.08,1.4,10.6,221.0,27.8,148.09575594065518,NO_NEARBY_SARAL,0.071,-0.1375,0.15474899,366.7309096072706,25.0,,,3.0,BOB,,,0.1342501856114797,LOW,SAFETY_AGENT,BROADER_INDIAN_MARINE_REGION,INDIAN_MARINE,,,
GRID_1063,10.25,88.75,9.74,2.72,10.15,211.0,28.8,166.97889445568035,NO_NEARBY_SARAL,0.0060000047,0.19750002,0.19759114,370.66777621560857,25.0,D,,3.0,BOB,0.2056127190589904,4.699999809265137,0.1371728128375974,LOW,SAFETY_AGENT,BROADER_INDIAN_MARINE_REGION,INDIAN_MARINE,,,
GRID_1064,9.25,88.0,9.33,2.84,10.4,210.0,29.1,208.8355217836981,NO_NEARBY_SARAL,0.171,0.0775,0.18774252,250.1885849502571,25.0,D,,3.0,BOB,0.1752910315990448,6.199999809265137,0.173005903998553,LOW,SAFETY_AGENT,BROADER_INDIAN_MARINE_REGION,INDIAN_MARINE,,,
GRID_1065,12.75,68.0,6.96,2.56,9.8,222.0,28.4,359.0565852743785,NO_NEARBY_SARAL,-0.0505,0.0375,0.06290072,138.99365830569843,25.0,D,,3.0,ARB,0.0526351630687713,3.200000047683716,0.1920735624398042,LOW,SAFETY_AGENT,BROADER_INDIAN_MARINE_REGION,INDIAN_MARINE,,,
GRID_1066,20.0,73.5,4.5,,,,,136.2500420356022,NO_NEARBY_SARAL,,,,282.7743914690637,50.0,SCS,990.0,12.0,ARB,,,0.1978912501196085,LOW,SAFETY_AGENT,BROADER_INDIAN_MARINE_REGION,INDIAN_MARINE,,,
GRID_1067,14.75,79.0,6.23,,,,,36.41585661201175,SARAL_AltiKa,,,,27.798731661139367,30.0,DD,996.0,4.0,BOB,,,0.2410506147286524,LOW,SAFETY_AGENT,BROADER_INDIAN_MARINE_REGION,INDIAN_MARINE,,,
GRID_1068,11.25,77.5,2.88,,,,,111.46616523064648,NO_NEARBY_SARAL,,,,237.91502558721257,25.0,,,3.0,BOB,,,0.1696823932174971,LOW,SAFETY_AGENT,BROADER_INDIAN_MARINE_REGION,INDIAN_MARINE,,,
GRID_1069,9.25,73.25,4.99,1.94,10.8,208.0,29.4,148.82180629234705,NO_NEARBY_SARAL,0.0425,0.103,0.11142374,532.408283596887,,,,,,0.1903492212295532,5.599999904632568,0.1900268441993782,LOW,SAFETY_AGENT,BROADER_INDIAN_MARINE_REGION,INDIAN_MARINE,,,
GRID_1070,8.0,81.25,7.1,,,,,173.83085063301183,NO_NEARBY_SARAL,,,,138.44530357347867,25.0,,,3.0,BOB,,,0.1995233098216173,LOW,SAFETY_AGENT,BROADER_INDIAN_MARINE_REGION,INDIAN_MARINE,,,
GRID_1071,10.5,93.0,7.52,2.16,10.2,219.0,28.8,274.5540085473934,NO_NEARBY_SARAL,0.028,-0.008500002,0.029261751,473.6380618169701,25.0,D,990.0,3.0995834159888913,BOB,0.2303217947483062,3.799999952316284,0.0890605610179378,LOW,SAFETY_AGENT,BROADER_INDIAN_MARINE_REGION,INDIAN_MARINE,,,
GRID_1072,21.5,71.75,4.38,,,,,5.553275696036811,SARAL_AltiKa,,,,170.2109214583075,50.0,SCS,990.0,12.0,ARB,,,0.2316602911228353,LOW,SAFETY_AGENT,BROADER_INDIAN_MARINE_REGION,INDIAN_MARINE,,,
GRID_1073,15.75,73.25,3.49,1.925,7.53,240.97,302.59000000000003,9.682840672605275,SARAL_AltiKa,0.0225,-0.090500005,0.093255036,348.1215192232726,25.0,D,,3.0,ARB,,,0.1433502739933458,LOW,SAFETY_AGENT,BROADER_INDIAN_MARINE_REGION,INDIAN_MARINE,,,
GRID_1074,16.0,70.0,8.2,2.7,9.25,236.0,28.4,323.289852440321,NO_NEARBY_SARAL,0.079500005,-0.124000005,0.14729647,198.312276014164,25.0,D,,3.0,ARB,0.0756331086158752,8.399999618530273,0.1853750467765556,LOW,SAFETY_AGENT,BROADER_INDIAN_MARINE_REGION,INDIAN_MARINE,,,
GRID_1075,16.5,93.75,6.89,2.12,9.35,227.0,28.8,320.6028438587399,NO_NEARBY_SARAL,-0.1515,-0.1225,0.19482942,114.32847787778525,115.0,VSCS,,65.58718508232494,BOB,0.2740589082241058,6.400000095367432,0.306486212621575,MEDIUM,SAFETY_AGENT,BROADER_INDIAN_MARINE_REGION,INDIAN_MARINE,,,
GRID_1076,20.0,77.25,4.9,,,,,291.0324051496069,NO_NEARBY_SARAL,,,,232.67772542891757,20.0,D,998.0,3.0,BOB,,,0.1629202499316523,LOW,SAFETY_AGENT,BROADER_INDIAN_MARINE_REGION,INDIAN_MARINE,,,
GRID_1077,13.0,85.5,6.97,2.16,9.6,191.0,29.5,147.22660431932695,NO_NEARBY_SARAL,-0.10250001,0.0195,0.10433839,298.14404411092005,30.0,DD,,5.0,BOB,0.1674880236387252,4.400000095367432,0.1576926792068378,LOW,SAFETY_AGENT,BROADER_INDIAN_MARINE_REGION,INDIAN_MARINE,,,
GRID_1078,18.75,68.25,8.63,2.58,9.15,229.0,28.1,396.5399427525517,NO_NEARBY_SARAL,0.061500005,-0.111,0.12689859,186.48288971576596,80.0,VSCS,970.0,30.0,ARB,0.0546885393559932,6.099999904632568,0.2773483800526432,LOW,SAFETY_AGENT,BROADER_INDIAN_MARINE_REGION,INDIAN_MARINE,,,
GRID_1079,9.5,94.75,4.82,1.25,5.3500000000000005,226.15,302.5,64.32571710083813,SARAL_AltiKa,-0.0034999996,-0.20200002,0.20203035,658.7631755338859,,,,,,0.233128160238266,5.699999809265137,0.152661119165883,LOW,SAFETY_AGENT,BROADER_INDIAN_MARINE_REGION,INDIAN_MARINE,,,
GRID_1080,10.0,75.0,2.52,1.815,7.94,225.03,302.41,56.26906619333057,SARAL_AltiKa,-0.017,0.026000002,0.03106445,439.48788593519794,25.0,,,3.0,BOB,0.2773445546627044,5.199999809265137,0.1008034405107299,LOW,SAFETY_AGENT,BROADER_INDIAN_MARINE_REGION,INDIAN_MARINE,,,
GRID_1081,14.25,77.0,5.93,,,,,234.32159145146164,NO_NEARBY_SARAL,,,,230.77711740487575,30.0,DD,996.0,4.0,BOB,,,0.1801570990055315,LOW,SAFETY_AGENT,BROADER_INDIAN_MARINE_REGION,INDIAN_MARINE,,,
GRID_1082,15.75,75.5,6.07,,,,,243.71661406019476,NO_NEARBY_SARAL,,,,322.0610170942248,25.0,D,997.0,3.0,BOB,,,0.1444385957653934,LOW,SAFETY_AGENT,BROADER_INDIAN_MARINE_REGION,INDIAN_MARINE,,,
GRID_1083,19.5,77.25,4.81,,,,,304.1862532698653,NO_NEARBY_SARAL,,,,200.10475335688895,20.0,D,998.0,3.0,BOB,,,0.1726921415532609,LOW,SAFETY_AGENT,BROADER_INDIAN_MARINE_REGION,INDIAN_MARINE,,,
GRID_1084,20.0,71.0,7.16,2.0,8.5,239.0,28.4,118.13575820882647,NO_NEARBY_SARAL,0.056500003,-0.093,0.10881751,76.2353432132595,90.0,ESCS,962.0,40.0,ARB,0.0828883424401283,3.0999999046325684,0.3071850355111054,MEDIUM,SAFETY_AGENT,BROADER_INDIAN_MARINE_REGION,INDIAN_MARINE,,,
GRID_1085,10.0,71.25,5.02,2.12,10.65,211.0,29.3,343.97850171077863,NO_NEARBY_SARAL,-0.18800001,0.0785,0.20373084,390.13238896514105,25.0,D,,3.0,ARB,0.1785763502120971,8.199999809265137,0.1336298080906205,LOW,SAFETY_AGENT,BROADER_INDIAN_MARINE_REGION,INDIAN_MARINE,,,
GRID_1086,11.5,69.75,5.52,2.3,10.15,222.0,29.0,465.6348869566147,NO_NEARBY_SARAL,-0.0545,0.081,0.097628124,190.68435274792324,25.0,D,,3.0,ARB,0.127104714512825,5.699999809265137,0.1814752682665376,LOW,SAFETY_AGENT,BROADER_INDIAN_MARINE_REGION,INDIAN_MARINE,,,
GRID_1087,14.0,70.25,8.7,2.56,9.7,232.0,28.6,348.617141763827,NO_NEARBY_SARAL,-0.042000003,-0.048,0.063780874,26.972989274411525,30.0,DD,,5.0,ARB,0.0917179509997367,4.599999904632568,0.2348988187808255,LOW,SAFETY_AGENT,BROADER_INDIAN_MARINE_REGION,INDIAN_MARINE,,,
GRID_1088,10.0,97.0,8.72,1.86,8.75,246.0,28.9,141.0504219918699,NO_NEARBY_SARAL,-0.058000006,-0.0635,0.086001456,779.3186618628165,,,,,,0.2444218844175338,5.099999904632568,0.1873697974573482,LOW,SAFETY_AGENT,BROADER_INDIAN_MARINE_REGION,INDIAN_MARINE,,,
GRID_1089,22.0,68.5,7.02,2.06,8.85,222.0,28.0,318.77137863535427,NO_NEARBY_SARAL,0.053000003,-0.069000006,0.08700576,122.63802220071383,25.0,D,,3.0,ARB,0.0659137293696403,5.199999809265137,0.2004239535678424,LOW,SAFETY_AGENT,BROADER_INDIAN_MARINE_REGION,INDIAN_MARINE,,,
GRID_1090,14.5,94.25,6.41,1.6,7.1,240.0,29.0,234.5135160015507,NO_NEARBY_SARAL,0.22950003,-0.12900001,0.26327032,296.0442592895747,25.0,D,990.0,3.0995834159888913,BOB,0.2849421501159668,6.099999904632568,0.1670261095407338,LOW,SAFETY_AGENT,BROADER_INDIAN_MARINE_REGION,INDIAN_MARINE,,,
GRID_1091,8.0,90.75,6.63,2.191,6.79,208.16,302.2,7.425673229817145,SARAL_AltiKa,-0.0064999983,-0.0030000005,0.007158909,322.9142442062187,25.0,D,,3.0,BOB,0.224709540605545,3.900000095367432,0.1965367248706652,LOW,SAFETY_AGENT,BROADER_INDIAN_MARINE_REGION,INDIAN_MARINE,,,
GRID_1092,19.75,71.0,7.16,2.0,8.4,240.0,28.6,124.43997072414074,NO_NEARBY_SARAL,0.071,-0.034,0.07872103,98.38705802507845,90.0,ESCS,962.0,40.0,ARB,0.1059548184275627,4.900000095367432,0.2984875393528958,LOW,SAFETY_AGENT,BROADER_INDIAN_MARINE_REGION,INDIAN_MARINE,,,
GRID_1093,7.0,74.5,5.44,1.786,6.54,201.68,302.25,69.11627254779262,SARAL_AltiKa,-0.14050001,0.133,0.19346641,578.9490868885845,,,,,,0.1589324623346328,5.800000190734863,0.2051359027785254,LOW,SAFETY_AGENT,BROADER_INDIAN_MARINE_REGION,INDIAN_MARINE,,,
GRID_1094,10.75,89.25,9.24,2.7,10.3,210.0,29.0,101.49189903696832,NO_NEARBY_SARAL,-0.06400001,0.162,0.17418382,439.00488470305766,25.0,D,,3.0,BOB,0.2455167174339294,5.400000095367432,0.1147807084303512,LOW,SAFETY_AGENT,BROADER_INDIAN_MARINE_REGION,INDIAN_MARINE,,,
GRID_1095,9.0,89.5,9.42,2.72,10.35,214.0,29.0,117.3105076826526,NO_NEARBY_SARAL,0.08850001,0.008499999,0.088907264,277.0110822034572,25.0,D,,3.0,BOB,0.2646819055080414,6.300000190734863,0.1553491065981003,LOW,SAFETY_AGENT,BROADER_INDIAN_MARINE_REGION,INDIAN_MARINE,,,
GRID_1096,16.25,90.0,8.64,2.34,9.6,203.0,28.8,109.6602694074678,NO_NEARBY_SARAL,0.16,0.19800001,0.2545663,60.15114206462614,40.0,CS,984.0,7.934933544931562,BOB,0.2127311080694198,5.699999809265137,0.2615431150554182,LOW,SAFETY_AGENT,BROADER_INDIAN_MARINE_REGION,INDIAN_MARINE,,,
GRID_1097,8.25,90.75,6.2700000000000005,2.059,6.5,208.61,302.21,1.421590420452977,SARAL_AltiKa,0.042000003,-0.0075000003,0.04266439,333.427520961114,25.0,D,,3.0,BOB,0.2352499067783355,5.0,0.179309640811945,LOW,SAFETY_AGENT,BROADER_INDIAN_MARINE_REGION,INDIAN_MARINE,,,
GRID_1098,12.75,95.75,4.55,1.277,5.24,229.03,302.37,35.4278354364059,SARAL_AltiKa,0.15450001,-0.20700002,0.25830072,498.7770060230921,25.0,D,990.0,3.0995834159888913,BOB,0.2748120427131653,5.199999809265137,0.0609006668711545,LOW,SAFETY_AGENT,BROADER_INDIAN_MARINE_REGION,INDIAN_MARINE,178304.0,0.095,2024-06-16 11:36:56.565395840
GRID_1099,11.25,70.75,5.96,2.26,10.35,219.0,29.1,365.77812128095786,NO_NEARBY_SARAL,0.06700001,0.0745,0.10019606,251.65749930461465,25.0,D,,3.0,ARB,0.1505133956670761,4.400000095367432,0.1628486397454669,LOW,SAFETY_AGENT,BROADER_INDIAN_MARINE_REGION,INDIAN_MARINE,,,
GRID_1100,19.0,79.25,3.32,,,,,111.63218005623774,NO_NEARBY_SARAL,,,,5.256843415060945,20.0,D,998.0,3.0,BOB,,,0.2311465145358093,LOW,SAFETY_AGENT,BROADER_INDIAN_MARINE_REGION,INDIAN_MARINE,,,
GRID_1101,12.5,83.0,6.53,1.76,9.35,186.0,29.9,120.84344166358176,NO_NEARBY_SARAL,0.0685,-0.06050001,0.09139202,122.06005553226868,35.0,CS,994.0,6.0,BOB,0.1192333772778511,5.300000190734863,0.2178859355455481,LOW,SAFETY_AGENT,BROADER_INDIAN_MARINE_REGION,INDIAN_MARINE,,,
GRID_1102,18.5,83.25,2.43,,,,,285.827124409667,NO_NEARBY_SARAL,,,,174.7530315405952,25.0,DD,,4.0,BOB,,,0.1886309914314823,LOW,SAFETY_AGENT,BROADER_INDIAN_MARINE_REGION,INDIAN_MARINE,,,
GRID_1103,19.5,72.25,4.05,1.691,7.15,234.43,302.26,3.4626098270399215,SARAL_AltiKa,0.0050000004,-0.048000004,0.048259716,214.00719637477155,90.0,ESCS,962.0,40.0,ARB,0.1027397364377975,6.900000095367432,0.25191399540968,LOW,SAFETY_AGENT,BROADER_INDIAN_MARINE_REGION,INDIAN_MARINE,,,
GRID_1104,17.5,84.5,8.85,1.96,8.55,189.0,29.6,354.84623458196245,NO_NEARBY_SARAL,0.05700001,0.317,0.32208383,76.87854959258752,55.0,SCS,,15.001983733386234,BOB,0.1667353361845016,6.5,0.288561656462685,LOW,SAFETY_AGENT,BROADER_INDIAN_MARINE_REGION,INDIAN_MARINE,,,
GRID_1105,8.25,95.5,3.96,1.074,5.48,214.92,302.46,45.88722865882889,SARAL_AltiKa,0.16250001,-0.041500002,0.16771553,820.3047902616225,,,,,,0.231143519282341,4.0,0.1337080089921939,LOW,SAFETY_AGENT,BROADER_INDIAN_MARINE_REGION,INDIAN_MARINE,159744.0,0.174,2024-06-16 11:38:09.899810816
GRID_1106,17.0,85.0,8.51,1.98,8.35,195.0,29.5,291.86943812437386,NO_NEARBY_SARAL,0.1385,0.3125,0.34181648,0.0,55.0,SCS,,15.001983733386234,BOB,0.1371664255857467,3.799999952316284,0.3121745640401225,MEDIUM,SAFETY_AGENT,BROADER_INDIAN_MARINE_REGION,INDIAN_MARINE,,,
GRID_1107,19.25,68.75,7.69,2.46,9.15,230.0,28.1,367.0174010589511,NO_NEARBY_SARAL,-0.0069999993,-0.097,0.09725225,141.43073456721746,25.0,D,,3.0,ARB,0.0537987314164638,3.299999952316284,0.194830501434534,LOW,SAFETY_AGENT,BROADER_INDIAN_MARINE_REGION,INDIAN_MARINE,,,
GRID_1108,5.0,73.5,1.85,0.88,9.9,173.0,30.4,225.20148872919347,NO_NEARBY_SARAL,-0.2115,0.284,0.35410205,800.503292088508,,,,,,,,0.214063361687649,LOW,SAFETY_AGENT,BROADER_INDIAN_MARINE_REGION,INDIAN_MARINE,,,
GRID_1109,16.0,89.25,8.2,2.286,5.88,204.96,302.49,25.729406512051515,SARAL_AltiKa,0.18650001,0.1805,0.25954288,136.9598757762467,40.0,CS,984.0,7.934933544931562,BOB,0.2272417992353439,5.599999904632568,0.3427344297175306,MEDIUM,SAFETY_AGENT,BROADER_INDIAN_MARINE_REGION,INDIAN_MARINE,,,
GRID_1110,7.5,90.0,6.84,2.077,6.86,206.04,302.2,99.96996708853686,SARAL_AltiKa,-0.18650001,0.087500006,0.20600608,227.5088068246251,25.0,D,,3.0,BOB,0.2391512989997863,6.300000190734863,0.2409791776288126,LOW,SAFETY_AGENT,BROADER_INDIAN_MARINE_REGION,INDIAN_MARINE,,,
GRID_1111,9.0,74.25,4.18,1.963,7.640000000000001,226.07,302.34000000000003,47.84331949046972,SARAL_AltiKa,0.031000003,-0.060500003,0.06797978,526.9318406292247,,,,,,0.205407366156578,4.099999904632568,0.1978034268950292,LOW,SAFETY_AGENT,BROADER_INDIAN_MARINE_REGION,INDIAN_MARINE,,,
GRID_1112,9.5,79.0,5.86,0.62,3.9,180.0,31.0,90.36353220090196,SARAL_AltiKa,,,,22.2389853289116,25.0,,,3.0,BOB,,,0.2343852052949874,LOW,SAFETY_AGENT,BROADER_INDIAN_MARINE_REGION,INDIAN_MARINE,,,
GRID_1113,18.25,81.25,2.94,,,,,74.36538961285154,SARAL_AltiKa,,,,184.0904455345439,25.0,DD,,4.0,BOB,,,0.1858297672332977,LOW,SAFETY_AGENT,BROADER_INDIAN_MARINE_REGION,INDIAN_MARINE,,,
GRID_1114,9.0,73.0,5.0,1.94,10.85,209.0,29.5,181.6680170815872,NO_NEARBY_SARAL,-0.0425,0.22250001,0.22652264,545.8247500533491,,,,,,0.1841206550598144,4.599999904632568,0.2010211627839539,LOW,SAFETY_AGENT,BROADER_INDIAN_MARINE_REGION,INDIAN_MARINE,,,
GRID_1115,19.25,85.0,3.53,1.46,9.65,169.0,30.0,331.16053178459504,NO_NEARBY_SARAL,,,,27.798731661139367,20.0,D,,3.0,BOB,,,0.2243839480619858,LOW,SAFETY_AGENT,BROADER_INDIAN_MARINE_REGION,INDIAN_MARINE,,,
GRID_1116,9.25,79.5,8.93,0.96,6.25,198.0,29.4,149.8890636831732,NO_NEARBY_SARAL,0.051,0.062000006,0.080280766,27.798731661139723,25.0,,,3.0,BOB,,,0.2284830165953189,LOW,SAFETY_AGENT,BROADER_INDIAN_MARINE_REGION,INDIAN_MARINE,,,
GRID_1117,11.75,71.25,6.49,2.26,10.15,225.0,29.0,300.08472344733167,NO_NEARBY_SARAL,0.185,0.0075,0.18515196,196.47262188772768,25.0,D,,3.0,ARB,0.1433950066566467,4.400000095367432,0.187881896998007,LOW,SAFETY_AGENT,BROADER_INDIAN_MARINE_REGION,INDIAN_MARINE,,,
GRID_1118,15.25,96.0,4.71,1.108,5.36,234.02,302.31,68.83052612805614,SARAL_AltiKa,0.0785,0.034,0.08554678,278.55384401341047,115.0,VSCS,,65.58718508232494,BOB,0.3194387555122375,7.699999809265137,0.18863712158939,LOW,SAFETY_AGENT,BROADER_INDIAN_MARINE_REGION,INDIAN_MARINE,,,
GRID_1119,7.5,92.75,7.0,2.52,11.3,218.0,29.1,195.61058152415805,NO_NEARBY_SARAL,0.0555,-0.11600001,0.12859336,526.8905058517759,,,,,,0.2509926855564117,4.199999809265137,0.1911954148125116,LOW,SAFETY_AGENT,BROADER_INDIAN_MARINE_REGION,INDIAN_MARINE,,,
GRID_1120,7.0,72.25,2.62,1.72,10.8,213.0,30.0,311.18329807750047,NO_NEARBY_SARAL,-0.016500004,0.052,0.054555018,619.3603683223755,,,,,,0.1353868395090103,4.0,0.1834025660927606,LOW,SAFETY_AGENT,BROADER_INDIAN_MARINE_REGION,INDIAN_MARINE,,,
GRID_1121,13.0,68.5,7.29,2.52,9.7,224.0,28.4,417.5012250052195,NO_NEARBY_SARAL,-0.0395,0.032500006,0.05115174,175.31672074250645,25.0,D,,3.0,ARB,0.0622860677540302,3.0999999046325684,0.1799758728989494,LOW,SAFETY_AGENT,BROADER_INDIAN_MARINE_REGION,INDIAN_MARINE,,,
GRID_1122,9.5,88.25,9.78,2.86,10.3,210.0,28.9,229.44158533388213,NO_NEARBY_SARAL,0.128,0.123500004,0.17786583,279.34508868135424,25.0,D,,3.0,BOB,0.1767285764217376,5.0,0.162674877836648,LOW,SAFETY_AGENT,BROADER_INDIAN_MARINE_REGION,INDIAN_MARINE,,,
GRID_1123,11.75,82.75,7.5,1.681,5.1000000000000005,188.42,302.66,76.61532375442657,SARAL_AltiKa,0.12450001,-0.0029999986,0.12453614,86.21587820010025,35.0,CS,994.0,6.0,BOB,0.1154688149690628,4.5,0.2708775225773925,LOW,SAFETY_AGENT,BROADER_INDIAN_MARINE_REGION,INDIAN_MARINE,,,
GRID_1124,12.5,79.75,2.26,,,,,97.18339036835448,SARAL_AltiKa,,,,185.49614801691763,55.0,SCS,982.0,18.0,BOB,,,0.2354080564885856,LOW,SAFETY_AGENT,BROADER_INDIAN_MARINE_REGION,INDIAN_MARINE,,,
GRID_1125,11.5,72.5,6.52,1.78,9.25,244.0,29.1,173.63194291184757,NO_NEARBY_SARAL,0.0805,0.099,0.127598,275.62754391531723,25.0,D,,3.0,ARB,,,0.1588660963190657,LOW,SAFETY_AGENT,BROADER_INDIAN_MARINE_REGION,INDIAN_MARINE,,,
GRID_1126,14.25,84.25,6.78,2.12,9.55,184.0,29.7,293.20711138140473,NO_NEARBY_SARAL,-0.040500004,0.085,0.09415546,190.5369313702428,30.0,DD,,5.0,BOB,0.1524984240531921,4.900000095367432,0.1891690460300772,LOW,SAFETY_AGENT,BROADER_INDIAN_MARINE_REGION,INDIAN_MARINE,,,
GRID_1127,8.0,93.0,6.98,2.58,11.1,221.0,29.0,216.47959920345787,NO_NEARBY_SARAL,-0.034500003,-0.117000006,0.12198053,562.3116621645842,,,,,,,,0.190851209687649,LOW,SAFETY_AGENT,BROADER_INDIAN_MARINE_REGION,INDIAN_MARINE,,,
GRID_1128,8.75,78.0,1.52,,,,,1.8779673373268757,SARAL_AltiKa,,,,152.33199183823984,25.0,,,3.0,BOB,,,0.1953573033421889,LOW,SAFETY_AGENT,BROADER_INDIAN_MARINE_REGION,INDIAN_MARINE,,,
GRID_1129,12.75,90.0,8.45,2.192,6.0,206.09,302.27,26.527363033757897,SARAL_AltiKa,0.0195,0.058500003,0.061664417,253.25711213007617,25.0,D,990.0,3.0995834159888913,BOB,0.2379877269268036,5.300000190734863,0.2601009441403282,LOW,SAFETY_AGENT,BROADER_INDIAN_MARINE_REGION,INDIAN_MARINE,,,
GRID_1130,10.0,96.25,4.84,1.519,5.26,233.7,302.52,83.9123430601755,SARAL_AltiKa,-0.21300001,-0.061499998,0.22170083,718.7661786439268,,,,,,0.2188911586999893,5.199999809265137,0.1767592413287039,LOW,SAFETY_AGENT,BROADER_INDIAN_MARINE_REGION,INDIAN_MARINE,,,
GRID_1131,10.0,80.75,4.59,0.8,6.95,164.0,29.4,178.5149269552626,NO_NEARBY_SARAL,0.0705,0.2195,0.23054393,147.83809616469472,25.0,,,3.0,BOB,0.1393566280603408,8.199999809265137,0.208901355625375,LOW,SAFETY_AGENT,BROADER_INDIAN_MARINE_REGION,INDIAN_MARINE,,,
GRID_1132,15.5,73.75,3.43,1.702,7.41,242.53,302.56,55.26043968875425,SARAL_AltiKa,0.013,-0.0665,0.06775877,370.25499940829974,25.0,D,,3.0,ARB,,,0.1155772700045043,LOW,SAFETY_AGENT,BROADER_INDIAN_MARINE_REGION,INDIAN_MARINE,,,
GRID_1133,8.25,69.5,2.75,1.98,10.85,200.0,29.6,416.70153964672863,NO_NEARBY_SARAL,-0.0185,-0.068,0.07047163,287.21505902106423,25.0,D,,3.0,ARB,0.1610540896654129,3.799999952316284,0.1489352804940024,LOW,SAFETY_AGENT,BROADER_INDIAN_MARINE_REGION,INDIAN_MARINE,,,
GRID_1134,13.0,93.25,5.89,0.82,6.65,195.0,29.3,305.40102462593086,NO_NEARBY_SARAL,,,,252.07862791816393,25.0,D,990.0,3.0995834159888913,BOB,,,0.1654333125182117,LOW,SAFETY_AGENT,BROADER_INDIAN_MARINE_REGION,INDIAN_MARINE,,,
GRID_1135,19.0,75.0,4.03,,,,,266.2771724869178,NO_NEARBY_SARAL,,,,365.3047912062008,20.0,D,998.0,3.0,BOB,,,0.1231321301984673,LOW,SAFETY_AGENT,BROADER_INDIAN_MARINE_REGION,INDIAN_MARINE,,,
GRID_1136,11.5,70.0,6.28,2.3,10.25,221.0,28.9,439.0969961044194,NO_NEARBY_SARAL,-0.026000002,0.092,0.095603354,217.92487147768225,25.0,D,,3.0,ARB,0.1393565982580185,5.099999904632568,0.1728312654046566,LOW,SAFETY_AGENT,BROADER_INDIAN_MARINE_REGION,INDIAN_MARINE,,,
GRID_1137,13.25,91.5,8.09,2.46,10.25,215.0,29.1,196.56212997467105,NO_NEARBY_SARAL,0.057000004,0.0064999983,0.057369422,138.9936583056986,25.0,D,990.0,3.0995834159888913,BOB,0.1941822618246078,4.800000190734863,0.1926743004582193,LOW,SAFETY_AGENT,BROADER_INDIAN_MARINE_REGION,INDIAN_MARINE,,,
GRID_1138,16.25,83.75,7.18,1.76,9.1,182.0,29.3,286.4441595030981,NO_NEARBY_SARAL,0.29450002,0.222,0.36880112,38.524243710974666,50.0,SCS,,12.398333663955563,BOB,0.1706365942955017,4.900000095367432,0.2956160970867967,LOW,SAFETY_AGENT,BROADER_INDIAN_MARINE_REGION,INDIAN_MARINE,,,
GRID_1139,17.0,82.5,5.41,0.78,8.1,154.0,27.8,173.94293681594115,NO_NEARBY_SARAL,,,,0.0,40.0,CS,,8.0,BOB,,,0.2660569008936609,LOW,SAFETY_AGENT,BROADER_INDIAN_MARINE_REGION,INDIAN_MARINE,,,
GRID_1140,7.75,75.25,4.88,1.845,6.62,213.23,302.25,29.50985211233232,SARAL_AltiKa,0.11850001,0.06750001,0.13637632,465.691494314145,25.0,,,3.0,BOB,0.1682409793138504,4.900000095367432,0.1055507862017248,LOW,SAFETY_AGENT,BROADER_INDIAN_MARINE_REGION,INDIAN_MARINE,,,
GRID_1141,15.5,92.5,8.01,2.26,9.85,219.0,28.9,352.93719666697166,NO_NEARBY_SARAL,-0.1655,-0.07100001,0.18008679,154.5962355640775,25.0,D,990.0,3.0995834159888913,BOB,0.2743328809738159,11.100000381469728,0.2036156407239461,LOW,SAFETY_AGENT,BROADER_INDIAN_MARINE_REGION,INDIAN_MARINE,,,
GRID_1142,16.0,71.0,7.17,2.62,9.6,236.0,28.3,219.165797843665,NO_NEARBY_SARAL,0.080000006,0.0815,0.11420267,246.96530806117212,30.0,DD,,5.0,ARB,0.1302532702684402,5.599999904632568,0.1745396410429691,LOW,SAFETY_AGENT,BROADER_INDIAN_MARINE_REGION,INDIAN_MARINE,,,
GRID_1143,6.5,72.5,2.19,1.58,10.6,215.0,30.1,296.5326141637566,NO_NEARBY_SARAL,-0.127,0.124000005,0.1774965,666.6552761440944,,,,,,0.1880382597446441,4.300000190734863,0.1959783429387171,LOW,SAFETY_AGENT,BROADER_INDIAN_MARINE_REGION,INDIAN_MARINE,,,
GRID_1144,16.25,77.25,4.8,,,,,254.1256088610733,NO_NEARBY_SARAL,,,,136.38807209455496,25.0,D,997.0,3.0,BOB,,,0.2001404792652944,LOW,SAFETY_AGENT,BROADER_INDIAN_MARINE_REGION,INDIAN_MARINE,,,
GRID_1145,13.5,79.0,4.7,,,,,6.371060183661238,SARAL_AltiKa,,,,154.9342418408281,50.0,SCS,986.0,14.0,BOB,,,0.2362432950080791,LOW,SAFETY_AGENT,BROADER_INDIAN_MARINE_REGION,INDIAN_MARINE,,,
GRID_1146,12.25,80.5,4.4,1.12,9.0,150.0,29.9,149.82975165358263,NO_NEARBY_SARAL,0.105000004,0.213,0.2374742,112.11232227246232,50.0,SCS,986.0,14.0,BOB,0.1388090848922729,5.5,0.2606274126971586,LOW,SAFETY_AGENT,BROADER_INDIAN_MARINE_REGION,INDIAN_MARINE,,,
GRID_1147,13.0,95.5,4.82,1.272,5.23,229.55,302.36,67.80115038786955,SARAL_AltiKa,0.2965,-0.15600002,0.3350347,463.093468295151,25.0,D,990.0,3.0995834159888913,BOB,0.2517456710338592,6.300000190734863,0.0793547937844067,LOW,SAFETY_AGENT,BROADER_INDIAN_MARINE_REGION,INDIAN_MARINE,,,
GRID_1148,15.5,89.0,7.79,2.112,5.92,206.15,302.45,12.619351780451808,SARAL_AltiKa,0.16250002,0.0625,0.17410488,195.11396589993217,40.0,CS,984.0,7.934933544931562,BOB,0.1871917992830276,6.199999809265137,0.2942442776328605,LOW,SAFETY_AGENT,BROADER_INDIAN_MARINE_REGION,INDIAN_MARINE,,,
GRID_1149,11.25,96.5,4.75,1.365,5.4,230.02,302.47,80.24177301955055,SARAL_AltiKa,-0.042000003,-0.1115,0.119148016,651.3508782298182,,,,,,0.2564683258533478,5.5,0.1539145696086214,LOW,SAFETY_AGENT,BROADER_INDIAN_MARINE_REGION,INDIAN_MARINE,,,
GRID_1150,20.5,74.75,4.94,,,,,274.80838870870076,NO_NEARBY_SARAL,,,,286.76033611755133,50.0,SCS,990.0,12.0,ARB,,,0.1966954667250622,LOW,SAFETY_AGENT,BROADER_INDIAN_MARINE_REGION,INDIAN_MARINE,,,
GRID_1151,18.0,82.75,1.32,,,,,222.91232964680253,NO_NEARBY_SARAL,,,,103.525740342736,25.0,DD,,4.0,BOB,,,0.2099991787908401,LOW,SAFETY_AGENT,BROADER_INDIAN_MARINE_REGION,INDIAN_MARINE,,,
GRID_1152,19.75,77.25,5.2,,,,,297.61484889716974,NO_NEARBY_SARAL,,,,220.8949047588791,20.0,D,998.0,3.0,BOB,,,0.1664550961326638,LOW,SAFETY_AGENT,BROADER_INDIAN_MARINE_REGION,INDIAN_MARINE,,,
GRID_1153,12.75,83.75,7.53,2.0,9.5,185.0,29.9,206.0103254288118,NO_NEARBY_SARAL,-0.018000001,-0.033500005,0.0380296,193.9170039146321,25.0,D,,3.0,BOB,0.1495550721883773,3.700000047683716,0.1736017465299232,LOW,SAFETY_AGENT,BROADER_INDIAN_MARINE_REGION,INDIAN_MARINE,,,
GRID_1154,6.0,79.25,7.32,2.32,10.6,195.0,28.9,202.074719638234,NO_NEARBY_SARAL,0.153,0.183,0.238533,390.15546417569135,25.0,,,3.0,BOB,0.1760438829660415,3.200000047683716,0.1345967704785495,LOW,SAFETY_AGENT,BROADER_INDIAN_MARINE_REGION,INDIAN_MARINE,,,
GRID_1155,15.25,72.75,3.23,1.687,7.42,242.86,302.56,55.3165857611508,SARAL_AltiKa,0.0045,0.08450001,0.084619746,270.91330363901506,25.0,D,,3.0,ARB,0.1936345100402832,7.199999809265137,0.1468554030213621,LOW,SAFETY_AGENT,BROADER_INDIAN_MARINE_REGION,INDIAN_MARINE,,,
GRID_1156,16.5,95.25,5.54,,,,,164.8384395686858,NO_NEARBY_SARAL,,,,119.4997902135422,115.0,VSCS,,65.58718508232494,BOB,,,0.296873630496265,LOW,SAFETY_AGENT,BROADER_INDIAN_MARINE_REGION,INDIAN_MARINE,,,
GRID_1157,15.0,72.25,7.6,2.38,9.65,242.0,28.7,113.67946787170978,NO_NEARBY_SARAL,-0.0015000002,0.13250001,0.1325085,214.39934032699313,25.0,D,,3.0,ARB,0.155852273106575,5.5,0.1778206785846685,LOW,SAFETY_AGENT,BROADER_INDIAN_MARINE_REGION,INDIAN_MARINE,,,
GRID_1158,5.25,78.5,6.34,2.14,10.8,189.0,29.1,139.31389081293045,NO_NEARBY_SARAL,0.26700002,0.0335,0.2690934,485.2680734223802,25.0,,,3.0,BOB,0.2252568453550338,4.0,0.1096420600866735,LOW,SAFETY_AGENT,BROADER_INDIAN_MARINE_REGION,INDIAN_MARINE,,,
GRID_1159,12.5,94.75,7.07,1.64,8.6,220.0,28.8,135.25676360882633,NO_NEARBY_SARAL,0.1435,-0.08850001,0.16859567,415.8384416599983,25.0,D,990.0,3.0995834159888913,BOB,0.206571027636528,4.400000095367432,0.1205744621187755,LOW,SAFETY_AGENT,BROADER_INDIAN_MARINE_REGION,INDIAN_MARINE,,,
GRID_1160,12.75,70.0,8.05,2.48,9.75,229.0,28.8,407.0390693288706,NO_NEARBY_SARAL,-0.013,-0.037,0.039217345,136.6802039653484,25.0,D,,3.0,ARB,0.0886378958821296,2.700000047683716,0.1902392680739426,LOW,SAFETY_AGENT,BROADER_INDIAN_MARINE_REGION,INDIAN_MARINE,,,
GRID_1161,13.25,96.5,4.73,1.288,5.26,232.14,302.33,31.825084209688463,SARAL_AltiKa,0.1345,0.0325,0.13837089,488.8128764400089,30.0,DD,,4.463400119024003,BOB,0.329363614320755,5.599999904632568,0.0614833017227821,LOW,SAFETY_AGENT,BROADER_INDIAN_MARINE_REGION,INDIAN_MARINE,184787.0,0.074,2024-06-16 11:36:46.236832128
GRID_1162,15.25,84.5,6.76,1.84,9.2,188.0,29.6,304.24670919446936,NO_NEARBY_SARAL,0.1465,0.028500006,0.14924645,116.75467297678684,45.0,CS,,10.0,BOB,0.1909651309251785,6.699999809265137,0.2428089891722428,LOW,SAFETY_AGENT,BROADER_INDIAN_MARINE_REGION,INDIAN_MARINE,,,
GRID_1163,19.75,81.5,5.27,,,,,100.01208415046156,NO_NEARBY_SARAL,,,,148.44348350332675,20.0,D,998.0,3.0,BOB,,,0.1881905225093295,LOW,SAFETY_AGENT,BROADER_INDIAN_MARINE_REGION,INDIAN_MARINE,,,
GRID_1164,14.0,88.25,10.23,2.36,9.35,204.0,29.0,118.5598768256884,NO_NEARBY_SARAL,0.0985,-0.1615,0.18916792,251.4522774465368,30.0,DD,,5.0,BOB,0.2331281006336212,6.400000095367432,0.18134726239864,LOW,SAFETY_AGENT,BROADER_INDIAN_MARINE_REGION,INDIAN_MARINE,,,
GRID_1165,13.5,78.75,5.15,,,,,32.67386720874349,SARAL_AltiKa,,,,168.95442597793985,30.0,DD,996.0,4.0,BOB,,,0.1987039064336123,LOW,SAFETY_AGENT,BROADER_INDIAN_MARINE_REGION,INDIAN_MARINE,,,
GRID_1166,19.75,79.25,3.5,,,,,93.8103548976726,SARAL_AltiKa,,,,83.5609574334211,20.0,D,998.0,3.0,BOB,,,0.2076552803303012,LOW,SAFETY_AGENT,BROADER_INDIAN_MARINE_REGION,INDIAN_MARINE,,,
GRID_1167,13.5,77.0,5.73,,,,,217.0109684088394,NO_NEARBY_SARAL,,,,272.5377204903073,30.0,DD,996.0,4.0,BOB,,,0.167628918079902,LOW,SAFETY_AGENT,BROADER_INDIAN_MARINE_REGION,INDIAN_MARINE,,,
GRID_1168,13.75,84.0,6.83,2.12,9.45,187.0,29.9,255.47744733502375,NO_NEARBY_SARAL,-0.052500002,0.007000003,0.052964617,164.29403733784366,25.0,D,,3.0,BOB,0.1528404951095581,7.400000095367432,0.1858403517841045,LOW,SAFETY_AGENT,BROADER_INDIAN_MARINE_REGION,INDIAN_MARINE,,,
GRID_1169,21.25,71.25,4.73,,,,,61.51221918647634,SARAL_AltiKa,,,,114.1343030804099,90.0,ESCS,962.0,40.0,ARB,,,0.2984832766362046,LOW,SAFETY_AGENT,BROADER_INDIAN_MARINE_REGION,INDIAN_MARINE,,,
GRID_1170,14.0,85.75,7.88,2.16,9.35,195.0,29.4,144.32424445893108,NO_NEARBY_SARAL,0.001500003,-0.049000002,0.049022958,185.2655896145072,30.0,DD,,5.0,BOB,0.1835730075836181,6.300000190734863,0.1870148848633076,LOW,SAFETY_AGENT,BROADER_INDIAN_MARINE_REGION,INDIAN_MARINE,,,
GRID_1171,5.5,77.75,5.5200000000000005,1.91,6.5,191.91,302.0,52.349341680098775,SARAL_AltiKa,0.104,0.008499999,0.10434678,484.80265689980587,25.0,,,3.0,BOB,0.1827517002820968,5.400000095367432,0.1127174268951138,LOW,SAFETY_AGENT,BROADER_INDIAN_MARINE_REGION,INDIAN_MARINE,,,
GRID_1172,18.0,76.75,4.3,,,,,345.45561394321186,NO_NEARBY_SARAL,,,,163.91614498994235,20.0,D,998.0,3.0,BOB,,,0.1835487240633448,LOW,SAFETY_AGENT,BROADER_INDIAN_MARINE_REGION,INDIAN_MARINE,,,
GRID_1173,11.0,70.25,5.94,2.22,10.4,217.0,29.1,425.283926812288,NO_NEARBY_SARAL,0.027000003,0.118,0.121049576,251.5995412861392,25.0,D,,3.0,ARB,0.1381245702505111,5.099999904632568,0.1652704065921008,LOW,SAFETY_AGENT,BROADER_INDIAN_MARINE_REGION,INDIAN_MARINE,,,
GRID_1174,17.25,93.75,5.76,2.1,9.65,224.0,29.0,301.17785422974436,NO_NEARBY_SARAL,0.09,-0.008000001,0.09035485,38.42687234162745,115.0,VSCS,,65.58718508232494,BOB,0.2738536894321441,6.800000190734863,0.3190087242831262,MEDIUM,SAFETY_AGENT,BROADER_INDIAN_MARINE_REGION,INDIAN_MARINE,,,
GRID_1175,13.25,79.5,6.39,,,,,52.50450716804547,SARAL_AltiKa,,,,136.5024216795425,55.0,SCS,982.0,18.0,BOB,,,0.2501061743897982,LOW,SAFETY_AGENT,BROADER_INDIAN_MARINE_REGION,INDIAN_MARINE,,,
GRID_1176,9.0,76.75,5.68,1.42,10.9,201.0,27.3,138.422787059982,NO_NEARBY_SARAL,,,,258.84289776718083,25.0,,,3.0,BOB,,,0.1634040315635067,LOW,SAFETY_AGENT,BROADER_INDIAN_MARINE_REGION,INDIAN_MARINE,,,
GRID_1177,12.75,76.0,6.47,,,,,227.10128563840405,NO_NEARBY_SARAL,,,,409.2146004675995,30.0,DD,996.0,4.0,BOB,,,0.1266258540867144,LOW,SAFETY_AGENT,BROADER_INDIAN_MARINE_REGION,INDIAN_MARINE,,,
GRID_1178,10.0,93.25,6.39,2.16,9.15,234.0,29.0,236.31219733692404,NO_NEARBY_SARAL,0.049500003,-0.08850001,0.10140267,535.2728084457605,,,,,,0.2405886650085449,5.199999809265137,0.188950335761142,LOW,SAFETY_AGENT,BROADER_INDIAN_MARINE_REGION,INDIAN_MARINE,,,
GRID_1179,15.25,94.75,6.09,1.6,7.55,235.0,28.9,199.49908753147145,NO_NEARBY_SARAL,0.023000002,0.0675,0.071310945,229.50599451942048,115.0,VSCS,,65.58718508232494,BOB,0.27323779463768,6.5,0.2596290572974347,LOW,SAFETY_AGENT,BROADER_INDIAN_MARINE_REGION,INDIAN_MARINE,,,
GRID_1180,13.5,74.75,3.37,1.62,9.5,251.0,29.8,112.72718698451688,NO_NEARBY_SARAL,,,,405.455811915548,25.0,D,,3.0,ARB,,,0.1194201573189965,LOW,SAFETY_AGENT,BROADER_INDIAN_MARINE_REGION,INDIAN_MARINE,,,
GRID_1181,10.0,89.75,6.98,2.2880000000000003,6.22,210.18,302.28000000000003,66.42332954919158,SARAL_AltiKa,-0.0915,-0.0295,0.096137926,385.10796137273826,25.0,D,,3.0,BOB,0.205407440662384,5.0,0.2023615894565011,LOW,SAFETY_AGENT,BROADER_INDIAN_MARINE_REGION,INDIAN_MARINE,,,
GRID_1182,18.0,72.75,4.8100000000000005,1.661,7.54,237.79,302.27,11.76196296481328,SARAL_AltiKa,0.0375,0.0055,0.03790119,295.6749814777347,80.0,VSCS,970.0,30.0,ARB,,,0.2232155173836738,LOW,SAFETY_AGENT,BROADER_INDIAN_MARINE_REGION,INDIAN_MARINE,,,
GRID_1183,19.25,76.25,4.94,,,,,399.7743830987546,NO_NEARBY_SARAL,,,,256.8604596130628,20.0,D,998.0,3.0,BOB,,,0.1556654296764087,LOW,SAFETY_AGENT,BROADER_INDIAN_MARINE_REGION,INDIAN_MARINE,,,
GRID_1184,17.5,79.0,3.39,,,,,101.83174445430416,NO_NEARBY_SARAL,,,,76.8785495925866,20.0,D,998.0,3.0,BOB,,,0.2096600026825516,LOW,SAFETY_AGENT,BROADER_INDIAN_MARINE_REGION,INDIAN_MARINE,,,
GRID_1185,14.75,81.0,8.05,1.578,5.15,173.64,302.72,36.06249597223928,SARAL_AltiKa,0.13000001,0.44250003,0.4612009,99.27451309450636,55.0,SCS,982.0,18.0,BOB,0.0895889773964881,4.199999809265137,0.3361617084197719,MEDIUM,SAFETY_AGENT,BROADER_INDIAN_MARINE_REGION,INDIAN_MARINE,,,
GRID_1186,6.25,78.0,5.92,1.89,6.28,200.01,301.94,61.34222394319147,SARAL_AltiKa,0.022500005,-0.116000004,0.11816197,397.3508935622382,25.0,,,3.0,BOB,0.163997396826744,3.0999999046325684,0.1454709223757116,LOW,SAFETY_AGENT,BROADER_INDIAN_MARINE_REGION,INDIAN_MARINE,,,
GRID_1187,6.75,71.5,2.44,1.9,10.95,202.0,29.9,398.0611525607649,NO_NEARBY_SARAL,-0.040000007,0.017,0.043462634,555.1897878862595,,,,,,0.1485284715890884,7.400000095367432,0.1840261818206445,LOW,SAFETY_AGENT,BROADER_INDIAN_MARINE_REGION,INDIAN_MARINE,,,
GRID_1188,13.75,77.5,5.49,,,,,170.1405811826094,NO_NEARBY_SARAL,,,,213.12647555503528,30.0,DD,996.0,4.0,BOB,,,0.1854522915604836,LOW,SAFETY_AGENT,BROADER_INDIAN_MARINE_REGION,INDIAN_MARINE,,,
GRID_1189,16.0,79.5,5.0,,,,,14.30469170238012,SARAL_AltiKa,,,,106.88732068989688,25.0,D,997.0,3.0,BOB,,,0.2089907046866919,LOW,SAFETY_AGENT,BROADER_INDIAN_MARINE_REGION,INDIAN_MARINE,,,
GRID_1190,7.0,79.25,7.23,2.28,10.4,202.0,28.4,177.80599674501602,NO_NEARBY_SARAL,-0.14850001,0.29250002,0.32803735,279.34508868135407,25.0,,,3.0,BOB,0.1194387525320053,3.799999952316284,0.1769488052530819,LOW,SAFETY_AGENT,BROADER_INDIAN_MARINE_REGION,INDIAN_MARINE,,,
GRID_1191,15.25,89.25,7.59,2.186,5.87,207.5,302.42,7.578889806732089,SARAL_AltiKa,0.17650001,0.19250001,0.2611676,189.67439343586267,35.0,CS,986.0,6.075183495338227,BOB,0.2027378976345062,5.5,0.2981046200466608,LOW,SAFETY_AGENT,BROADER_INDIAN_MARINE_REGION,INDIAN_MARINE,,,
GRID_1192,7.0,91.5,5.8500000000000005,1.9,6.82,204.9,302.22,49.35579947483233,SARAL_AltiKa,-0.268,0.10650001,0.2883856,386.2804454882217,25.0,D,,3.0,BOB,0.2514035403728485,6.0,0.1669162685377989,LOW,SAFETY_AGENT,BROADER_INDIAN_MARINE_REGION,INDIAN_MARINE,,,
GRID_1193,8.75,88.25,9.08,2.9,10.45,212.0,29.0,247.87996920915637,NO_NEARBY_SARAL,0.14,0.060500003,0.15251312,196.5296543006923,25.0,D,,3.0,BOB,0.1952088177204132,7.099999904632568,0.1860804377064096,LOW,SAFETY_AGENT,BROADER_INDIAN_MARINE_REGION,INDIAN_MARINE,,,
GRID_1194,8.0,78.5,7.81,1.461,4.71,206.26,301.92,73.02810239625711,SARAL_AltiKa,-0.089,-0.064500004,0.10991474,196.8515615588776,25.0,,,3.0,BOB,0.0752908661961555,2.700000047683716,0.2064242327216689,LOW,SAFETY_AGENT,BROADER_INDIAN_MARINE_REGION,INDIAN_MARINE,,,
GRID_1195,15.75,77.5,3.5,,,,,216.5925826782816,NO_NEARBY_SARAL,,,,110.50742529158931,25.0,D,997.0,3.0,BOB,,,0.2079046733061841,LOW,SAFETY_AGENT,BROADER_INDIAN_MARINE_REGION,INDIAN_MARINE,,,
GRID_1196,10.75,96.0,4.92,1.414,5.39,233.1,302.5,39.16767603552159,SARAL_AltiKa,-0.1115,-0.042000003,0.119148016,642.0167559707724,,,,,,0.2675568461418152,5.0,0.1577756242426759,LOW,SAFETY_AGENT,BROADER_INDIAN_MARINE_REGION,INDIAN_MARINE,222053.0,0.129,2024-06-16 11:37:27.548433792
GRID_1197,5.0,77.0,5.47,1.85,6.68,182.17,302.06,16.983357806274483,SARAL_AltiKa,-0.008499999,0.12150001,0.12179697,567.2272409829227,,,,,,0.203422412276268,4.800000190734863,0.2035135169867128,LOW,SAFETY_AGENT,BROADER_INDIAN_MARINE_REGION,INDIAN_MARINE,,,
GRID_1198,15.25,95.25,4.64,1.54,8.1,230.0,28.9,147.22502753630752,NO_NEARBY_SARAL,0.079,-0.044000003,0.09042677,241.59645599946415,115.0,VSCS,,65.58718508232494,BOB,0.2901439964771271,9.600000381469728,0.2595057670487551,LOW,SAFETY_AGENT,BROADER_INDIAN_MARINE_REGION,INDIAN_MARINE,,,
GRID_1199,9.0,84.0,5.95,2.18,10.2,185.0,29.8,144.92633098738125,NO_NEARBY_SARAL,-0.1835,-0.0050000027,0.1835681,44.477970657823555,25.0,D,990.0,3.0,BOB,0.1260096430778503,3.799999952316284,0.2329784428865057,LOW,SAFETY_AGENT,BROADER_INDIAN_MARINE_REGION,INDIAN_MARINE,,,
GRID_1200,19.25,76.0,4.65,,,,,374.2050038030608,NO_NEARBY_SARAL,,,,279.37617629568797,20.0,D,998.0,3.0,BOB,,,0.1489107146716212,LOW,SAFETY_AGENT,BROADER_INDIAN_MARINE_REGION,INDIAN_MARINE,,,
GRID_1201,12.75,75.25,3.42,1.24,9.05,257.0,,147.80776051373,NO_NEARBY_SARAL,,,,467.7189883814905,25.0,D,,3.0,ARB,,,0.1007412043792137,LOW,SAFETY_AGENT,BROADER_INDIAN_MARINE_REGION,INDIAN_MARINE,,,
GRID_1202,12.0,79.0,2.95,,,,,29.994261196155232,SARAL_AltiKa,,,,255.74833128248528,25.0,,,3.0,BOB,,,0.1643324015089153,LOW,SAFETY_AGENT,BROADER_INDIAN_MARINE_REGION,INDIAN_MARINE,,,
GRID_1203,10.5,91.75,8.92,2.62,10.25,220.0,29.1,158.8650438475613,NO_NEARBY_SARAL,-0.030000001,-0.013000004,0.032695565,445.60656666515655,25.0,D,990.0,3.0995834159888913,BOB,0.2009584456682205,3.5999999046325684,0.0976399825669399,LOW,SAFETY_AGENT,BROADER_INDIAN_MARINE_REGION,INDIAN_MARINE,,,
GRID_1204,15.5,69.0,8.72,2.68,9.25,235.0,28.2,440.5673981564533,NO_NEARBY_SARAL,-0.042000003,0.135,0.14138246,111.19492664455854,25.0,D,,3.0,ARB,0.0603011399507522,5.099999904632568,0.2092305208088256,LOW,SAFETY_AGENT,BROADER_INDIAN_MARINE_REGION,INDIAN_MARINE,,,
GRID_1205,14.0,92.25,8.04,2.34,10.15,222.0,29.0,292.82935450401317,NO_NEARBY_SARAL,0.17400001,0.07,0.18755268,98.10473566401436,25.0,D,990.0,3.0995834159888913,BOB,0.2432879507541656,4.300000190734863,0.2178320672730485,LOW,SAFETY_AGENT,BROADER_INDIAN_MARINE_REGION,INDIAN_MARINE,,,
GRID_1206,18.25,75.0,4.55,,,,,249.18425036271637,NO_NEARBY_SARAL,,,,349.83675257929366,20.0,D,998.0,3.0,BOB,,,0.1277725417865395,LOW,SAFETY_AGENT,BROADER_INDIAN_MARINE_REGION,INDIAN_MARINE,,,
GRID_1207,13.0,73.25,4.6000000000000005,1.891,6.84,241.83,302.5,57.53993879151162,SARAL_AltiKa,-0.018000001,0.051000003,0.054083273,249.7925339743419,25.0,D,,3.0,ARB,0.1890486925840377,5.599999904632568,0.1663265221248071,LOW,SAFETY_AGENT,BROADER_INDIAN_MARINE_REGION,INDIAN_MARINE,,,
GRID_1208,14.0,82.5,5.79,1.68,8.55,184.0,29.9,103.50183925307306,NO_NEARBY_SARAL,-0.04,-0.11750001,0.12412193,0.0,25.0,D,,3.0,BOB,0.1056810393929481,4.699999809265137,0.2407763955031149,LOW,SAFETY_AGENT,BROADER_INDIAN_MARINE_REGION,INDIAN_MARINE,,,
GRID_1209,18.25,75.75,4.46,,,,,326.33729306086036,NO_NEARBY_SARAL,,,,270.9050938345114,20.0,D,998.0,3.0,BOB,,,0.1514520394099741,LOW,SAFETY_AGENT,BROADER_INDIAN_MARINE_REGION,INDIAN_MARINE,,,
GRID_1210,17.5,79.25,2.88,,,,,75.98727185301749,SARAL_AltiKa,,,,97.13057596222777,20.0,D,998.0,3.0,BOB,,,0.2035843947716593,LOW,SAFETY_AGENT,BROADER_INDIAN_MARINE_REGION,INDIAN_MARINE,,,
GRID_1211,7.5,75.75,5.09,1.703,6.6000000000000005,207.25,302.25,77.283525355513,SARAL_AltiKa,0.141,0.1975,0.24266696,433.01674509125377,25.0,,,3.0,BOB,0.1689938902854919,4.900000095367432,0.115950823912688,LOW,SAFETY_AGENT,BROADER_INDIAN_MARINE_REGION,INDIAN_MARINE,,,
GRID_1212,14.25,83.75,6.41,2.08,9.35,186.0,29.9,240.70471462680703,NO_NEARBY_SARAL,0.04,0.026500002,0.04798177,137.48147244634546,30.0,DD,,5.0,BOB,0.1440794020891189,5.099999904632568,0.2005472670569688,LOW,SAFETY_AGENT,BROADER_INDIAN_MARINE_REGION,INDIAN_MARINE,,,
GRID_1213,16.5,84.5,7.08,1.9,8.5,192.0,29.4,332.455700130652,NO_NEARBY_SARAL,0.291,0.2815,0.40487438,0.0,55.0,SCS,,15.001983733386234,BOB,0.1639288961887359,4.699999809265137,0.3189972601451044,MEDIUM,SAFETY_AGENT,BROADER_INDIAN_MARINE_REGION,INDIAN_MARINE,,,
GRID_1214,13.75,75.0,3.94,,,,,144.9311536903564,NO_NEARBY_SARAL,,,,433.1505300482051,25.0,D,,3.0,ARB,,,0.1111117418791994,LOW,SAFETY_AGENT,BROADER_INDIAN_MARINE_REGION,INDIAN_MARINE,,,
GRID_1215,9.25,90.25,7.25,2.241,6.25,211.8,302.25,31.060175773964357,SARAL_AltiKa,0.097500004,0.052500002,0.11073618,352.03665496034375,25.0,D,,3.0,BOB,0.2579744756221771,9.600000381469728,0.2176575578916871,LOW,SAFETY_AGENT,BROADER_INDIAN_MARINE_REGION,INDIAN_MARINE,,,
GRID_1216,13.0,75.5,2.07,,,,,180.06829031613833,NO_NEARBY_SARAL,,,,438.2188311298068,30.0,DD,996.0,4.0,BOB,,,0.1179245848880522,LOW,SAFETY_AGENT,BROADER_INDIAN_MARINE_REGION,INDIAN_MARINE,,,
GRID_1217,17.25,81.5,3.5,,,,,76.29547975938044,SARAL_AltiKa,,,,107.53764858722,25.0,DD,,4.0,BOB,,,0.2087956063174949,LOW,SAFETY_AGENT,BROADER_INDIAN_MARINE_REGION,INDIAN_MARINE,,,
GRID_1218,21.5,68.25,6.49,2.24,9.15,222.0,27.9,322.9161748603541,NO_NEARBY_SARAL,0.0365,-0.072500005,0.08116958,61.337827229024775,25.0,D,,3.0,ARB,0.0685831531882286,3.900000095367432,0.2175870677619469,LOW,SAFETY_AGENT,BROADER_INDIAN_MARINE_REGION,INDIAN_MARINE,,,
GRID_1219,16.75,92.75,7.38,2.28,9.8,219.0,28.9,406.7680233003836,NO_NEARBY_SARAL,0.043500006,0.014499996,0.04585303,115.35466443218095,115.0,VSCS,,65.58718508232494,BOB,0.2419576942920684,5.0,0.2905004645727425,LOW,SAFETY_AGENT,BROADER_INDIAN_MARINE_REGION,INDIAN_MARINE,,,
GRID_1220,6.0,77.5,5.62,1.807,6.36,196.43,301.96,13.55313928201703,SARAL_AltiKa,0.015000001,-0.045000006,0.04743417,443.3487542026376,25.0,,,3.0,BOB,0.1748118102550506,6.900000095367432,0.1136091536458633,LOW,SAFETY_AGENT,BROADER_INDIAN_MARINE_REGION,INDIAN_MARINE,,,
GRID_1221,6.5,94.25,7.66,2.389,6.62,216.54,302.46,46.71819087027539,SARAL_AltiKa,-0.16900001,-0.27500004,0.32277858,692.3798960461061,,,,,,0.2654347419738769,4.0,0.312083375382256,MEDIUM,SAFETY_AGENT,BROADER_INDIAN_MARINE_REGION,INDIAN_MARINE,82933.0,0.205,2024-06-16 11:38:41.931982976
GRID_1222,8.0,92.75,7.39,2.54,11.0,220.0,29.0,207.2995760909911,NO_NEARBY_SARAL,-0.016499996,-0.1365,0.13749364,535.3235104616232,,,,,,0.1908752024173736,8.399999618530273,0.1940351490092966,LOW,SAFETY_AGENT,BROADER_INDIAN_MARINE_REGION,INDIAN_MARINE,,,
GRID_1223,16.0,85.5,7.65,1.96,8.95,195.0,29.0,217.06306782449417,NO_NEARBY_SARAL,-0.046000004,0.0485,0.06684497,0.0,35.0,CS,,7.0,BOB,0.1468856781721115,3.900000095367432,0.2514183779097806,LOW,SAFETY_AGENT,BROADER_INDIAN_MARINE_REGION,INDIAN_MARINE,,,
GRID_1224,6.75,80.75,2.24,,,,,258.05292108940586,NO_NEARBY_SARAL,,,,285.5666416777234,25.0,,,3.0,BOB,,,0.1553869083903439,LOW,SAFETY_AGENT,BROADER_INDIAN_MARINE_REGION,INDIAN_MARINE,,,
GRID_1225,16.75,85.5,8.63,2.06,8.45,200.0,29.4,234.31830676599628,NO_NEARBY_SARAL,0.06250001,0.12900001,0.14334312,60.0280758035226,55.0,SCS,,15.001983733386234,BOB,0.1802875995635986,5.099999904632568,0.2750766082101685,LOW,SAFETY_AGENT,BROADER_INDIAN_MARINE_REGION,INDIAN_MARINE,,,
GRID_1226,12.0,69.0,6.33,2.4,10.0,223.0,28.9,448.07406215102,NO_NEARBY_SARAL,-0.018000001,0.076500006,0.07858913,122.23970157424198,25.0,D,,3.0,ARB,0.0719369873404502,2.799999952316284,0.1985168449722366,LOW,SAFETY_AGENT,BROADER_INDIAN_MARINE_REGION,INDIAN_MARINE,,,
GRID_1227,14.0,77.75,5.44,,,,,149.7092459373983,NO_NEARBY_SARAL,,,,174.5618114587421,30.0,DD,996.0,4.0,BOB,,,0.1970216907893716,LOW,SAFETY_AGENT,BROADER_INDIAN_MARINE_REGION,INDIAN_MARINE,,,
GRID_1228,14.0,82.25,7.0,1.542,4.83,184.73,302.77,77.23457513794406,SARAL_AltiKa,-0.040500004,-0.044999998,0.06054131,26.972989274410153,25.0,D,,3.0,BOB,0.094455786049366,4.0,0.2436983736828003,LOW,SAFETY_AGENT,BROADER_INDIAN_MARINE_REGION,INDIAN_MARINE,,,
GRID_1229,15.75,69.0,8.92,2.72,9.2,236.0,28.2,433.9832141127816,NO_NEARBY_SARAL,-0.023500001,0.1005,0.10321095,138.99365830569826,25.0,D,,3.0,ARB,0.0735112652182579,5.0,0.1970567756713361,LOW,SAFETY_AGENT,BROADER_INDIAN_MARINE_REGION,INDIAN_MARINE,,,
GRID_1230,12.75,88.5,9.21,2.38,9.7,204.0,29.0,132.19315152886642,NO_NEARBY_SARAL,-0.074,-0.10350001,0.12723306,374.17380794110295,30.0,DD,,5.0,BOB,0.2068449109792709,8.300000190734863,0.139221609323818,LOW,SAFETY_AGENT,BROADER_INDIAN_MARINE_REGION,INDIAN_MARINE,,,
GRID_1231,16.75,94.0,6.54,2.06,9.3,229.0,29.0,288.1998153082139,NO_NEARBY_SARAL,-0.14050001,-0.0375,0.14541838,81.03251873357682,115.0,VSCS,,65.58718508232494,BOB,0.370754599571228,9.100000381469728,0.3131256357362566,MEDIUM,SAFETY_AGENT,BROADER_INDIAN_MARINE_REGION,INDIAN_MARINE,,,
GRID_1232,11.25,70.5,,2.26,10.25,220.0,29.1,392.34838997201314,NO_NEARBY_SARAL,0.039,0.0745,0.084090725,256.0136774892787,25.0,D,,3.0,ARB,0.145311489701271,5.0,0.1602182479774695,LOW,SAFETY_AGENT,BROADER_INDIAN_MARINE_REGION,INDIAN_MARINE,,,
GRID_1233,11.5,91.25,,2.64,10.3,216.0,29.1,129.14284724689708,NO_NEARBY_SARAL,0.023500003,-0.034500003,0.041743267,334.6823508332586,25.0,D,990.0,3.0995834159888913,BOB,0.257084310054779,5.599999904632568,0.1329623321774756,LOW,SAFETY_AGENT,BROADER_INDIAN_MARINE_REGION,INDIAN_MARINE,,,
GRID_1234,14.25,79.5,,,,,,28.248684349578383,SARAL_AltiKa,,,,60.60789688055164,50.0,SCS,986.0,14.0,BOB,,,0.2645411984961621,LOW,SAFETY_AGENT,BROADER_INDIAN_MARINE_REGION,INDIAN_MARINE,,,
GRID_1235,7.75,71.25,,2.0,10.95,203.0,29.7,400.13372257470456,NO_NEARBY_SARAL,0.24900001,0.164,0.298156,487.7504001988145,25.0,D,,3.0,ARB,0.1642026603221893,4.0,0.1116509865911611,LOW,SAFETY_AGENT,BROADER_INDIAN_MARINE_REGION,INDIAN_MARINE,,,
GRID_1236,9.5,78.25,,,,,,10.392031048031084,SARAL_AltiKa,,,,85.18250154911168,25.0,,,3.0,BOB,,,0.2155021504289274,LOW,SAFETY_AGENT,BROADER_INDIAN_MARINE_REGION,INDIAN_MARINE,,,
GRID_1237,12.25,94.5,,1.62,8.45,216.0,28.8,155.84520029932514,NO_NEARBY_SARAL,0.0069999998,-0.012499999,0.014326548,409.7577642526021,25.0,D,990.0,3.0995834159888913,BOB,0.2254621982574463,4.699999809265137,0.1071689809244955,LOW,SAFETY_AGENT,BROADER_INDIAN_MARINE_REGION,INDIAN_MARINE,,,
GRID_1238,9.25,96.0,4.82,1.25,5.3500000000000005,226.15,302.5,75.39801711834059,SARAL_AltiKa,-0.0665,-0.0075000003,0.0669216,761.821048658568,,,,,,0.2112937122583389,3.799999952316284,0.1381456581174587,LOW,SAFETY_AGENT,BROADER_INDIAN_MARINE_REGION,INDIAN_MARINE,,,
GRID_1239,5.25,75.5,5.44,1.8,6.23,184.3,302.27,4.554680119195648,SARAL_AltiKa,-0.1155,0.29000002,0.31215423,627.4266326743048,,,,,,0.1429158896207809,3.5,0.21698130991804,LOW,SAFETY_AGENT,BROADER_INDIAN_MARINE_REGION,INDIAN_MARINE,,,
GRID_1240,10.5,83.5,,2.08,9.2,188.0,29.4,126.82295773829355,NO_NEARBY_SARAL,-0.24450001,-0.068500005,0.25391436,122.5770195949356,30.0,DD,992.0,4.0,BOB,0.1668036580085754,6.300000190734863,0.2262686726952415,LOW,SAFETY_AGENT,BROADER_INDIAN_MARINE_REGION,INDIAN_MARINE,,,
GRID_1241,15.5,68.25,,2.8,9.3,233.0,28.1,446.65090349494994,NO_NEARBY_SARAL,-0.0695,0.15100001,0.1662265,137.07888103312493,65.0,VSCS,980.0,22.0,ARB,0.0729636996984481,6.0,0.2710980616059753,LOW,SAFETY_AGENT,BROADER_INDIAN_MARINE_REGION,INDIAN_MARINE,,,
GRID_1242,18.5,85.25,,1.86,9.25,180.0,29.6,299.98252591426194,NO_NEARBY_SARAL,0.545,0.133,0.5609938,61.514195618360155,25.0,D,,4.0,BOB,0.1698153913021087,4.699999809265137,0.2661696596973798,LOW,SAFETY_AGENT,BROADER_INDIAN_MARINE_REGION,INDIAN_MARINE,,,
GRID_1243,11.25,93.5,,1.72,9.1,218.0,29.1,238.6639785792526,NO_NEARBY_SARAL,-0.048,0.078999996,0.09243917,421.4082074027846,25.0,D,990.0,3.0995834159888913,BOB,0.2158797532320022,5.5,0.1118611541622446,LOW,SAFETY_AGENT,BROADER_INDIAN_MARINE_REGION,INDIAN_MARINE,,,
GRID_1244,21.75,75.5,,,,,,378.3717603139035,NO_NEARBY_SARAL,,,,201.24366288987144,25.0,D,999.0,3.0,ARB,,,0.1806838020266994,LOW,SAFETY_AGENT,BROADER_INDIAN_MARINE_REGION,INDIAN_MARINE,,,
GRID_1245,13.25,82.5,6.84,1.51,4.84,183.76,302.72,85.75942005395082,SARAL_AltiKa,-0.10700001,-0.055500004,0.12053735,83.39619498341916,25.0,D,,3.0,BOB,0.09295005351305,2.799999952316284,0.2263005849482483,LOW,SAFETY_AGENT,BROADER_INDIAN_MARINE_REGION,INDIAN_MARINE,,,
GRID_1246,19.25,71.5,4.42,1.598,7.18,234.2,302.26,85.92936428515536,SARAL_AltiKa,0.054500002,-0.082,0.098459385,173.9363592314741,90.0,ESCS,962.0,40.0,ARB,0.1262149810791015,5.0,0.2603139015165888,LOW,SAFETY_AGENT,BROADER_INDIAN_MARINE_REGION,INDIAN_MARINE,,,
GRID_1247,13.0,90.5,8.49,2.152,6.03,205.7,302.27,85.15418576336302,SARAL_AltiKa,-0.037500005,0.040500004,0.055195116,198.7075581941258,25.0,D,990.0,3.0995834159888913,BOB,0.2532515227794647,5.599999904632568,0.2734737062343605,LOW,SAFETY_AGENT,BROADER_INDIAN_MARINE_REGION,INDIAN_MARINE,,,
GRID_1248,17.25,70.25,,2.62,9.3,233.0,28.2,265.11738347241186,NO_NEARBY_SARAL,-0.105000004,-0.08400001,0.13446562,141.4890987371231,80.0,VSCS,970.0,30.0,ARB,0.1042436584830284,4.099999904632568,0.2907271081440536,LOW,SAFETY_AGENT,BROADER_INDIAN_MARINE_REGION,INDIAN_MARINE,,,
GRID_1249,13.25,79.0,,,,,,2.026407838789069,SARAL_AltiKa,,,,175.98852397108618,50.0,SCS,986.0,14.0,BOB,,,0.2299270103690017,LOW,SAFETY_AGENT,BROADER_INDIAN_MARINE_REGION,INDIAN_MARINE,,,
GRID_1250,9.75,97.25,,1.76,8.65,249.0,28.8,120.4306019951283,NO_NEARBY_SARAL,0.0535,0.148,0.15737297,818.205259408661,,,,,,0.2334020882844925,5.0,0.1944293994146993,LOW,SAFETY_AGENT,BROADER_INDIAN_MARINE_REGION,INDIAN_MARINE,,,
GRID_1251,16.25,69.0,,2.78,9.1,236.0,28.3,420.8084517999968,NO_NEARBY_SARAL,-0.038999997,0.048500005,0.062235445,162.4228426859167,65.0,VSCS,980.0,22.0,ARB,0.0636549964547157,5.099999904632568,0.2526224958043447,LOW,SAFETY_AGENT,BROADER_INDIAN_MARINE_REGION,INDIAN_MARINE,,,
GRID_1252,12.0,73.25,4.94,1.763,7.49,236.72,302.56,81.82698035820758,SARAL_AltiKa,0.10450001,0.021500003,0.10668881,295.56882227246535,25.0,D,,3.0,ARB,0.2108831703662872,4.900000095367432,0.1468921089585264,LOW,SAFETY_AGENT,BROADER_INDIAN_MARINE_REGION,INDIAN_MARINE,,,
GRID_1253,15.0,79.5,,,,,,10.095604680960465,SARAL_AltiKa,,,,0.0,30.0,DD,995.0,5.0,BOB,,,0.2493902342269942,LOW,SAFETY_AGENT,BROADER_INDIAN_MARINE_REGION,INDIAN_MARINE,,,
GRID_1254,13.75,81.25,7.44,1.537,4.84,184.66,302.77,34.0111724213745,SARAL_AltiKa,-0.07,0.28950003,0.29784268,85.60213745276808,55.0,SCS,982.0,18.0,BOB,0.1338124722242355,6.400000095367432,0.3095214913257472,MEDIUM,SAFETY_AGENT,BROADER_INDIAN_MARINE_REGION,INDIAN_MARINE,,,
GRID_1255,7.75,90.25,6.04,2.105,6.8100000000000005,207.3,302.2,67.08572743567191,SARAL_AltiKa,-0.10350001,0.060000002,0.11963382,261.7571987191628,25.0,D,,3.0,BOB,0.2439425885677337,5.699999809265137,0.2081127454269697,LOW,SAFETY_AGENT,BROADER_INDIAN_MARINE_REGION,INDIAN_MARINE,,,
GRID_1256,14.25,88.75,8.31,2.081,5.8,205.66,302.35,69.08379324170059,SARAL_AltiKa,0.14850001,-0.041500002,0.15418983,278.9000832685657,30.0,DD,,5.0,BOB,0.2459278404712677,5.5,0.2580637776206084,LOW,SAFETY_AGENT,BROADER_INDIAN_MARINE_REGION,INDIAN_MARINE,,,
GRID_1257,18.25,76.75,,,,,,351.0304717544399,NO_NEARBY_SARAL,,,,166.14152755785403,20.0,D,998.0,3.0,BOB,,,0.1828811092929713,LOW,SAFETY_AGENT,BROADER_INDIAN_MARINE_REGION,INDIAN_MARINE,,,
GRID_1258,18.0,77.5,,,,,,268.1773616937447,NO_NEARBY_SARAL,,,,84.60206202524864,20.0,D,998.0,3.0,BOB,,,0.207342948952753,LOW,SAFETY_AGENT,BROADER_INDIAN_MARINE_REGION,INDIAN_MARINE,,,
GRID_1259,20.25,68.75,,2.32,9.15,226.0,28.1,340.3753653957633,NO_NEARBY_SARAL,0.023,0.107,0.109444045,38.10333475362666,25.0,D,,3.0,ARB,0.0922655239701271,4.699999809265137,0.2278440677884698,LOW,SAFETY_AGENT,BROADER_INDIAN_MARINE_REGION,INDIAN_MARINE,,,
GRID_1260,11.25,81.75,7.21,1.814,5.13,188.62,302.65000000000003,41.63595286319958,SARAL_AltiKa,-0.04,0.030499998,0.05030159,86.4219259587236,30.0,DD,992.0,4.0,BOB,0.1624230295419693,5.599999904632568,0.2610096387385541,LOW,SAFETY_AGENT,BROADER_INDIAN_MARINE_REGION,INDIAN_MARINE,,,
GRID_1261,7.25,77.0,5.5200000000000005,1.947,6.25,218.55,301.91,70.28303102607286,SARAL_AltiKa,-0.10400001,0.065000005,0.122641765,350.131167574481,25.0,,,3.0,BOB,0.1395619660615921,4.599999904632568,0.1575237310951259,LOW,SAFETY_AGENT,BROADER_INDIAN_MARINE_REGION,INDIAN_MARINE,,,
GRID_1262,13.5,81.5,7.53,1.681,4.94,183.68,302.75,14.107737579925882,SARAL_AltiKa,-0.101500005,0.1855,0.2114533,88.95594131564711,55.0,SCS,982.0,18.0,BOB,0.1248460337519645,3.900000095367432,0.3124039960707028,MEDIUM,SAFETY_AGENT,BROADER_INDIAN_MARINE_REGION,INDIAN_MARINE,,,
GRID_1263,11.75,96.5,4.5200000000000005,1.231,5.49,228.57,302.43,68.08856363419582,SARAL_AltiKa,-0.076000005,-0.050500005,0.091248296,621.7709436519795,,,,,,0.2566736042499542,3.900000095367432,0.13915844418563,LOW,SAFETY_AGENT,BROADER_INDIAN_MARINE_REGION,INDIAN_MARINE,,,
GRID_1264,12.0,78.0,,,,,,76.13117944133498,SARAL_AltiKa,,,,278.08563134389027,25.0,,,3.0,BOB,,,0.1576312114904938,LOW,SAFETY_AGENT,BROADER_INDIAN_MARINE_REGION,INDIAN_MARINE,,,
GRID_1265,9.5,84.25,,2.26,9.7,191.0,29.5,183.40514615511933,NO_NEARBY_SARAL,-0.2195,-0.019500002,0.22036448,29.590210636565548,25.0,D,990.0,3.0,BOB,0.1740589439868927,5.0,0.2418445321689976,LOW,SAFETY_AGENT,BROADER_INDIAN_MARINE_REGION,INDIAN_MARINE,,,
GRID_1266,17.75,80.75,,,,,,11.25899222436458,SARAL_AltiKa,,,,199.23181512091665,25.0,DD,,4.0,BOB,,,0.1812873563573859,LOW,SAFETY_AGENT,BROADER_INDIAN_MARINE_REGION,INDIAN_MARINE,,,
GRID_1267,8.0,79.75,,2.02,9.4,217.0,28.9,207.20689820231647,NO_NEARBY_SARAL,,,,169.04005904012837,25.0,,,3.0,BOB,,,0.1903448831816224,LOW,SAFETY_AGENT,BROADER_INDIAN_MARINE_REGION,INDIAN_MARINE,,,
GRID_1268,8.25,69.75,,1.98,10.8,200.0,29.6,443.5161358263972,NO_NEARBY_SARAL,0.0055,-0.0775,0.077694915,313.6165018098024,25.0,D,,3.0,ARB,0.1723478436470031,4.400000095367432,0.1420654106138605,LOW,SAFETY_AGENT,BROADER_INDIAN_MARINE_REGION,INDIAN_MARINE,,,
GRID_1269,16.0,76.5,,,,,,326.5236992991795,NO_NEARBY_SARAL,,,,213.7740228537376,25.0,D,997.0,3.0,BOB,,,0.1769246940375396,LOW,SAFETY_AGENT,BROADER_INDIAN_MARINE_REGION,INDIAN_MARINE,,,
GRID_1270,19.5,82.0,,,,,,157.27464152897022,NO_NEARBY_SARAL,,,,196.7279768559324,20.0,D,998.0,3.0,BOB,,,0.1737051745035479,LOW,SAFETY_AGENT,BROADER_INDIAN_MARINE_REGION,INDIAN_MARINE,,,
GRID_1271,12.25,83.75,,1.92,9.65,182.0,29.7,194.40289087400632,NO_NEARBY_SARAL,0.1035,-0.08400001,0.1332976,192.26983218588313,35.0,CS,994.0,6.0,BOB,0.1423682570457458,6.099999904632568,0.2014713976058323,LOW,SAFETY_AGENT,BROADER_INDIAN_MARINE_REGION,INDIAN_MARINE,,,
GRID_1272,16.75,90.25,,2.3,9.6,205.0,28.7,147.39509737394226,NO_NEARBY_SARAL,0.10150001,0.1585,0.18821397,38.47622469094834,40.0,CS,984.0,7.934933544931562,BOB,0.2221768200397491,4.800000190734863,0.2609839717381823,LOW,SAFETY_AGENT,BROADER_INDIAN_MARINE_REGION,INDIAN_MARINE,,,
GRID_1273,15.0,73.75,3.5500000000000003,1.825,7.56,244.06,302.53000000000003,43.31987142990633,SARAL_AltiKa,0.0405,-0.090500005,0.099148884,340.07673996374723,25.0,D,,3.0,ARB,,,0.13801975923787,LOW,SAFETY_AGENT,BROADER_INDIAN_MARINE_REGION,INDIAN_MARINE,,,
GRID_1274,6.25,69.75,,1.84,10.8,193.0,30.4,397.63240785547504,NO_NEARBY_SARAL,-0.044,0.12900001,0.13629748,430.5171743756377,25.0,D,,3.0,ARB,0.1472279131412506,3.700000047683716,0.1124426654940036,LOW,SAFETY_AGENT,BROADER_INDIAN_MARINE_REGION,INDIAN_MARINE,,,
GRID_1275,10.5,91.0,7.18,2.176,6.16,209.67,302.28000000000003,78.92527193473312,SARAL_AltiKa,-0.076000005,-0.024999999,0.08000626,448.0779912140882,25.0,D,990.0,3.0995834159888913,BOB,0.2420261651277542,5.099999904632568,0.1766656273342425,LOW,SAFETY_AGENT,BROADER_INDIAN_MARINE_REGION,INDIAN_MARINE,,,
GRID_1276,8.75,88.5,,2.92,10.5,211.0,28.8,230.5154255621883,NO_NEARBY_SARAL,0.11400001,0.051000003,0.12488796,202.233790345799,25.0,D,,3.0,BOB,0.1805613189935684,4.400000095367432,0.1802200622414279,LOW,SAFETY_AGENT,BROADER_INDIAN_MARINE_REGION,INDIAN_MARINE,,,
GRID_1277,7.5,69.5,,1.98,10.85,197.0,29.9,399.5099288755772,NO_NEARBY_SARAL,0.17700002,0.046000004,0.18287976,321.71519070760144,25.0,D,,3.0,ARB,0.1576317995786667,3.0999999046325684,0.1494674982389825,LOW,SAFETY_AGENT,BROADER_INDIAN_MARINE_REGION,INDIAN_MARINE,,,
GRID_1278,13.25,71.75,,2.3,9.8,235.0,28.6,209.64893700689703,NO_NEARBY_SARAL,-0.0030000005,0.061,0.061073728,85.76430402871421,25.0,D,,3.0,ARB,0.1420945227146148,4.400000095367432,0.2086833179458559,LOW,SAFETY_AGENT,BROADER_INDIAN_MARINE_REGION,INDIAN_MARINE,,,
GRID_1279,5.25,71.0,,1.88,10.85,195.0,30.3,488.989900104631,NO_NEARBY_SARAL,-0.148,0.030000001,0.15100993,607.1116775166097,,,,,,0.1460645198822021,5.099999904632568,0.1936247514460098,LOW,SAFETY_AGENT,BROADER_INDIAN_MARINE_REGION,INDIAN_MARINE,,,
GRID_1280,14.0,91.0,,2.32,10.05,211.0,29.1,161.38930242936698,NO_NEARBY_SARAL,-0.06650001,-0.0495,0.08290055,77.426351271077,25.0,D,990.0,3.0995834159888913,BOB,0.2337440252304077,9.399999618530272,0.216096509491018,LOW,SAFETY_AGENT,BROADER_INDIAN_MARINE_REGION,INDIAN_MARINE,,,
GRID_1281,15.5,79.75,,,,,,24.19014534836877,SARAL_AltiKa,,,,61.728254204457194,30.0,DD,995.0,5.0,BOB,,,0.2308717579656571,LOW,SAFETY_AGENT,BROADER_INDIAN_MARINE_REGION,INDIAN_MARINE,,,
GRID_1282,11.5,94.25,,1.78,8.9,221.0,28.9,164.82582830234858,NO_NEARBY_SARAL,-0.17450002,0.067,0.18692045,447.2447720596038,25.0,D,990.0,3.0995834159888913,BOB,0.2115675210952758,4.300000190734863,0.1129475322802244,LOW,SAFETY_AGENT,BROADER_INDIAN_MARINE_REGION,INDIAN_MARINE,,,
GRID_1283,19.5,82.5,,,,,,208.30542920755343,NO_NEARBY_SARAL,,,,228.70187620727,20.0,D,998.0,3.0,BOB,,,0.1641130046981466,LOW,SAFETY_AGENT,BROADER_INDIAN_MARINE_REGION,INDIAN_MARINE,,,
GRID_1284,18.5,80.0,,,,,,22.913119409690268,SARAL_AltiKa,,,,100.9284445893878,20.0,D,998.0,3.0,BOB,,,0.2024450341835112,LOW,SAFETY_AGENT,BROADER_INDIAN_MARINE_REGION,INDIAN_MARINE,,,
GRID_1285,9.0,90.5,7.33,2.026,6.17,211.4,302.24,10.811165491431552,SARAL_AltiKa,0.116500005,0.06300001,0.1324434,353.87712850665764,25.0,D,,3.0,BOB,0.2190282940864563,5.199999809265137,0.2006621054211847,LOW,SAFETY_AGENT,BROADER_INDIAN_MARINE_REGION,INDIAN_MARINE,,,
GRID_1286,18.75,81.0,,,,,,60.698443834985454,SARAL_AltiKa,,,,191.41637142497896,20.0,D,998.0,3.0,BOB,,,0.1752986561328339,LOW,SAFETY_AGENT,BROADER_INDIAN_MARINE_REGION,INDIAN_MARINE,,,
GRID_1287,8.75,74.0,4.04,1.815,7.58,225.04,302.32,80.63906669304075,SARAL_AltiKa,-0.021500003,-0.06750001,0.07084138,558.8471899581236,,,,,,0.1925394982099533,4.900000095367432,0.1861240839871966,LOW,SAFETY_AGENT,BROADER_INDIAN_MARINE_REGION,INDIAN_MARINE,,,
GRID_1288,7.75,81.5,,,,,30.2,153.056758598754,NO_NEARBY_SARAL,,,,149.4811414448825,25.0,,,3.0,BOB,,,0.1962125584601962,LOW,SAFETY_AGENT,BROADER_INDIAN_MARINE_REGION,INDIAN_MARINE,,,
GRID_1289,17.25,71.75,,2.42,9.65,237.0,28.6,109.97209117872808,NO_NEARBY_SARAL,-0.0185,0.019000001,0.026518863,231.5501317480206,80.0,VSCS,970.0,30.0,ARB,0.154757022857666,4.599999904632568,0.253290405951721,LOW,SAFETY_AGENT,BROADER_INDIAN_MARINE_REGION,INDIAN_MARINE,,,
GRID_1290,15.25,92.75,,2.24,9.7,223.0,28.9,373.4694909742909,NO_NEARBY_SARAL,-0.104,0.028500006,0.10783437,158.11595055656946,25.0,D,990.0,3.0995834159888913,BOB,0.2717319130897522,6.699999809265137,0.1931279815203861,LOW,SAFETY_AGENT,BROADER_INDIAN_MARINE_REGION,INDIAN_MARINE,,,
GRID_1291,7.75,69.5,,1.98,10.85,197.0,29.7,405.24996652577784,NO_NEARBY_SARAL,0.127,0.006,0.12714165,308.1450266693605,25.0,D,,3.0,ARB,0.1725530475378036,4.0,0.1484520396180363,LOW,SAFETY_AGENT,BROADER_INDIAN_MARINE_REGION,INDIAN_MARINE,,,
GRID_1292,14.75,80.75,8.05,1.578,5.15,173.64,302.72,62.24117075160958,SARAL_AltiKa,0.132,0.4745,0.49251828,85.34802912328149,50.0,SCS,986.0,14.0,BOB,0.1010966300964355,5.099999904632568,0.3356168274572396,MEDIUM,SAFETY_AGENT,BROADER_INDIAN_MARINE_REGION,INDIAN_MARINE,,,
GRID_1293,15.0,95.25,,1.62,7.95,233.0,28.9,141.373568059155,NO_NEARBY_SARAL,0.027500004,-0.021499999,0.03490702,267.9980456738895,115.0,VSCS,,65.58718508232494,BOB,0.2983573377132416,7.599999904632568,0.2450538482610992,LOW,SAFETY_AGENT,BROADER_INDIAN_MARINE_REGION,INDIAN_MARINE,,,
GRID_1294,10.5,82.25,8.31,1.795,5.37,186.62,302.61,6.63206985036751,SARAL_AltiKa,-0.18400002,0.044,0.18918775,61.94317180526131,30.0,DD,992.0,4.0,BOB,0.1391513049602508,9.600000381469728,0.3046003685782237,MEDIUM,SAFETY_AGENT,BROADER_INDIAN_MARINE_REGION,INDIAN_MARINE,,,
GRID_1295,21.5,69.5,,1.8,9.2,225.0,27.7,231.4979773972302,NO_NEARBY_SARAL,0.056500003,-0.0925,0.1083905,122.71230232197038,25.0,D,,3.0,ARB,,,0.2028199187970698,LOW,SAFETY_AGENT,BROADER_INDIAN_MARINE_REGION,INDIAN_MARINE,,,
GRID_1296,15.75,74.25,,,,,,113.37396288777876,NO_NEARBY_SARAL,,,,429.93658675567787,25.0,D,,3.0,ARB,,,0.1120759248669575,LOW,SAFETY_AGENT,BROADER_INDIAN_MARINE_REGION,INDIAN_MARINE,,,
GRID_1297,8.25,79.75,,1.86,8.35,226.0,28.5,201.08901273643696,NO_NEARBY_SARAL,,,,141.68126501302692,25.0,,,3.0,BOB,,,0.1985525213897528,LOW,SAFETY_AGENT,BROADER_INDIAN_MARINE_REGION,INDIAN_MARINE,,,
GRID_1298,9.25,69.75,,2.06,10.55,208.0,29.5,466.1995100409105,NO_NEARBY_SARAL,-0.10050001,-0.055500004,0.11480637,303.19232588453855,25.0,D,,3.0,ARB,0.1581619977951049,5.300000190734863,0.1493183443244936,LOW,SAFETY_AGENT,BROADER_INDIAN_MARINE_REGION,INDIAN_MARINE,,,
GRID_1299,5.5,73.25,,0.58,9.15,159.0,30.2,240.051903137568,NO_NEARBY_SARAL,-0.2275,0.23850001,0.32960355,787.118515793184,,,,,,,,0.211613511687649,LOW,SAFETY_AGENT,BROADER_INDIAN_MARINE_REGION,INDIAN_MARINE,,,
GRID_1300,18.75,79.0,,,,,,131.33632144896728,NO_NEARBY_SARAL,,,,34.865188474682654,20.0,D,998.0,3.0,BOB,,,0.2222640110179228,LOW,SAFETY_AGENT,BROADER_INDIAN_MARINE_REGION,INDIAN_MARINE,,,
GRID_1301,12.5,76.25,,,,,,247.7487752890784,NO_NEARBY_SARAL,,,,406.7948543764239,30.0,DD,996.0,4.0,BOB,,,0.1273517779140671,LOW,SAFETY_AGENT,BROADER_INDIAN_MARINE_REGION,INDIAN_MARINE,,,
GRID_1302,8.0,94.0,,1.36,9.25,222.0,29.0,109.1390643431102,NO_NEARBY_SARAL,0.016999999,-0.052500006,0.055183787,670.7291261451213,,,,,,0.2033539712429046,3.700000047683716,0.1834853608459372,LOW,SAFETY_AGENT,BROADER_INDIAN_MARINE_REGION,INDIAN_MARINE,,,
GRID_1303,16.5,85.5,,2.04,8.55,200.0,29.2,228.5730481452228,NO_NEARBY_SARAL,0.03450001,0.11400001,0.119106054,55.597463322279445,35.0,CS,,7.0,BOB,0.1958932727575302,5.400000095367432,0.2408377662995603,LOW,SAFETY_AGENT,BROADER_INDIAN_MARINE_REGION,INDIAN_MARINE,,,
GRID_1304,18.0,75.0,,,,,,243.4615714336633,NO_NEARBY_SARAL,,,,348.97916901323975,20.0,D,998.0,3.0,BOB,,,0.1280298168563556,LOW,SAFETY_AGENT,BROADER_INDIAN_MARINE_REGION,INDIAN_MARINE,,,
GRID_1305,17.75,68.0,,2.7,9.1,229.0,27.9,397.45917315190127,NO_NEARBY_SARAL,-0.036000006,-0.080000006,0.087726854,148.80241011964895,65.0,VSCS,980.0,22.0,ARB,0.0571525916457176,7.400000095367432,0.26039151055757,LOW,SAFETY_AGENT,BROADER_INDIAN_MARINE_REGION,INDIAN_MARINE,,,
GRID_1306,12.0,78.75,,,,,,3.650377019941253,SARAL_AltiKa,,,,257.2012542171094,25.0,,,3.0,BOB,,,0.1638965246285281,LOW,SAFETY_AGENT,BROADER_INDIAN_MARINE_REGION,INDIAN_MARINE,,,
GRID_1307,10.75,92.5,,2.02,9.35,228.0,29.0,244.56858596048892,NO_NEARBY_SARAL,-0.024,-0.043500002,0.04968149,430.8618359716137,25.0,D,990.0,3.0995834159888913,BOB,,,0.1045041577021768,LOW,SAFETY_AGENT,BROADER_INDIAN_MARINE_REGION,INDIAN_MARINE,,,
GRID_1308,9.5,81.75,7.54,1.918,5.86,177.66,302.56,83.89484156186819,SARAL_AltiKa,-0.085,-0.0109999925,0.08570881,61.99899410713454,25.0,,,3.0,BOB,0.159000739455223,6.800000190734863,0.2794020180451984,LOW,SAFETY_AGENT,BROADER_INDIAN_MARINE_REGION,INDIAN_MARINE,,,
GRID_1309,19.5,75.0,,,,,,277.60812120039037,NO_NEARBY_SARAL,,,,385.4116147273965,20.0,D,998.0,3.0,BOB,,,0.1171000831421086,LOW,SAFETY_AGENT,BROADER_INDIAN_MARINE_REGION,INDIAN_MARINE,,,
GRID_1310,6.5,81.25,,,,,,210.32826703690208,NO_NEARBY_SARAL,,,,290.0073350939009,25.0,,,3.0,BOB,,,0.1540547003654906,LOW,SAFETY_AGENT,BROADER_INDIAN_MARINE_REGION,INDIAN_MARINE,,,
GRID_1311,16.0,84.5,,1.82,8.9,190.0,29.2,321.19947094832594,NO_NEARBY_SARAL,0.18,0.1435,0.23020045,33.358477993367664,45.0,CS,,10.0,BOB,0.1108144745230674,3.5,0.2741228711216307,LOW,SAFETY_AGENT,BROADER_INDIAN_MARINE_REGION,INDIAN_MARINE,,,
GRID_1312,19.25,84.0,,,,,,368.044068113217,NO_NEARBY_SARAL,,,,108.51837671395836,20.0,D,,3.0,BOB,,,0.20016805454614,LOW,SAFETY_AGENT,BROADER_INDIAN_MARINE_REGION,INDIAN_MARINE,,,
GRID_1313,13.25,69.25,,2.5,9.6,229.0,28.5,473.2753732944585,NO_NEARBY_SARAL,-0.087500006,0.054000005,0.102821454,116.29185866397756,30.0,DD,,5.0,ARB,0.0585899837315082,2.700000047683716,0.2109743961173106,LOW,SAFETY_AGENT,BROADER_INDIAN_MARINE_REGION,INDIAN_MARINE,,,
GRID_1314,6.5,93.0,,2.48,11.6,214.0,29.1,181.33524914506464,NO_NEARBY_SARAL,-0.33350003,-0.098000005,0.34760073,554.908860550686,,,,,,0.2557842135429382,6.599999904632568,0.2143081306801617,LOW,SAFETY_AGENT,BROADER_INDIAN_MARINE_REGION,INDIAN_MARINE,,,
GRID_1315,12.0,85.0,,2.06,9.8,187.0,29.3,176.7296300667224,NO_NEARBY_SARAL,-0.105500005,-0.018,0.107024536,294.2228798322528,30.0,DD,992.0,4.0,BOB,0.1527721732854843,5.5,0.1596508534168712,LOW,SAFETY_AGENT,BROADER_INDIAN_MARINE_REGION,INDIAN_MARINE,,,
GRID_1316,6.5,92.5,,2.48,11.4,215.0,29.6,145.1750782962189,NO_NEARBY_SARAL,-0.36800003,0.0040000007,0.36802176,500.00602993185737,,,,,,0.2164959460496902,5.599999904632568,0.2157520130114285,LOW,SAFETY_AGENT,BROADER_INDIAN_MARINE_REGION,INDIAN_MARINE,,,
GRID_1317,8.0,91.75,6.49,2.032,6.82,206.82,302.2,99.9666165660424,SARAL_AltiKa,0.009000003,-0.044,0.044911023,428.0999288588019,25.0,D,,3.0,BOB,0.2614652514457702,4.800000190734863,0.1532481201996746,LOW,SAFETY_AGENT,BROADER_INDIAN_MARINE_REGION,INDIAN_MARINE,,,
GRID_1318,13.5,73.0,4.86,1.876,7.17,242.67,302.49,71.7463877786411,SARAL_AltiKa,-0.057,0.086500004,0.103591755,216.24460556952175,25.0,D,,3.0,ARB,0.1569474041461944,4.400000095367432,0.179411495720526,LOW,SAFETY_AGENT,BROADER_INDIAN_MARINE_REGION,INDIAN_MARINE,,,
GRID_1319,16.0,84.0,,1.8,9.15,181.0,29.4,306.7962485075708,NO_NEARBY_SARAL,0.28900003,0.231,0.36997572,55.597463322279445,50.0,SCS,,12.398333663955563,BOB,0.1405887454748153,5.0,0.2905864715336699,LOW,SAFETY_AGENT,BROADER_INDIAN_MARINE_REGION,INDIAN_MARINE,,,
GRID_1320,19.75,84.25,,,,,,380.1869660455819,NO_NEARBY_SARAL,,,,83.32544748726625,20.0,D,,3.0,BOB,,,0.2077259333141477,LOW,SAFETY_AGENT,BROADER_INDIAN_MARINE_REGION,INDIAN_MARINE,,,
GRID_1321,14.75,84.75,,1.94,8.95,192.0,28.9,266.69137848671835,NO_NEARBY_SARAL,0.09600001,-0.033,0.10151355,160.57687346980282,35.0,CS,,7.0,BOB,0.1891856789588928,4.199999809265137,0.2069679237277556,LOW,SAFETY_AGENT,BROADER_INDIAN_MARINE_REGION,INDIAN_MARINE,,,
GRID_1322,18.25,76.5,,,,,,376.7436308173218,NO_NEARBY_SARAL,,,,192.23897928067703,20.0,D,998.0,3.0,BOB,,,0.1750518737761244,LOW,SAFETY_AGENT,BROADER_INDIAN_MARINE_REGION,INDIAN_MARINE,,,
GRID_1323,7.75,89.75,,2.66,10.5,212.0,28.8,120.81508234080404,NO_NEARBY_SARAL,-0.111499995,0.078,0.13607442,210.2287072752145,25.0,D,,3.0,BOB,0.2620808184146881,6.300000190734863,0.1800940319588398,LOW,SAFETY_AGENT,BROADER_INDIAN_MARINE_REGION,INDIAN_MARINE,,,
GRID_1324,6.5,73.5,,1.14,10.65,146.0,29.8,188.84159648295753,NO_NEARBY_SARAL,-0.1825,0.16350001,0.24502756,702.2099359370516,,,,,,0.1507188230752945,3.5,0.2022381502516763,LOW,SAFETY_AGENT,BROADER_INDIAN_MARINE_REGION,INDIAN_MARINE,,,
GRID_1325,6.0,72.75,,1.42,10.55,220.0,30.2,281.83093592668166,NO_NEARBY_SARAL,-0.2095,0.17500001,0.27297482,716.2449533247385,,,,,,,,0.205950638687649,LOW,SAFETY_AGENT,BROADER_INDIAN_MARINE_REGION,INDIAN_MARINE,,,
GRID_1326,11.25,71.25,,2.22,10.35,221.0,29.1,312.64592330952036,NO_NEARBY_SARAL,0.10750002,0.0555,0.12098142,251.65749930461465,25.0,D,,3.0,ARB,0.1508556455373764,5.599999904632568,0.1655280312747753,LOW,SAFETY_AGENT,BROADER_INDIAN_MARINE_REGION,INDIAN_MARINE,,,
GRID_1327,13.75,70.0,,2.54,9.65,231.0,28.6,381.33023714646544,NO_NEARBY_SARAL,-0.081,-0.04,0.09033825,27.798731661139723,30.0,DD,,5.0,ARB,0.0908281579613685,4.0,0.2370046092298948,LOW,SAFETY_AGENT,BROADER_INDIAN_MARINE_REGION,INDIAN_MARINE,,,
GRID_1328,16.5,78.25,,,,,,155.9719950387109,NO_NEARBY_SARAL,,,,61.64136285029388,20.0,D,998.0,3.0,BOB,,,0.2142311587052394,LOW,SAFETY_AGENT,BROADER_INDIAN_MARINE_REGION,INDIAN_MARINE,,,
GRID_1329,7.25,78.5,6.19,1.933,6.0200000000000005,221.19,301.90000000000003,91.13704569160105,SARAL_AltiKa,-0.125,0.0069999993,0.12519585,273.30326809366517,25.0,,,3.0,BOB,0.1137576699256897,5.0,0.193196332080048,LOW,SAFETY_AGENT,BROADER_INDIAN_MARINE_REGION,INDIAN_MARINE,,,
GRID_1330,12.5,75.5,,,,,,168.4094976120535,NO_NEARBY_SARAL,,,,469.2053681704464,30.0,DD,996.0,4.0,BOB,,,0.1086286237758603,LOW,SAFETY_AGENT,BROADER_INDIAN_MARINE_REGION,INDIAN_MARINE,,,
GRID_1331,17.0,80.0,,,,,,13.679358688117048,SARAL_AltiKa,,,,159.50396638355227,20.0,D,998.0,3.0,BOB,,,0.1848723776452619,LOW,SAFETY_AGENT,BROADER_INDIAN_MARINE_REGION,INDIAN_MARINE,,,
GRID_1332,17.0,75.0,,,,,,220.49286588486729,NO_NEARBY_SARAL,,,,367.1909831132239,20.0,D,998.0,3.0,BOB,,,0.1225662726263604,LOW,SAFETY_AGENT,BROADER_INDIAN_MARINE_REGION,INDIAN_MARINE,,,
GRID_1333,16.5,78.0,,,,,,181.95548410157423,NO_NEARBY_SARAL,,,,76.97659093538385,20.0,D,998.0,3.0,BOB,,,0.2096305902797124,LOW,SAFETY_AGENT,BROADER_INDIAN_MARINE_REGION,INDIAN_MARINE,,,
GRID_1334,7.5,93.75,,1.36,8.9,249.0,29.1,124.20787017758202,NO_NEARBY_SARAL,-0.059500005,-0.072,0.09340369,636.6847967568972,,,,,,,,0.187993525687649,LOW,SAFETY_AGENT,BROADER_INDIAN_MARINE_REGION,INDIAN_MARINE,,,
GRID_1335,9.25,69.0,,2.18,10.6,204.0,29.5,385.9540064424557,NO_NEARBY_SARAL,-0.011500001,-0.011500001,0.016263457,221.32767429116396,25.0,D,,3.0,ARB,0.1302533000707626,4.5,0.1635536766628277,LOW,SAFETY_AGENT,BROADER_INDIAN_MARINE_REGION,INDIAN_MARINE,,,
GRID_1336,17.5,86.0,,2.04,8.3,201.0,29.3,199.86843293098465,NO_NEARBY_SARAL,0.17850001,-0.0315,0.18125811,55.59746332227909,60.0,SCS,,17.853600476096013,BOB,0.198015034198761,5.400000095367432,0.2887249429698302,LOW,SAFETY_AGENT,BROADER_INDIAN_MARINE_REGION,INDIAN_MARINE,,,
GRID_1337,17.75,74.0,,,,,,134.56449222558578,NO_NEARBY_SARAL,,,,430.84577328371086,80.0,VSCS,970.0,30.0,ARB,,,0.2034698355752143,LOW,SAFETY_AGENT,BROADER_INDIAN_MARINE_REGION,INDIAN_MARINE,,,
GRID_1338,11.75,73.75,4.5600000000000005,1.806,7.7,235.19,302.56,34.975886892599526,SARAL_AltiKa,0.082,0.0015000002,0.08201372,356.2233358287151,25.0,D,,3.0,ARB,0.2485969811677932,5.099999904632568,0.1300058636566212,LOW,SAFETY_AGENT,BROADER_INDIAN_MARINE_REGION,INDIAN_MARINE,,,
GRID_1339,12.0,73.0,,1.88,9.6,239.0,29.0,108.31848901633408,NO_NEARBY_SARAL,0.064,0.09650001,0.11579401,273.6141143451295,25.0,D,,3.0,ARB,0.1996578425168991,5.099999904632568,0.1582943112550696,LOW,SAFETY_AGENT,BROADER_INDIAN_MARINE_REGION,INDIAN_MARINE,,,
GRID_1340,8.25,80.0,,1.52,7.4,218.0,28.9,227.89418424812192,NO_NEARBY_SARAL,,,,149.45438077610902,25.0,,,3.0,BOB,,,0.1962205866608282,LOW,SAFETY_AGENT,BROADER_INDIAN_MARINE_REGION,INDIAN_MARINE,,,
GRID_1341,7.0,72.0,,1.8,10.95,208.0,30.0,338.0844309762385,NO_NEARBY_SARAL,-0.010000002,0.0115,0.015239752,593.7520924470241,,,,,,0.1257358938455581,3.900000095367432,0.1793969121762857,LOW,SAFETY_AGENT,BROADER_INDIAN_MARINE_REGION,INDIAN_MARINE,,,
GRID_1342,15.5,85.25,,1.98,8.8,195.0,29.0,231.5930965957218,NO_NEARBY_SARAL,-0.030500002,-0.042000003,0.051906172,61.70011432240771,35.0,CS,,7.0,BOB,0.1944558769464492,5.099999904632568,0.2321333892146267,LOW,SAFETY_AGENT,BROADER_INDIAN_MARINE_REGION,INDIAN_MARINE,,,
GRID_1343,16.5,91.0,,2.26,9.7,208.0,28.8,219.45376500839927,NO_NEARBY_SARAL,0.11700001,0.106000006,0.15787655,0.0,40.0,CS,984.0,7.934933544931562,BOB,0.2258042991161346,5.5,0.2698521657477903,LOW,SAFETY_AGENT,BROADER_INDIAN_MARINE_REGION,INDIAN_MARINE,,,
GRID_1344,12.25,95.75,4.78,1.438,5.45,228.18,302.41,23.53300641407862,SARAL_AltiKa,0.047000002,-0.21300001,0.21812384,523.3901184463239,,,,,,0.2501712739467621,5.699999809265137,0.1699797426168209,LOW,SAFETY_AGENT,BROADER_INDIAN_MARINE_REGION,INDIAN_MARINE,167378.0,0.051,2024-06-16 11:37:04.827539968
GRID_1345,19.25,70.25,,2.2,8.8,235.0,28.3,213.6994070693696,NO_NEARBY_SARAL,0.006000001,0.029000001,0.029614186,87.44602338556973,80.0,VSCS,970.0,30.0,ARB,0.1112936735153198,5.199999809265137,0.2970225123394166,LOW,SAFETY_AGENT,BROADER_INDIAN_MARINE_REGION,INDIAN_MARINE,,,
GRID_1346,9.0,90.0,7.19,2.116,6.19,211.63,302.24,63.79904100913096,SARAL_AltiKa,0.119,0.034500003,0.12390017,312.97162288598,25.0,D,,3.0,BOB,0.2665300071239471,10.699999809265137,0.2196481883899818,LOW,SAFETY_AGENT,BROADER_INDIAN_MARINE_REGION,INDIAN_MARINE,,,
GRID_1347,12.5,69.75,,2.42,9.8,228.0,28.8,439.90205922033255,NO_NEARBY_SARAL,-0.0085,-0.024,0.025460755,168.9728565089212,30.0,DD,,5.0,ARB,0.0828199312090873,3.5,0.1878946017086796,LOW,SAFETY_AGENT,BROADER_INDIAN_MARINE_REGION,INDIAN_MARINE,,,
GRID_1348,17.5,74.25,,,,,,154.53686209702465,NO_NEARBY_SARAL,,,,432.47987616317886,20.0,D,998.0,3.0,BOB,,,0.1029796047113739,LOW,SAFETY_AGENT,BROADER_INDIAN_MARINE_REGION,INDIAN_MARINE,,,
GRID_1349,9.5,84.0,,2.24,9.55,190.0,29.6,156.6863526487472,NO_NEARBY_SARAL,-0.22750002,-0.039499998,0.23090367,11.119492664455889,25.0,D,990.0,3.0,BOB,0.1692677140235901,6.599999904632568,0.2492276884380385,LOW,SAFETY_AGENT,BROADER_INDIAN_MARINE_REGION,INDIAN_MARINE,,,
GRID_1350,9.5,96.0,4.8,1.298,5.41,229.33,302.51,69.33562106884402,SARAL_AltiKa,-0.1385,-0.0175,0.13960123,740.5970332780274,,,,,,0.1917864978313446,4.199999809265137,0.1495648530098657,LOW,SAFETY_AGENT,BROADER_INDIAN_MARINE_REGION,INDIAN_MARINE,,,
GRID_1351,13.5,97.0,2.29,1.14,5.15,232.15,302.36,55.75620205016307,SARAL_AltiKa,0.056500003,-0.016999997,0.05900212,441.7313288682023,30.0,DD,,4.463400119024003,BOB,0.3441480994224548,6.400000095367432,0.0557745169691124,LOW,SAFETY_AGENT,BROADER_INDIAN_MARINE_REGION,INDIAN_MARINE,,,
GRID_1352,13.0,82.25,7.09,1.656,4.83,184.17,302.71,53.43185301386789,SARAL_AltiKa,-0.031499997,-0.068,0.07494164,87.88452819394273,55.0,SCS,982.0,18.0,BOB,0.1189595982432365,3.900000095367432,0.288176204585109,LOW,SAFETY_AGENT,BROADER_INDIAN_MARINE_REGION,INDIAN_MARINE,,,
GRID_1353,17.5,83.75,,1.7,8.8,185.0,28.5,314.7167293855551,NO_NEARBY_SARAL,0.06850001,0.065,0.0944312,114.32847787778525,50.0,SCS,,12.398333663955563,BOB,0.1491096019744873,4.699999809265137,0.2452840172128998,LOW,SAFETY_AGENT,BROADER_INDIAN_MARINE_REGION,INDIAN_MARINE,,,
GRID_1354,13.75,91.75,,2.34,10.2,217.0,29.1,234.48021351850133,NO_NEARBY_SARAL,0.048,0.011,0.04924429,87.64508201297765,25.0,D,990.0,3.0995834159888913,BOB,0.2548633217811584,4.0,0.2070180627005596,LOW,SAFETY_AGENT,BROADER_INDIAN_MARINE_REGION,INDIAN_MARINE,,,
GRID_1355,17.5,83.0,,1.44,9.45,170.0,27.6,237.22029386479937,NO_NEARBY_SARAL,,,,69.25317185171937,25.0,DD,,4.0,BOB,,,0.2202809493381451,LOW,SAFETY_AGENT,BROADER_INDIAN_MARINE_REGION,INDIAN_MARINE,,,
GRID_1356,21.5,70.25,,,,,,155.99890858427307,NO_NEARBY_SARAL,,,,114.18323642569136,90.0,ESCS,962.0,40.0,ARB,,,0.2984685966326202,LOW,SAFETY_AGENT,BROADER_INDIAN_MARINE_REGION,INDIAN_MARINE,,,
GRID_1357,15.5,75.25,,,,,,211.8698303239689,NO_NEARBY_SARAL,,,,352.22624222343427,25.0,D,997.0,3.0,BOB,,,0.1353890282266306,LOW,SAFETY_AGENT,BROADER_INDIAN_MARINE_REGION,INDIAN_MARINE,,,
GRID_1358,20.5,69.0,,2.24,9.3,225.0,28.2,308.363941802637,NO_NEARBY_SARAL,0.0025000004,0.068500005,0.06854561,0.0,25.0,D,,3.0,ARB,0.0797398462891578,3.5999999046325684,0.2346039105680392,LOW,SAFETY_AGENT,BROADER_INDIAN_MARINE_REGION,INDIAN_MARINE,,,
GRID_1359,17.5,84.25,,1.92,8.7,188.0,29.2,366.3790021010215,NO_NEARBY_SARAL,0.0140000135,0.19150001,0.19201107,97.13057596222777,55.0,SCS,,15.001983733386234,BOB,0.1562628746032714,5.300000190734863,0.2688525914932073,LOW,SAFETY_AGENT,BROADER_INDIAN_MARINE_REGION,INDIAN_MARINE,,,
GRID_1360,11.0,81.5,7.18,1.881,5.18,187.88,302.64,74.24345413982228,SARAL_AltiKa,-0.0655,0.0695,0.09550131,109.15191221456534,30.0,DD,992.0,4.0,BOB,0.1364819258451461,6.5,0.2640790954835766,LOW,SAFETY_AGENT,BROADER_INDIAN_MARINE_REGION,INDIAN_MARINE,,,
GRID_1361,11.25,91.0,7.140000000000001,2.238,6.0,208.27,302.27,96.68489748491784,SARAL_AltiKa,-0.028000005,-0.034,0.044045433,365.42404619234304,25.0,D,990.0,3.0995834159888913,BOB,0.2605750858783722,7.5,0.203478767156993,LOW,SAFETY_AGENT,BROADER_INDIAN_MARINE_REGION,INDIAN_MARINE,,,
GRID_1362,9.75,81.0,,0.86,8.3,150.0,29.7,157.91950767720238,NO_NEARBY_SARAL,0.028500002,0.14950001,0.15219232,137.80768052020292,25.0,,,3.0,BOB,0.1548939049243927,6.599999904632568,0.2033141625585663,LOW,SAFETY_AGENT,BROADER_INDIAN_MARINE_REGION,INDIAN_MARINE,,,
GRID_1363,16.0,81.25,3.11,0.98,5.2,162.44,30.8,20.4597937027874,SARAL_AltiKa,,,,137.19450905485053,35.0,CS,,6.0,BOB,,,0.2165652148438724,LOW,SAFETY_AGENT,BROADER_INDIAN_MARINE_REGION,INDIAN_MARINE,,,
GRID_1364,15.25,72.0,7.12,2.46,9.7,240.0,28.7,133.6318075184647,NO_NEARBY_SARAL,0.033,0.043500002,0.054600827,222.4113846588799,25.0,D,,3.0,ARB,0.1689255386590957,6.699999809265137,0.1682589810536163,LOW,SAFETY_AGENT,BROADER_INDIAN_MARINE_REGION,INDIAN_MARINE,,,
GRID_1365,15.25,95.0,6.03,1.58,7.7,235.0,28.9,173.3738649792892,NO_NEARBY_SARAL,0.024,0.0485,0.054113306,234.11310325049504,115.0,VSCS,,65.58718508232494,BOB,0.2866531312465668,6.400000095367432,0.2565106991673183,LOW,SAFETY_AGENT,BROADER_INDIAN_MARINE_REGION,INDIAN_MARINE,,,
GRID_1366,14.5,92.25,7.91,2.3,9.95,221.0,29.0,304.1990714921704,NO_NEARBY_SARAL,0.09,-0.022000004,0.09264988,80.73979325204846,25.0,D,990.0,3.0995834159888913,BOB,0.2392199039459228,5.699999809265137,0.2142410996888828,LOW,SAFETY_AGENT,BROADER_INDIAN_MARINE_REGION,INDIAN_MARINE,,,
GRID_1367,12.25,81.5,6.97,1.638,5.13,185.08,302.68,43.90776314019964,SARAL_AltiKa,0.109500006,0.10100001,0.14896728,27.798731661139723,50.0,SCS,986.0,14.0,BOB,0.1180698499083519,3.4000000953674316,0.3011189498407793,MEDIUM,SAFETY_AGENT,BROADER_INDIAN_MARINE_REGION,INDIAN_MARINE,,,
GRID_1368,8.75,91.25,6.84,2.048,6.2700000000000005,210.29,302.22,64.10297847957648,SARAL_AltiKa,0.046,-0.0055000037,0.04632764,407.43211794087136,25.0,D,,3.0,BOB,0.2685834169387817,6.099999904632568,0.1685912537790685,LOW,SAFETY_AGENT,BROADER_INDIAN_MARINE_REGION,INDIAN_MARINE,,,
GRID_1369,10.0,83.75,8.77,2.2,9.25,189.0,29.6,141.74642248267767,NO_NEARBY_SARAL,-0.2615,-0.045,0.26534364,72.12472740143772,25.0,D,990.0,3.0,BOB,0.1659822911024093,7.0,0.2345619015073247,LOW,SAFETY_AGENT,BROADER_INDIAN_MARINE_REGION,INDIAN_MARINE,,,
GRID_1370,12.5,79.0,1.86,,,,,17.955310655009715,SARAL_AltiKa,,,,232.75764289435725,55.0,SCS,982.0,18.0,BOB,,,0.2212296080253537,LOW,SAFETY_AGENT,BROADER_INDIAN_MARINE_REGION,INDIAN_MARINE,,,
GRID_1371,19.5,73.5,2.21,,,,,124.46518310269902,NO_NEARBY_SARAL,,,,332.59563602344673,90.0,ESCS,962.0,40.0,ARB,,,0.2329448767532936,LOW,SAFETY_AGENT,BROADER_INDIAN_MARINE_REGION,INDIAN_MARINE,,,
GRID_1372,16.25,71.0,7.03,2.6,9.6,236.0,28.3,212.84276351707848,NO_NEARBY_SARAL,0.058500003,0.119,0.13260186,271.76117343942553,80.0,VSCS,970.0,30.0,ARB,0.1206023320555687,5.099999904632568,0.2520000064172942,LOW,SAFETY_AGENT,BROADER_INDIAN_MARINE_REGION,INDIAN_MARINE,,,
GRID_1373,16.0,89.0,8.0,2.244,5.87,204.77,302.5,3.2951537744139783,SARAL_AltiKa,0.21550001,0.102000006,0.23842034,154.04827797406244,40.0,CS,984.0,7.934933544931562,BOB,0.2221766412258148,6.400000095367432,0.3283829922585295,MEDIUM,SAFETY_AGENT,BROADER_INDIAN_MARINE_REGION,INDIAN_MARINE,,,
GRID_1374,9.25,78.25,6.11,,,,30.0,16.2257181968808,SARAL_AltiKa,,,,96.28181431918036,25.0,,,3.0,BOB,,,0.2121723565979068,LOW,SAFETY_AGENT,BROADER_INDIAN_MARINE_REGION,INDIAN_MARINE,,,
GRID_1375,5.25,77.75,5.69,2.006,6.55,188.26,302.02,58.320707424286574,SARAL_AltiKa,0.091000006,0.07300001,0.11666191,510.44508667473315,,,,,,0.1803560853004455,5.599999904632568,0.2207423450262221,LOW,SAFETY_AGENT,BROADER_INDIAN_MARINE_REGION,INDIAN_MARINE,,,
GRID_1376,16.75,85.0,7.73,1.96,8.3,196.0,29.4,286.2069423247038,NO_NEARBY_SARAL,0.13200001,0.26900002,0.2996415,27.798731661139723,55.0,SCS,,15.001983733386234,BOB,0.1314168572425842,4.0,0.2997030726447646,LOW,SAFETY_AGENT,BROADER_INDIAN_MARINE_REGION,INDIAN_MARINE,,,
GRID_1377,9.25,81.5,2.06,1.14,8.95,156.0,30.0,116.66881681114975,NO_NEARBY_SARAL,0.058000002,-0.04,0.07045566,61.531291370042766,25.0,,,3.0,BOB,0.1677618473768234,7.699999809265137,0.2186055831120618,LOW,SAFETY_AGENT,BROADER_INDIAN_MARINE_REGION,INDIAN_MARINE,,,
GRID_1378,15.5,77.5,5.12,,,,,210.818186889172,NO_NEARBY_SARAL,,,,120.59965471064343,25.0,D,997.0,3.0,BOB,,,0.2048770044804679,LOW,SAFETY_AGENT,BROADER_INDIAN_MARINE_REGION,INDIAN_MARINE,,,
GRID_1379,17.0,69.5,8.67,2.68,9.2,234.0,28.2,349.233430431241,NO_NEARBY_SARAL,0.13450001,-0.156,0.20597635,174.99507576998064,80.0,VSCS,970.0,30.0,ARB,0.0550307817757129,2.4000000953674316,0.2868533559377955,LOW,SAFETY_AGENT,BROADER_INDIAN_MARINE_REGION,INDIAN_MARINE,,,
GRID_1380,14.25,84.5,5.7,2.02,9.35,185.0,29.4,281.4747467408964,NO_NEARBY_SARAL,-0.063,0.05200001,0.081688434,217.21247677444285,30.0,DD,,5.0,BOB,0.1612595021724701,6.5,0.1807415824564316,LOW,SAFETY_AGENT,BROADER_INDIAN_MARINE_REGION,INDIAN_MARINE,,,
GRID_1381,12.0,92.0,8.47,2.52,10.15,222.0,29.0,220.40888396887104,NO_NEARBY_SARAL,0.0069999993,-0.015000001,0.016552946,283.2050496409184,25.0,D,990.0,3.0995834159888913,BOB,0.2811089754104614,5.199999809265137,0.1457465520508832,LOW,SAFETY_AGENT,BROADER_INDIAN_MARINE_REGION,INDIAN_MARINE,,,
GRID_1382,12.0,95.0,4.5200000000000005,1.416,5.49,228.66,302.44,96.98624717757188,SARAL_AltiKa,-0.0465,-0.119500004,0.12822832,469.8447555077189,25.0,D,990.0,3.0995834159888913,BOB,0.2200549393892288,5.0,0.0679195426961573,LOW,SAFETY_AGENT,BROADER_INDIAN_MARINE_REGION,INDIAN_MARINE,,,
GRID_1383,8.0,91.25,6.04,2.105,6.8100000000000005,207.3,302.2,46.35372926560233,SARAL_AltiKa,-0.0014999956,-0.054500002,0.05452064,375.1444108323722,25.0,D,,3.0,BOB,0.2256676107645034,6.599999904632568,0.1679895763961825,LOW,SAFETY_AGENT,BROADER_INDIAN_MARINE_REGION,INDIAN_MARINE,,,
GRID_1384,18.5,70.75,7.41,2.24,8.7,239.0,28.5,181.64823217179975,NO_NEARBY_SARAL,0.030000001,0.016999999,0.03448188,79.08652760724536,80.0,VSCS,970.0,30.0,ARB,0.1184805631637573,5.599999904632568,0.3002350977447188,MEDIUM,SAFETY_AGENT,BROADER_INDIAN_MARINE_REGION,INDIAN_MARINE,,,
GRID_1385,12.75,91.25,8.13,2.54,10.3,215.0,29.1,158.50721357374886,NO_NEARBY_SARAL,0.012499999,0.054,0.055427883,196.45743866353,25.0,D,990.0,3.0995834159888913,BOB,0.2277894765138626,4.0,0.1749250303922256,LOW,SAFETY_AGENT,BROADER_INDIAN_MARINE_REGION,INDIAN_MARINE,,,
GRID_1386,13.25,93.75,5.19,1.18,8.1,204.0,29.1,258.3386192803614,NO_NEARBY_SARAL,0.030000001,-0.013000004,0.032695565,279.84066873843784,25.0,D,990.0,3.0995834159888913,BOB,0.1921971589326858,3.799999952316284,0.1474478487519585,LOW,SAFETY_AGENT,BROADER_INDIAN_MARINE_REGION,INDIAN_MARINE,,,
GRID_1387,6.25,74.5,5.68,1.791,6.51,187.24,302.24,87.19567643396473,SARAL_AltiKa,-0.15250002,0.2185,0.26645544,626.6123164361318,,,,,,0.1602327674627304,4.099999904632568,0.2168047230649611,LOW,SAFETY_AGENT,BROADER_INDIAN_MARINE_REGION,INDIAN_MARINE,,,
GRID_1388,5.5,72.5,1.23,1.48,10.65,211.0,30.4,320.9882429064568,NO_NEARBY_SARAL,-0.19200002,0.11000001,0.22127813,720.6954873886049,,,,,,0.1991788148880005,5.699999809265137,0.2010843571358406,LOW,SAFETY_AGENT,BROADER_INDIAN_MARINE_REGION,INDIAN_MARINE,,,
GRID_1389,11.0,92.5,8.71,1.62,7.5,245.0,29.0,250.35489146026603,NO_NEARBY_SARAL,0.0085,-0.016000003,0.018117674,404.00577081849946,25.0,D,990.0,3.0995834159888913,BOB,,,0.109404595648111,LOW,SAFETY_AGENT,BROADER_INDIAN_MARINE_REGION,INDIAN_MARINE,,,
GRID_1390,21.0,70.0,5.91,1.72,8.8,230.0,27.0,194.04481802444192,NO_NEARBY_SARAL,0.10700001,-0.012,0.10767081,76.1191857941735,90.0,ESCS,962.0,40.0,ARB,,,0.3083925514220755,MEDIUM,SAFETY_AGENT,BROADER_INDIAN_MARINE_REGION,INDIAN_MARINE,,,
GRID_1391,15.75,81.75,8.09,1.633,5.93,163.82,302.67,66.54017903055293,SARAL_AltiKa,0.6305,0.0435,0.63199884,84.98904017086811,40.0,CS,,8.0,BOB,0.1332192122936248,5.800000190734863,0.3388195534081744,MEDIUM,SAFETY_AGENT,BROADER_INDIAN_MARINE_REGION,INDIAN_MARINE,,,
GRID_1392,12.0,75.0,3.35,1.28,9.3,248.0,28.1,103.69963604355928,NO_NEARBY_SARAL,-0.004999999,-0.037,0.03733631,464.7545970400555,25.0,D,,3.0,ARB,,,0.0931018113816442,LOW,SAFETY_AGENT,BROADER_INDIAN_MARINE_REGION,INDIAN_MARINE,,,
GRID_1393,14.25,96.0,4.75,1.297,5.2700000000000005,236.45,302.27,44.97399303978681,SARAL_AltiKa,0.082,0.017499998,0.08384659,375.1998945059379,115.0,VSCS,,65.58718508232494,BOB,0.2681726515293121,5.099999904632568,0.1737951222293582,LOW,SAFETY_AGENT,BROADER_INDIAN_MARINE_REGION,INDIAN_MARINE,148396.0,0.095,2024-06-16 11:36:31.770688000
GRID_1394,13.75,83.75,6.66,2.08,9.35,188.0,29.9,229.16445214569737,NO_NEARBY_SARAL,-0.030500002,-0.0275,0.04106702,137.77138771792747,25.0,D,,3.0,BOB,0.1446270793676376,6.900000095367432,0.1923368534307245,LOW,SAFETY_AGENT,BROADER_INDIAN_MARINE_REGION,INDIAN_MARINE,,,
GRID_1395,8.5,81.25,5.68,0.28,4.35,241.0,28.7,161.68309484012724,NO_NEARBY_SARAL,,,,99.42337383252833,25.0,,,3.0,BOB,,,0.2112298887439024,LOW,SAFETY_AGENT,BROADER_INDIAN_MARINE_REGION,INDIAN_MARINE,,,
GRID_1396,10.5,81.75,7.94,1.856,5.3500000000000005,186.85,302.61,59.67062022742621,SARAL_AltiKa,-0.146,0.040500008,0.1515132,99.01506154197853,30.0,DD,992.0,4.0,BOB,0.1521560549736023,5.599999904632568,0.2854271916271568,LOW,SAFETY_AGENT,BROADER_INDIAN_MARINE_REGION,INDIAN_MARINE,,,
GRID_1397,18.25,70.75,7.25,2.4,9.3,233.0,28.4,187.99003226751265,NO_NEARBY_SARAL,0.012500001,-0.0020000003,0.01265899,83.88408822430368,80.0,VSCS,970.0,30.0,ARB,0.1079397574067115,5.400000095367432,0.296487188640576,LOW,SAFETY_AGENT,BROADER_INDIAN_MARINE_REGION,INDIAN_MARINE,,,
GRID_1398,16.5,76.25,6.58,,,,,338.8108492662846,NO_NEARBY_SARAL,,,,245.93785261690144,20.0,D,998.0,3.0,BOB,,,0.1589422117752571,LOW,SAFETY_AGENT,BROADER_INDIAN_MARINE_REGION,INDIAN_MARINE,,,
GRID_1399,10.25,88.25,9.79,2.76,9.95,210.0,28.7,210.9430125292475,NO_NEARBY_SARAL,0.038000003,0.15050001,0.15522325,362.42684194984497,25.0,D,,3.0,BOB,0.2137579470872879,5.800000190734863,0.1359786673781321,LOW,SAFETY_AGENT,BROADER_INDIAN_MARINE_REGION,INDIAN_MARINE,,,
GRID_1400,8.5,70.25,3.41,1.96,10.75,203.0,29.6,488.6417367373727,NO_NEARBY_SARAL,0.016000003,-0.105500005,0.10670638,361.47644945965214,25.0,D,,3.0,ARB,0.1535665839910507,3.5,0.1301116196220819,LOW,SAFETY_AGENT,BROADER_INDIAN_MARINE_REGION,INDIAN_MARINE,,,
GRID_1401,17.5,68.75,9.01,2.66,9.15,231.0,28.1,413.6029310434016,NO_NEARBY_SARAL,0.162,-0.054,0.170763,172.73701255477033,80.0,VSCS,970.0,30.0,ARB,0.0638603270053863,4.900000095367432,0.2852815137654327,LOW,SAFETY_AGENT,BROADER_INDIAN_MARINE_REGION,INDIAN_MARINE,,,
GRID_1402,15.5,91.0,8.76,2.24,9.8,208.0,28.8,196.31336600669016,NO_NEARBY_SARAL,0.046000004,-0.066,0.08044875,0.0,35.0,CS,986.0,6.075183495338227,BOB,0.2549623847007751,6.900000095367432,0.2545489476761023,LOW,SAFETY_AGENT,BROADER_INDIAN_MARINE_REGION,INDIAN_MARINE,,,
GRID_1403,14.25,68.0,8.11,2.66,9.6,226.0,28.2,392.7684906946912,NO_NEARBY_SARAL,0.09900001,0.1135,0.1506096,111.2427372719037,25.0,D,,3.0,ARB,0.0593428611755371,4.199999809265137,0.2096864958760002,LOW,SAFETY_AGENT,BROADER_INDIAN_MARINE_REGION,INDIAN_MARINE,,,
GRID_1404,9.75,89.5,7.33,2.258,6.25,210.87,302.28000000000003,99.15999778655495,SARAL_AltiKa,-0.043000005,-0.0055,0.043350324,347.4608353331019,25.0,D,,3.0,BOB,0.2510611712932586,6.699999809265137,0.2138411012996018,LOW,SAFETY_AGENT,BROADER_INDIAN_MARINE_REGION,INDIAN_MARINE,,,
GRID_1405,6.75,94.0,7.890000000000001,1.998,6.390000000000001,217.06,302.46,79.5508031548174,SARAL_AltiKa,-0.16100001,-0.176,0.23853093,662.9505809546598,,,,,,,,0.276056249687649,LOW,SAFETY_AGENT,BROADER_INDIAN_MARINE_REGION,INDIAN_MARINE,,,
GRID_1406,10.75,75.25,5.04,1.74,11.0,212.0,28.9,100.70267808715072,NO_NEARBY_SARAL,0.027,-0.0715,0.07642807,426.6365600514194,25.0,,,3.0,BOB,0.2917181551456451,8.899999618530273,0.1105811341817034,LOW,SAFETY_AGENT,BROADER_INDIAN_MARINE_REGION,INDIAN_MARINE,,,
GRID_1407,12.25,83.25,7.34,1.82,9.55,185.0,29.9,141.42592517207115,NO_NEARBY_SARAL,0.14950001,-0.0785,0.16885646,138.70687026899603,35.0,CS,994.0,6.0,BOB,0.1262833774089813,3.900000095367432,0.219955960077174,LOW,SAFETY_AGENT,BROADER_INDIAN_MARINE_REGION,INDIAN_MARINE,,,
GRID_1408,20.5,75.25,4.79,,,,,325.51537967099233,NO_NEARBY_SARAL,,,,321.923450948836,50.0,SCS,990.0,12.0,ARB,,,0.1861465322756768,LOW,SAFETY_AGENT,BROADER_INDIAN_MARINE_REGION,INDIAN_MARINE,,,
GRID_1409,10.0,78.5,0.95,,,,,24.97790134384745,SARAL_AltiKa,,,,64.13578093215213,25.0,,,3.0,BOB,,,0.2218161666140153,LOW,SAFETY_AGENT,BROADER_INDIAN_MARINE_REGION,INDIAN_MARINE,,,
GRID_1410,22.0,69.0,6.33,1.78,8.95,224.0,28.2,268.6199062033619,NO_NEARBY_SARAL,0.14950001,-0.094500005,0.17686296,151.87947671631804,25.0,D,,3.0,ARB,,,0.2009170124787654,LOW,SAFETY_AGENT,BROADER_INDIAN_MARINE_REGION,INDIAN_MARINE,,,
GRID_1411,15.75,82.5,6.23,1.8,8.85,173.0,28.7,144.71449668013847,NO_NEARBY_SARAL,0.391,-0.024500001,0.39176682,27.798731661139723,40.0,CS,,8.0,BOB,0.1681041419506073,6.0,0.2850073228565346,LOW,SAFETY_AGENT,BROADER_INDIAN_MARINE_REGION,INDIAN_MARINE,,,
GRID_1412,10.75,75.75,4.76,1.04,10.75,228.0,27.7,153.9533191278059,NO_NEARBY_SARAL,0.068,-0.1365,0.1525,374.3119426605252,25.0,,,3.0,BOB,,,0.1317509766955033,LOW,SAFETY_AGENT,BROADER_INDIAN_MARINE_REGION,INDIAN_MARINE,,,
GRID_1413,8.5,93.5,6.89,1.4,6.85,246.0,29.0,174.554713135006,NO_NEARBY_SARAL,-0.135,-0.1525,0.20366947,628.4993062861444,,,,,,,,0.199020103687649,LOW,SAFETY_AGENT,BROADER_INDIAN_MARINE_REGION,INDIAN_MARINE,,,
GRID_1414,18.0,70.0,8.26,2.56,9.35,231.0,28.2,271.59015053433274,NO_NEARBY_SARAL,0.0045,0.081,0.0811249,55.597463322279445,80.0,VSCS,970.0,30.0,ARB,0.1147159412503242,5.800000190734863,0.3120367076184761,MEDIUM,SAFETY_AGENT,BROADER_INDIAN_MARINE_REGION,INDIAN_MARINE,,,
GRID_1415,21.0,71.75,4.53,1.059,4.6000000000000005,212.55,301.48,17.232895173690377,SARAL_AltiKa,,,,141.36861571147554,90.0,ESCS,962.0,40.0,ARB,,,0.2278129828468849,LOW,SAFETY_AGENT,BROADER_INDIAN_MARINE_REGION,INDIAN_MARINE,,,
GRID_1416,8.25,92.25,7.91,2.5,10.9,220.0,29.1,159.49630585979227,NO_NEARBY_SARAL,-0.031500004,-0.098000005,0.1029381,488.5761394303931,25.0,D,,3.0,BOB,0.2400412410497665,5.0,0.0925710712735065,LOW,SAFETY_AGENT,BROADER_INDIAN_MARINE_REGION,INDIAN_MARINE,,,
GRID_1417,19.25,81.0,4.2,,,,,61.39018132734523,SARAL_AltiKa,,,,191.13504362779983,20.0,D,998.0,3.0,BOB,,,0.1753830544719876,LOW,SAFETY_AGENT,BROADER_INDIAN_MARINE_REGION,INDIAN_MARINE,,,
GRID_1418,15.75,89.75,8.27,2.068,5.93,205.82,302.46,71.76691952031639,SARAL_AltiKa,0.16700001,0.21600002,0.27302933,115.64278288953936,40.0,CS,984.0,7.934933544931562,BOB,0.2217661589384079,7.0,0.3343978468638175,MEDIUM,SAFETY_AGENT,BROADER_INDIAN_MARINE_REGION,INDIAN_MARINE,,,
GRID_1419,7.5,82.25,7.55,2.593,6.19,190.96,302.35,78.58359139565891,SARAL_AltiKa,-0.0825,-0.2675,0.27993304,169.04589148051886,25.0,,,3.0,BOB,0.1815880686044693,8.699999809265137,0.3241668399653214,MEDIUM,SAFETY_AGENT,BROADER_INDIAN_MARINE_REGION,INDIAN_MARINE,,,
GRID_1420,9.75,80.0,6.19,0.62,3.95,204.0,29.9,191.13699139686,NO_NEARBY_SARAL,0.1185,0.097,0.15313801,61.46079320126468,25.0,,,3.0,BOB,,,0.2256701225332815,LOW,SAFETY_AGENT,BROADER_INDIAN_MARINE_REGION,INDIAN_MARINE,,,
GRID_1421,7.25,69.75,1.86,1.94,10.8,198.0,30.0,420.64632266659856,NO_NEARBY_SARAL,0.21400002,0.09,0.23215513,359.8543164798786,25.0,D,,3.0,ARB,0.1872689574956894,6.099999904632568,0.1445273904020919,LOW,SAFETY_AGENT,BROADER_INDIAN_MARINE_REGION,INDIAN_MARINE,,,
GRID_1422,10.75,71.0,5.4,2.2,10.55,215.0,29.1,351.80831649250206,NO_NEARBY_SARAL,0.005999999,0.073,0.07324616,305.7860482725364,25.0,D,,3.0,ARB,0.1365502923727035,4.0,0.1436801772491708,LOW,SAFETY_AGENT,BROADER_INDIAN_MARINE_REGION,INDIAN_MARINE,,,
GRID_1423,6.75,95.0,4.0,1.841,6.24,216.06,302.45,28.137036022646875,SARAL_AltiKa,-0.15900001,-0.1875,0.2458399,773.2600943467177,,,,,,0.2504450976848602,4.0,0.2054853666048669,LOW,SAFETY_AGENT,BROADER_INDIAN_MARINE_REGION,INDIAN_MARINE,89388.0,0.267,2024-06-16 11:38:35.732206848
GRID_1424,18.5,69.25,8.1,2.56,9.3,230.0,28.1,335.6660488299324,NO_NEARBY_SARAL,0.072500005,0.012500003,0.0735697,79.08652760724404,80.0,VSCS,970.0,30.0,ARB,0.0775495693087577,4.300000190734863,0.3033915524031328,MEDIUM,SAFETY_AGENT,BROADER_INDIAN_MARINE_REGION,INDIAN_MARINE,,,
GRID_1425,13.5,72.5,7.88,2.16,9.45,243.0,28.8,124.38555810230572,NO_NEARBY_SARAL,-0.021500003,0.0755,0.07850159,162.18365053008478,25.0,D,,3.0,ARB,0.1419577151536941,4.900000095367432,0.1877499581765425,LOW,SAFETY_AGENT,BROADER_INDIAN_MARINE_REGION,INDIAN_MARINE,,,
GRID_1426,9.75,93.25,6.5,2.1,8.85,237.0,28.9,230.49943655444957,NO_NEARBY_SARAL,0.072500005,-0.097,0.12110017,561.374350841695,,,,,,0.2388092875480651,5.099999904632568,0.1908656373651745,LOW,SAFETY_AGENT,BROADER_INDIAN_MARINE_REGION,INDIAN_MARINE,,,
GRID_1427,11.0,78.75,3.29,,,,,27.52081311591792,SARAL_AltiKa,,,,147.11722367568262,25.0,,,3.0,BOB,,,0.1969217337909561,LOW,SAFETY_AGENT,BROADER_INDIAN_MARINE_REGION,INDIAN_MARINE,,,
GRID_1428,7.75,96.25,6.77,1.54,9.65,245.0,29.1,138.4423444585455,NO_NEARBY_SARAL,-0.035000004,0.089,0.09563472,911.9101874167774,,,,,,0.23750901222229,5.699999809265137,0.1886158416291763,LOW,SAFETY_AGENT,BROADER_INDIAN_MARINE_REGION,INDIAN_MARINE,,,
GRID_1429,12.0,88.5,9.35,,,,,150.6066519166706,NO_NEARBY_SARAL,0.055,0.021500006,0.059052944,427.4215560851084,25.0,D,990.0,3.0995834159888913,BOB,0.2392200529575348,6.199999809265137,0.1071268776114938,LOW,SAFETY_AGENT,BROADER_INDIAN_MARINE_REGION,INDIAN_MARINE,,,
GRID_1430,8.5,95.25,4.09,1.006,5.39,216.54,302.47,13.148965083107216,SARAL_AltiKa,0.186,-0.0855,0.20471016,782.2425228481673,,,,,,0.23942531645298,3.900000095367432,0.1317115098661376,LOW,SAFETY_AGENT,BROADER_INDIAN_MARINE_REGION,INDIAN_MARINE,163633.0,0.154,2024-06-16 11:38:06.799922048
GRID_1431,11.0,94.25,8.75,,,,,153.08463741550355,NO_NEARBY_SARAL,-0.241,-0.030000001,0.24286003,490.28644019552576,25.0,D,990.0,3.0995834159888913,BOB,0.2163588106632232,6.800000190734863,0.1068909680633677,LOW,SAFETY_AGENT,BROADER_INDIAN_MARINE_REGION,INDIAN_MARINE,,,
GRID_1432,13.5,76.0,4.9,,,,,244.4058065891592,NO_NEARBY_SARAL,,,,363.7958071630956,30.0,DD,996.0,4.0,BOB,,,0.1402514920780656,LOW,SAFETY_AGENT,BROADER_INDIAN_MARINE_REGION,INDIAN_MARINE,,,
GRID_1433,13.0,85.0,7.06,,,,,200.0051851028931,NO_NEARBY_SARAL,-0.049500003,0.064500004,0.08130498,292.2791660338848,25.0,D,,3.0,BOB,0.1454483866691589,4.5,0.1488103691565074,LOW,SAFETY_AGENT,BROADER_INDIAN_MARINE_REGION,INDIAN_MARINE,,,
GRID_1434,14.25,82.75,6.23,,,,,135.66296182883073,NO_NEARBY_SARAL,0.086500004,-0.1665,0.18762863,38.70279854588522,30.0,DD,,5.0,BOB,0.1146475300192833,4.800000190734863,0.2439219756899833,LOW,SAFETY_AGENT,BROADER_INDIAN_MARINE_REGION,INDIAN_MARINE,,,
GRID_1435,7.5,73.0,3.85,,,,,218.2931283357304,NO_NEARBY_SARAL,-0.06650001,0.23600002,0.24519025,680.981096676927,,,,,,0.1397673338651657,6.5,0.2037270405286509,LOW,SAFETY_AGENT,BROADER_INDIAN_MARINE_REGION,INDIAN_MARINE,,,
GRID_1436,11.0,92.25,8.7,,,,,223.76213354870956,NO_NEARBY_SARAL,0.008000001,-0.040999997,0.041773196,397.5884926906061,25.0,D,990.0,3.0995834159888913,BOB,,,0.1136953312864791,LOW,SAFETY_AGENT,BROADER_INDIAN_MARINE_REGION,INDIAN_MARINE,,,
GRID_1437,18.5,70.5,7.41,,,,,207.32952868128385,NO_NEARBY_SARAL,0.056,0.030000003,0.06352952,52.72437279375804,80.0,VSCS,970.0,30.0,ARB,0.1049280986189842,5.800000190734863,0.3111146271704542,MEDIUM,SAFETY_AGENT,BROADER_INDIAN_MARINE_REGION,INDIAN_MARINE,,,
GRID_1438,8.75,73.25,5.07,,,,,161.00660436399707,NO_NEARBY_SARAL,-0.087000005,0.17950001,0.19947244,582.4044335638861,,,,,,0.1953457593917846,5.300000190734863,0.1986942056878349,LOW,SAFETY_AGENT,BROADER_INDIAN_MARINE_REGION,INDIAN_MARINE,,,
GRID_1439,19.25,83.0,4.82,,,,,265.8488478476004,NO_NEARBY_SARAL,,,,211.62768000440175,20.0,D,,3.0,BOB,,,0.1692352635590071,LOW,SAFETY_AGENT,BROADER_INDIAN_MARINE_REGION,INDIAN_MARINE,,,
GRID_1440,18.25,68.75,8.39,,,,,393.6626045149825,NO_NEARBY_SARAL,0.065500006,-0.079500005,0.10300729,134.8038903469923,80.0,VSCS,970.0,30.0,ARB,0.0658452957868576,4.300000190734863,0.2895908418974036,LOW,SAFETY_AGENT,BROADER_INDIAN_MARINE_REGION,INDIAN_MARINE,,,
GRID_1441,16.25,76.5,5.4,,,,,332.1561935653085,NO_NEARBY_SARAL,,,,215.4405477793658,25.0,D,997.0,3.0,BOB,,,0.1764247365598512,LOW,SAFETY_AGENT,BROADER_INDIAN_MARINE_REGION,INDIAN_MARINE,,,
GRID_1442,7.5,92.5,7.28,,,,,168.73077892323653,NO_NEARBY_SARAL,0.0495,-0.11600001,0.12611999,499.4769042781009,25.0,D,,3.0,BOB,0.2416154742240905,3.900000095367432,0.0910729664498136,LOW,SAFETY_AGENT,BROADER_INDIAN_MARINE_REGION,INDIAN_MARINE,,,
GRID_1443,16.75,73.5,4.0200000000000005,1.771,7.5,237.77,302.51,59.14468117389721,SARAL_AltiKa,,,,418.837284389474,80.0,VSCS,970.0,30.0,ARB,,,0.2039057155768187,LOW,SAFETY_AGENT,BROADER_INDIAN_MARINE_REGION,INDIAN_MARINE,,,
GRID_1444,17.25,70.75,7.67,,,,,213.4078208251906,NO_NEARBY_SARAL,-0.1215,0.1,0.15736026,160.05805704521484,80.0,VSCS,970.0,30.0,ARB,0.1194388419389724,4.5,0.2876838726579497,LOW,SAFETY_AGENT,BROADER_INDIAN_MARINE_REGION,INDIAN_MARINE,,,
GRID_1445,12.25,88.5,9.11,,,,,144.46314343738356,NO_NEARBY_SARAL,0.031500004,-0.0405,0.051307894,409.75776425260096,25.0,D,990.0,3.0995834159888913,BOB,0.2132786214351654,7.300000190734863,0.112136656773175,LOW,SAFETY_AGENT,BROADER_INDIAN_MARINE_REGION,INDIAN_MARINE,,,
GRID_1446,10.25,88.0,9.92,,,,,184.29233078964057,NO_NEARBY_SARAL,0.028,0.1075,0.11108668,361.38351159481584,25.0,D,,3.0,BOB,0.2092404216527938,5.900000095367432,0.1319167156233709,LOW,SAFETY_AGENT,BROADER_INDIAN_MARINE_REGION,INDIAN_MARINE,,,
GRID_1447,10.5,92.5,5.2,,,,,238.7765177781458,NO_NEARBY_SARAL,-0.0045,-0.036000002,0.036280163,457.8302875015606,25.0,D,990.0,3.0995834159888913,BOB,,,0.0950734895431927,LOW,SAFETY_AGENT,BROADER_INDIAN_MARINE_REGION,INDIAN_MARINE,,,
GRID_1448,18.5,81.25,3.6,,,,,80.34576340009855,SARAL_AltiKa,,,,204.32010874482364,25.0,DD,,4.0,BOB,,,0.1797608682702138,LOW,SAFETY_AGENT,BROADER_INDIAN_MARINE_REGION,INDIAN_MARINE,,,
GRID_1449,10.75,81.75,7.98,1.926,5.3100000000000005,187.59,302.63,53.63997875634677,SARAL_AltiKa,-0.101500005,0.034999996,0.10736504,86.48767234898312,30.0,DD,992.0,4.0,BOB,0.1314853131771087,6.900000095367432,0.2920022489592648,LOW,SAFETY_AGENT,BROADER_INDIAN_MARINE_REGION,INDIAN_MARINE,,,
GRID_1450,16.75,77.25,4.53,,,,,265.5520274575663,NO_NEARBY_SARAL,,,,135.88220018704823,20.0,D,998.0,3.0,BOB,,,0.1919589075042131,LOW,SAFETY_AGENT,BROADER_INDIAN_MARINE_REGION,INDIAN_MARINE,,,
GRID_1451,5.25,79.0,6.89,,,,,193.2544240983523,NO_NEARBY_SARAL,0.3545,0.07300001,0.36193818,475.78257844013314,25.0,,,3.0,BOB,0.1847366392612457,5.400000095367432,0.1223708861137968,LOW,SAFETY_AGENT,BROADER_INDIAN_MARINE_REGION,INDIAN_MARINE,,,
GRID_1452,18.25,69.0,8.24,,,,,367.95356750589673,NO_NEARBY_SARAL,0.026500002,-0.010499999,0.028504387,109.1253851365752,80.0,VSCS,970.0,30.0,ARB,0.0722107663750648,4.099999904632568,0.289760016693948,LOW,SAFETY_AGENT,BROADER_INDIAN_MARINE_REGION,INDIAN_MARINE,,,
GRID_1453,14.0,94.75,5.9,,,,,170.39658902475318,NO_NEARBY_SARAL,0.178,-0.22350001,0.2857206,354.6449962914052,25.0,D,990.0,3.0995834159888913,BOB,0.270704984664917,6.300000190734863,0.1517553236696081,LOW,SAFETY_AGENT,BROADER_INDIAN_MARINE_REGION,INDIAN_MARINE,,,
GRID_1454,20.75,71.0,4.38,1.142,4.8100000000000005,215.01,301.49,99.27702250771668,SARAL_AltiKa,,,,58.99404978299734,90.0,ESCS,962.0,40.0,ARB,,,0.259442019292095,LOW,SAFETY_AGENT,BROADER_INDIAN_MARINE_REGION,INDIAN_MARINE,,,
GRID_1455,18.0,68.75,8.58,,,,,400.3141346524435,NO_NEARBY_SARAL,0.07700001,-0.09150001,0.11958784,143.2320936056014,80.0,VSCS,970.0,30.0,ARB,0.0609171278774738,3.799999952316284,0.2884581153808381,LOW,SAFETY_AGENT,BROADER_INDIAN_MARINE_REGION,INDIAN_MARINE,,,
GRID_1456,14.75,80.0,4.93,,,,,68.5231725744006,SARAL_AltiKa,,,,27.798731661139723,50.0,SCS,986.0,14.0,BOB,,,0.2743839480619857,LOW,SAFETY_AGENT,BROADER_INDIAN_MARINE_REGION,INDIAN_MARINE,,,
GRID_1457,10.25,84.5,9.08,,,,,189.0323115887034,NO_NEARBY_SARAL,-0.21350002,-0.090500005,0.23188901,109.24388832478104,25.0,D,990.0,3.0,BOB,0.1325805038213729,6.300000190734863,0.2196471858574865,LOW,SAFETY_AGENT,BROADER_INDIAN_MARINE_REGION,INDIAN_MARINE,,,
GRID_1458,15.75,90.5,8.75,,,,,149.98950912157696,NO_NEARBY_SARAL,0.13000001,0.086500004,0.15614818,60.2706723595965,40.0,CS,984.0,7.934933544931562,BOB,0.2450378090143203,5.900000095367432,0.2518462108623405,LOW,SAFETY_AGENT,BROADER_INDIAN_MARINE_REGION,INDIAN_MARINE,,,
GRID_1459,11.0,90.75,7.31,2.095,6.03,208.66,302.27,64.18090180216076,SARAL_AltiKa,-0.083000004,-0.0345,0.08988465,397.5884926906058,25.0,D,990.0,3.0995834159888913,BOB,0.2429843991994857,5.099999904632568,0.1886527114764666,LOW,SAFETY_AGENT,BROADER_INDIAN_MARINE_REGION,INDIAN_MARINE,,,
GRID_1460,17.0,76.5,4.8,,,,,348.9597080053795,NO_NEARBY_SARAL,,,,212.6715513111886,20.0,D,998.0,3.0,BOB,,,0.168922102166971,LOW,SAFETY_AGENT,BROADER_INDIAN_MARINE_REGION,INDIAN_MARINE,,,
GRID_1461,13.25,92.75,5.34,,,,,328.4122891332328,NO_NEARBY_SARAL,,,,193.717842736028,25.0,D,990.0,3.0995834159888913,BOB,,,0.1829415480728525,LOW,SAFETY_AGENT,BROADER_INDIAN_MARINE_REGION,INDIAN_MARINE,,,
GRID_1462,8.5,83.5,5.7700000000000005,2.481,6.8,177.48,302.44,79.5549201671179,SARAL_AltiKa,-0.17050001,-0.076000005,0.18667151,0.0,25.0,D,,4.0,BOB,0.1475700587034225,5.699999809265137,0.3190360760513911,MEDIUM,SAFETY_AGENT,BROADER_INDIAN_MARINE_REGION,INDIAN_MARINE,,,
GRID_1463,8.5,92.25,7.92,,,,,165.37431093732937,NO_NEARBY_SARAL,-0.0555,-0.06250001,0.08358529,497.0652059101663,25.0,D,,3.0,BOB,0.2309378832578659,4.5,0.0878163119350947,LOW,SAFETY_AGENT,BROADER_INDIAN_MARINE_REGION,INDIAN_MARINE,,,
GRID_1464,20.25,69.5,6.28,,,,,264.1916928079267,NO_NEARBY_SARAL,0.0005000001,0.050000004,0.050002504,59.068997488007696,25.0,D,,3.0,ARB,0.0888432115316391,4.900000095367432,0.2157016592301104,LOW,SAFETY_AGENT,BROADER_INDIAN_MARINE_REGION,INDIAN_MARINE,,,
GRID_1465,8.0,90.5,6.53,2.097,6.71,208.27,302.2,34.234733035227926,SARAL_AltiKa,-0.008500002,0.020000003,0.021731317,297.1909350674554,25.0,D,,3.0,BOB,0.241752341389656,3.799999952316284,0.1958702320093956,LOW,SAFETY_AGENT,BROADER_INDIAN_MARINE_REGION,INDIAN_MARINE,,,
GRID_1466,14.75,95.75,4.1,1.286,5.53,236.49,302.29,83.09391601323195,SARAL_AltiKa,0.029000003,-0.057500005,0.06439915,313.4360815788952,115.0,VSCS,,65.58718508232494,BOB,0.281040608882904,5.900000095367432,0.1898950254295557,LOW,SAFETY_AGENT,BROADER_INDIAN_MARINE_REGION,INDIAN_MARINE,,,
GRID_1467,10.0,84.75,8.36,,,,,156.50203370471309,NO_NEARBY_SARAL,-0.22100002,-0.050000004,0.22658554,105.87051789993492,25.0,D,990.0,3.0,BOB,0.1232717484235763,3.900000095367432,0.2189055780487621,LOW,SAFETY_AGENT,BROADER_INDIAN_MARINE_REGION,INDIAN_MARINE,,,
GRID_1468,5.5,73.5,2.53,,,,,213.08035802510673,NO_NEARBY_SARAL,-0.22850001,0.261,0.34689084,765.118478437963,,,,,,,,0.213342240687649,LOW,SAFETY_AGENT,BROADER_INDIAN_MARINE_REGION,INDIAN_MARINE,,,
GRID_1469,13.0,81.75,6.98,1.534,4.82,184.01,302.72,1.1517534739983133,SARAL_AltiKa,-0.029000007,0.056,0.063063465,42.980614336269795,55.0,SCS,982.0,18.0,BOB,0.1279945373535156,4.199999809265137,0.2882654817804688,LOW,SAFETY_AGENT,BROADER_INDIAN_MARINE_REGION,INDIAN_MARINE,,,
GRID_1470,16.5,95.0,2.93,,,,,190.81614076023232,NO_NEARBY_SARAL,,,,103.64823737378146,115.0,VSCS,,65.58718508232494,BOB,,,0.3016290963481932,MEDIUM,SAFETY_AGENT,BROADER_INDIAN_MARINE_REGION,INDIAN_MARINE,,,
GRID_1471,17.0,78.75,4.39,,,,,115.86197541080476,NO_NEARBY_SARAL,,,,26.584057494617777,20.0,D,998.0,3.0,BOB,,,0.2247483503119422,LOW,SAFETY_AGENT,BROADER_INDIAN_MARINE_REGION,INDIAN_MARINE,,,
GRID_1472,19.25,74.5,5.46,,,,,220.81236543919877,NO_NEARBY_SARAL,,,,393.5427664163287,50.0,SCS,990.0,12.0,ARB,,,0.164660737635429,LOW,SAFETY_AGENT,BROADER_INDIAN_MARINE_REGION,INDIAN_MARINE,,,
GRID_1473,9.0,81.0,5.46,,,,,176.24077780037655,NO_NEARBY_SARAL,,,,109.82589846667332,25.0,,,3.0,BOB,,,0.2081091313536589,LOW,SAFETY_AGENT,BROADER_INDIAN_MARINE_REGION,INDIAN_MARINE,,,
GRID_1474,7.5,79.25,7.52,,,,,165.6588039707625,NO_NEARBY_SARAL,-0.0435,0.26850003,0.27200094,224.08268837442185,25.0,,,3.0,BOB,0.0918493196368217,5.599999904632568,0.1887549107390818,LOW,SAFETY_AGENT,BROADER_INDIAN_MARINE_REGION,INDIAN_MARINE,,,
GRID_1475,9.5,82.0,7.54,1.918,5.86,177.66,302.56,57.21692550277746,SARAL_AltiKa,-0.131,-0.028499998,0.13406435,55.597463322279445,25.0,,,3.0,BOB,0.1462012082338333,5.0,0.2852260323572341,LOW,SAFETY_AGENT,BROADER_INDIAN_MARINE_REGION,INDIAN_MARINE,,,
GRID_1476,7.25,92.75,6.82,,,,,189.73659371022552,NO_NEARBY_SARAL,0.0235,-0.119500004,0.121788755,524.8312595936771,,,,,,0.2461332529783249,4.5,0.1906528058264338,LOW,SAFETY_AGENT,BROADER_INDIAN_MARINE_REGION,INDIAN_MARINE,,,
GRID_1477,7.25,81.0,6.83,,,,,218.9542846474007,NO_NEARBY_SARAL,,,,223.5666176305089,25.0,,,3.0,BOB,,,0.1739869156045082,LOW,SAFETY_AGENT,BROADER_INDIAN_MARINE_REGION,INDIAN_MARINE,,,
GRID_1478,9.25,91.75,8.43,,,,,129.46427392869543,NO_NEARBY_SARAL,0.07300001,0.028500006,0.07836613,482.6695325691093,25.0,D,,3.0,BOB,0.2530460953712463,4.400000095367432,0.091618368515379,LOW,SAFETY_AGENT,BROADER_INDIAN_MARINE_REGION,INDIAN_MARINE,,,
GRID_1479,10.5,95.75,5.07,1.534,5.37,233.9,302.51,18.52211622220476,SARAL_AltiKa,-0.17300001,0.0205,0.17421037,640.7756279515315,,,,,,0.2954142987728119,5.699999809265137,0.175101503178886,LOW,SAFETY_AGENT,BROADER_INDIAN_MARINE_REGION,INDIAN_MARINE,246175.0,0.085,2024-06-16 11:37:32.712274048
GRID_1480,5.25,73.0,1.73,,,,,273.1045291396688,NO_NEARBY_SARAL,-0.20650001,0.21650001,0.29918975,782.2854094782891,,,,,,,,0.208572131687649,LOW,SAFETY_AGENT,BROADER_INDIAN_MARINE_REGION,INDIAN_MARINE,,,
GRID_1481,17.75,85.5,9.93,,,,,257.2256632880734,NO_NEARBY_SARAL,0.2105,0.0835,0.22645639,98.72589054724529,30.0,DD,,5.0,BOB,0.1440794020891189,4.099999904632568,0.2295214036266988,LOW,SAFETY_AGENT,BROADER_INDIAN_MARINE_REGION,INDIAN_MARINE,,,
GRID_1482,14.0,70.75,7.95,,,,,296.0551932792638,NO_NEARBY_SARAL,-0.0535,-0.157,0.16586517,61.80764189205728,25.0,D,,3.0,ARB,0.0920602232217788,3.5999999046325684,0.2258243749427535,LOW,SAFETY_AGENT,BROADER_INDIAN_MARINE_REGION,INDIAN_MARINE,,,
GRID_1483,11.75,80.25,3.34,,,,,168.55027495433447,NO_NEARBY_SARAL,0.0385,0.1365,0.1418256,159.44116428272702,50.0,SCS,986.0,14.0,BOB,0.1334701925516128,4.699999809265137,0.2364505527678602,LOW,SAFETY_AGENT,BROADER_INDIAN_MARINE_REGION,INDIAN_MARINE,,,
GRID_1484,7.75,93.25,7.02,,,,,183.78386880132183,NO_NEARBY_SARAL,0.0020000003,-0.090500005,0.0905221,584.9120814465301,,,,,,,,0.187705366687649,LOW,SAFETY_AGENT,BROADER_INDIAN_MARINE_REGION,INDIAN_MARINE,,,
GRID_1485,16.0,94.25,5.48,,,,,268.92296392257714,NO_NEARBY_SARAL,-0.1365,0.0255,0.13886143,146.98631247795117,115.0,VSCS,,65.58718508232494,BOB,,,0.2902514754169423,LOW,SAFETY_AGENT,BROADER_INDIAN_MARINE_REGION,INDIAN_MARINE,,,
GRID_1486,10.5,73.25,5.64,,,,,118.34750482049284,NO_NEARBY_SARAL,0.0295,-0.005000001,0.029920729,413.7045810116734,25.0,D,,3.0,ARB,0.1785080283880233,3.900000095367432,0.1070269687151517,LOW,SAFETY_AGENT,BROADER_INDIAN_MARINE_REGION,INDIAN_MARINE,,,
GRID_1487,9.75,69.5,4.4,,,,,450.7620766110911,NO_NEARBY_SARAL,-0.0165,0.0355,0.03914716,254.435224643552,25.0,D,,3.0,ARB,0.1175221726298332,5.699999809265137,0.1564779539431415,LOW,SAFETY_AGENT,BROADER_INDIAN_MARINE_REGION,INDIAN_MARINE,,,
GRID_1488,10.25,92.0,8.8,,,,,179.64555301840815,NO_NEARBY_SARAL,0.042500004,0.013999999,0.04474651,475.6868101494584,25.0,D,990.0,3.0995834159888913,BOB,0.2229980677366256,5.300000190734863,0.0907261032198714,LOW,SAFETY_AGENT,BROADER_INDIAN_MARINE_REGION,INDIAN_MARINE,,,
GRID_1489,6.0,75.5,5.7,1.85,6.46,184.81,302.24,14.685552635579077,SARAL_AltiKa,-0.08850001,0.2655,0.2798616,563.7813126874756,,,,,,0.1854894161224365,4.099999904632568,0.2235251473532771,LOW,SAFETY_AGENT,BROADER_INDIAN_MARINE_REGION,INDIAN_MARINE,,,
GRID_1490,13.75,96.5,4.83,1.108,5.22,234.07,302.29,19.658133734902258,SARAL_AltiKa,0.17050001,0.087500006,0.1916416,439.4145106533539,30.0,DD,,4.463400119024003,BOB,0.2763863205909729,6.099999904632568,0.0667474392244542,LOW,SAFETY_AGENT,BROADER_INDIAN_MARINE_REGION,INDIAN_MARINE,162777.0,0.084,2024-06-16 11:36:37.970462848
GRID_1491,13.5,81.25,7.08,1.624,4.93,184.13,302.75,40.10209498764589,SARAL_AltiKa,-0.068,0.26250002,0.27116466,92.98503790814516,55.0,SCS,982.0,18.0,BOB,0.1242300495505333,4.699999809265137,0.3038148629893987,MEDIUM,SAFETY_AGENT,BROADER_INDIAN_MARINE_REGION,INDIAN_MARINE,,,
GRID_1492,14.5,80.5,8.77,1.633,5.03,176.67000000000002,302.73,94.5311745269945,SARAL_AltiKa,,,,53.82654221911334,50.0,SCS,986.0,14.0,BOB,0.083961583673954,4.5,0.3267242826934509,MEDIUM,SAFETY_AGENT,BROADER_INDIAN_MARINE_REGION,INDIAN_MARINE,,,
GRID_1493,8.0,79.5,8.46,,,,,180.3671101521872,NO_NEARBY_SARAL,0.0020000003,0.2565,0.2565078,166.79238996683816,25.0,,,3.0,BOB,,,0.2044076225036095,LOW,SAFETY_AGENT,BROADER_INDIAN_MARINE_REGION,INDIAN_MARINE,,,
GRID_1494,15.5,85.75,8.78,2.04,8.9,197.0,29.0,179.40956728636243,NO_NEARBY_SARAL,-0.0785,0.017,0.08031968,61.70011432240771,35.0,CS,,7.0,BOB,0.2093087285757064,4.800000190734863,0.234861872286751,LOW,SAFETY_AGENT,BROADER_INDIAN_MARINE_REGION,INDIAN_MARINE,,,
GRID_1495,7.5,79.0,7.89,2.2,10.05,204.0,27.6,138.79628392854525,NO_NEARBY_SARAL,-0.05350001,0.17300001,0.18108356,229.0861498733775,25.0,,,3.0,BOB,0.0986995324492454,4.5,0.1776292598691098,LOW,SAFETY_AGENT,BROADER_INDIAN_MARINE_REGION,INDIAN_MARINE,,,
GRID_1496,22.0,76.0,6.09,,,,,363.86701181423695,NO_NEARBY_SARAL,,,,195.79078158918452,25.0,D,999.0,3.0,ARB,,,0.1823196664169055,LOW,SAFETY_AGENT,BROADER_INDIAN_MARINE_REGION,INDIAN_MARINE,,,
GRID_1497,15.5,71.75,7.56,2.5,9.7,239.0,28.6,153.54765500072105,NO_NEARBY_SARAL,-0.0039999997,-0.0335,0.03373796,236.59113738732825,25.0,D,,3.0,ARB,0.1730321645736694,7.400000095367432,0.1622790352429194,LOW,SAFETY_AGENT,BROADER_INDIAN_MARINE_REGION,INDIAN_MARINE,,,
GRID_1498,14.25,71.75,6.85,2.4,9.75,238.0,28.5,184.70020169959284,NO_NEARBY_SARAL,-0.007000001,0.045,0.04554119,116.2315936570444,25.0,D,,3.0,ARB,0.1305954903364181,4.900000095367432,0.1982111296764114,LOW,SAFETY_AGENT,BROADER_INDIAN_MARINE_REGION,INDIAN_MARINE,,,
GRID_1499,15.25,84.0,7.12,1.86,9.55,179.0,29.6,289.79102532937947,NO_NEARBY_SARAL,0.149,0.11850001,0.19037661,128.42965143115478,45.0,CS,,10.0,BOB,0.1818618476390838,4.900000095367432,0.2424967535707683,LOW,SAFETY_AGENT,BROADER_INDIAN_MARINE_REGION,INDIAN_MARINE,,,
GRID_1500,10.0,76.25,3.86,1.26,10.55,223.0,28.7,189.6932706948002,NO_NEARBY_SARAL,,,,303.11838889513405,25.0,,,3.0,BOB,,,0.1501213842251207,LOW,SAFETY_AGENT,BROADER_INDIAN_MARINE_REGION,INDIAN_MARINE,,,
GRID_1501,10.25,79.75,4.87,0.52,3.65,189.0,31.1,152.21092004176768,NO_NEARBY_SARAL,,,,87.7778697116177,25.0,,,3.0,BOB,,,0.2147235399801756,LOW,SAFETY_AGENT,BROADER_INDIAN_MARINE_REGION,INDIAN_MARINE,,,
GRID_1502,7.5,90.5,6.59,1.994,6.91,205.42,302.2,46.24511074499892,SARAL_AltiKa,-0.17350002,0.0545,0.18185848,281.312284324444,25.0,D,,3.0,BOB,0.2364136129617691,6.0,0.2103498634017379,LOW,SAFETY_AGENT,BROADER_INDIAN_MARINE_REGION,INDIAN_MARINE,,,
GRID_1503,12.5,78.75,3.8,,,,,9.179815954287506,SARAL_AltiKa,,,,252.3760630025302,55.0,SCS,982.0,18.0,BOB,,,0.2153440819929019,LOW,SAFETY_AGENT,BROADER_INDIAN_MARINE_REGION,INDIAN_MARINE,,,
GRID_1504,16.25,94.75,4.93,0.34,4.6,228.0,,222.60613708568252,NO_NEARBY_SARAL,,,,119.74985431691708,115.0,VSCS,,65.58718508232494,BOB,,,0.2967986112652525,LOW,SAFETY_AGENT,BROADER_INDIAN_MARINE_REGION,INDIAN_MARINE,,,
GRID_1505,19.5,83.0,5.75,,,,,259.35125510461336,NO_NEARBY_SARAL,,,,209.63271686148488,20.0,D,,3.0,BOB,,,0.1698337525018821,LOW,SAFETY_AGENT,BROADER_INDIAN_MARINE_REGION,INDIAN_MARINE,,,
GRID_1506,12.25,75.0,3.2,1.44,9.05,256.0,28.0,109.59413841000406,NO_NEARBY_SARAL,0.028500002,-0.060500003,0.066876754,455.3168360621085,25.0,D,,3.0,ARB,,,0.0988871840750283,LOW,SAFETY_AGENT,BROADER_INDIAN_MARINE_REGION,INDIAN_MARINE,,,
GRID_1507,15.0,96.75,4.15,1.138,5.47,235.83,302.3,15.878089896510888,SARAL_AltiKa,0.040500004,0.105000004,0.11254,307.88211067875613,30.0,DD,,4.463400119024003,BOB,0.3605751991271972,6.300000190734863,0.1011074715562252,LOW,SAFETY_AGENT,BROADER_INDIAN_MARINE_REGION,INDIAN_MARINE,123164.0,0.137,2024-06-16 11:36:18.337842048
GRID_1508,5.5,79.5,7.08,2.32,10.6,193.0,29.1,241.16259546370395,NO_NEARBY_SARAL,0.33350003,0.17300001,0.37570104,444.77970657823505,25.0,,,3.0,BOB,0.1514032334089279,3.900000095367432,0.1322147001577355,LOW,SAFETY_AGENT,BROADER_INDIAN_MARINE_REGION,INDIAN_MARINE,,,
GRID_1509,12.75,68.5,7.14,2.5,9.8,224.0,28.5,411.9076836473241,NO_NEARBY_SARAL,-0.058500007,0.0275,0.06464133,149.24411387486555,25.0,D,,3.0,ARB,0.0745379477739334,3.5,0.1893772437069751,LOW,SAFETY_AGENT,BROADER_INDIAN_MARINE_REGION,INDIAN_MARINE,,,
GRID_1510,16.0,76.0,6.27,,,,,301.5339925000671,NO_NEARBY_SARAL,,,,267.216948614171,25.0,D,997.0,3.0,BOB,,,0.1608918163094096,LOW,SAFETY_AGENT,BROADER_INDIAN_MARINE_REGION,INDIAN_MARINE,,,
GRID_1511,15.25,93.25,7.64,2.14,9.3,227.0,28.9,356.3045309297841,NO_NEARBY_SARAL,0.012,0.0025000125,0.012257653,205.7291043859633,25.0,D,990.0,3.0995834159888913,BOB,0.2425737679004669,6.0,0.1688634684039621,LOW,SAFETY_AGENT,BROADER_INDIAN_MARINE_REGION,INDIAN_MARINE,,,
GRID_1512,17.25,73.25,4.04,1.814,7.4,239.2,302.41,45.20502006719512,SARAL_AltiKa,,,,370.95026527131574,80.0,VSCS,970.0,30.0,ARB,,,0.2218551546455995,LOW,SAFETY_AGENT,BROADER_INDIAN_MARINE_REGION,INDIAN_MARINE,,,
GRID_1513,13.0,75.75,4.44,,,,,206.47550299837653,NO_NEARBY_SARAL,,,,415.20493391846753,30.0,DD,996.0,4.0,BOB,,,0.124828754051454,LOW,SAFETY_AGENT,BROADER_INDIAN_MARINE_REGION,INDIAN_MARINE,,,
GRID_1514,9.0,92.0,7.98,2.56,10.35,221.0,29.0,150.3596935855876,NO_NEARBY_SARAL,-0.004000008,-0.000500001,0.004031137,493.3883457163451,25.0,D,,3.0,BOB,0.2507873475551605,6.300000190734863,0.0819135784493518,LOW,SAFETY_AGENT,BROADER_INDIAN_MARINE_REGION,INDIAN_MARINE,,,
GRID_1515,12.25,85.25,6.72,2.16,9.7,189.0,29.3,156.0680144701159,NO_NEARBY_SARAL,-0.14350002,-0.0055000037,0.14360537,330.1861845467302,30.0,DD,992.0,4.0,BOB,0.1819303631782531,5.5,0.1525928408772599,LOW,SAFETY_AGENT,BROADER_INDIAN_MARINE_REGION,INDIAN_MARINE,,,
GRID_1516,18.25,85.25,9.68,1.88,9.05,182.0,29.5,294.3349144817096,NO_NEARBY_SARAL,0.50400007,0.15650001,0.52773887,76.60522921880877,30.0,DD,,5.0,BOB,0.1494867354631424,4.199999809265137,0.2663493683109811,LOW,SAFETY_AGENT,BROADER_INDIAN_MARINE_REGION,INDIAN_MARINE,,,
GRID_1517,15.75,80.25,3.63,0.78,8.25,142.0,30.9,70.17941273100149,SARAL_AltiKa,,,,115.8482712747026,30.0,DD,995.0,5.0,BOB,,,0.2146357528445834,LOW,SAFETY_AGENT,BROADER_INDIAN_MARINE_REGION,INDIAN_MARINE,,,
GRID_1518,13.25,91.25,8.18,2.44,10.25,214.0,29.2,170.18143254494905,NO_NEARBY_SARAL,0.044,0.0045000017,0.044229515,141.5893119773029,25.0,D,990.0,3.0995834159888913,BOB,0.200205460190773,4.300000190734863,0.1903466716526534,LOW,SAFETY_AGENT,BROADER_INDIAN_MARINE_REGION,INDIAN_MARINE,,,
GRID_1519,5.75,71.75,1.23,1.78,10.95,201.0,30.1,395.75861535723647,NO_NEARBY_SARAL,-0.1685,0.021000002,0.16980357,636.3107432538221,,,,,,0.1655716001987457,4.300000190734863,0.1951528832898524,LOW,SAFETY_AGENT,BROADER_INDIAN_MARINE_REGION,INDIAN_MARINE,,,
GRID_1520,20.75,76.5,5.49,,,,,347.2288394876266,NO_NEARBY_SARAL,,,,342.59533152730836,25.0,D,999.0,3.0,ARB,,,0.1382783014354684,LOW,SAFETY_AGENT,BROADER_INDIAN_MARINE_REGION,INDIAN_MARINE,,,
GRID_1521,14.25,75.25,5.2,,,,,182.89365490169817,NO_NEARBY_SARAL,,,,399.4478440510419,25.0,D,997.0,3.0,BOB,,,0.1212225476783483,LOW,SAFETY_AGENT,BROADER_INDIAN_MARINE_REGION,INDIAN_MARINE,,,
GRID_1522,21.25,73.0,4.55,0.72,7.3,229.0,29.7,115.09931010075056,NO_NEARBY_SARAL,,,,138.99365830569826,50.0,SCS,990.0,12.0,ARB,,,0.2410254700686181,LOW,SAFETY_AGENT,BROADER_INDIAN_MARINE_REGION,INDIAN_MARINE,,,
GRID_1523,11.5,91.75,8.96,2.58,10.2,220.0,29.1,182.24988509405188,NO_NEARBY_SARAL,-0.009000003,-0.039499998,0.040512342,334.68235083325874,25.0,D,990.0,3.0995834159888913,BOB,0.2765229344367981,6.800000190734863,0.1334878363814818,LOW,SAFETY_AGENT,BROADER_INDIAN_MARINE_REGION,INDIAN_MARINE,,,
GRID_1524,10.75,93.75,7.63,1.92,9.65,222.0,28.6,200.4502321340421,NO_NEARBY_SARAL,-0.12100001,-0.0365,0.12638533,483.1690487532152,25.0,D,990.0,3.0995834159888913,BOB,0.2441479712724685,5.400000095367432,0.0967481883499003,LOW,SAFETY_AGENT,BROADER_INDIAN_MARINE_REGION,INDIAN_MARINE,,,
GRID_1525,11.0,96.5,4.8100000000000005,1.448,5.36,231.7,302.48,86.32969825463712,SARAL_AltiKa,-0.0515,-0.10650001,0.11829836,667.3830836535395,,,,,,0.2475020289421081,5.099999904632568,0.1605238548853263,LOW,SAFETY_AGENT,BROADER_INDIAN_MARINE_REGION,INDIAN_MARINE,,,
GRID_1526,7.25,73.0,3.43,1.18,9.45,224.0,29.7,224.3953277439639,NO_NEARBY_SARAL,-0.038,0.21300001,0.21636313,688.5098051346298,,,,,,0.1392881870269775,3.4000000953674316,0.1992931307092392,LOW,SAFETY_AGENT,BROADER_INDIAN_MARINE_REGION,INDIAN_MARINE,,,
GRID_1527,5.25,75.75,5.44,1.8,6.23,184.3,302.27,23.909664072324805,SARAL_AltiKa,-0.113000005,0.2865,0.30797932,610.8711591714964,,,,,,0.1611910760402679,4.400000095367432,0.2170595069317724,LOW,SAFETY_AGENT,BROADER_INDIAN_MARINE_REGION,INDIAN_MARINE,,,
GRID_1528,14.5,78.5,6.02,,,,,82.83120589053557,SARAL_AltiKa,,,,77.34185272766494,30.0,DD,996.0,4.0,BOB,,,0.2261876784086948,LOW,SAFETY_AGENT,BROADER_INDIAN_MARINE_REGION,INDIAN_MARINE,,,
GRID_1529,18.5,71.75,5.44,1.871,7.66,236.32,302.26,78.96585565305625,SARAL_AltiKa,0.024000004,-0.060500003,0.065086484,184.53464148214772,80.0,VSCS,970.0,30.0,ARB,0.1526353061199188,6.900000095367432,0.2863631776016725,LOW,SAFETY_AGENT,BROADER_INDIAN_MARINE_REGION,INDIAN_MARINE,,,
GRID_1530,17.75,74.75,6.08,,,,,211.9462432013416,NO_NEARBY_SARAL,,,,376.70820388674815,20.0,D,998.0,3.0,BOB,,,0.1197111063943031,LOW,SAFETY_AGENT,BROADER_INDIAN_MARINE_REGION,INDIAN_MARINE,,,
GRID_1531,16.5,83.5,6.86,1.72,8.95,181.0,29.6,266.16311490105693,NO_NEARBY_SARAL,0.184,0.1045,0.211604,0.0,45.0,CS,,10.042650267804008,BOB,0.1467808485031128,5.199999809265137,0.2832106853592237,LOW,SAFETY_AGENT,BROADER_INDIAN_MARINE_REGION,INDIAN_MARINE,,,
GRID_1532,15.25,91.5,8.35,2.2,9.75,213.0,28.8,242.8035153041505,NO_NEARBY_SARAL,-0.057500005,-0.181,0.1899138,60.38665138117602,35.0,CS,986.0,6.075183495338227,BOB,0.2247092872858047,4.800000190734863,0.2462538245658957,LOW,SAFETY_AGENT,BROADER_INDIAN_MARINE_REGION,INDIAN_MARINE,,,
GRID_1533,17.75,83.75,8.03,1.66,8.45,182.0,28.9,320.3330697402767,NO_NEARBY_SARAL,0.0785,0.032000005,0.08477176,141.50960176808252,50.0,SCS,,12.398333663955563,BOB,,,0.2364855216299028,LOW,SAFETY_AGENT,BROADER_INDIAN_MARINE_REGION,INDIAN_MARINE,,,
GRID_1534,9.0,83.75,4.87,2.16,10.05,184.0,29.8,118.16794473778216,NO_NEARBY_SARAL,-0.19050002,-0.036000006,0.19387175,52.26186465434859,25.0,D,990.0,3.0,BOB,0.136618822813034,7.300000190734863,0.2334501627560954,LOW,SAFETY_AGENT,BROADER_INDIAN_MARINE_REGION,INDIAN_MARINE,,,
GRID_1535,5.5,80.0,7.54,2.36,10.6,193.0,28.9,295.1239932756822,NO_NEARBY_SARAL,0.1955,0.22050002,0.29468715,447.34377250194575,25.0,,,3.0,BOB,0.1605066657066345,7.099999904632568,0.1249668498659991,LOW,SAFETY_AGENT,BROADER_INDIAN_MARINE_REGION,INDIAN_MARINE,,,
GRID_1536,20.25,72.0,4.12,1.702,6.51,234.81,,10.46674744143976,SARAL_AltiKa,-0.13300002,0.094000004,0.162865,158.80809758456726,90.0,ESCS,962.0,40.0,ARB,0.1352497935295105,4.800000190734863,0.279882195303821,LOW,SAFETY_AGENT,BROADER_INDIAN_MARINE_REGION,INDIAN_MARINE,,,
GRID_1537,20.0,72.5,4.62,1.686,6.83,235.47,302.26,34.50779295013541,SARAL_AltiKa,-0.1715,0.041,0.17633279,215.9226145160689,90.0,ESCS,962.0,40.0,ARB,,,0.2630677208055069,LOW,SAFETY_AGENT,BROADER_INDIAN_MARINE_REGION,INDIAN_MARINE,,,
GRID_1538,13.75,94.5,5.86,1.48,7.15,235.0,29.0,190.89030283218463,NO_NEARBY_SARAL,0.1815,-0.20650001,0.27492636,334.0708906724436,25.0,D,990.0,3.0995834159888913,BOB,0.2427106648683548,5.300000190734863,0.1562781455558052,LOW,SAFETY_AGENT,BROADER_INDIAN_MARINE_REGION,INDIAN_MARINE,,,
GRID_1539,13.25,75.0,3.41,1.54,9.5,252.0,29.6,133.16323157019647,NO_NEARBY_SARAL,,,,433.60281875280646,25.0,D,,3.0,ARB,,,0.110976055267819,LOW,SAFETY_AGENT,BROADER_INDIAN_MARINE_REGION,INDIAN_MARINE,,,
GRID_1540,9.0,83.5,4.59,2.242,6.96,174.43,302.48,91.42595798099,SARAL_AltiKa,-0.19100001,-0.071,0.20376949,55.59746332227927,25.0,D,,4.0,BOB,0.1475016325712204,8.199999809265137,0.2699997973227101,LOW,SAFETY_AGENT,BROADER_INDIAN_MARINE_REGION,INDIAN_MARINE,,,
GRID_1541,7.25,93.0,6.72,2.56,11.4,217.0,29.0,198.9201126747016,NO_NEARBY_SARAL,0.0084999995,-0.13000001,0.1302776,552.3781315279664,,,,,,0.2503083646297455,5.800000190734863,0.1921621282009298,LOW,SAFETY_AGENT,BROADER_INDIAN_MARINE_REGION,INDIAN_MARINE,,,
GRID_1542,11.5,70.5,6.56,2.3,10.25,221.0,29.0,386.0039204294239,NO_NEARBY_SARAL,0.0545,0.034500003,0.06450194,228.91739918350143,25.0,D,,3.0,ARB,0.1182067394256591,4.099999904632568,0.16587049104583,LOW,SAFETY_AGENT,BROADER_INDIAN_MARINE_REGION,INDIAN_MARINE,,,
GRID_1543,7.25,82.25,8.66,2.63,6.17,194.37,302.31,84.57575760141808,SARAL_AltiKa,-0.0705,-0.18450001,0.19751076,194.97294674253249,25.0,,,3.0,BOB,0.1895962059497833,10.899999618530272,0.3345498489680465,MEDIUM,SAFETY_AGENT,BROADER_INDIAN_MARINE_REGION,INDIAN_MARINE,,,
GRID_1544,8.25,71.5,4.03,2.02,11.0,204.0,29.7,360.875219591672,NO_NEARBY_SARAL,0.1305,0.25750002,0.28868064,501.6918150172562,,,,,,0.147433266043663,5.0,0.2073452443590972,LOW,SAFETY_AGENT,BROADER_INDIAN_MARINE_REGION,INDIAN_MARINE,,,
GRID_1545,18.0,71.75,5.1000000000000005,2.383,7.58,236.91,302.26,91.39516420940208,SARAL_AltiKa,0.035,-0.016,0.038483765,192.9836407795173,80.0,VSCS,970.0,30.0,ARB,0.1221766769886016,5.400000095367432,0.3162087260063,MEDIUM,SAFETY_AGENT,BROADER_INDIAN_MARINE_REGION,INDIAN_MARINE,,,
GRID_1546,9.5,77.0,3.28,,,,,123.49518493921668,NO_NEARBY_SARAL,,,,220.39994262555948,25.0,,,3.0,BOB,,,0.174936918105993,LOW,SAFETY_AGENT,BROADER_INDIAN_MARINE_REGION,INDIAN_MARINE,,,
GRID_1547,16.5,68.0,9.16,2.86,9.15,232.0,28.0,430.604066688654,NO_NEARBY_SARAL,-0.0705,0.0915,0.11550974,53.30793139737343,65.0,VSCS,980.0,22.0,ARB,0.0687200129032135,5.699999809265137,0.2909970611843452,LOW,SAFETY_AGENT,BROADER_INDIAN_MARINE_REGION,INDIAN_MARINE,,,
GRID_1548,14.0,80.25,2.14,0.44,8.0,141.0,31.0,113.16524546443576,NO_NEARBY_SARAL,,,,26.972989274411525,55.0,SCS,982.0,18.0,BOB,,,0.2829650041113375,LOW,SAFETY_AGENT,BROADER_INDIAN_MARINE_REGION,INDIAN_MARINE,,,
GRID_1549,19.0,82.25,4.21,,,,,194.6353007599601,NO_NEARBY_SARAL,,,,212.91702716959588,25.0,DD,,4.0,BOB,,,0.1771817927427821,LOW,SAFETY_AGENT,BROADER_INDIAN_MARINE_REGION,INDIAN_MARINE,,,
GRID_1550,15.0,86.0,8.74,2.04,9.15,196.0,29.2,141.6023160304747,NO_NEARBY_SARAL,0.028,0.010500003,0.029904015,77.25460981329988,30.0,DD,,5.0,BOB,0.1861739754676818,5.699999809265137,0.2172127867326451,LOW,SAFETY_AGENT,BROADER_INDIAN_MARINE_REGION,INDIAN_MARINE,,,
GRID_1551,7.75,82.0,6.2,2.602,6.34,185.11,302.39,99.3786103064771,SARAL_AltiKa,,,,138.99365830569843,25.0,,,3.0,BOB,0.171516865491867,9.699999809265137,0.291676369309986,LOW,SAFETY_AGENT,BROADER_INDIAN_MARINE_REGION,INDIAN_MARINE,,,
GRID_1552,16.75,94.75,4.97,,,,,210.41951304171172,NO_NEARBY_SARAL,,,,66.68373700468015,115.0,VSCS,,65.58718508232494,BOB,,,0.3127184464589235,MEDIUM,SAFETY_AGENT,BROADER_INDIAN_MARINE_REGION,INDIAN_MARINE,,,
GRID_1553,12.5,90.0,8.040000000000001,2.0460000000000003,6.0,207.04,302.26,20.493938068887942,SARAL_AltiKa,0.055,0.019000001,0.058189347,275.2410771087284,25.0,D,990.0,3.0995834159888913,BOB,0.2414787262678146,5.599999904632568,0.2329503083353673,LOW,SAFETY_AGENT,BROADER_INDIAN_MARINE_REGION,INDIAN_MARINE,,,
GRID_1554,7.75,74.5,5.11,1.858,6.63,214.73,302.25,51.11051969518648,SARAL_AltiKa,-0.027500002,-0.0045000017,0.027865753,540.0028906731667,,,,,,0.1619440466165542,4.300000190734863,0.1872333660392302,LOW,SAFETY_AGENT,BROADER_INDIAN_MARINE_REGION,INDIAN_MARINE,,,
GRID_1555,7.5,74.5,4.83,1.805,6.62,212.8,302.25,57.10002116691105,SARAL_AltiKa,-0.030000001,0.056500003,0.0639707,551.8939947797573,,,,,,0.1587269902229309,6.0,0.1850691513362121,LOW,SAFETY_AGENT,BROADER_INDIAN_MARINE_REGION,INDIAN_MARINE,,,
GRID_1556,10.25,95.25,4.84,1.519,5.26,233.7,302.52,28.959027934757565,SARAL_AltiKa,-0.21100001,0.013499999,0.21143144,623.8012585157842,,,,,,0.25092414021492,7.300000190734863,0.1768623849732261,LOW,SAFETY_AGENT,BROADER_INDIAN_MARINE_REGION,INDIAN_MARINE,259559.0,-0.014,2024-06-16 11:37:38.908881152
GRID_1557,12.0,89.5,7.68,2.022,5.96,206.55,302.25,44.70076786137199,SARAL_AltiKa,0.144,0.036500003,0.14855385,352.31682440717975,25.0,D,990.0,3.0995834159888913,BOB,0.2333334386348724,7.0,0.2103436712744332,LOW,SAFETY_AGENT,BROADER_INDIAN_MARINE_REGION,INDIAN_MARINE,,,
GRID_1558,11.0,95.5,4.57,1.323,5.39,232.53,302.49,20.08917082440259,SARAL_AltiKa,-0.206,-0.078,0.22027256,582.7390757861599,,,,,,0.2328543365001678,6.300000190734863,0.1608679891306059,LOW,SAFETY_AGENT,BROADER_INDIAN_MARINE_REGION,INDIAN_MARINE,213229.0,0.174,2024-06-16 11:37:25.482898176
GRID_1559,12.75,94.25,7.47,1.42,8.05,213.0,28.8,193.9727132370968,NO_NEARBY_SARAL,0.18450001,0.0465,0.19026956,355.20847731828997,25.0,D,990.0,3.0995834159888913,BOB,0.19288170337677,3.900000095367432,0.1406466171106386,LOW,SAFETY_AGENT,BROADER_INDIAN_MARINE_REGION,INDIAN_MARINE,,,
GRID_1560,14.25,85.25,8.1,2.08,9.1,195.0,29.2,202.70915315057357,NO_NEARBY_SARAL,-0.011500001,-0.056500003,0.05765848,193.298759603555,30.0,DD,,5.0,BOB,0.1583846360445022,5.400000095367432,0.1849555150900617,LOW,SAFETY_AGENT,BROADER_INDIAN_MARINE_REGION,INDIAN_MARINE,,,
GRID_1561,16.5,68.75,9.06,2.8,9.1,235.0,28.2,440.16467054153696,NO_NEARBY_SARAL,-0.033,0.091000006,0.09679876,133.26964939978987,65.0,VSCS,980.0,22.0,ARB,0.0725530087947845,4.699999809265137,0.2646470302733492,LOW,SAFETY_AGENT,BROADER_INDIAN_MARINE_REGION,INDIAN_MARINE,,,
GRID_1562,6.5,80.25,3.63,1.94,10.4,207.0,29.4,297.6331428650914,NO_NEARBY_SARAL,,,,338.3013369394428,25.0,,,3.0,BOB,,,0.139566499811828,LOW,SAFETY_AGENT,BROADER_INDIAN_MARINE_REGION,INDIAN_MARINE,,,
GRID_1563,15.0,91.75,8.2,2.22,9.9,216.0,28.8,263.20196503915804,NO_NEARBY_SARAL,-0.091000006,-0.2125,0.23116499,61.75556019272783,25.0,D,990.0,3.0995834159888913,BOB,0.2274471074342727,4.099999904632568,0.2329584486630835,LOW,SAFETY_AGENT,BROADER_INDIAN_MARINE_REGION,INDIAN_MARINE,,,
GRID_1564,12.25,75.75,2.61,,,,,189.0380114086783,NO_NEARBY_SARAL,,,,454.13558994699304,25.0,,,3.0,BOB,,,0.104816223909563,LOW,SAFETY_AGENT,BROADER_INDIAN_MARINE_REGION,INDIAN_MARINE,,,
GRID_1565,6.5,69.25,1.35,1.98,10.9,190.0,30.3,349.534181940134,NO_NEARBY_SARAL,0.052000005,0.112500004,0.12393648,372.4547974713192,25.0,D,,3.0,ARB,0.1538672894239425,5.300000190734863,0.1294418770775315,LOW,SAFETY_AGENT,BROADER_INDIAN_MARINE_REGION,INDIAN_MARINE,,,
GRID_1566,18.25,75.25,4.68,,,,,274.8954450470253,NO_NEARBY_SARAL,,,,323.5087504694502,20.0,D,998.0,3.0,BOB,,,0.1356709424194925,LOW,SAFETY_AGENT,BROADER_INDIAN_MARINE_REGION,INDIAN_MARINE,,,
GRID_1567,9.5,69.25,4.11,2.1,10.5,208.0,29.5,418.3827516825762,NO_NEARBY_SARAL,-0.024500001,0.013499998,0.027973201,253.11551246235507,25.0,D,,3.0,ARB,0.15126633644104,5.199999809265137,0.1555908321070286,LOW,SAFETY_AGENT,BROADER_INDIAN_MARINE_REGION,INDIAN_MARINE,,,
GRID_1568,9.75,84.25,6.42,2.32,9.4,192.0,29.5,189.25578536943945,NO_NEARBY_SARAL,-0.2585,-0.041500002,0.26181006,47.602665109898744,25.0,D,990.0,3.0,BOB,0.1672142595052719,8.600000381469727,0.2423682423065284,LOW,SAFETY_AGENT,BROADER_INDIAN_MARINE_REGION,INDIAN_MARINE,,,
GRID_1569,11.5,74.5,4.72,1.827,7.45,228.6,302.53000000000003,38.773186590061194,SARAL_AltiKa,-0.0145000005,0.046000004,0.048231218,440.23368348511025,25.0,D,,3.0,ARB,0.2740590274333954,5.699999809265137,0.1035381642276829,LOW,SAFETY_AGENT,BROADER_INDIAN_MARINE_REGION,INDIAN_MARINE,,,
GRID_1570,14.0,96.0,5.0200000000000005,1.148,5.21,234.92,302.27,39.03654337139747,SARAL_AltiKa,0.165,0.056500006,0.17440543,400.54173561900535,115.0,VSCS,,65.58718508232494,BOB,0.264887273311615,5.099999904632568,0.163223573783227,LOW,SAFETY_AGENT,BROADER_INDIAN_MARINE_REGION,INDIAN_MARINE,156963.0,0.087,2024-06-16 11:36:35.903872000
GRID_1571,10.75,73.5,4.97,1.795,7.73,223.96,302.49,85.63816828204783,SARAL_AltiKa,-0.035000004,0.014,0.037696157,409.09169239166016,25.0,D,,3.0,ARB,,,0.1086700008094962,LOW,SAFETY_AGENT,BROADER_INDIAN_MARINE_REGION,INDIAN_MARINE,,,
GRID_1572,16.75,73.0,4.22,1.828,7.46,234.93,302.49,7.270955459867037,SARAL_AltiKa,0.0075000003,-0.023500001,0.024667794,372.7334168365212,80.0,VSCS,970.0,30.0,ARB,,,0.2126913138427045,LOW,SAFETY_AGENT,BROADER_INDIAN_MARINE_REGION,INDIAN_MARINE,,,
GRID_1573,19.5,84.25,5.25,,,,,386.8907804667168,NO_NEARBY_SARAL,,,,78.61265105087942,20.0,D,,3.0,BOB,,,0.2091397722450637,LOW,SAFETY_AGENT,BROADER_INDIAN_MARINE_REGION,INDIAN_MARINE,,,
GRID_1574,12.75,92.5,8.03,1.98,8.4,234.0,29.1,290.61830053473847,NO_NEARBY_SARAL,-0.072500005,0.034500003,0.08029011,222.58216151412583,25.0,D,990.0,3.0995834159888913,BOB,,,0.1700489220394231,LOW,SAFETY_AGENT,BROADER_INDIAN_MARINE_REGION,INDIAN_MARINE,,,
GRID_1575,10.5,80.5,5.39,0.88,7.4,156.0,29.6,192.87421490870017,NO_NEARBY_SARAL,-0.12850001,0.1985,0.23646249,156.0623331503608,25.0,,,3.0,BOB,0.128884345293045,8.699999809265137,0.2072497598227569,LOW,SAFETY_AGENT,BROADER_INDIAN_MARINE_REGION,INDIAN_MARINE,,,
GRID_1576,8.25,95.75,4.01,1.049,5.45,215.44,302.46,72.68827118477968,SARAL_AltiKa,0.19950001,-0.010499999,0.19977613,835.0935620700392,,,,,,0.2336070835590362,4.099999904632568,0.1348868945218686,LOW,SAFETY_AGENT,BROADER_INDIAN_MARINE_REGION,INDIAN_MARINE,,,
GRID_1577,17.0,72.0,4.04,1.814,7.4,239.2,302.41,90.29555290904808,SARAL_AltiKa,-0.008,0.0375,0.03834384,269.5858071337242,80.0,VSCS,970.0,30.0,ARB,0.1735797375440597,4.900000095367432,0.2436759245847599,LOW,SAFETY_AGENT,BROADER_INDIAN_MARINE_REGION,INDIAN_MARINE,,,
GRID_1578,20.75,69.75,6.11,2.02,8.7,230.0,28.0,225.80538335715448,NO_NEARBY_SARAL,0.10250001,-0.0025,0.10253049,82.8534999148912,90.0,ESCS,962.0,40.0,ARB,0.1128011271357536,6.099999904632568,0.3061456684623549,MEDIUM,SAFETY_AGENT,BROADER_INDIAN_MARINE_REGION,INDIAN_MARINE,,,
GRID_1579,6.5,74.5,5.2700000000000005,1.725,6.59,189.01,302.25,81.16406617532648,SARAL_AltiKa,-0.176,0.18650001,0.25643373,609.8744941663381,,,,,,0.1685149520635604,5.699999809265137,0.2029232574787796,LOW,SAFETY_AGENT,BROADER_INDIAN_MARINE_REGION,INDIAN_MARINE,,,
GRID_1580,10.0,96.5,8.66,1.94,8.8,244.0,28.8,110.60416954754687,NO_NEARBY_SARAL,-0.194,-0.105000004,0.22059238,738.5036050755389,,,,,,0.2351132035255432,5.199999809265137,0.2008556181074345,LOW,SAFETY_AGENT,BROADER_INDIAN_MARINE_REGION,INDIAN_MARINE,,,
GRID_1581,18.75,77.75,4.8,,,,,259.54973681543765,NO_NEARBY_SARAL,,,,101.6040716092887,20.0,D,998.0,3.0,BOB,,,0.202242346077541,LOW,SAFETY_AGENT,BROADER_INDIAN_MARINE_REGION,INDIAN_MARINE,,,
GRID_1582,6.5,75.25,5.5600000000000005,1.858,6.55,187.85,302.24,1.6307053111928118,SARAL_AltiKa,-0.15100001,0.23300001,0.2776509,544.9619697890308,,,,,,0.1993840783834457,6.099999904632568,0.2222054806755963,LOW,SAFETY_AGENT,BROADER_INDIAN_MARINE_REGION,INDIAN_MARINE,,,
GRID_1583,5.25,77.25,5.44,1.859,6.55,186.38,302.03000000000003,4.543170671122115,SARAL_AltiKa,-0.0065,0.119,0.11917739,531.0832372123649,,,,,,0.1800822615623474,4.199999809265137,0.2030432084191932,LOW,SAFETY_AGENT,BROADER_INDIAN_MARINE_REGION,INDIAN_MARINE,,,
GRID_1584,17.25,73.5,3.92,1.878,7.36,237.86,302.42,71.0603251384426,SARAL_AltiKa,,,,395.6022329954166,80.0,VSCS,970.0,30.0,ARB,,,0.2197928976617025,LOW,SAFETY_AGENT,BROADER_INDIAN_MARINE_REGION,INDIAN_MARINE,,,
GRID_1585,7.75,91.0,6.84,2.077,6.86,206.04,302.2,13.691171669233054,SARAL_AltiKa,-0.055,-0.029000001,0.062177166,341.17170598868984,25.0,D,,3.0,BOB,0.2060920298099517,5.199999809265137,0.1918647681158838,LOW,SAFETY_AGENT,BROADER_INDIAN_MARINE_REGION,INDIAN_MARINE,,,
GRID_1586,13.0,71.75,6.8,2.28,9.8,235.0,28.7,215.8774289994076,NO_NEARBY_SARAL,-0.031,0.0535,0.061832435,98.38997770288933,25.0,D,,3.0,ARB,0.1453798860311508,4.599999904632568,0.2050796998565273,LOW,SAFETY_AGENT,BROADER_INDIAN_MARINE_REGION,INDIAN_MARINE,,,
GRID_1587,15.25,78.75,4.84,,,,,74.42859427419396,SARAL_AltiKa,,,,38.63839554269861,30.0,DD,996.0,4.0,BOB,,,0.2377987155641847,LOW,SAFETY_AGENT,BROADER_INDIAN_MARINE_REGION,INDIAN_MARINE,,,
GRID_1588,15.5,76.25,5.41,,,,,316.2950109826176,NO_NEARBY_SARAL,,,,247.12842034455,25.0,D,997.0,3.0,BOB,,,0.1669183747902959,LOW,SAFETY_AGENT,BROADER_INDIAN_MARINE_REGION,INDIAN_MARINE,,,
GRID_1589,10.75,68.5,5.5,2.34,10.35,210.0,29.2,366.7553639697455,NO_NEARBY_SARAL,0.076000005,-0.052000005,0.09208692,99.65377607570277,25.0,D,,3.0,ARB,0.111498937010765,4.699999809265137,0.2076913064244486,LOW,SAFETY_AGENT,BROADER_INDIAN_MARINE_REGION,INDIAN_MARINE,,,
GRID_1590,11.5,88.75,9.32,2.52,10.05,208.0,28.9,136.37510382259066,NO_NEARBY_SARAL,0.035500005,0.1215,0.12658001,447.24477205960295,25.0,D,990.0,3.0995834159888913,BOB,0.2062972337007522,4.800000190734863,0.1071503125617384,LOW,SAFETY_AGENT,BROADER_INDIAN_MARINE_REGION,INDIAN_MARINE,,,
GRID_1591,5.75,75.75,5.91,1.848,6.2700000000000005,184.81,302.25,35.762563350214734,SARAL_AltiKa,-0.0895,0.24900001,0.2645964,566.6553627371158,,,,,,0.2229296118021011,4.0,0.2260755612234933,LOW,SAFETY_AGENT,BROADER_INDIAN_MARINE_REGION,INDIAN_MARINE,,,
GRID_1592,7.75,96.0,6.8,1.62,10.15,239.0,29.0,111.59384332400056,NO_NEARBY_SARAL,-0.0445,0.0735,0.085921474,886.1149973911452,,,,,,0.2501028478145599,6.599999904632568,0.1881260016658407,LOW,SAFETY_AGENT,BROADER_INDIAN_MARINE_REGION,INDIAN_MARINE,,,
GRID_1593,18.75,71.0,7.17,1.78,9.1,233.0,28.5,149.6622281582381,NO_NEARBY_SARAL,0.00049999915,0.021000002,0.021005953,108.9765177046976,80.0,VSCS,970.0,30.0,ARB,0.1273786425590515,5.800000190734863,0.2900427533570224,LOW,SAFETY_AGENT,BROADER_INDIAN_MARINE_REGION,INDIAN_MARINE,,,
GRID_1594,14.0,71.0,7.7,2.5,9.9,233.0,28.6,269.7708173619122,NO_NEARBY_SARAL,-0.06650001,-0.16100001,0.17419316,55.597463322279445,25.0,D,,3.0,ARB,0.0910335108637809,3.5999999046325684,0.2285176607327919,LOW,SAFETY_AGENT,BROADER_INDIAN_MARINE_REGION,INDIAN_MARINE,,,
GRID_1595,19.25,79.75,3.2,,,,,55.256311297112696,SARAL_AltiKa,,,,64.12085890224107,20.0,D,998.0,3.0,BOB,,,0.2134873098896552,LOW,SAFETY_AGENT,BROADER_INDIAN_MARINE_REGION,INDIAN_MARINE,,,
GRID_1596,10.75,81.0,4.95,1.28,8.1,165.0,30.1,133.5094332473137,NO_NEARBY_SARAL,-0.16600001,0.30550003,0.34768704,166.13885913439992,30.0,DD,992.0,4.0,BOB,0.1375084966421127,6.599999904632568,0.2226541507869349,LOW,SAFETY_AGENT,BROADER_INDIAN_MARINE_REGION,INDIAN_MARINE,,,
GRID_1597,5.75,80.5,8.52,2.32,10.5,194.0,28.6,309.4217396237055,NO_NEARBY_SARAL,0.062000006,0.21150002,0.22040023,397.431285100378,25.0,,,3.0,BOB,,,0.1316051969635475,LOW,SAFETY_AGENT,BROADER_INDIAN_MARINE_REGION,INDIAN_MARINE,,,
GRID_1598,13.25,85.5,6.42,2.14,9.6,190.0,29.5,153.09938548334628,NO_NEARBY_SARAL,-0.056,0.0345,0.06577423,272.38711842329616,30.0,DD,,5.0,BOB,0.1966461837291717,6.300000190734863,0.1625862363610348,LOW,SAFETY_AGENT,BROADER_INDIAN_MARINE_REGION,INDIAN_MARINE,,,
GRID_1599,6.75,78.0,5.76,1.966,6.26,215.45,301.92,49.313849831248874,SARAL_AltiKa,-0.1275,-0.079,0.14999083,345.98964127968276,25.0,,,3.0,BOB,0.1603696644306183,3.4000000953674316,0.1673364481581887,LOW,SAFETY_AGENT,BROADER_INDIAN_MARINE_REGION,INDIAN_MARINE,,,
GRID_1600,13.25,73.5,4.47,1.904,6.96,242.6,302.5,25.118565301068134,SARAL_AltiKa,-0.042500004,0.0465,0.06299604,271.87098146567564,25.0,D,,3.0,ARB,0.2004109472036361,5.199999809265137,0.1615060034996056,LOW,SAFETY_AGENT,BROADER_INDIAN_MARINE_REGION,INDIAN_MARINE,,,
GRID_1601,8.25,70.25,3.36,1.92,10.8,203.0,29.7,494.9427992117989,NO_NEARBY_SARAL,0.09650001,-0.0635,0.115518406,366.896573063606,25.0,D,,3.0,ARB,0.1553730815649032,4.300000190734863,0.1297713014801979,LOW,SAFETY_AGENT,BROADER_INDIAN_MARINE_REGION,INDIAN_MARINE,,,
GRID_1602,13.25,94.0,6.35,1.28,7.95,211.0,29.0,231.96565453105856,NO_NEARBY_SARAL,0.059500005,-0.0165,0.06174545,303.5592209810106,25.0,D,990.0,3.0995834159888913,BOB,0.1574264466762542,7.099999904632568,0.1448003447747037,LOW,SAFETY_AGENT,BROADER_INDIAN_MARINE_REGION,INDIAN_MARINE,,,
GRID_1603,15.0,85.25,8.14,2.06,8.85,196.0,29.0,220.05777135313912,NO_NEARBY_SARAL,0.1315,-0.11400001,0.1740352,114.37600411774808,35.0,CS,,7.0,BOB,0.210883155465126,4.699999809265137,0.2283845932246376,LOW,SAFETY_AGENT,BROADER_INDIAN_MARINE_REGION,INDIAN_MARINE,,,
GRID_1604,10.0,95.5,4.92,1.337,5.24,233.13,302.53000000000003,4.755086459408177,SARAL_AltiKa,-0.17650001,0.042500004,0.18154477,662.7109714582979,,,,,,0.2335386127233505,5.599999904632568,0.1578135873447794,LOW,SAFETY_AGENT,BROADER_INDIAN_MARINE_REGION,INDIAN_MARINE,255326.0,0.021,2024-06-16 11:37:42.007185024
GRID_1605,6.75,78.5,7.05,2.14,10.25,200.0,28.6,103.14554392563008,NO_NEARBY_SARAL,-0.1365,0.0069999993,0.13667937,324.9922557462912,25.0,,,3.0,BOB,0.1456536501646042,4.400000095367432,0.1444843944492078,LOW,SAFETY_AGENT,BROADER_INDIAN_MARINE_REGION,INDIAN_MARINE,,,
GRID_1606,11.25,82.0,7.38,1.756,5.15,188.33,302.64,15.060378723053462,SARAL_AltiKa,-0.028500002,0.0335,0.043982953,61.22712948612678,30.0,DD,992.0,4.0,BOB,0.1541410982608795,5.400000095367432,0.2663821759141646,LOW,SAFETY_AGENT,BROADER_INDIAN_MARINE_REGION,INDIAN_MARINE,,,
GRID_1607,9.25,78.75,6.71,1.14,8.95,184.0,29.9,69.74383457710822,SARAL_AltiKa,,,,57.05784109000688,25.0,,,3.0,BOB,,,0.2239395485666588,LOW,SAFETY_AGENT,BROADER_INDIAN_MARINE_REGION,INDIAN_MARINE,,,
GRID_1608,12.75,78.0,4.85,,,,,93.88903610584514,SARAL_AltiKa,,,,272.48087384630855,30.0,DD,996.0,4.0,BOB,,,0.1676459720731016,LOW,SAFETY_AGENT,BROADER_INDIAN_MARINE_REGION,INDIAN_MARINE,,,
GRID_1609,9.5,90.0,7.88,2.15,6.28,210.79,302.27,51.731144275056195,SARAL_AltiKa,0.041500002,0.0035000003,0.04164733,354.5526649516163,25.0,D,,3.0,BOB,0.2260782569646835,8.800000190734863,0.2145307959189609,LOW,SAFETY_AGENT,BROADER_INDIAN_MARINE_REGION,INDIAN_MARINE,,,
GRID_1610,19.5,80.5,3.71,,,,,4.3706908848030785,SARAL_AltiKa,,,,147.36091916831015,20.0,D,998.0,3.0,BOB,,,0.1885152918098345,LOW,SAFETY_AGENT,BROADER_INDIAN_MARINE_REGION,INDIAN_MARINE,,,
GRID_1611,20.0,70.25,6.65,2.16,8.95,233.0,28.3,194.4553624263105,NO_NEARBY_SARAL,0.051000003,-0.014,0.052886676,61.41063199859227,90.0,ESCS,962.0,40.0,ARB,0.0925393477082252,4.300000190734863,0.306663493131727,MEDIUM,SAFETY_AGENT,BROADER_INDIAN_MARINE_REGION,INDIAN_MARINE,,,
GRID_1612,12.75,74.5,3.87,1.773,6.94,239.53,302.53000000000003,68.58434185870915,SARAL_AltiKa,0.039,0.017,0.042544097,388.0761278958113,25.0,D,,3.0,ARB,,,0.1136261308249175,LOW,SAFETY_AGENT,BROADER_INDIAN_MARINE_REGION,INDIAN_MARINE,,,
GRID_1613,12.75,96.0,4.61,1.372,5.23,229.19,302.37,9.041084063984476,SARAL_AltiKa,0.105000004,-0.165,0.19557609,523.7564742027903,,,,,,0.2733745872974396,5.5,0.162182975995565,LOW,SAFETY_AGENT,BROADER_INDIAN_MARINE_REGION,INDIAN_MARINE,180861.0,0.103,2024-06-16 11:36:55.532628992
GRID_1614,14.75,93.25,7.54,2.08,8.9,230.0,28.9,345.05816351548947,NO_NEARBY_SARAL,0.0785,0.076500006,0.10961068,190.32660448839823,25.0,D,990.0,3.0995834159888913,BOB,0.2380563914775848,4.699999809265137,0.182558227536807,LOW,SAFETY_AGENT,BROADER_INDIAN_MARINE_REGION,INDIAN_MARINE,,,
GRID_1615,16.5,90.75,7.61,2.28,9.8,206.0,28.8,193.5012805806085,NO_NEARBY_SARAL,0.13250001,0.094500005,0.16274674,26.65397081543464,40.0,CS,984.0,7.934933544931562,BOB,0.2305956482887268,5.800000190734863,0.2625049719714589,LOW,SAFETY_AGENT,BROADER_INDIAN_MARINE_REGION,INDIAN_MARINE,,,
GRID_1616,14.0,80.5,4.76,0.86,8.55,146.0,29.8,106.79908998117644,NO_NEARBY_SARAL,,,,0.0,55.0,SCS,982.0,18.0,BOB,0.0935659930109977,4.099999904632568,0.2902962563348437,LOW,SAFETY_AGENT,BROADER_INDIAN_MARINE_REGION,INDIAN_MARINE,,,
GRID_1617,8.0,93.75,6.88,1.02,8.65,219.0,29.0,135.98788168170154,NO_NEARBY_SARAL,0.015000001,-0.08250001,0.08385256,643.5667848627114,,,,,,,,0.187038412687649,LOW,SAFETY_AGENT,BROADER_INDIAN_MARINE_REGION,INDIAN_MARINE,,,
GRID_1618,12.0,68.5,6.16,2.44,10.0,220.0,28.8,395.0650386499,NO_NEARBY_SARAL,0.0,0.036,0.036,77.80711372114195,25.0,D,,3.0,ARB,0.091375708580017,3.799999952316284,0.2081363051312655,LOW,SAFETY_AGENT,BROADER_INDIAN_MARINE_REGION,INDIAN_MARINE,,,
GRID_1619,9.0,78.25,7.15,1.08,8.7,172.0,29.7,22.17459708988182,SARAL_AltiKa,,,,113.26857533874944,25.0,,,3.0,BOB,,,0.2070763282920361,LOW,SAFETY_AGENT,BROADER_INDIAN_MARINE_REGION,INDIAN_MARINE,,,
GRID_1620,6.0,70.5,0.82,1.96,11.05,194.0,30.2,472.70329600517147,NO_NEARBY_SARAL,-0.16400002,0.056,0.17329745,510.02408029640486,,,,,,0.1468172967433929,6.699999809265137,0.1966553853404791,LOW,SAFETY_AGENT,BROADER_INDIAN_MARINE_REGION,INDIAN_MARINE,,,
GRID_1621,12.5,77.75,4.65,,,,,114.42504654363272,NO_NEARBY_SARAL,,,,309.03284700683093,30.0,DD,996.0,4.0,BOB,,,0.156680380124945,LOW,SAFETY_AGENT,BROADER_INDIAN_MARINE_REGION,INDIAN_MARINE,,,
GRID_1622,8.25,91.25,6.41,2.096,6.63,208.38,302.2,52.25690468304837,SARAL_AltiKa,0.0075000003,-0.038000003,0.03873306,384.2030161075594,25.0,D,,3.0,BOB,0.2274472415447235,6.300000190734863,0.1701976860336281,LOW,SAFETY_AGENT,BROADER_INDIAN_MARINE_REGION,INDIAN_MARINE,,,
GRID_1623,18.25,71.0,7.16,2.32,9.1,235.0,28.5,162.2724175966295,NO_NEARBY_SARAL,-0.0050000004,-0.0040000007,0.006403125,109.1253851365752,80.0,VSCS,970.0,30.0,ARB,0.1162903010845184,6.900000095367432,0.2890600894260891,LOW,SAFETY_AGENT,BROADER_INDIAN_MARINE_REGION,INDIAN_MARINE,,,
GRID_1624,5.25,71.5,0.66,1.8,10.85,196.0,30.4,435.01967223145033,NO_NEARBY_SARAL,-0.137,0.0225,0.13883533,648.3088828486142,,,,,,0.1484600305557251,4.0,0.1918632802703773,LOW,SAFETY_AGENT,BROADER_INDIAN_MARINE_REGION,INDIAN_MARINE,,,
GRID_1625,9.25,70.25,4.07,2.08,10.55,209.0,29.4,469.7058645485297,NO_NEARBY_SARAL,-0.1645,-0.098000005,0.19147912,350.92699137777265,25.0,D,,3.0,ARB,0.1429356038570404,4.900000095367432,0.1424271536439945,LOW,SAFETY_AGENT,BROADER_INDIAN_MARINE_REGION,INDIAN_MARINE,,,
GRID_1626,8.75,80.25,5.79,,,,,242.41815379884332,NO_NEARBY_SARAL,,,,117.1956676873066,25.0,,,3.0,BOB,,,0.2058982005874689,LOW,SAFETY_AGENT,BROADER_INDIAN_MARINE_REGION,INDIAN_MARINE,,,
GRID_1627,15.5,95.75,4.53,1.36,9.2,217.0,28.8,100.87300000699123,NO_NEARBY_SARAL,0.11900001,-0.053500004,0.1304732,240.49457922828236,115.0,VSCS,,65.58718508232494,BOB,0.3326491415500641,11.399999618530272,0.2648472355613223,LOW,SAFETY_AGENT,BROADER_INDIAN_MARINE_REGION,INDIAN_MARINE,,,
GRID_1628,12.75,71.75,6.66,2.24,9.8,234.0,28.8,222.10867845575208,NO_NEARBY_SARAL,-0.042000003,0.0575,0.07120569,116.40925683077371,25.0,D,,3.0,ARB,0.1362765431404113,5.699999809265137,0.2011384832132514,LOW,SAFETY_AGENT,BROADER_INDIAN_MARINE_REGION,INDIAN_MARINE,,,
GRID_1629,18.25,69.75,8.28,2.54,9.3,230.0,28.1,290.821485110498,NO_NEARBY_SARAL,0.080000006,0.1435,0.16429318,38.32420762905208,80.0,VSCS,970.0,30.0,ARB,0.1203971281647682,5.900000095367432,0.3255997152460467,MEDIUM,SAFETY_AGENT,BROADER_INDIAN_MARINE_REGION,INDIAN_MARINE,,,
GRID_1630,18.0,78.5,4.15,,,,,165.18064216633323,NO_NEARBY_SARAL,,,,21.150530887461738,20.0,D,998.0,3.0,BOB,,,0.226378408294089,LOW,SAFETY_AGENT,BROADER_INDIAN_MARINE_REGION,INDIAN_MARINE,,,
GRID_1631,15.75,69.75,8.42,2.7,9.25,237.0,28.4,355.8064656480342,NO_NEARBY_SARAL,0.024,-0.0825,0.08592003,160.62482906673569,25.0,D,,3.0,ARB,0.0741957426071167,4.900000095367432,0.1887900436841807,LOW,SAFETY_AGENT,BROADER_INDIAN_MARINE_REGION,INDIAN_MARINE,,,
GRID_1632,8.5,92.5,,2.52,10.85,220.0,29.0,192.17003427568065,NO_NEARBY_SARAL,-0.106000006,-0.071,0.12758136,523.093526118746,,,,,,0.2312116771936416,4.800000190734863,0.1913447624823396,LOW,SAFETY_AGENT,BROADER_INDIAN_MARINE_REGION,INDIAN_MARINE,,,
GRID_1633,20.75,76.25,,,,,,372.5224718782074,NO_NEARBY_SARAL,,,,331.7816671865982,25.0,D,999.0,3.0,ARB,,,0.1415224007376814,LOW,SAFETY_AGENT,BROADER_INDIAN_MARINE_REGION,INDIAN_MARINE,,,
GRID_1634,6.5,75.75,5.68,1.791,6.51,187.24,302.24,53.50025150264111,SARAL_AltiKa,-0.1195,0.2315,0.26052353,504.5590444572523,,,,,,0.1800137460231781,4.699999809265137,0.2165609844636786,LOW,SAFETY_AGENT,BROADER_INDIAN_MARINE_REGION,INDIAN_MARINE,,,
GRID_1635,14.75,86.25,,2.14,9.2,197.0,29.2,109.53614665921336,NO_NEARBY_SARAL,0.012499999,-0.035499997,0.037636418,87.60747868737137,30.0,DD,,5.0,BOB,0.1686516106128692,4.800000190734863,0.2143863606490215,LOW,SAFETY_AGENT,BROADER_INDIAN_MARINE_REGION,INDIAN_MARINE,,,
GRID_1636,9.75,70.75,,2.1,10.6,210.0,29.2,403.6423090224629,NO_NEARBY_SARAL,-0.252,0.0075000008,0.25211158,358.0274467632138,25.0,D,,3.0,ARB,0.1683094352483749,5.199999809265137,0.1465736974637893,LOW,SAFETY_AGENT,BROADER_INDIAN_MARINE_REGION,INDIAN_MARINE,,,
GRID_1637,6.5,71.5,,1.88,10.95,203.0,30.1,404.2359946025262,NO_NEARBY_SARAL,-0.12550001,0.0009999992,0.12550399,568.3816779592513,,,,,,0.1427790224552154,3.200000047683716,0.1901159437739679,LOW,SAFETY_AGENT,BROADER_INDIAN_MARINE_REGION,INDIAN_MARINE,,,
GRID_1638,11.75,77.0,,,,,,176.29751674344973,NO_NEARBY_SARAL,,,,315.752560701151,25.0,,,3.0,BOB,,,0.1463311326833156,LOW,SAFETY_AGENT,BROADER_INDIAN_MARINE_REGION,INDIAN_MARINE,,,
GRID_1639,11.75,73.5,4.5600000000000005,1.806,7.7,235.19,302.56,61.44975493317189,SARAL_AltiKa,0.097500004,-0.009,0.09791451,333.8320020868193,25.0,D,,3.0,ARB,0.2345654815435409,4.300000190734863,0.1378782641731805,LOW,SAFETY_AGENT,BROADER_INDIAN_MARINE_REGION,INDIAN_MARINE,,,
GRID_1640,21.25,68.5,,2.24,9.2,223.0,28.1,338.9223153629535,NO_NEARBY_SARAL,0.0065,-0.029500002,0.030207615,58.841617997047805,25.0,D,,3.0,ARB,0.0771389231085777,4.099999904632568,0.2133611233609733,LOW,SAFETY_AGENT,BROADER_INDIAN_MARINE_REGION,INDIAN_MARINE,,,
GRID_1641,15.5,76.0,,,,,,290.19831060657384,NO_NEARBY_SARAL,,,,273.2633661828097,25.0,D,997.0,3.0,BOB,,,0.159077891038818,LOW,SAFETY_AGENT,BROADER_INDIAN_MARINE_REGION,INDIAN_MARINE,,,
GRID_1642,10.75,89.5,7.31,2.095,6.03,208.66,302.27,74.87969227155187,SARAL_AltiKa,-0.091000006,0.086500004,0.12555179,448.35279169882017,25.0,D,,3.0,BOB,0.241615429520607,6.099999904632568,0.1774867133498051,LOW,SAFETY_AGENT,BROADER_INDIAN_MARINE_REGION,INDIAN_MARINE,,,
GRID_1643,21.25,76.25,,,,,,359.02677639525353,NO_NEARBY_SARAL,,,,281.2663665324612,25.0,D,999.0,3.0,ARB,,,0.1566769909339225,LOW,SAFETY_AGENT,BROADER_INDIAN_MARINE_REGION,INDIAN_MARINE,,,
GRID_1644,10.5,95.25,5.4,1.523,5.3500000000000005,234.19,302.51,34.83900685872949,SARAL_AltiKa,-0.23650001,-0.0055,0.23656395,602.890385189358,,,,,,0.2284737378358841,5.300000190734863,0.1866528433006119,LOW,SAFETY_AGENT,BROADER_INDIAN_MARINE_REGION,INDIAN_MARINE,254453.0,0.033,2024-06-16 11:37:34.777811968
GRID_1645,21.0,73.5,,,,,,159.7446755220378,NO_NEARBY_SARAL,,,,174.60271276347433,50.0,SCS,990.0,12.0,ARB,,,0.2303427537312853,LOW,SAFETY_AGENT,BROADER_INDIAN_MARINE_REGION,INDIAN_MARINE,,,
GRID_1646,11.0,74.25,4.69,1.748,7.69,223.37,302.49,1.5231983682885617,SARAL_AltiKa,-0.0009999992,0.02,0.020024985,449.41234483542,25.0,D,,3.0,ARB,0.2837784886360168,4.400000095367432,0.0907549079853144,LOW,SAFETY_AGENT,BROADER_INDIAN_MARINE_REGION,INDIAN_MARINE,,,
GRID_1647,12.75,72.25,,2.02,9.25,243.0,28.8,169.27337256886835,NO_NEARBY_SARAL,-0.0505,0.1355,0.14460464,158.9894670204888,25.0,D,,3.0,ARB,0.1335387825965881,5.300000190734863,0.1954974709457122,LOW,SAFETY_AGENT,BROADER_INDIAN_MARINE_REGION,INDIAN_MARINE,,,
GRID_1648,12.25,92.25,,2.28,9.45,228.0,29.0,252.6824052185951,NO_NEARBY_SARAL,0.016499996,-0.026500002,0.031216983,263.01349231644366,25.0,D,990.0,3.0995834159888913,BOB,0.3689320981502533,10.5,0.1561399808504425,LOW,SAFETY_AGENT,BROADER_INDIAN_MARINE_REGION,INDIAN_MARINE,,,
GRID_1649,13.75,79.75,,,,,,66.73672279318882,SARAL_AltiKa,,,,85.60213745276937,55.0,SCS,982.0,18.0,BOB,,,0.2653762596578301,LOW,SAFETY_AGENT,BROADER_INDIAN_MARINE_REGION,INDIAN_MARINE,,,
GRID_1650,13.25,77.25,,,,,,184.82468960745192,NO_NEARBY_SARAL,,,,271.0587976806777,30.0,DD,996.0,4.0,BOB,,,0.1680725949227909,LOW,SAFETY_AGENT,BROADER_INDIAN_MARINE_REGION,INDIAN_MARINE,,,
GRID_1651,14.5,89.25,8.49,1.939,5.8500000000000005,207.4,302.36,10.794778910842211,SARAL_AltiKa,0.1535,0.124000005,0.19732778,218.3854873046578,35.0,CS,986.0,6.075183495338227,BOB,0.2608489096164703,5.400000095367432,0.2806192541303275,LOW,SAFETY_AGENT,BROADER_INDIAN_MARINE_REGION,INDIAN_MARINE,,,
GRID_1652,13.75,80.0,,,,,,92.98910781922636,SARAL_AltiKa,,,,60.71313524105158,55.0,SCS,982.0,18.0,BOB,,,0.2728429603213455,LOW,SAFETY_AGENT,BROADER_INDIAN_MARINE_REGION,INDIAN_MARINE,,,
GRID_1653,16.75,75.0,,,,,,214.7329764405224,NO_NEARBY_SARAL,,,,373.45498758671954,20.0,D,998.0,3.0,BOB,,,0.1206870712843117,LOW,SAFETY_AGENT,BROADER_INDIAN_MARINE_REGION,INDIAN_MARINE,,,
GRID_1654,11.25,95.75,5.13,1.448,5.37,230.93,302.47,2.177039677166589,SARAL_AltiKa,-0.138,-0.13750002,0.19480824,585.4649421958611,,,,,,0.266461431980133,5.099999904632568,0.1708222413929213,LOW,SAFETY_AGENT,BROADER_INDIAN_MARINE_REGION,INDIAN_MARINE,193630.0,0.126,2024-06-16 11:37:20.319058944
GRID_1655,18.25,80.25,,,,,,9.20309121783182,SARAL_AltiKa,,,,138.54924999442136,20.0,D,998.0,3.0,BOB,,,0.1911587925620012,LOW,SAFETY_AGENT,BROADER_INDIAN_MARINE_REGION,INDIAN_MARINE,,,
GRID_1656,19.25,79.25,,,,,,106.30815772595264,NO_NEARBY_SARAL,,,,28.29067321586238,20.0,D,998.0,3.0,BOB,,,0.2242363655955688,LOW,SAFETY_AGENT,BROADER_INDIAN_MARINE_REGION,INDIAN_MARINE,,,
GRID_1657,6.25,79.25,,2.32,10.6,197.0,28.8,196.0228289762813,NO_NEARBY_SARAL,-0.018000003,0.216,0.2167487,362.430807457995,25.0,,,3.0,BOB,0.1811773627996444,4.0,0.1411485711696006,LOW,SAFETY_AGENT,BROADER_INDIAN_MARINE_REGION,INDIAN_MARINE,,,
GRID_1658,7.25,72.0,,1.82,10.95,209.0,30.0,331.9329442087127,NO_NEARBY_SARAL,0.0405,0.034,0.05287958,583.7552649964196,,,,,,0.1284737139940261,3.799999952316284,0.1831177394551313,LOW,SAFETY_AGENT,BROADER_INDIAN_MARINE_REGION,INDIAN_MARINE,,,
GRID_1659,12.75,72.5,,2.04,9.4,242.0,28.9,142.86866225282884,NO_NEARBY_SARAL,-0.0105,0.094000004,0.09458462,182.5914182017982,25.0,D,,3.0,ARB,0.1266941130161285,3.4000000953674316,0.1824477718696845,LOW,SAFETY_AGENT,BROADER_INDIAN_MARINE_REGION,INDIAN_MARINE,,,
GRID_1660,5.5,74.25,,1.78,11.2,160.0,29.9,132.17702244071438,NO_NEARBY_SARAL,-0.1905,0.29000002,0.346973,701.473095625232,,,,,,0.1934293359518051,3.900000095367432,0.2127394705815513,LOW,SAFETY_AGENT,BROADER_INDIAN_MARINE_REGION,INDIAN_MARINE,,,
GRID_1661,12.75,77.5,,,,,,146.73724878039522,NO_NEARBY_SARAL,,,,298.01032188160053,30.0,DD,996.0,4.0,BOB,,,0.1599871376625141,LOW,SAFETY_AGENT,BROADER_INDIAN_MARINE_REGION,INDIAN_MARINE,,,
GRID_1662,7.75,93.0,,2.56,11.2,219.0,29.0,210.62998397027232,NO_NEARBY_SARAL,0.031000003,-0.11000001,0.11428474,557.6394878508213,,,,,,0.1451282054185867,8.899999618530273,0.1918498915167996,LOW,SAFETY_AGENT,BROADER_INDIAN_MARINE_REGION,INDIAN_MARINE,,,
GRID_1663,10.75,83.25,,1.98,9.3,185.0,29.4,106.10089660080772,NO_NEARBY_SARAL,-0.21700001,-0.0925,0.23589246,86.48767234898443,30.0,DD,992.0,4.0,BOB,0.1467488259077072,6.300000190734863,0.2352431497887747,LOW,SAFETY_AGENT,BROADER_INDIAN_MARINE_REGION,INDIAN_MARINE,,,
GRID_1664,19.5,84.5,,,,,,375.5666777748922,NO_NEARBY_SARAL,,,,52.408457196928126,20.0,D,,3.0,BOB,,,0.2170010304012491,LOW,SAFETY_AGENT,BROADER_INDIAN_MARINE_REGION,INDIAN_MARINE,,,
GRID_1665,9.5,72.75,,2.06,10.9,209.0,29.5,196.15378130257105,NO_NEARBY_SARAL,-0.042500004,0.18250002,0.18738332,483.9141509848086,25.0,D,,3.0,ARB,0.1614648848772049,9.300000190734863,0.1043677490121178,LOW,SAFETY_AGENT,BROADER_INDIAN_MARINE_REGION,INDIAN_MARINE,,,
GRID_1666,14.75,74.5,,1.4,9.1,248.0,29.2,115.9129422092604,NO_NEARBY_SARAL,,,,402.18451073568485,25.0,D,,3.0,ARB,,,0.1204015476729554,LOW,SAFETY_AGENT,BROADER_INDIAN_MARINE_REGION,INDIAN_MARINE,,,
GRID_1667,13.75,73.25,5.17,2.003,7.23,242.42,302.48,39.39535470190051,SARAL_AltiKa,-0.050000004,0.051500004,0.07177918,244.73070260220456,25.0,D,,3.0,ARB,0.1822724938392639,4.5,0.1817810551206034,LOW,SAFETY_AGENT,BROADER_INDIAN_MARINE_REGION,INDIAN_MARINE,,,
GRID_1668,18.0,83.25,,,,,,274.476392159208,NO_NEARBY_SARAL,,,,127.8180857073662,25.0,DD,,4.0,BOB,,,0.202711475181451,LOW,SAFETY_AGENT,BROADER_INDIAN_MARINE_REGION,INDIAN_MARINE,,,
GRID_1669,9.0,70.25,,2.06,10.6,207.0,29.5,476.02301387348706,NO_NEARBY_SARAL,-0.11450001,-0.119,0.16514009,356.9331095015796,25.0,D,,3.0,ARB,0.1569273769855499,4.699999809265137,0.1379263944966225,LOW,SAFETY_AGENT,BROADER_INDIAN_MARINE_REGION,INDIAN_MARINE,,,
GRID_1670,16.0,90.0,,2.36,9.65,203.0,28.8,103.75603296022923,NO_NEARBY_SARAL,0.16250001,0.1825,0.24436143,77.07196071574303,40.0,CS,984.0,7.934933544931562,BOB,0.2217660248279571,5.099999904632568,0.2551689697996633,LOW,SAFETY_AGENT,BROADER_INDIAN_MARINE_REGION,INDIAN_MARINE,,,
GRID_1671,12.0,77.0,,,,,,182.15725602853635,NO_NEARBY_SARAL,,,,336.3104484026688,25.0,,,3.0,BOB,,,0.1401637663728602,LOW,SAFETY_AGENT,BROADER_INDIAN_MARINE_REGION,INDIAN_MARINE,,,
GRID_1672,17.5,71.75,,2.34,9.45,238.0,28.6,103.7687161230458,NO_NEARBY_SARAL,0.0035000006,0.012,0.0125,215.89989390622935,80.0,VSCS,970.0,30.0,ARB,0.1442163735628128,5.300000190734863,0.2569072395240723,LOW,SAFETY_AGENT,BROADER_INDIAN_MARINE_REGION,INDIAN_MARINE,,,
GRID_1673,9.5,91.25,7.22,2.263,6.2700000000000005,211.73,302.25,81.91374582841024,SARAL_AltiKa,0.0855,0.052499995,0.10033195,452.9499728001199,25.0,D,,3.0,BOB,0.2679674327373504,5.400000095367432,0.1855014551228244,LOW,SAFETY_AGENT,BROADER_INDIAN_MARINE_REGION,INDIAN_MARINE,,,
GRID_1674,6.75,75.5,5.19,1.758,6.58,190.27,302.25,32.55286676892053,SARAL_AltiKa,-0.132,0.23200001,0.26692322,505.8928401561014,,,,,,0.1772074699401855,4.599999904632568,0.2045939378211548,LOW,SAFETY_AGENT,BROADER_INDIAN_MARINE_REGION,INDIAN_MARINE,,,
GRID_1675,15.75,95.75,,0.88,9.65,200.0,28.8,106.7976561667063,NO_NEARBY_SARAL,0.139,-0.072500005,0.15677133,217.8533798219698,115.0,VSCS,,65.58718508232494,BOB,,,0.2707823452137367,LOW,SAFETY_AGENT,BROADER_INDIAN_MARINE_REGION,INDIAN_MARINE,,,
GRID_1676,12.75,74.25,3.87,1.773,6.94,239.53,302.53000000000003,42.23153784005055,SARAL_AltiKa,0.014000001,0.060000002,0.06161169,361.68368568072265,25.0,D,,3.0,ARB,0.2570841908454895,6.099999904632568,0.1240987737252132,LOW,SAFETY_AGENT,BROADER_INDIAN_MARINE_REGION,INDIAN_MARINE,,,
GRID_1677,11.0,72.75,,1.52,9.0,229.0,29.3,159.36527594369588,NO_NEARBY_SARAL,0.0225,0.101,0.10347585,336.7956165921226,25.0,D,,3.0,ARB,,,0.1381034595160241,LOW,SAFETY_AGENT,BROADER_INDIAN_MARINE_REGION,INDIAN_MARINE,,,
GRID_1678,16.75,78.25,,,,,,161.8103447545801,NO_NEARBY_SARAL,,,,38.47622469094834,20.0,D,998.0,3.0,BOB,,,0.221180700153043,LOW,SAFETY_AGENT,BROADER_INDIAN_MARINE_REGION,INDIAN_MARINE,,,
GRID_1679,14.0,93.25,,1.66,7.3,245.0,29.0,328.1174807288154,NO_NEARBY_SARAL,0.1395,0.09400001,0.1682149,196.62656950552645,25.0,D,990.0,3.0995834159888913,BOB,,,0.1866280786420029,LOW,SAFETY_AGENT,BROADER_INDIAN_MARINE_REGION,INDIAN_MARINE,,,
GRID_1680,8.5,68.25,,2.18,10.95,194.0,29.8,288.3892837529883,NO_NEARBY_SARAL,-0.0145,-0.07000001,0.07148602,148.19950328694648,25.0,D,,3.0,ARB,0.1125941127538681,5.900000095367432,0.1916702363434844,LOW,SAFETY_AGENT,BROADER_INDIAN_MARINE_REGION,INDIAN_MARINE,,,
GRID_1681,17.75,84.75,,2.0,8.6,187.0,29.5,334.6022769052771,NO_NEARBY_SARAL,0.1435,0.328,0.35801712,87.51439205066033,55.0,SCS,,15.001983733386234,BOB,0.1561943888664245,5.699999809265137,0.2885378802616005,LOW,SAFETY_AGENT,BROADER_INDIAN_MARINE_REGION,INDIAN_MARINE,,,
GRID_1682,5.0,75.25,5.44,1.974,6.24,183.63,302.28000000000003,36.31878568723743,SARAL_AltiKa,-0.1505,0.3345,0.36679763,666.3733475773502,,,,,,0.181451216340065,4.800000190734863,0.2376919883302057,LOW,SAFETY_AGENT,BROADER_INDIAN_MARINE_REGION,INDIAN_MARINE,,,
GRID_1683,6.25,72.25,,1.66,10.75,211.0,30.1,329.58666282647016,NO_NEARBY_SARAL,-0.16400002,0.08400001,0.1842607,654.3886413990173,,,,,,0.1433950662612915,4.800000190734863,0.1967931549550087,LOW,SAFETY_AGENT,BROADER_INDIAN_MARINE_REGION,INDIAN_MARINE,,,
GRID_1684,15.5,91.5,,2.18,9.7,213.0,28.8,248.5353275191569,NO_NEARBY_SARAL,-0.0355,-0.127,0.1318683,53.57539663763071,35.0,CS,986.0,6.075183495338227,BOB,0.2239563912153244,5.599999904632568,0.242890768605732,LOW,SAFETY_AGENT,BROADER_INDIAN_MARINE_REGION,INDIAN_MARINE,,,
GRID_1685,7.75,69.0,,2.1,10.95,193.0,29.8,351.54570960946194,NO_NEARBY_SARAL,0.054,-0.030500002,0.062018145,260.2405287637594,25.0,D,,3.0,ARB,0.172690063714981,4.800000190734863,0.156711381125527,LOW,SAFETY_AGENT,BROADER_INDIAN_MARINE_REGION,INDIAN_MARINE,,,
GRID_1686,6.25,69.5,,1.9,10.95,190.0,30.3,370.6839931215976,NO_NEARBY_SARAL,-0.008500002,0.11750001,0.11780705,411.5895050538532,25.0,D,,3.0,ARB,0.1466119736433029,4.099999904632568,0.1164703833702685,LOW,SAFETY_AGENT,BROADER_INDIAN_MARINE_REGION,INDIAN_MARINE,,,
GRID_1687,17.75,75.75,,,,,,315.1242521793819,NO_NEARBY_SARAL,,,,271.2854517223248,20.0,D,998.0,3.0,BOB,,,0.1513379320436301,LOW,SAFETY_AGENT,BROADER_INDIAN_MARINE_REGION,INDIAN_MARINE,,,
GRID_1688,15.0,84.5,,1.92,9.2,188.0,29.4,298.57851389358456,NO_NEARBY_SARAL,0.12650001,0.036,0.13152282,144.55340463792655,45.0,CS,,10.0,BOB,0.2124573588371276,7.599999904632568,0.2332007372913644,LOW,SAFETY_AGENT,BROADER_INDIAN_MARINE_REGION,INDIAN_MARINE,,,
GRID_1689,16.5,68.5,,2.82,9.1,233.0,28.1,466.11890634128486,NO_NEARBY_SARAL,-0.0335,0.07800001,0.08488964,106.615780924642,65.0,VSCS,980.0,22.0,ARB,0.063312754034996,5.0,0.2715791782743615,LOW,SAFETY_AGENT,BROADER_INDIAN_MARINE_REGION,INDIAN_MARINE,,,
GRID_1690,17.25,69.75,,2.64,9.2,233.0,28.3,316.84198313339317,NO_NEARBY_SARAL,0.027000003,-0.058500003,0.0644302,141.48909873712284,80.0,VSCS,970.0,30.0,ARB,0.0768651440739631,2.9000000953674316,0.2830551199533984,LOW,SAFETY_AGENT,BROADER_INDIAN_MARINE_REGION,INDIAN_MARINE,,,
GRID_1691,16.0,95.25,,0.26,7.7,208.0,28.9,164.76096104745292,NO_NEARBY_SARAL,,,,165.16441357069007,115.0,VSCS,,65.58718508232494,BOB,,,0.2831742434891205,LOW,SAFETY_AGENT,BROADER_INDIAN_MARINE_REGION,INDIAN_MARINE,,,
GRID_1692,7.5,70.25,,1.88,10.8,201.0,30.0,480.1224325823671,NO_NEARBY_SARAL,0.2475,0.060500003,0.25478718,394.6140386107603,25.0,D,,3.0,ARB,0.1876112520694732,4.599999904632568,0.1356135344992619,LOW,SAFETY_AGENT,BROADER_INDIAN_MARINE_REGION,INDIAN_MARINE,,,
GRID_1693,18.75,72.25,5.18,1.809,7.6,234.95,302.26,21.70142379811821,SARAL_AltiKa,0.061,-0.065000005,0.08914035,238.70836238114651,80.0,VSCS,970.0,30.0,ARB,0.1550994217395782,5.400000095367432,0.2614059415543553,LOW,SAFETY_AGENT,BROADER_INDIAN_MARINE_REGION,INDIAN_MARINE,,,
GRID_1694,10.75,84.0,,2.14,9.35,188.0,29.2,185.9581311530997,NO_NEARBY_SARAL,-0.16100001,-0.097,0.18796277,150.11315097015432,25.0,D,990.0,3.0,BOB,0.1446269899606704,3.799999952316284,0.2017738991600135,LOW,SAFETY_AGENT,BROADER_INDIAN_MARINE_REGION,INDIAN_MARINE,,,
GRID_1695,14.75,85.0,7.32,2.02,8.95,193.0,29.0,240.48378747284255,NO_NEARBY_SARAL,0.1285,-0.10900001,0.16850297,148.97275248447718,35.0,CS,,7.0,BOB,0.2171117216348648,5.699999809265137,0.2179679171300432,LOW,SAFETY_AGENT,BROADER_INDIAN_MARINE_REGION,INDIAN_MARINE,,,
GRID_1696,17.25,76.0,5.44,,,,,329.7158432777075,NO_NEARBY_SARAL,,,,257.6117533744155,20.0,D,998.0,3.0,BOB,,,0.1554400415480029,LOW,SAFETY_AGENT,BROADER_INDIAN_MARINE_REGION,INDIAN_MARINE,,,
GRID_1697,18.0,79.75,3.84,,,,,36.43795671197565,SARAL_AltiKa,,,,125.41063421709234,20.0,D,998.0,3.0,BOB,,,0.1951003772951999,LOW,SAFETY_AGENT,BROADER_INDIAN_MARINE_REGION,INDIAN_MARINE,,,
GRID_1698,8.0,73.25,4.16,1.7,10.6,199.0,29.5,179.25305850258667,NO_NEARBY_SARAL,-0.17650001,0.23600002,0.2947003,659.0791544072507,,,,,,0.1524298936128616,5.400000095367432,0.2081597019757039,LOW,SAFETY_AGENT,BROADER_INDIAN_MARINE_REGION,INDIAN_MARINE,,,
GRID_1699,11.25,92.0,8.77,2.56,10.15,222.0,29.1,203.0066240649614,NO_NEARBY_SARAL,-0.030000005,-0.051000003,0.059169255,365.42404619234327,25.0,D,990.0,3.0995834159888913,BOB,0.017073169350624,1.2000000476837158,0.1226823945895154,LOW,SAFETY_AGENT,BROADER_INDIAN_MARINE_REGION,INDIAN_MARINE,,,
GRID_1700,8.5,89.5,9.56,2.7,10.4,213.0,28.8,129.4421096822029,NO_NEARBY_SARAL,0.063,0.047000006,0.07860026,234.80168779105787,25.0,D,,3.0,BOB,0.259890615940094,6.599999904632568,0.1671192461548491,LOW,SAFETY_AGENT,BROADER_INDIAN_MARINE_REGION,INDIAN_MARINE,,,
