zone_id,region,latitude,longitude,saral_distance_km,wind_speed_ms,wave_height_m,wave_period_s,wave_direction_deg,dist_coast_m,ssha_m,saral_sst_c,saral_time,cyclone_distance_km,cyclone_wind_kt,cyclone_grade,cyclone_pressure_hpa,cyclone_pressure_drop_hpa,cyclone_basin,rainfall_mean,rainfall_max,current_u_ms,current_v_ms,current_speed_ms,saral_source
PFZ0001,ANDAMAN,13.170277777777777,92.64027777777778,315.0276488099229,,,,,,,,,192.40181318686865,25.0,D,990.0,3.0995834159888913,BOB,,,,,,NO_NEARBY_SARAL
PFZ0002,ANDAMAN,11.76,92.94694444444444,309.14406748715123,,,,,,,,,342.5952617522272,25.0,D,990.0,3.0995834159888913,BOB,,,,,,NO_NEARBY_SARAL
PFZ0003,ANDAMAN,11.745,93.00444444444445,302.69810538098625,,,,,,,,,346.9607374377355,25.0,D,990.0,3.0995834159888913,BOB,,,,,,NO_NEARBY_SARAL
PFZ0004,ANDAMAN,11.694444444444445,93.02194444444444,299.6955967251775,,,,,,,,,352.82271892294324,25.0,D,990.0,3.0995834159888913,BOB,,,,,,NO_NEARBY_SARAL
PFZ0005,ANDAMAN,11.6325,93.02111111111113,298.3666899453634,,,,,,,,,358.8950682262179,25.0,D,990.0,3.0995834159888913,BOB,,,,,,NO_NEARBY_SARAL
PFZ0006,ANDAMAN,11.58777777777778,93.02583333333334,296.82688723055304,,,,,,,,,363.5589746798088,25.0,D,990.0,3.0995834159888913,BOB,,,-0.0295,0.051,0.058917314,NO_NEARBY_SARAL
PFZ0007,ANDAMAN,11.56388888888889,92.99944444444444,299.0852700402802,,,,,,,,,364.6483520830415,25.0,D,990.0,3.0995834159888913,BOB,,,-0.0295,0.051,0.058917314,NO_NEARBY_SARAL
PFZ0008,ANDAMAN,11.535555555555556,92.97555555555556,300.96789227811087,,,,,,,,,366.3393067762384,25.0,D,990.0,3.0995834159888913,BOB,,,-0.0295,0.051,0.058917314,NO_NEARBY_SARAL
PFZ0009,ANDAMAN,11.501944444444444,92.98388888888888,299.3161875257179,,,,,,,,,370.1014805688679,25.0,D,990.0,3.0995834159888913,BOB,,,-0.0295,0.051,0.058917314,NO_NEARBY_SARAL
PFZ0010,ANDAMAN,11.3625,92.97833333333334,296.70165830203587,,,,,,,,,383.8935321558379,25.0,D,990.0,3.0995834159888913,BOB,0.2414128333330154,10.300000190734863,-0.043500002,0.0555,0.07051596,NO_NEARBY_SARAL
PFZ0011,ANDAMAN,11.3,92.95277777777778,297.9826695646836,,,,,,,,,389.0990412210379,25.0,D,990.0,3.0995834159888913,BOB,0.2414128333330154,10.300000190734863,-0.043500002,0.0555,0.07051596,NO_NEARBY_SARAL
PFZ0012,ANDAMAN,11.255,92.89833333333334,298.60887560073064,,,,,,,,,391.36287223916094,25.0,D,990.0,3.0995834159888913,BOB,0.2414128333330154,10.300000190734863,-0.043500002,0.0555,0.07051596,NO_NEARBY_SARAL
PFZ0013,ANDAMAN,11.17611111111111,92.82166666666666,288.64465718211716,,,,,,,,,396.3948097519698,25.0,D,990.0,3.0995834159888913,BOB,,,-0.017,0.026999999,0.031906113,NO_NEARBY_SARAL
PFZ0014,ANDAMAN,10.916666666666666,92.68388888888887,267.9973336090016,,,,,,,,,418.62397909834095,25.0,D,990.0,3.0995834159888913,BOB,,,-0.047500003,-0.019000001,0.05115907,NO_NEARBY_SARAL
PFZ0015,ANDAMAN,10.913333333333334,92.3475,232.11927495968152,,,,,,,,,409.27324498694304,25.0,D,990.0,3.0995834159888913,BOB,,,0.008000001,-0.040999997,0.041773196,NO_NEARBY_SARAL
PFZ0016,ANDAMAN,10.87527777777778,92.70972222222224,269.79767120799215,,,,,,,,,423.8686687201688,25.0,D,990.0,3.0995834159888913,BOB,,,-0.047500003,-0.019000001,0.05115907,NO_NEARBY_SARAL
PFZ0017,ANDAMAN,10.805277777777778,92.73111111111112,270.4551166727621,,,,,,,,,431.9935178082016,25.0,D,990.0,3.0995834159888913,BOB,,,-0.019000001,-0.035499997,0.040264748,NO_NEARBY_SARAL
PFZ0018,ANDAMAN,10.76888888888889,92.27083333333331,220.60476127705633,,,,,,,,,423.2236705190064,25.0,D,990.0,3.0995834159888913,BOB,,,-0.009,0.0014999956,0.009124143,NO_NEARBY_SARAL
PFZ0019,ANDAMAN,10.727222222222222,92.74361111111112,269.9875371474611,,,,,,,,,440.6750979852412,25.0,D,990.0,3.0995834159888913,BOB,,,-0.019000001,-0.035499997,0.040264748,NO_NEARBY_SARAL
PFZ0020,ANDAMAN,10.649722222222222,92.79833333333332,274.04201665909994,,,,,,,,,450.7128324417398,25.0,D,990.0,3.0995834159888913,BOB,,,-0.019000001,-0.035499997,0.040264748,NO_NEARBY_SARAL
PFZ0021,GOA,15.530555555555557,73.04638888888888,17.518164709054144,2.02,1.774,7.48,241.91,,,302.58,,315.4346296641014,25.0,D,,3.0,ARB,0.2087612748146057,8.100000381469727,0.035000004,-0.024,0.042438194,SARAL_AltiKa
PFZ0022,GOA,15.436944444444444,73.11,13.108786241244504,3.23,1.951,7.43,242.29,,,302.57,,313.0375381523984,25.0,D,,3.0,ARB,0.2087612748146057,8.100000381469727,0.035000004,-0.024,0.042438194,SARAL_AltiKa
PFZ0023,GOA,15.349722222222224,73.17166666666667,9.28883226094051,3.43,1.702,7.41,242.53,,,302.56,,311.43416565787334,25.0,D,,3.0,ARB,0.2211500257253646,5.300000190734863,0.046000004,-0.087000005,0.0984124,SARAL_AltiKa
PFZ0024,GOA,15.233333333333333,73.39305555555556,11.571924430563339,3.5700000000000003,1.862,7.45,243.69,,,302.55,,321.8520933466123,25.0,D,,3.0,ARB,,,0.040000003,-0.1295,0.13553691,SARAL_AltiKa
PFZ0025,GOA,15.193333333333332,73.4238888888889,13.963459526280815,3.5,2.0380000000000003,7.43,244.24,,,302.54,,321.91557006872114,25.0,D,,3.0,ARB,,,0.040000003,-0.1295,0.13553691,SARAL_AltiKa
PFZ0026,GOA,15.145555555555555,73.44277777777778,15.01376583217573,3.47,1.913,7.41,244.85,,,302.54,,320.52928247684383,25.0,D,,3.0,ARB,,,0.040000003,-0.1295,0.13553691,SARAL_AltiKa
PFZ0027,GOA,15.094444444444443,73.4475,14.123994392125423,3.47,1.913,7.41,244.85,,,302.54,,317.7667322129476,25.0,D,,3.0,ARB,0.2710145115852356,9.100000381469728,0.043500002,-0.1365,0.14326374,SARAL_AltiKa
PFZ0028,KARNATAKA,14.746388888888887,73.52638888888889,13.80192025479156,5.36,1.947,7.68,241.83,,,302.52,,305.6498720149293,25.0,D,,3.0,ARB,0.2311431467533111,5.199999809265137,0.0515,-0.1225,0.13288529,SARAL_AltiKa
PFZ0029,KARNATAKA,14.653055555555556,73.53861111111111,13.26244603395495,4.93,3.283,7.42,242.48000000000002,,,302.51,,302.3307135737146,25.0,D,,3.0,ARB,0.2311431467533111,5.199999809265137,0.0515,-0.1225,0.13288529,SARAL_AltiKa
PFZ0030,KARNATAKA,14.568055555555556,73.50222222222222,7.237862361921107,4.11,2.636,7.37,242.27,,,302.51,,294.8954439355065,25.0,D,,3.0,ARB,0.2208078354597091,5.400000095367432,0.047500003,-0.10050001,0.1111598,SARAL_AltiKa
PFZ0031,KARNATAKA,14.493055555555555,73.4475,2.1273390785671733,4.17,2.1750000000000003,7.32,242.09,,,302.5,,286.2223366169179,25.0,D,,3.0,ARB,0.2208078354597091,5.400000095367432,0.047500003,-0.10050001,0.1111598,SARAL_AltiKa
PFZ0032,KARNATAKA,14.3575,73.97722222222222,51.83734778125634,4.3,1.959,7.17,242.20000000000002,,,302.49,,335.1611346148864,25.0,D,,3.0,ARB,0.2666666805744171,0.4000000059604645,0.054500002,-0.0355,0.065042295,SARAL_AltiKa
PFZ0033,KARNATAKA,14.252222222222224,73.98666666666666,50.270709493421855,4.58,1.983,7.15,242.18,,,302.49,,333.07878821459985,25.0,D,,3.0,ARB,0.2666666805744171,0.4000000059604645,0.054500002,-0.0355,0.065042295,SARAL_AltiKa
PFZ0034,KARNATAKA,14.149166666666666,74.01083333333334,50.316137140284305,4.58,1.9140000000000001,7.09,241.8,,,302.48,,333.0046147587472,25.0,D,,3.0,ARB,0.2666666805744171,0.4000000059604645,0.054500002,-0.0355,0.065042295,SARAL_AltiKa
PFZ0035,KARNATAKA,14.126944444444446,73.67555555555556,14.602475669862567,4.61,1.851,7.12,241.99,,,302.49,,297.19256267780736,25.0,D,,3.0,ARB,0.211635872721672,4.800000190734863,0.049500003,-0.0825,0.09621071,SARAL_AltiKa
PFZ0036,KARNATAKA,14.079444444444444,73.74138888888889,20.35183698869102,4.58,1.9140000000000001,7.09,241.8,,,302.48,,302.9698132473481,25.0,D,,3.0,ARB,0.2334019392728805,6.599999904632568,0.021000002,-0.065500006,0.06878409,SARAL_AltiKa
PFZ0037,KARNATAKA,14.051944444444445,74.05166666666666,52.35911477843483,4.78,1.84,7.12,241.95000000000002,,,302.48,,335.23099550427537,25.0,D,,3.0,ARB,0.2550275325775146,6.599999904632568,0.0395,-0.044,0.059129097,SARAL_AltiKa
PFZ0038,KARNATAKA,14.043888888888889,73.81555555555555,27.27769194471016,4.73,1.814,7.07,241.71,,,302.48,,310.0277499810617,25.0,D,,3.0,ARB,0.2334019392728805,6.599999904632568,0.021000002,-0.065500006,0.06878409,SARAL_AltiKa
PFZ0039,KARNATAKA,13.9775,73.86361111111111,30.747503387588846,4.78,1.84,7.12,241.95000000000002,,,302.48,,313.8298993404279,25.0,D,,3.0,ARB,0.2334019392728805,6.599999904632568,0.021000002,-0.065500006,0.06878409,SARAL_AltiKa
PFZ0040,KARNATAKA,13.630833333333332,73.70694444444445,5.926137250248682,4.86,1.8760000000000001,7.17,242.67000000000002,,,302.49,,292.96132631727573,25.0,D,,3.0,ARB,0.249965950846672,4.900000095367432,-0.0010000002,-0.041,0.041012194,SARAL_AltiKa
PFZ0041,KARNATAKA,13.575833333333334,73.75277777777778,9.430790666211532,4.73,1.8,7.140000000000001,242.71,,,302.49,,297.7079907080866,25.0,D,,3.0,ARB,0.228747546672821,4.599999904632568,-0.010500001,-0.009500001,0.014159803,SARAL_AltiKa
PFZ0042,KARNATAKA,13.551666666666668,73.81972222222223,16.131182271810943,4.75,1.948,7.1000000000000005,242.72,,,302.49,,304.8951070156681,25.0,D,,3.0,ARB,0.228747546672821,4.599999904632568,-0.010500001,-0.009500001,0.014159803,SARAL_AltiKa
PFZ0043,KARNATAKA,13.4975,73.86527777777778,19.592938715226826,4.65,1.954,7.0600000000000005,242.74,,,302.49,,309.8012766007115,25.0,D,,3.0,ARB,0.228747546672821,4.599999904632568,-0.010500001,-0.009500001,0.014159803,SARAL_AltiKa
PFZ0044,KARNATAKA,13.209444444444443,73.52472222222222,23.44276485850073,4.44,1.967,6.9,242.46,,,302.5,,275.04743987882665,25.0,D,,3.0,ARB,0.2004109472036361,5.199999809265137,-0.042500004,0.0465,0.06299604,SARAL_AltiKa
PFZ0045,KARNATAKA,13.16388888888889,73.57027777777778,19.779183331586097,4.53,1.926,6.8500000000000005,242.26,,,302.5,,280.5980306767949,25.0,D,,3.0,ARB,0.2004109472036361,5.199999809265137,-0.042500004,0.0465,0.06299604,SARAL_AltiKa
PFZ0046,KARNATAKA,13.105833333333331,73.59805555555555,18.254723969100166,4.6000000000000005,1.891,6.84,241.83,,,302.5,,284.532911529872,25.0,D,,3.0,ARB,0.194387674331665,4.199999809265137,-0.0255,0.034500003,0.04290105,SARAL_AltiKa
PFZ0047,KARNATAKA,13.054722222222225,73.64444444444445,14.63954139914132,4.6000000000000005,1.831,6.83,241.38,,,302.51,,290.4380774477771,25.0,D,,3.0,ARB,0.201711505651474,4.599999904632568,-0.0405,0.0505,0.06473407,SARAL_AltiKa
PFZ0048,KERALA,12.73,74.48555555555555,66.57715926014683,4.08,1.772,6.97,239.25,,,302.53000000000003,,387.04937865771774,25.0,D,,3.0,ARB,,,0.039,0.017,0.042544097,SARAL_AltiKa
PFZ0049,KERALA,12.673055555555557,74.45027777777779,61.51342651170764,4.08,1.772,6.97,239.25,,,302.53000000000003,,384.82998842704075,25.0,D,,3.0,ARB,,,0.039,0.017,0.042544097,SARAL_AltiKa
PFZ0050,KERALA,12.6075,74.43583333333333,58.41974516060244,3.77,1.7530000000000001,7.0600000000000005,238.96,,,302.54,,385.1719530972624,25.0,D,,3.0,ARB,0.2160360366106033,8.300000190734863,0.044,0.0435,0.06187285,SARAL_AltiKa
PFZ0051,KERALA,12.54,74.43055555555556,56.26784784066067,3.73,1.835,7.13,238.65,,,302.54,,386.6723386356551,25.0,D,,3.0,ARB,0.2160360366106033,8.300000190734863,0.044,0.0435,0.06187285,SARAL_AltiKa
PFZ0052,KERALA,12.473888888888888,74.435,55.18197310779271,3.87,1.974,7.18,238.32,,,302.54,,389.2730055598248,25.0,D,,3.0,ARB,0.2160360366106033,8.300000190734863,0.044,0.0435,0.06187285,SARAL_AltiKa
PFZ0053,KERALA,12.470277777777778,74.69583333333334,82.64789679779055,4.13,1.752,7.23,237.89000000000001,,,302.55,,416.4875232795222,25.0,D,,3.0,ARB,,,0.0595,-0.017,0.06188094,SARAL_AltiKa
PFZ0054,KERALA,12.459722222222222,74.76027777777777,89.18459229781288,4.62,1.868,7.3,237.46,,,302.55,,423.5324506012829,25.0,D,,3.0,ARB,,,0.0595,-0.017,0.06188094,SARAL_AltiKa
PFZ0055,KERALA,12.4575,74.62972222222221,75.34770490983401,4.13,1.752,7.23,237.89000000000001,,,302.55,,410.0143175143108,25.0,D,,3.0,ARB,,,0.0595,-0.017,0.06188094,SARAL_AltiKa
PFZ0056,KERALA,12.450833333333332,74.49666666666667,61.06505077288331,4.13,1.752,7.23,237.89000000000001,,,302.55,,396.4292042867112,25.0,D,,3.0,ARB,0.2160360366106033,8.300000190734863,0.044,0.0435,0.06187285,SARAL_AltiKa
PFZ0057,KERALA,12.445833333333333,74.56333333333333,68.03952003147812,4.13,1.752,7.23,237.89000000000001,,,302.55,,403.5031879988374,25.0,D,,3.0,ARB,0.2160360366106033,8.300000190734863,0.044,0.0435,0.06187285,SARAL_AltiKa
PFZ0058,KERALA,12.1975,74.85305555555556,92.79212519751147,4.88,1.945,7.74,236.17000000000002,,,302.57,,442.09473670425183,25.0,D,,3.0,ARB,,,0.032,-0.0145,0.035131898,SARAL_AltiKa
PFZ0059,KERALA,12.138333333333334,74.85527777777777,91.62169489258896,4.41,1.805,7.76,235.86,,,302.57,,444.5653563524032,25.0,D,,3.0,ARB,,,0.032,-0.0145,0.035131898,SARAL_AltiKa
PFZ0060,KERALA,12.080833333333333,74.8425,88.90386754379004,4.5,1.722,7.72,235.53,,,302.56,,445.5311404378183,25.0,D,,3.0,ARB,0.065200001001358,2.5999999046325684,-0.0075000003,-0.0034999996,0.008276473,SARAL_AltiKa
PFZ0061,KERALA,12.024444444444445,74.82388888888889,85.60975360098442,4.5600000000000005,1.806,7.7,235.19,,,302.56,,445.9554663803647,25.0,D,,3.0,ARB,0.065200001001358,2.5999999046325684,-0.0075000003,-0.0034999996,0.008276473,SARAL_AltiKa
PFZ0062,KERALA,11.966944444444444,74.81,82.80201493388563,4.75,1.802,7.69,234.74,,,302.55,,446.9970002482782,25.0,D,,3.0,ARB,0.065200001001358,2.5999999046325684,-0.0075000003,-0.0034999996,0.008276473,SARAL_AltiKa
PFZ0063,KERALA,11.910555555555556,74.82194444444444,82.75184728451173,5.0600000000000005,1.693,7.67,234.02,,,302.55,,450.6583123157348,25.0,D,,3.0,ARB,0.065200001001358,2.5999999046325684,-0.0075000003,-0.0034999996,0.008276473,SARAL_AltiKa
PFZ0064,KERALA,11.875833333333334,74.86916666666666,86.88973778246655,5.0600000000000005,1.693,7.67,234.02,,,302.55,,456.9124412140374,25.0,D,,3.0,ARB,0.065200001001358,2.5999999046325684,-0.0075000003,-0.0034999996,0.008276473,SARAL_AltiKa
PFZ0065,KERALA,11.845277777777778,74.92,91.54525399540134,4.87,1.772,7.66,233.28,,,302.54,,463.3442030585925,25.0,D,,3.0,ARB,,,0.011499997,-0.050500005,0.05179286,SARAL_AltiKa
PFZ0066,KERALA,11.808611111111112,74.96638888888889,95.6328335279228,4.73,1.852,7.66,232.52,,,302.54,,469.6125787324876,25.0,D,,3.0,ARB,,,0.011499997,-0.050500005,0.05179286,SARAL_AltiKa
PFZ0067,KERALA,11.766666666666667,75.00805555555556,99.06323626311242,4.73,1.852,7.66,232.52,,,302.54,,475.6605889422236,25.0,D,,3.0,ARB,,,0.011499997,-0.050500005,0.05179286,SARAL_AltiKa
PFZ0068,KERALA,11.693888888888887,75.29333333333334,127.6252002618808,,,,,,,,,461.69294689869895,25.0,,,3.0,BOB,,,-0.015000002,-0.0675,0.06914659,NO_NEARBY_SARAL
PFZ0069,KERALA,11.692222222222222,75.3175,130.13199684990067,,,,,,,,,459.2903204823094,25.0,,,3.0,BOB,,,-0.015000002,-0.0675,0.06914659,NO_NEARBY_SARAL
PFZ0070,KERALA,11.689444444444444,75.26944444444445,124.98422271979356,,,,,,,,,463.75075170474133,25.0,,,3.0,BOB,,,-0.015000002,-0.0675,0.06914659,NO_NEARBY_SARAL
PFZ0071,KERALA,11.675,75.25027777777778,122.58760118992419,,,,,,,,,464.8401939475894,25.0,,,3.0,BOB,,,-0.015000002,-0.0675,0.06914659,NO_NEARBY_SARAL
PFZ0072,KERALA,11.655833333333334,75.23555555555555,120.55111735133873,,,,,,,,,465.2703435098711,25.0,,,3.0,BOB,,,-0.015000002,-0.0675,0.06914659,NO_NEARBY_SARAL
PFZ0073,KERALA,11.636388888888888,75.2213888888889,118.59179568028199,,,,,,,,,465.6476435720502,25.0,,,3.0,BOB,,,-0.015000002,-0.0675,0.06914659,NO_NEARBY_SARAL
PFZ0074,KERALA,11.61888888888889,75.20444444444445,116.40401163947972,,,,,,,,,466.4075698980143,25.0,,,3.0,BOB,,,0.025500003,-0.1295,0.13198674,NO_NEARBY_SARAL
PFZ0075,KERALA,11.6075,75.18305555555555,113.88429068148281,,,,,,,,,467.9187880371268,25.0,,,3.0,BOB,,,0.025500003,-0.1295,0.13198674,NO_NEARBY_SARAL
PFZ0076,KERALA,11.599166666666669,75.16027777777778,111.27008461847478,,,,,,,,,469.726662054091,25.0,,,3.0,BOB,,,0.025500003,-0.1295,0.13198674,NO_NEARBY_SARAL
PFZ0077,KERALA,11.59388888888889,75.13666666666667,108.63942362258328,,,,,,,,,471.7738042539197,25.0,,,3.0,BOB,,,0.025500003,-0.1295,0.13198674,NO_NEARBY_SARAL
PFZ0078,KERALA,11.48,75.19805555555556,112.47213600023474,,,,,,,,,460.26583187058327,25.0,,,3.0,BOB,,,0.025500003,-0.1295,0.13198674,NO_NEARBY_SARAL
PFZ0079,KERALA,11.443055555555556,75.23027777777779,114.9795191149361,,,,,,,,,455.34825329464246,25.0,,,3.0,BOB,,,0.025500003,-0.1295,0.13198674,NO_NEARBY_SARAL
PFZ0080,KERALA,11.393055555555556,75.22472222222223,113.20203711905963,,,,,,,,,453.59352227618183,25.0,,,3.0,BOB,,,0.025500003,-0.1295,0.13198674,NO_NEARBY_SARAL
PFZ0081,KERALA,11.3675,75.43583333333333,135.03083379671676,,,,,,,,,431.49065051056834,25.0,,,3.0,BOB,,,0.0045000017,-0.16200002,0.16206251,NO_NEARBY_SARAL
PFZ0082,KERALA,11.358611111111111,75.48555555555555,140.12828570949057,,,,,,,,,426.1655433413256,25.0,,,3.0,BOB,,,0.0045000017,-0.16200002,0.16206251,NO_NEARBY_SARAL
PFZ0083,KERALA,11.35,75.39277777777778,130.05026230679024,,,,,,,,,434.9312433035922,25.0,,,3.0,BOB,,,0.0045000017,-0.16200002,0.16206251,NO_NEARBY_SARAL
PFZ0084,KERALA,11.345833333333331,75.23666666666666,113.3720019431883,,,,,,,,,450.27589348093153,25.0,,,3.0,BOB,0.2855203449726105,7.900000095367432,0.014500001,-0.109000005,0.10996023,NO_NEARBY_SARAL
PFZ0085,KERALA,11.311944444444444,75.27333333333333,116.4840737709082,,,,,,,,,445.1067348355161,25.0,,,3.0,BOB,0.2855203449726105,7.900000095367432,0.014500001,-0.109000005,0.10996023,NO_NEARBY_SARAL
PFZ0086,KERALA,11.305833333333334,75.36972222222222,126.56082414811274,,,,,,,,,435.2062916827341,25.0,,,3.0,BOB,0.2855203449726105,7.900000095367432,0.014500001,-0.109000005,0.10996023,NO_NEARBY_SARAL
PFZ0087,KERALA,11.296944444444444,75.32083333333333,121.15809215126512,,,,,,,,,439.6913395479535,25.0,,,3.0,BOB,0.2855203449726105,7.900000095367432,0.014500001,-0.109000005,0.10996023,NO_NEARBY_SARAL
PFZ0088,KERALA,10.8175,75.415,119.90179054938426,,,,,,,,,411.4637484851369,25.0,,,3.0,BOB,0.3016064167022705,7.099999904632568,0.054,-0.16100001,0.16981462,NO_NEARBY_SARAL
PFZ0089,KERALA,10.801111111111112,75.45916666666668,124.17895619262605,,,,,,,,,406.3164381557085,25.0,,,3.0,BOB,0.3016064167022705,7.099999904632568,0.054,-0.16100001,0.16981462,NO_NEARBY_SARAL
PFZ0090,KERALA,10.781111111111112,75.67694444444444,146.8946387620377,,,,,,,,,382.969897126716,25.0,,,3.0,BOB,,,0.068,-0.1365,0.1525,NO_NEARBY_SARAL
PFZ0091,KERALA,10.763333333333334,75.48833333333333,126.41718807268161,,,,,,,,,402.0414595467867,25.0,,,3.0,BOB,0.3016064167022705,7.099999904632568,0.054,-0.16100001,0.16981462,NO_NEARBY_SARAL
PFZ0092,KERALA,10.756666666666666,75.63583333333334,141.9540880427174,,,,,,,,,386.42210928964295,25.0,,,3.0,BOB,,,0.068,-0.1365,0.1525,NO_NEARBY_SARAL
PFZ0093,KERALA,10.721388888888889,75.51166666666667,127.91909496977168,,,,,,,,,398.27136475248005,25.0,,,3.0,BOB,0.3016064167022705,7.099999904632568,0.054,-0.16100001,0.16981462,NO_NEARBY_SARAL
PFZ0094,KERALA,10.71111111111111,75.63222222222221,140.48791307879594,,,,,,,,,385.3157825242397,25.0,,,3.0,BOB,,,0.068,-0.1365,0.1525,NO_NEARBY_SARAL
PFZ0095,KERALA,10.680833333333332,75.53777777777778,129.7187509988616,,,,,,,,,394.2858852646224,25.0,,,3.0,BOB,0.3016064167022705,7.099999904632568,0.054,-0.16100001,0.16981462,NO_NEARBY_SARAL
PFZ0096,KERALA,10.668055555555554,75.62472222222222,138.70475065943518,,,,,,,,,384.7584288629675,25.0,,,3.0,BOB,0.3016064167022705,7.099999904632568,0.054,-0.16100001,0.16981462,NO_NEARBY_SARAL
PFZ0097,KERALA,10.658055555555556,75.57805555555555,133.5002339439518,,,,,,,,,389.36435193673566,25.0,,,3.0,BOB,0.3016064167022705,7.099999904632568,0.054,-0.16100001,0.16981462,NO_NEARBY_SARAL
PFZ0098,KERALA,10.344166666666668,75.78222222222222,147.8541259937134,,,,,,,,,359.54443058685047,25.0,,,3.0,BOB,,,0.0245,-0.089,0.092310615,NO_NEARBY_SARAL
PFZ0099,KERALA,10.33,75.82694444444444,152.3176957780954,,,,,,,,,354.439832763056,25.0,,,3.0,BOB,,,0.0245,-0.089,0.092310615,NO_NEARBY_SARAL
PFZ0100,KERALA,10.299722222222222,75.86361111111111,155.4875692648565,,,,,,,,,349.8635444085458,25.0,,,3.0,BOB,,,0.0245,-0.089,0.092310615,NO_NEARBY_SARAL
PFZ0101,KERALA,10.262222222222222,75.89277777777778,157.71983199704758,,,,,,,,,345.97049392587064,25.0,,,3.0,BOB,,,0.08050001,-0.072500005,0.10833514,NO_NEARBY_SARAL
PFZ0102,KERALA,10.21861111111111,75.9113888888889,158.70571252848302,,,,,,,,,343.14042973432305,25.0,,,3.0,BOB,,,0.08050001,-0.072500005,0.10833514,NO_NEARBY_SARAL
PFZ0103,KERALA,10.171666666666669,75.91777777777779,158.27319936930488,,,,,,,,,341.6346277254657,25.0,,,3.0,BOB,,,0.08050001,-0.072500005,0.10833514,NO_NEARBY_SARAL
PFZ0104,KERALA,10.124166666666667,75.91527777777779,156.87666118394438,,,,,,,,,341.1593974410751,25.0,,,3.0,BOB,,,0.041500002,-0.056500003,0.070103504,NO_NEARBY_SARAL
PFZ0105,KERALA,10.078055555555554,75.90444444444445,154.6491157867414,,,,,,,,,341.6897962787547,25.0,,,3.0,BOB,,,0.041500002,-0.056500003,0.070103504,NO_NEARBY_SARAL
PFZ0106,KERALA,10.034166666666666,75.88555555555556,151.61167118829147,,,,,,,,,343.2034189484316,25.0,,,3.0,BOB,,,0.041500002,-0.056500003,0.070103504,NO_NEARBY_SARAL
PFZ0107,KERALA,9.995555555555557,75.85833333333333,147.78208980747368,,,,,,,,,345.7538837531299,25.0,,,3.0,BOB,0.2816155552864074,7.400000095367432,-0.0019999994,-0.054,0.054037027,NO_NEARBY_SARAL
PFZ0108,KERALA,9.44888888888889,75.96833333333333,146.69237700233796,,,,,,,,,333.57948552721484,25.0,,,3.0,BOB,,,-0.0605,-0.020499999,0.06387879,NO_NEARBY_SARAL
PFZ0109,KERALA,9.428888888888888,76.00111111111111,149.72161164033264,,,,,,,,,330.20351717079774,25.0,,,3.0,BOB,,,-0.0605,-0.020499999,0.06387879,NO_NEARBY_SARAL
PFZ0110,KERALA,9.398333333333332,76.02472222222222,151.53525522209895,,,,,,,,,327.97007550965543,25.0,,,3.0,BOB,,,-0.0605,-0.020499999,0.06387879,NO_NEARBY_SARAL
PFZ0111,KERALA,9.361944444444443,76.03722222222223,152.02353660998773,,,,,,,,,327.0640893346062,25.0,,,3.0,BOB,0.0437500029802322,0.3000000119209289,-0.1275,0.026,0.13012397,NO_NEARBY_SARAL
PFZ0112,KERALA,9.323333333333332,76.03944444444444,151.33608734950275,,,,,,,,,327.3616911486664,25.0,,,3.0,BOB,0.0437500029802322,0.3000000119209289,-0.1275,0.026,0.13012397,NO_NEARBY_SARAL
PFZ0113,KERALA,9.299444444444443,76.17027777777778,164.77780140051814,,,,,,,,,313.51413816835753,25.0,,,3.0,BOB,,,-0.08400001,0.029,0.08886507,NO_NEARBY_SARAL
PFZ0114,KERALA,9.28888888888889,76.02388888888889,148.89243632021154,,,,,,,,,329.57919218658446,25.0,,,3.0,BOB,0.0437500029802322,0.3000000119209289,-0.1275,0.026,0.13012397,NO_NEARBY_SARAL
PFZ0115,KERALA,9.260277777777778,75.99805555555555,145.43334670309028,,,,,,,,,332.85113739883076,25.0,,,3.0,BOB,0.0437500029802322,0.3000000119209289,-0.1275,0.026,0.13012397,NO_NEARBY_SARAL
PFZ0116,KERALA,9.251944444444444,76.18583333333333,165.34820298211378,,,,,,,,,312.6446511318503,25.0,,,3.0,BOB,,,-0.08400001,0.029,0.08886507,NO_NEARBY_SARAL
PFZ0117,KERALA,9.222777777777775,75.98861111111111,143.55317253928138,,,,,,,,,334.52949307203556,25.0,,,3.0,BOB,0.0437500029802322,0.3000000119209289,-0.1275,0.026,0.13012397,NO_NEARBY_SARAL
PFZ0118,KERALA,9.2175,76.22277777777778,168.47058789942747,,,,,,,,,309.30142074293224,25.0,,,3.0,BOB,,,-0.08400001,0.029,0.08886507,NO_NEARBY_SARAL
PFZ0119,KERALA,9.186388888888889,75.9775,141.49128418164284,,,,,,,,,336.41317535678627,25.0,,,3.0,BOB,0.0437500029802322,0.3000000119209289,-0.1275,0.026,0.13012397,NO_NEARBY_SARAL
PFZ0120,KERALA,9.171388888888888,76.2388888888889,169.10639456828486,,,,,,,,,308.51671842373804,25.0,,,3.0,BOB,,,-0.08400001,0.029,0.08886507,NO_NEARBY_SARAL
PFZ0121,KERALA,9.158611111111112,75.95055555555555,137.9592703376408,,,,,,,,,339.8727231067124,25.0,,,3.0,BOB,0.0437500029802322,0.3000000119209289,-0.1275,0.026,0.13012397,NO_NEARBY_SARAL
PFZ0122,KERALA,9.12138888888889,76.23194444444445,167.19979169132225,,,,,,,,,310.3905078915856,25.0,,,3.0,BOB,,,-0.0635,0.056500003,0.08499706,NO_NEARBY_SARAL
PFZ0123,KERALA,9.078888888888889,76.205,163.32397872454106,,,,,,,,,314.30536222214255,25.0,,,3.0,BOB,,,-0.0635,0.056500003,0.08499706,NO_NEARBY_SARAL
PFZ0124,KERALA,9.04,76.1725,158.92271448034788,,,,,,,,,318.7690174896168,25.0,,,3.0,BOB,,,-0.0635,0.056500003,0.08499706,NO_NEARBY_SARAL
PFZ0125,KERALA,8.99472222222222,76.15083333333334,155.56481233753942,,,,,,,,,322.2901940230515,25.0,,,3.0,BOB,,,-0.0635,0.056500003,0.08499706,NO_NEARBY_SARAL
PFZ0126,KERALA,8.945277777777777,76.14083333333333,153.3066920936392,,,,,,,,,324.75292869624656,25.0,,,3.0,BOB,,,-0.0635,0.056500003,0.08499706,NO_NEARBY_SARAL
PFZ0127,KERALA,8.89472222222222,76.13972222222223,151.9945366791221,,,,,,,,,326.3895624084652,25.0,,,3.0,BOB,,,-0.0635,0.056500003,0.08499706,NO_NEARBY_SARAL
PFZ0128,KERALA,8.684166666666666,76.33277777777778,167.73093621245883,,,,,,,,,313.80272417695096,25.0,,,3.0,BOB,,,-0.06600001,0.1575,0.17076959,NO_NEARBY_SARAL
PFZ0129,KERALA,8.642222222222221,76.36222222222221,169.9177553338229,,,,,,,,,312.5304658937871,25.0,,,3.0,BOB,,,-0.06600001,0.1575,0.17076959,NO_NEARBY_SARAL
PFZ0130,KERALA,8.596111111111112,76.38444444444445,168.09562548438655,,,,,,,,,312.268326027365,25.0,,,3.0,BOB,,,0.0010000002,0.22150001,0.22150226,NO_NEARBY_SARAL
PFZ0131,KERALA,8.546111111111111,76.39527777777778,165.77383698627486,,,,,,,,,313.4278072489079,25.0,,,3.0,BOB,,,0.0010000002,0.22150001,0.22150226,NO_NEARBY_SARAL
PFZ0132,KERALA,8.495555555555555,76.38694444444445,165.46166648653067,,,,,,,,,316.6174477686839,25.0,,,3.0,BOB,,,0.0010000002,0.22150001,0.22150226,NO_NEARBY_SARAL
PFZ0133,KERALA,8.446388888888889,76.37249999999999,165.84735363915755,,,,,,,,,320.41306914575864,25.0,,,3.0,BOB,0.1763485968112945,5.599999904632568,-0.065000005,0.24900001,0.25734413,NO_NEARBY_SARAL
PFZ0134,KERALA,8.395833333333332,76.36361111111111,164.30083598487548,,,,,,,,,323.78847017026925,25.0,,,3.0,BOB,0.1763485968112945,5.599999904632568,-0.065000005,0.24900001,0.25734413,NO_NEARBY_SARAL
PFZ0135,KERALA,8.348333333333334,76.37944444444443,162.82748760348662,,,,,,,,,324.6625277396043,25.0,,,3.0,BOB,0.180272102355957,8.800000190734863,0.071,0.23500001,0.24549136,NO_NEARBY_SARAL
PFZ0136,KERALA,8.31638888888889,76.41944444444445,157.75892634220446,,,,,,,,,322.4657081630519,25.0,,,3.0,BOB,0.180272102355957,8.800000190734863,0.071,0.23500001,0.24549136,NO_NEARBY_SARAL
PFZ0137,KERALA,8.283333333333333,76.45833333333334,152.824395871378,,,,,,,,,320.5201136967207,25.0,,,3.0,BOB,0.180272102355957,8.800000190734863,0.071,0.23500001,0.24549136,NO_NEARBY_SARAL
PFZ0138,KERALA,8.222222222222223,76.91833333333334,102.0431457374309,,,,,,,,,281.5617762446457,25.0,,,3.0,BOB,,,0.026000002,0.17850001,0.18038362,NO_NEARBY_SARAL
PFZ0139,KERALA,8.196388888888889,76.92722222222223,100.45790043029554,,,,,,,,,282.4666542981839,25.0,,,3.0,BOB,,,0.026000002,0.17850001,0.18038362,NO_NEARBY_SARAL
PFZ0140,KERALA,8.171111111111111,76.9375,98.80108311027024,7.49,1.684,5.18,219.23000000000002,,,301.88,,283.24176640884986,25.0,,,3.0,BOB,,,0.026000002,0.17850001,0.18038362,SARAL_AltiKa
PFZ0141,KERALA,8.154166666666667,76.60916666666667,133.59250403656367,,,,,,,,,313.87037421176547,25.0,,,3.0,BOB,0.180272102355957,8.800000190734863,0.071,0.23500001,0.24549136,NO_NEARBY_SARAL
PFZ0142,KERALA,8.1525,76.9575,96.20042866209026,7.15,1.697,5.3100000000000005,220.78,,,301.88,,282.74680689712426,25.0,,,3.0,BOB,,,0.026000002,0.17850001,0.18038362,SARAL_AltiKa
PFZ0143,KERALA,8.135555555555555,76.97916666666667,93.45012618021893,7.15,1.697,5.3100000000000005,220.78,,,301.88,,282.0242689551788,25.0,,,3.0,BOB,,,0.026000002,0.17850001,0.18038362,SARAL_AltiKa
PFZ0144,KERALA,8.125277777777779,76.65055555555556,128.46564771685198,,,,,,,,,311.8767797958357,25.0,,,3.0,BOB,,,0.0925,0.186,0.2077312,NO_NEARBY_SARAL
PFZ0145,KERALA,8.113333333333333,76.99472222222222,91.25279806291535,7.15,1.697,5.3100000000000005,220.78,,,301.88,,282.22448497402945,25.0,,,3.0,BOB,,,0.0010000002,0.161,0.16100311,SARAL_AltiKa
PFZ0146,KERALA,8.086944444444445,77.00277777777778,89.82175868381098,7.0,1.735,5.43,221.85,,,301.88,,283.3883534133252,25.0,,,3.0,BOB,,,0.0010000002,0.161,0.16100311,SARAL_AltiKa
PFZ0147,KERALA,8.086388888888889,76.68416666666667,123.96903886071416,,,,,,,,,311.31132213031015,25.0,,,3.0,BOB,0.0326781310141086,2.4000000953674316,0.058000002,0.23900001,0.24593699,NO_NEARBY_SARAL
PFZ0148,KERALA,8.061944444444444,77.01361111111112,88.00843697973657,7.0,1.735,5.43,221.85,,,301.88,,284.24680825164495,25.0,,,3.0,BOB,,,0.0010000002,0.161,0.16100311,SARAL_AltiKa
PFZ0149,KERALA,8.055555555555557,77.03888888888889,85.14327783377591,7.0,1.735,5.43,221.85,,,301.88,,282.5810804709258,25.0,,,3.0,BOB,,,0.0010000002,0.161,0.16100311,SARAL_AltiKa
PFZ0150,KERALA,8.045277777777777,76.715,119.66303954448259,,,,,,,,,311.24101214949394,25.0,,,3.0,BOB,0.0326781310141086,2.4000000953674316,0.058000002,0.23900001,0.24593699,NO_NEARBY_SARAL
PFZ0151,KERALA,8.036388888888888,77.05777777777777,82.66173400140359,7.0,1.735,5.43,221.85,,,301.88,,282.39774054521405,25.0,,,3.0,BOB,,,0.0010000002,0.161,0.16100311,SARAL_AltiKa
PFZ0152,KERALA,7.998333333333333,76.735,116.411659257838,,,,,,,,,312.6155552103855,25.0,,,3.0,BOB,0.0326781310141086,2.4000000953674316,0.058000002,0.23900001,0.24593699,NO_NEARBY_SARAL
PFZ0153,KERALA,7.947777777777778,76.74194444444444,114.50374087342436,,,,,,,,,315.4623117776407,25.0,,,3.0,BOB,0.0326781310141086,2.4000000953674316,0.058000002,0.23900001,0.24593699,NO_NEARBY_SARAL
PFZ0154,KERALA,7.916388888888889,76.70472222222223,117.72555819656303,,,,,,,,,320.8426741832099,25.0,,,3.0,BOB,0.0326781310141086,2.4000000953674316,0.058000002,0.23900001,0.24593699,NO_NEARBY_SARAL
PFZ0155,KERALA,7.904166666666667,76.65472222222223,122.84003773699227,,,,,,,,,326.0128760929859,25.0,,,3.0,BOB,0.0326781310141086,2.4000000953674316,0.058000002,0.23900001,0.24593699,NO_NEARBY_SARAL
PFZ0156,KERALA,7.895555555555555,76.60416666666666,128.02784926560497,,,,,,,,,331.0033248998763,25.0,,,3.0,BOB,0.1426419764757156,4.800000190734863,0.08800001,0.28100002,0.29445714,NO_NEARBY_SARAL
PFZ0157,KERALA,7.895277777777777,76.55277777777778,133.53468980591916,,,,,,,,,335.53032248370846,25.0,,,3.0,BOB,0.1426419764757156,4.800000190734863,0.08800001,0.28100002,0.29445714,NO_NEARBY_SARAL
PFZ0158,LAKSHADWEEP,12.21888888888889,71.78472222222221,231.69850171070442,,,,,,,,,165.91923030812168,25.0,D,,3.0,ARB,0.1495551615953445,6.300000190734863,0.068500005,0.055,0.08784788,NO_NEARBY_SARAL
PFZ0159,LAKSHADWEEP,11.857777777777777,72.41527777777779,173.8106630029532,,,,,,,,,238.57093917839796,25.0,D,,3.0,ARB,0.2002814263105392,7.599999904632568,0.0885,0.098000005,0.1320464,NO_NEARBY_SARAL
PFZ0160,LAKSHADWEEP,11.688611111111111,72.53555555555555,165.22270965672845,,,,,,,,,261.4082106613918,25.0,D,,3.0,ARB,0.2002814263105392,7.599999904632568,0.0885,0.098000005,0.1320464,NO_NEARBY_SARAL
PFZ0161,LAKSHADWEEP,11.676666666666666,71.76222222222222,247.57469154651724,,,,,,,,,218.96865979589245,25.0,D,,3.0,ARB,0.1414785385131836,5.099999904632568,0.19350001,0.0375,0.19710024,NO_NEARBY_SARAL
PFZ0162,LAKSHADWEEP,11.634444444444444,71.88861111111112,235.21053583877338,,,,,,,,,228.7608706153665,25.0,D,,3.0,ARB,0.1491445153951645,4.599999904632568,0.165,0.0675,0.17827298,NO_NEARBY_SARAL
PFZ0163,LAKSHADWEEP,11.494166666666668,72.67277777777778,155.43653091963094,,,,,,,,,287.6105198796599,25.0,D,,3.0,ARB,,,0.08400001,0.12300001,0.14894632,NO_NEARBY_SARAL
PFZ0164,LAKSHADWEEP,11.388055555555557,72.66166666666668,159.2346383759399,,,,,,,,,296.13954859341004,25.0,D,,3.0,ARB,,,0.08400001,0.12300001,0.14894632,NO_NEARBY_SARAL
PFZ0165,LAKSHADWEEP,11.13277777777778,73.22805555555556,105.27727149863375,,,,,,,,,357.5793891498651,25.0,D,,3.0,ARB,0.2320329546928405,7.0,0.012000002,0.045,0.046572525,NO_NEARBY_SARAL
PFZ0166,LAKSHADWEEP,11.085277777777778,72.34444444444443,200.3885575165808,,,,,,,,,305.6583748518905,25.0,D,,3.0,ARB,,,0.064500004,0.0535,0.08380036,NO_NEARBY_SARAL
PFZ0167,LAKSHADWEEP,11.081944444444444,72.52361111111111,181.43237821546637,,,,,,,,,315.73886544494457,25.0,D,,3.0,ARB,,,0.0485,0.09200001,0.10400121,NO_NEARBY_SARAL
PFZ0168,LAKSHADWEEP,11.058055555555557,72.20944444444444,215.41859729092369,,,,,,,,,301.6528942436192,25.0,D,,3.0,ARB,,,0.064500004,0.0535,0.08380036,NO_NEARBY_SARAL
PFZ0169,LAKSHADWEEP,10.998888888888889,73.80333333333333,47.36689111623143,4.53,1.784,7.62,223.67000000000002,,,302.5,,412.45742749942497,25.0,D,,3.0,ARB,0.2600960731506347,7.0,-0.0195,-0.029500004,0.03536241,SARAL_AltiKa
PFZ0170,LAKSHADWEEP,10.747777777777776,72.7825,162.09091031495734,,,,,,,,,362.2157200872834,25.0,D,,3.0,ARB,,,0.0395,0.07700001,0.08654046,NO_NEARBY_SARAL
PFZ0171,LAKSHADWEEP,10.25388888888889,73.44222222222223,103.86456762663032,,,,,,,,,448.2035305357205,25.0,D,,3.0,ARB,0.3166666328907013,7.0,0.014,-0.011000001,0.017804494,NO_NEARBY_SARAL
PFZ0172,LAKSHADWEEP,9.96361111111111,72.4675,214.9374685727455,,,,,,,,,424.43588927074546,25.0,D,,3.0,ARB,0.2054146826267242,11.100000381469728,-0.021000002,0.1445,0.14601798,NO_NEARBY_SARAL
PFZ0173,LAKSHADWEEP,9.959444444444443,72.6,200.91194668465874,,,,,,,,,430.4959064572257,25.0,D,,3.0,ARB,0.2054146826267242,11.100000381469728,-0.021000002,0.1445,0.14601798,NO_NEARBY_SARAL
PFZ0174,LAKSHADWEEP,8.477222222222222,73.19861111111112,173.16799020876624,,,,,,,,,607.8530688552254,,,,,,0.1791924089193344,4.800000190734863,-0.16100001,0.20650001,0.26184586,NO_NEARBY_SARAL
PFZ0175,MAHARASHTRA,19.905277777777776,72.48,30.207454635457626,4.8,1.743,6.9,235.34,,,302.26,,216.9429916929415,90.0,ESCS,962.0,40.0,ARB,,,-0.1715,0.041,0.17633279,SARAL_AltiKa
PFZ0176,MAHARASHTRA,19.90361111111111,72.43194444444445,25.238619962535875,4.8,1.743,6.9,235.34,,,302.26,,212.2313455640148,90.0,ESCS,962.0,40.0,ARB,,,-0.1715,0.041,0.17633279,SARAL_AltiKa
PFZ0177,MAHARASHTRA,19.90138888888889,72.5275,35.04880227834844,4.8,1.743,6.9,235.34,,,302.26,,221.80082170446565,90.0,ESCS,962.0,40.0,ARB,,,-0.1715,0.041,0.17633279,SARAL_AltiKa
PFZ0178,MAHARASHTRA,19.898888888888887,72.38444444444445,20.276885995909407,4.8,1.743,6.9,235.34,,,302.26,,207.6997843614586,90.0,ESCS,962.0,40.0,ARB,,,-0.1715,0.041,0.17633279,SARAL_AltiKa
PFZ0179,MAHARASHTRA,19.891666666666666,72.33749999999999,15.320933065983871,4.8,1.743,6.9,235.34,,,302.26,,203.3375925534419,90.0,ESCS,962.0,40.0,ARB,0.0805598646402359,9.199999809265137,-0.11750001,0.0034999996,0.117552124,SARAL_AltiKa
PFZ0180,MAHARASHTRA,19.868055555555557,72.2961111111111,10.638153797928396,4.8,1.743,6.9,235.34,,,302.26,,200.18925308565736,90.0,ESCS,962.0,40.0,ARB,0.0847908556461334,5.400000095367432,-0.065500006,-0.0405,0.077009745,SARAL_AltiKa
PFZ0181,MAHARASHTRA,19.834444444444443,72.26222222222222,6.778205329113809,4.83,1.7690000000000001,6.96,235.22,,,302.26,,198.2643406906954,90.0,ESCS,962.0,40.0,ARB,0.0847908556461334,5.400000095367432,-0.065500006,-0.0405,0.077009745,SARAL_AltiKa
PFZ0182,MAHARASHTRA,19.793333333333337,72.23805555555556,3.0854691820853812,4.83,1.7690000000000001,6.96,235.22,,,302.26,,197.72030111068648,90.0,ESCS,962.0,40.0,ARB,0.0847908556461334,5.400000095367432,-0.065500006,-0.0405,0.077009745,SARAL_AltiKa
PFZ0183,MAHARASHTRA,19.746944444444445,72.22777777777777,1.0683104291097645,4.61,1.792,7.0,235.1,,,302.26,,198.8767899735624,90.0,ESCS,962.0,40.0,ARB,0.0847908556461334,5.400000095367432,-0.065500006,-0.0405,0.077009745,SARAL_AltiKa
PFZ0184,MAHARASHTRA,19.699166666666667,72.22527777777778,2.830535236232506,4.39,1.7730000000000001,7.05,234.98000000000002,,,302.26,,200.96180265258448,90.0,ESCS,962.0,40.0,ARB,0.0847908556461334,5.400000095367432,-0.065500006,-0.0405,0.077009745,SARAL_AltiKa
PFZ0185,MAHARASHTRA,19.478055555555553,72.38944444444445,10.935683324780186,4.42,1.598,7.18,234.20000000000002,,,302.26,,227.8017231511586,90.0,ESCS,962.0,40.0,ARB,,,0.027,0.068500005,0.07362915,SARAL_AltiKa
PFZ0186,MAHARASHTRA,19.46638888888889,72.42611111111111,14.039900291772401,4.42,1.598,7.18,234.20000000000002,,,302.26,,231.7772471354371,90.0,ESCS,962.0,40.0,ARB,,,0.027,0.068500005,0.07362915,SARAL_AltiKa
PFZ0187,MAHARASHTRA,19.44472222222222,72.45722222222223,16.833206537344456,4.42,1.598,7.18,234.20000000000002,,,302.26,,235.80761285412,90.0,ESCS,962.0,40.0,ARB,,,0.027,0.068500005,0.07362915,SARAL_AltiKa
PFZ0188,MAHARASHTRA,19.409444444444443,72.47222222222223,17.353257736073296,4.55,1.582,7.22,233.97,,,302.26,,239.15331889944937,90.0,ESCS,962.0,40.0,ARB,,,0.027,0.068500005,0.07362915,SARAL_AltiKa
PFZ0189,MAHARASHTRA,19.371944444444445,72.48083333333334,17.603843203667015,4.43,1.657,7.26,233.72,,,302.26,,242.0844702210873,90.0,ESCS,962.0,40.0,ARB,,,0.025,0.016,0.029681645,SARAL_AltiKa
PFZ0190,MAHARASHTRA,19.336388888888887,72.495,17.929777123250865,4.43,1.657,7.26,233.72,,,302.26,,245.43312361056343,90.0,ESCS,962.0,40.0,ARB,,,0.025,0.016,0.029681645,SARAL_AltiKa
PFZ0191,MAHARASHTRA,19.309722222222224,72.5225,20.211438618193398,4.46,1.836,7.3100000000000005,233.49,,,302.26,,249.45613841684377,90.0,ESCS,962.0,40.0,ARB,,,0.025,0.016,0.029681645,SARAL_AltiKa
PFZ0192,MAHARASHTRA,19.289166666666667,72.55499999999999,22.894773578989934,4.46,1.836,7.3100000000000005,233.49,,,302.26,,253.5606591867054,90.0,ESCS,962.0,40.0,ARB,,,0.025,0.016,0.029681645,SARAL_AltiKa
PFZ0193,MAHARASHTRA,19.26638888888889,72.58583333333333,25.693901944871683,4.37,1.813,7.36,233.32,,,302.26,,257.65073844222314,90.0,ESCS,962.0,40.0,ARB,,,0.025,0.016,0.029681645,SARAL_AltiKa
PFZ0194,MAHARASHTRA,19.23611111111111,72.60944444444443,27.17593412672466,4.37,1.813,7.36,233.32,,,302.26,,261.5550410539221,90.0,ESCS,962.0,40.0,ARB,,,0.025,0.016,0.029681645,SARAL_AltiKa
PFZ0195,MAHARASHTRA,19.104444444444447,72.34166666666667,3.8280107286610834,4.5600000000000005,1.7790000000000001,7.4,233.31,,,302.26,,247.3884072561245,90.0,ESCS,962.0,40.0,ARB,0.1531144380569458,5.699999809265137,0.102000006,-0.10100001,0.14354444,SARAL_AltiKa
PFZ0196,MAHARASHTRA,19.09,72.3863888888889,2.7653286685978786,4.68,1.747,7.43,233.31,,,302.26,,252.05212760435265,90.0,ESCS,962.0,40.0,ARB,,,0.0925,-0.08050001,0.122623414,SARAL_AltiKa
PFZ0197,MAHARASHTRA,19.05138888888889,72.41388888888889,3.4479659403826544,4.68,1.747,7.43,233.31,,,302.26,,256.9988476812363,90.0,ESCS,962.0,40.0,ARB,,,0.0925,-0.08050001,0.122623414,SARAL_AltiKa
PFZ0198,MAHARASHTRA,19.00888888888889,72.43472222222222,3.790055103300181,4.72,1.786,7.47,233.33,,,302.26,,261.69013014660476,90.0,ESCS,962.0,40.0,ARB,,,0.0925,-0.08050001,0.122623414,SARAL_AltiKa
PFZ0199,MAHARASHTRA,18.96361111111111,72.44944444444445,4.421701378299289,4.69,1.847,7.51,233.83,,,302.26,,263.03727235769435,80.0,VSCS,970.0,30.0,ARB,,,0.0925,-0.08050001,0.122623414,SARAL_AltiKa
PFZ0200,MAHARASHTRA,18.916944444444447,72.4588888888889,5.084412566703305,4.9,1.895,7.5600000000000005,234.38,,,302.26,,263.083950108088,80.0,VSCS,970.0,30.0,ARB,,,0.0925,-0.08050001,0.122623414,SARAL_AltiKa
PFZ0201,MAHARASHTRA,18.869722222222222,72.46194444444444,3.79498480958113,4.9,1.895,7.5600000000000005,234.38,,,302.26,,262.5632709445437,80.0,VSCS,970.0,30.0,ARB,,,0.079,-0.020000001,0.081492335,SARAL_AltiKa
PFZ0202,MAHARASHTRA,18.822222222222223,72.45944444444444,1.780647955620868,5.18,1.809,7.6000000000000005,234.95000000000002,,,302.26,,261.563504316561,80.0,VSCS,970.0,30.0,ARB,,,0.079,-0.020000001,0.081492335,SARAL_AltiKa
PFZ0203,MAHARASHTRA,18.775277777777777,72.4525,1.8443409873827126,5.39,1.926,7.63,235.45000000000002,,,302.26,,260.2088036286788,80.0,VSCS,970.0,30.0,ARB,,,0.079,-0.020000001,0.081492335,SARAL_AltiKa
PFZ0204,MAHARASHTRA,18.729166666666664,72.4413888888889,3.726622165357501,5.39,1.926,7.63,235.45000000000002,,,302.26,,258.5254056671106,80.0,VSCS,970.0,30.0,ARB,,,0.079,-0.020000001,0.081492335,SARAL_AltiKa
PFZ0205,MAHARASHTRA,18.455555555555556,72.37055555555555,16.571350216943337,5.43,1.8760000000000001,7.65,236.83,,,302.26,,250.0516519373865,80.0,VSCS,970.0,30.0,ARB,0.1656401455402374,4.800000190734863,0.07000001,-0.060500003,0.09252163,SARAL_AltiKa
PFZ0206,MAHARASHTRA,18.439166666666665,72.28444444444445,25.69282658448173,5.43,1.8760000000000001,7.65,236.83,,,302.26,,241.02795418282116,80.0,VSCS,970.0,30.0,ARB,0.1656401455402374,4.800000190734863,0.07000001,-0.060500003,0.09252163,SARAL_AltiKa
PFZ0207,MAHARASHTRA,18.35611111111111,72.26222222222222,29.966446094028,5.68,1.7850000000000001,7.62,237.12,,,302.26,,239.18271137776583,80.0,VSCS,970.0,30.0,ARB,0.1800137907266616,5.0,0.0785,-0.07000001,0.10517724,SARAL_AltiKa
PFZ0208,MAHARASHTRA,18.274166666666662,72.29527777777777,28.460467082040662,5.53,1.828,7.61,237.06,,,302.26,,243.48990715346775,80.0,VSCS,970.0,30.0,ARB,0.1800137907266616,5.0,0.0785,-0.07000001,0.10517724,SARAL_AltiKa
PFZ0209,MAHARASHTRA,18.190277777777776,72.32222222222222,27.883782329137798,5.39,1.7690000000000001,7.59,236.99,,,302.26,,247.50181924145863,80.0,VSCS,970.0,30.0,ARB,0.1800137907266616,5.0,0.0785,-0.07000001,0.10517724,SARAL_AltiKa
PFZ0210,MAHARASHTRA,18.101944444444445,72.30916666666667,31.301509885797117,5.24,1.6600000000000001,7.57,237.08,,,302.26,,247.76370136627648,80.0,VSCS,970.0,30.0,ARB,0.1761807948350906,5.900000095367432,0.050500005,-0.0555,0.07503666,SARAL_AltiKa
PFZ0211,MAHARASHTRA,18.036944444444448,72.25083333333333,38.970626586263435,5.03,1.665,7.5600000000000005,237.29,,,302.26,,243.1778200596152,80.0,VSCS,970.0,30.0,ARB,0.1761807948350906,5.900000095367432,0.050500005,-0.0555,0.07503666,SARAL_AltiKa
PFZ0212,MAHARASHTRA,18.010833333333334,72.16527777777779,48.35135401613399,5.03,1.665,7.5600000000000005,237.29,,,302.26,,235.02839149602943,80.0,VSCS,970.0,30.0,ARB,0.1761807948350906,5.900000095367432,0.050500005,-0.0555,0.07503666,SARAL_AltiKa
PFZ0213,MAHARASHTRA,17.999722222222225,72.0761111111111,57.84033767296012,5.03,1.665,7.5600000000000005,237.29,,,302.26,,226.1863120702348,80.0,VSCS,970.0,30.0,ARB,0.13682422041893,6.400000095367432,0.047000002,-0.0515,0.06972267,SARAL_AltiKa
PFZ0214,MAHARASHTRA,17.995,71.98666666666666,67.12364092389171,5.24,1.6600000000000001,7.57,237.08,,,302.26,,217.1814580003009,80.0,VSCS,970.0,30.0,ARB,0.13682422041893,6.400000095367432,0.047000002,-0.0515,0.06972267,SARAL_AltiKa
PFZ0215,MAHARASHTRA,17.60666666666667,72.69416666666667,4.116080600235254,4.24,1.6420000000000001,7.5,239.5,,,302.33,,301.6475145911682,80.0,VSCS,970.0,30.0,ARB,0.0,0.0,0.089,-0.0135,0.09001805,SARAL_AltiKa
PFZ0216,MAHARASHTRA,17.569166666666668,72.71888888888888,3.355157976258175,4.24,1.6420000000000001,7.5,239.5,,,302.33,,305.5324460554994,80.0,VSCS,970.0,30.0,ARB,0.0,0.0,0.089,-0.0135,0.09001805,SARAL_AltiKa
PFZ0217,MAHARASHTRA,17.52861111111111,72.73777777777778,1.1740993990700803,4.36,1.724,7.49,239.68,,,302.35,,308.99059965879877,80.0,VSCS,970.0,30.0,ARB,0.0,0.0,0.089,-0.0135,0.09001805,SARAL_AltiKa
PFZ0218,MAHARASHTRA,17.485555555555557,72.75055555555555,1.6127408800936867,4.39,1.674,7.48,239.83,,,302.36,,311.9886068624456,80.0,VSCS,970.0,30.0,ARB,0.0,0.0,0.089,-0.0135,0.09001805,SARAL_AltiKa
PFZ0219,MAHARASHTRA,17.441388888888888,72.75916666666667,3.527915375717532,4.51,1.704,7.47,239.97,,,302.37,,314.675432239927,80.0,VSCS,970.0,30.0,ARB,0.0,0.0,0.089,-0.0135,0.09001805,SARAL_AltiKa
PFZ0220,MAHARASHTRA,17.396944444444443,72.76527777777778,2.0773163820376346,4.51,1.704,7.47,239.97,,,302.37,,317.1867304669078,80.0,VSCS,970.0,30.0,ARB,0.0,0.0,0.089,-0.0135,0.09001805,SARAL_AltiKa
PFZ0221,MAHARASHTRA,17.352222222222224,72.7675,2.2926329687747966,4.36,1.7670000000000001,7.45,240.01,,,302.38,,319.39159309728456,80.0,VSCS,970.0,30.0,ARB,0.134848490357399,7.699999809265137,0.036,0.0225,0.042452913,SARAL_AltiKa
PFZ0222,MAHARASHTRA,17.3075,72.76333333333334,4.634119225543964,4.09,1.723,7.44,239.97,,,302.39,,321.04271041571866,80.0,VSCS,970.0,30.0,ARB,0.134848490357399,7.699999809265137,0.036,0.0225,0.042452913,SARAL_AltiKa
PFZ0223,MAHARASHTRA,17.264166666666668,72.75138888888888,6.27283923531929,4.09,1.723,7.44,239.97,,,302.39,,321.95106293051015,80.0,VSCS,970.0,30.0,ARB,0.134848490357399,7.699999809265137,0.036,0.0225,0.042452913,SARAL_AltiKa
PFZ0224,MAHARASHTRA,17.223611111111108,72.7325,9.072996520205894,4.09,1.84,7.42,239.93,,,302.40000000000003,,322.1352688055146,80.0,VSCS,970.0,30.0,ARB,0.134848490357399,7.699999809265137,0.036,0.0225,0.042452913,SARAL_AltiKa
PFZ0225,MAHARASHTRA,17.02,72.86305555555555,2.9255059688029363,4.04,1.794,7.33,236.55,,,302.43,,344.95734317146673,80.0,VSCS,970.0,30.0,ARB,0.2444217652082443,5.599999904632568,-0.014000001,0.0435,0.045697372,SARAL_AltiKa
PFZ0226,MAHARASHTRA,16.980277777777776,72.875,0.5344598565330144,4.11,1.7830000000000001,7.3100000000000005,235.38,,,302.44,,348.2205452271097,80.0,VSCS,970.0,30.0,ARB,,,-0.016,0.031000001,0.03488553,SARAL_AltiKa
PFZ0227,MAHARASHTRA,16.938333333333333,72.87305555555555,2.364482046041783,4.36,1.768,7.36,234.64000000000001,,,302.45,,350.3591486754586,80.0,VSCS,970.0,30.0,ARB,0.2444217652082443,5.599999904632568,-0.014000001,0.0435,0.045697372,SARAL_AltiKa
PFZ0228,MAHARASHTRA,16.897222222222222,72.86305555555555,4.078351683808859,4.36,1.768,7.36,234.64000000000001,,,302.45,,351.7630992943706,80.0,VSCS,970.0,30.0,ARB,0.2444217652082443,5.599999904632568,-0.014000001,0.0435,0.045697372,SARAL_AltiKa
PFZ0229,MAHARASHTRA,16.859166666666667,72.84555555555555,6.194417579817991,4.76,1.806,7.4,234.01,,,302.46,,352.3655428029838,80.0,VSCS,970.0,30.0,ARB,0.2039701342582702,5.800000190734863,-0.015500002,0.007500002,0.017219178,SARAL_AltiKa
PFZ0230,MAHARASHTRA,16.824166666666667,72.82222222222222,9.662214256272005,4.76,1.806,7.4,234.01,,,302.46,,352.3204058331502,80.0,VSCS,970.0,30.0,ARB,0.2039701342582702,5.800000190734863,-0.015500002,0.007500002,0.017219178,SARAL_AltiKa
PFZ0231,MAHARASHTRA,16.791666666666668,72.79555555555555,13.062796591894763,4.67,1.711,7.43,233.48000000000002,,,302.47,,351.8857016601281,80.0,VSCS,970.0,30.0,ARB,0.2039701342582702,5.800000190734863,-0.015500002,0.007500002,0.017219178,SARAL_AltiKa
PFZ0232,MAHARASHTRA,16.764444444444443,72.76361111111112,16.922605247465256,4.67,1.711,7.43,233.48000000000002,,,302.47,,350.71600449864764,80.0,VSCS,970.0,30.0,ARB,0.2039701342582702,5.800000190734863,-0.015500002,0.007500002,0.017219178,SARAL_AltiKa
PFZ0233,MAHARASHTRA,16.741944444444446,72.72916666666667,21.139059628193998,4.67,1.711,7.43,233.48000000000002,,,302.47,,349.08379499145434,80.0,VSCS,970.0,30.0,ARB,0.2039701342582702,5.800000190734863,-0.015500002,0.007500002,0.017219178,SARAL_AltiKa
PFZ0234,MAHARASHTRA,16.704722222222223,72.70944444444444,24.025046634545408,4.22,1.828,7.46,234.93,,,302.49,,349.72413240339836,80.0,VSCS,970.0,30.0,ARB,0.2039701342582702,5.800000190734863,-0.015500002,0.007500002,0.017219178,SARAL_AltiKa
PFZ0235,MAHARASHTRA,16.60388888888889,72.80722222222222,16.421734034902645,4.0200000000000005,1.7710000000000001,7.5,237.77,,,302.51,,364.7136714502598,80.0,VSCS,970.0,30.0,ARB,0.185968592762947,5.900000095367432,0.0035000015,-0.0205,0.020796634,SARAL_AltiKa
PFZ0236,MAHARASHTRA,16.56138888888889,72.83,15.27942411948763,4.0200000000000005,1.7710000000000001,7.5,237.77,,,302.51,,369.4520082193752,80.0,VSCS,970.0,30.0,ARB,0.185968592762947,5.900000095367432,0.0035000015,-0.0205,0.020796634,SARAL_AltiKa
PFZ0237,MAHARASHTRA,16.5125,72.83888888888889,15.315182357461758,3.9,1.825,7.49,238.42000000000002,,,302.52,,373.44115077728173,80.0,VSCS,970.0,30.0,ARB,0.185968592762947,5.900000095367432,0.0035000015,-0.0205,0.020796634,SARAL_AltiKa
PFZ0238,MAHARASHTRA,16.4625,72.83722222222222,16.615432855635145,3.79,1.845,7.47,238.8,,,302.53000000000003,,376.6491134156784,80.0,VSCS,970.0,30.0,ARB,0.185968592762947,5.900000095367432,0.0035000015,-0.0205,0.020796634,SARAL_AltiKa
PFZ0239,MAHARASHTRA,16.41333333333333,72.8286111111111,18.789153807975918,3.83,1.901,7.44,239.19,,,302.54,,378.84300831914715,25.0,D,,3.0,ARB,0.185968592762947,5.900000095367432,0.0035000015,-0.0205,0.020796634,SARAL_AltiKa
PFZ0240,MAHARASHTRA,16.366666666666667,72.81166666666667,21.791837603423264,3.83,1.901,7.44,239.19,,,302.54,,373.4753619785689,25.0,D,,3.0,ARB,0.179329439997673,5.300000190734863,-0.0005000001,0.006500002,0.0065192045,SARAL_AltiKa
PFZ0241,MAHARASHTRA,16.32472222222222,72.785,25.393059050821662,3.25,1.85,7.42,239.54,,,302.55,,368.0119954218627,25.0,D,,3.0,ARB,0.179329439997673,5.300000190734863,-0.0005000001,0.006500002,0.0065192045,SARAL_AltiKa
PFZ0242,MAHARASHTRA,16.2875,72.75166666666667,29.9257593225242,3.25,1.85,7.42,239.54,,,302.55,,362.62315343379146,25.0,D,,3.0,ARB,0.179329439997673,5.300000190734863,-0.0005000001,0.006500002,0.0065192045,SARAL_AltiKa
PFZ0243,MAHARASHTRA,16.255555555555556,72.71333333333334,34.55309074268272,2.67,1.746,7.41,239.87,,,302.56,,357.4604916265487,25.0,D,,3.0,ARB,0.179329439997673,5.300000190734863,-0.0005000001,0.006500002,0.0065192045,SARAL_AltiKa
PFZ0244,MAHARASHTRA,16.22972222222222,72.67083333333333,39.58280483537176,2.67,1.746,7.41,239.87,,,302.56,,352.6602642038501,25.0,D,,3.0,ARB,0.179329439997673,5.300000190734863,-0.0005000001,0.006500002,0.0065192045,SARAL_AltiKa
PFZ0245,MAHARASHTRA,15.9675,73.2713888888889,16.607516712111693,2.43,1.8840000000000001,7.47,240.29,,,302.61,,367.3324270032999,25.0,D,,3.0,ARB,,,-0.008,-0.056,0.056568544,SARAL_AltiKa
PFZ0246,MAHARASHTRA,15.951666666666666,73.25027777777778,14.18568571567663,2.43,1.8840000000000001,7.47,240.29,,,302.61,,364.5144625270749,25.0,D,,3.0,ARB,,,-0.008,-0.056,0.056568544,SARAL_AltiKa
PFZ0247,MAHARASHTRA,15.933055555555557,73.23138888888889,11.960006705380627,2.56,1.928,7.5,240.46,,,302.6,,361.6254589891112,25.0,D,,3.0,ARB,,,-0.008,-0.056,0.056568544,SARAL_AltiKa
PFZ0248,MAHARASHTRA,15.911666666666669,73.21583333333334,9.495124842156562,2.56,1.928,7.5,240.46,,,302.6,,358.74433632224515,25.0,D,,3.0,ARB,,,-0.008,-0.056,0.056568544,SARAL_AltiKa
PFZ0249,MAHARASHTRA,15.887777777777778,73.20444444444445,7.773820413464617,2.56,1.928,7.5,240.46,,,302.6,,355.95507849023,25.0,D,,3.0,ARB,,,-0.008,-0.056,0.056568544,SARAL_AltiKa
PFZ0250,MAHARASHTRA,15.861944444444443,73.19777777777779,7.051663432373203,2.89,2.0100000000000002,7.54,240.69,,,302.6,,353.3472253506252,25.0,D,,3.0,ARB,,,0.0225,-0.090500005,0.093255036,SARAL_AltiKa
PFZ0251,MAHARASHTRA,15.835833333333332,73.19500000000001,5.441175522646682,2.89,2.0100000000000002,7.54,240.69,,,302.6,,351.00329590079286,25.0,D,,3.0,ARB,,,0.0225,-0.090500005,0.093255036,SARAL_AltiKa
PFZ0252,MAHARASHTRA,15.809444444444445,73.19861111111112,5.8104374831831835,2.89,2.0100000000000002,7.54,240.69,,,302.6,,349.11052911556504,25.0,D,,3.0,ARB,,,0.0225,-0.090500005,0.093255036,SARAL_AltiKa
PFZ0253,MAHARASHTRA,15.7875,73.21305555555556,6.352352346387608,3.49,1.925,7.53,240.97,,,302.59000000000003,,348.38782394175587,25.0,D,,3.0,ARB,,,0.0225,-0.090500005,0.093255036,SARAL_AltiKa
PFZ0254,MAHARASHTRA,15.771666666666668,73.23416666666667,7.989713331529875,3.49,1.925,7.53,240.97,,,302.59000000000003,,348.6721757917681,25.0,D,,3.0,ARB,,,0.0225,-0.090500005,0.093255036,SARAL_AltiKa
PFZ0255,NORTH TAMILNADU,13.208333333333332,80.63944444444445,111.52364093853312,,,,,,,,,89.30999981571878,55.0,SCS,982.0,18.0,BOB,0.1381930708885193,6.199999809265137,0.09,0.29,0.3036445,NO_NEARBY_SARAL
PFZ0256,NORTH TAMILNADU,13.203055555555554,80.69694444444445,105.62468261660662,,,,,,,,,91.1365572944731,55.0,SCS,982.0,18.0,BOB,0.1381930708885193,6.199999809265137,0.09,0.29,0.3036445,NO_NEARBY_SARAL
PFZ0257,NORTH TAMILNADU,13.201944444444443,80.58222222222221,117.71231774516107,,,,,,,,,89.18354343341602,55.0,SCS,982.0,18.0,BOB,,,,,,NO_NEARBY_SARAL
PFZ0258,NORTH TAMILNADU,13.189722222222224,80.75333333333333,99.96745224288115,5.97,1.618,4.94,183.1,,,302.74,,94.16712164677924,55.0,SCS,982.0,18.0,BOB,0.1381930708885193,6.199999809265137,0.09,0.29,0.3036445,SARAL_AltiKa
PFZ0259,NORTH TAMILNADU,13.163333333333334,80.80472222222222,95.2273968028667,5.97,1.618,4.94,183.1,,,302.74,,91.27985087715696,55.0,SCS,982.0,18.0,BOB,0.1381930708885193,6.199999809265137,0.09,0.29,0.3036445,SARAL_AltiKa
PFZ0260,NORTH TAMILNADU,13.160555555555556,80.54638888888888,122.54289823879796,,,,,,,,,93.476530507463,55.0,SCS,982.0,18.0,BOB,,,,,,NO_NEARBY_SARAL
PFZ0261,NORTH TAMILNADU,13.145833333333332,80.91694444444445,83.77225523955208,6.04,1.591,4.92,183.1,,,302.73,,80.31602565023339,55.0,SCS,982.0,18.0,BOB,0.1324436217546463,5.599999904632568,0.007,0.30100003,0.30108142,SARAL_AltiKa
PFZ0262,NORTH TAMILNADU,13.145833333333332,80.85944444444443,89.8429724367988,6.04,1.591,4.92,183.1,,,302.73,,85.30576206815044,55.0,SCS,982.0,18.0,BOB,0.1381930708885193,6.199999809265137,0.09,0.29,0.3036445,SARAL_AltiKa
PFZ0263,NORTH TAMILNADU,13.103333333333332,80.54805555555555,123.78359846951768,,,,,,,,,99.84001668157823,55.0,SCS,982.0,18.0,BOB,,,,,,NO_NEARBY_SARAL
PFZ0264,NORTH TAMILNADU,13.048055555555557,80.56444444444445,123.39756868219786,,,,,,,,,106.080431180858,55.0,SCS,982.0,18.0,BOB,,,,,,NO_NEARBY_SARAL
PFZ0265,NORTH TAMILNADU,12.778055555555556,80.5125,135.52113096563943,,,,,,,,,107.45312494318529,55.0,SCS,982.0,18.0,BOB,0.1580188870429992,8.100000381469727,,,,NO_NEARBY_SARAL
PFZ0266,NORTH TAMILNADU,12.735277777777776,80.5363888888889,134.02198007688114,,,,,,,,,104.5934925231266,55.0,SCS,982.0,18.0,BOB,0.1580188870429992,8.100000381469727,,,,NO_NEARBY_SARAL
PFZ0267,NORTH TAMILNADU,12.697222222222225,80.5675,131.66748802937684,,,,,,,,,101.15343401367554,55.0,SCS,982.0,18.0,BOB,0.1580188870429992,8.100000381469727,,,,NO_NEARBY_SARAL
PFZ0268,NORTH TAMILNADU,12.666944444444445,80.60583333333332,128.39566565700028,,,,,,,,,97.07014174046589,55.0,SCS,982.0,18.0,BOB,0.1580188870429992,8.100000381469727,,,,NO_NEARBY_SARAL
PFZ0269,NORTH TAMILNADU,12.6525,80.6525,123.78093458490508,,,,,,,,,92.09225546370158,55.0,SCS,982.0,18.0,BOB,0.1288158297538757,4.599999904632568,0.1675,0.213,0.27097094,NO_NEARBY_SARAL
PFZ0270,NORTH TAMILNADU,12.645555555555555,80.70111111111112,118.80977376259713,,,,,,,,,86.87948044001345,55.0,SCS,982.0,18.0,BOB,0.1288158297538757,4.599999904632568,0.1675,0.213,0.27097094,NO_NEARBY_SARAL
PFZ0271,NORTH TAMILNADU,12.635277777777777,80.74916666666667,114.01880575934742,,,,,,,,,81.77388932290687,55.0,SCS,982.0,18.0,BOB,0.1288158297538757,4.599999904632568,0.1675,0.213,0.27097094,NO_NEARBY_SARAL
PFZ0272,NORTH TAMILNADU,12.609444444444444,80.78999999999999,110.29284736397845,,,,,,,,,77.68588384917562,55.0,SCS,982.0,18.0,BOB,0.1295004189014434,3.4000000953674316,0.18,0.236,0.2968097,NO_NEARBY_SARAL
PFZ0273,NORTH TAMILNADU,12.570833333333333,80.82027777777778,108.05836737895541,,,,,,,,,74.19914645696728,50.0,SCS,986.0,14.0,BOB,0.1295004189014434,3.4000000953674316,0.18,0.236,0.2968097,NO_NEARBY_SARAL
PFZ0274,NORTH TAMILNADU,12.536388888888888,80.85472222222222,105.2608143598543,,,,,,,,,70.16263207165123,50.0,SCS,986.0,14.0,BOB,0.1295004189014434,3.4000000953674316,0.18,0.236,0.2968097,NO_NEARBY_SARAL
PFZ0275,NORTH TAMILNADU,12.409444444444444,80.49916666666667,145.96943909899798,,,,,,,,,109.13407100484643,50.0,SCS,986.0,14.0,BOB,0.135249838232994,3.700000047683716,0.116500005,0.19750002,0.22930004,NO_NEARBY_SARAL
PFZ0276,NORTH TAMILNADU,12.35,80.48222222222222,149.22386185322716,,,,,,,,,111.7724547203024,50.0,SCS,986.0,14.0,BOB,0.1388090848922729,5.5,0.105000004,0.213,0.2374742,NO_NEARBY_SARAL
PFZ0277,NORTH TAMILNADU,12.300277777777778,80.44666666666667,154.23372836261623,,,,,,,,,116.52864330294116,50.0,SCS,986.0,14.0,BOB,0.1388090848922729,5.5,0.105000004,0.213,0.2374742,NO_NEARBY_SARAL
PFZ0278,NORTH TAMILNADU,12.259722222222225,80.40027777777779,160.12436476087603,,,,,,,,,122.3917527407847,50.0,SCS,986.0,14.0,BOB,0.1388090848922729,5.5,0.105000004,0.213,0.2374742,NO_NEARBY_SARAL
PFZ0279,NORTH TAMILNADU,12.219166666666666,80.35388888888889,166.06146877989775,,,,,,,,,128.3447143665412,50.0,SCS,986.0,14.0,BOB,,,,,,NO_NEARBY_SARAL
PFZ0280,NORTH TAMILNADU,12.16972222222222,80.3175,165.38236300622873,,,,,,,,,133.5992480568509,50.0,SCS,986.0,14.0,BOB,,,,,,NO_NEARBY_SARAL
PFZ0281,NORTH TAMILNADU,12.110277777777778,80.30194444444444,165.19779011611934,,,,,,,,,137.1813855489059,50.0,SCS,986.0,14.0,BOB,0.1534083783626556,8.899999618530273,0.054,0.11950001,0.13113448,NO_NEARBY_SARAL
PFZ0282,NORTH TAMILNADU,12.053611111111111,80.27888888888889,164.13907362088236,,,,,,,,,141.65667209547826,50.0,SCS,986.0,14.0,BOB,0.1534083783626556,8.899999618530273,0.054,0.11950001,0.13113448,NO_NEARBY_SARAL
PFZ0283,NORTH TAMILNADU,12.007777777777775,80.23777777777778,160.90471742374632,,,,,,,,,147.67189793725709,50.0,SCS,986.0,14.0,BOB,0.1534083783626556,8.899999618530273,0.054,0.11950001,0.13113448,NO_NEARBY_SARAL
PFZ0284,NORTH TAMILNADU,11.95,80.21722222222222,160.14834569413196,,,,,,,,,152.22822481779863,50.0,SCS,986.0,14.0,BOB,0.1534083783626556,8.899999618530273,0.054,0.11950001,0.13113448,NO_NEARBY_SARAL
PFZ0285,NORTH TAMILNADU,11.79888888888889,80.12138888888889,153.71925680019078,,,,,,,,,168.92523027861893,50.0,SCS,986.0,14.0,BOB,,,,,,NO_NEARBY_SARAL
PFZ0286,NORTH TAMILNADU,11.748055555555554,80.10388888888889,153.1310130863248,,,,,,,,,173.2833815294003,50.0,SCS,986.0,14.0,BOB,,,,,,NO_NEARBY_SARAL
PFZ0287,NORTH TAMILNADU,11.7075,80.06833333333333,150.33402169989208,,,,,,,,,178.86727224576254,50.0,SCS,986.0,14.0,BOB,,,,,,NO_NEARBY_SARAL
PFZ0288,NORTH TAMILNADU,11.654166666666669,80.06055555555555,150.80873680832067,,,,,,,,,182.59969916568085,50.0,SCS,986.0,14.0,BOB,,,,,,NO_NEARBY_SARAL
PFZ0289,NORTH TAMILNADU,11.600833333333332,80.07027777777778,153.14817974831647,,,,,,,,,184.84671333355269,50.0,SCS,986.0,14.0,BOB,,,,,,NO_NEARBY_SARAL
PFZ0290,NORTH TAMILNADU,11.55,80.08916666666666,156.41920527193892,,,,,,,,,186.28059674973724,50.0,SCS,986.0,14.0,BOB,,,,,,NO_NEARBY_SARAL
PFZ0291,NORTH TAMILNADU,11.533055555555556,80.39305555555556,178.82060254784056,,,,,,,,,161.41133909926577,50.0,SCS,986.0,14.0,BOB,0.1627652198076248,7.800000190734863,0.0245,0.22850001,0.2298097,NO_NEARBY_SARAL
PFZ0292,NORTH TAMILNADU,11.504444444444443,80.11861111111111,160.6592513216001,,,,,,,,,186.62180245460695,50.0,SCS,986.0,14.0,BOB,,,,,,NO_NEARBY_SARAL
PFZ0293,NORTH TAMILNADU,11.489722222222222,80.42916666666667,176.03886225364053,,,,,,,,,161.81767008090245,50.0,SCS,986.0,14.0,BOB,0.1627652198076248,7.800000190734863,0.0245,0.22850001,0.2298097,NO_NEARBY_SARAL
PFZ0294,NORTH TAMILNADU,11.473611111111111,80.16250000000001,166.12025149281786,,,,,,,,,184.9035897199454,50.0,SCS,986.0,14.0,BOB,0.1485283970832824,5.099999904632568,0.0009999997,0.1645,0.16450304,NO_NEARBY_SARAL
PFZ0295,NORTH TAMILNADU,11.450555555555557,80.21027777777778,171.74979103397786,,,,,,,,,182.47666012588084,50.0,SCS,986.0,14.0,BOB,0.1485283970832824,5.099999904632568,0.0009999997,0.1645,0.16450304,NO_NEARBY_SARAL
PFZ0296,NORTH TAMILNADU,11.436666666666667,80.44722222222222,175.42469109018361,,,,,,,,,164.60309648200214,50.0,SCS,986.0,14.0,BOB,0.1627652198076248,7.800000190734863,0.0245,0.22850001,0.2298097,NO_NEARBY_SARAL
PFZ0297,NORTH TAMILNADU,11.400277777777776,80.2275,174.78071520044924,,,,,,,,,184.7029238111976,50.0,SCS,986.0,14.0,BOB,0.1485283970832824,5.099999904632568,0.0009999997,0.1645,0.16450304,NO_NEARBY_SARAL
PFZ0298,NORTH TAMILNADU,11.380277777777778,80.44083333333333,177.49274216804722,,,,,,,,,169.64255985242062,50.0,SCS,986.0,14.0,BOB,0.1627652198076248,7.800000190734863,0.0245,0.22850001,0.2298097,NO_NEARBY_SARAL
PFZ0299,NORTH TAMILNADU,11.324166666666668,80.43166666666667,179.85578553205798,,,,,,,,,174.94211046017236,50.0,SCS,986.0,14.0,BOB,0.1503080874681472,7.5,-0.040999997,0.25050002,0.25383314,NO_NEARBY_SARAL
PFZ0300,NORTH TAMILNADU,11.26888888888889,80.44055555555556,180.281765702837,,,,,,,,,178.96533302739155,50.0,SCS,986.0,14.0,BOB,0.1503080874681472,7.5,-0.040999997,0.25050002,0.25383314,NO_NEARBY_SARAL
PFZ0301,NORTH TAMILNADU,11.223888888888888,80.47472222222223,177.7713365587948,,,,,,,,,180.505714441003,50.0,SCS,986.0,14.0,BOB,0.1503080874681472,7.5,-0.040999997,0.25050002,0.25383314,NO_NEARBY_SARAL
PFZ0302,NORTH TAMILNADU,11.187222222222225,80.51805555555555,174.04269308585108,,,,,,,,,180.9075917322721,50.0,SCS,986.0,14.0,BOB,0.1503080874681472,7.5,-0.040999997,0.25050002,0.25383314,NO_NEARBY_SARAL
PFZ0303,NORTH TAMILNADU,11.155555555555557,80.56527777777778,169.80045252843243,,,,,,,,,180.8237835898762,50.0,SCS,986.0,14.0,BOB,0.1503080874681472,7.5,-0.040999997,0.25050002,0.25383314,NO_NEARBY_SARAL
PFZ0304,NORTH TAMILNADU,11.126944444444446,80.61444444444444,165.3011915955199,,,,,,,,,179.46211312226146,35.0,CS,994.0,6.0,BOB,0.1503080874681472,7.5,-0.040999997,0.25050002,0.25383314,NO_NEARBY_SARAL
PFZ0305,NORTH TAMILNADU,11.061666666666667,80.35388888888889,194.60928291493337,,,,,,,,,197.18394163591475,25.0,,,3.0,BOB,0.1533195972442627,6.5,-0.08250001,0.23450002,0.24858904,NO_NEARBY_SARAL
PFZ0306,NORTH TAMILNADU,11.011944444444444,80.34638888888888,196.62427106576556,,,,,,,,,191.93919876703183,25.0,,,3.0,BOB,0.1533195972442627,6.5,-0.08250001,0.23450002,0.24858904,NO_NEARBY_SARAL
PFZ0307,NORTH TAMILNADU,10.961666666666666,80.34388888888888,197.97536064020187,,,,,,,,,186.93022744487104,25.0,,,3.0,BOB,0.1533195972442627,6.5,-0.08250001,0.23450002,0.24858904,NO_NEARBY_SARAL
PFZ0308,NORTH TAMILNADU,10.911388888888888,80.34777777777778,198.94524219123903,,,,,,,,,182.31028809689408,25.0,,,3.0,BOB,0.1533195972442627,6.5,-0.08250001,0.23450002,0.24858904,NO_NEARBY_SARAL
PFZ0309,NORTH TAMILNADU,10.862222222222222,80.3586111111111,199.01490661347216,,,,,,,,,178.25179639386258,25.0,,,3.0,BOB,0.1434633731842041,5.699999809265137,-0.101500005,0.20850001,0.2318933,NO_NEARBY_SARAL
PFZ0310,NORTH TAMILNADU,10.816111111111113,80.3786111111111,198.04007526580878,,,,,,,,,175.11200066991947,25.0,,,3.0,BOB,0.1432580649852752,7.699999809265137,-0.155,0.22950003,0.2769391,NO_NEARBY_SARAL
PFZ0311,NORTH TAMILNADU,10.778333333333334,80.41166666666668,195.42821563077595,,,,,,,,,173.6734546894672,25.0,,,3.0,BOB,0.1432580649852752,7.699999809265137,-0.155,0.22950003,0.2769391,NO_NEARBY_SARAL
PFZ0312,NORTH TAMILNADU,10.744166666666668,80.44888888888889,192.30634714621908,,,,,,,,,172.9963129256742,25.0,,,3.0,BOB,0.1432580649852752,7.699999809265137,-0.155,0.22950003,0.2769391,NO_NEARBY_SARAL
PFZ0313,NORTH TAMILNADU,10.706944444444444,80.48277777777778,189.63905180424584,,,,,,,,,172.00402777594343,25.0,,,3.0,BOB,0.1432580649852752,7.699999809265137,-0.155,0.22950003,0.2769391,NO_NEARBY_SARAL
PFZ0314,NORTH TAMILNADU,10.661111111111111,80.50194444444445,188.71032238790932,,,,,,,,,169.41373771255385,25.0,,,3.0,BOB,0.1432580649852752,7.699999809265137,-0.155,0.22950003,0.2769391,NO_NEARBY_SARAL
PFZ0315,SOUTH ANDHRAPRADESH,16.050833333333333,81.34138888888889,31.186918498039542,,,4.88,162.14000000000001,,,,,136.4995388317226,35.0,CS,,6.0,BOB,,,,,,SARAL_AltiKa
PFZ0316,SOUTH ANDHRAPRADESH,15.968333333333334,81.485,44.1051234946332,4.48,1.2690000000000001,5.5200000000000005,162.82,,,302.67,,120.4705812386354,40.0,CS,,8.0,BOB,,,0.42350003,0.045500003,0.42593724,SARAL_AltiKa
PFZ0317,SOUTH ANDHRAPRADESH,15.932777777777778,81.2213888888889,15.91984414919114,4.48,1.2690000000000001,5.5200000000000005,162.82,,,302.67,,133.11763283082394,35.0,CS,,6.0,BOB,,,,,,SARAL_AltiKa
PFZ0318,SOUTH ANDHRAPRADESH,15.932222222222222,81.92083333333333,88.64350667161992,7.17,1.597,5.93,163.36,,,302.67,,78.44066159035577,40.0,CS,,8.0,BOB,0.1726148277521133,9.0,0.3925,0.073,0.39923084,SARAL_AltiKa
PFZ0319,SOUTH ANDHRAPRADESH,15.796111111111111,82.01916666666666,95.72570958747195,8.07,1.739,5.94,164.15,,,302.68,,61.112843953488486,40.0,CS,,8.0,BOB,0.1449315100908279,5.300000190734863,0.5325,0.015000004,0.53271127,SARAL_AltiKa
PFZ0320,SOUTH ANDHRAPRADESH,15.715,81.8425,75.32491529067971,8.07,1.739,5.94,164.15,,,302.68,,74.36252170825146,40.0,CS,,8.0,BOB,0.1332192122936248,5.800000190734863,0.6305,0.0435,0.63199884,SARAL_AltiKa
PFZ0321,SOUTH ANDHRAPRADESH,15.640833333333331,81.98222222222222,88.13868520931207,8.22,1.645,5.93,164.69,,,302.68,,57.62979460983601,40.0,CS,,8.0,BOB,0.1449315100908279,5.300000190734863,0.5325,0.015000004,0.53271127,SARAL_AltiKa
PFZ0322,SOUTH ANDHRAPRADESH,15.561388888888889,81.21472222222222,6.952315862505158,8.07,1.739,5.94,164.15,,,302.68,,104.84099297130936,35.0,CS,,6.0,BOB,0.1070596352219581,4.099999904632568,0.6085,0.2475,0.6569083,SARAL_AltiKa
PFZ0323,SOUTH ANDHRAPRADESH,15.551388888888887,81.11277777777777,5.138036535283233,8.07,1.739,5.94,164.15,,,302.68,,113.20853298230362,35.0,CS,,6.0,BOB,,,0.4795,0.26200002,0.5464103,SARAL_AltiKa
PFZ0324,SOUTH ANDHRAPRADESH,15.528055555555556,81.01472222222222,15.700700997238558,8.07,1.739,5.94,164.15,,,302.68,,120.90737454648122,35.0,CS,,6.0,BOB,,,0.4795,0.26200002,0.5464103,SARAL_AltiKa
PFZ0325,SOUTH ANDHRAPRADESH,15.266944444444444,80.53833333333333,71.67971798044245,8.16,1.842,5.91,164.98,,,302.69,,103.0508894542935,50.0,SCS,986.0,14.0,BOB,0.0932725593447685,5.5,0.197,0.15,0.24760655,SARAL_AltiKa
PFZ0326,SOUTH ANDHRAPRADESH,15.23,80.40916666666668,86.07278553755961,8.16,1.842,5.91,164.98,,,302.69,,92.31833449991008,50.0,SCS,986.0,14.0,BOB,0.0932725593447685,5.5,0.197,0.15,0.24760655,SARAL_AltiKa
PFZ0327,SOUTH ANDHRAPRADESH,15.15388888888889,80.29944444444445,89.96412090887242,,,,,,,,,79.51523454822706,50.0,SCS,986.0,14.0,BOB,,,,,,SARAL_AltiKa
PFZ0328,SOUTH ANDHRAPRADESH,14.799722222222222,80.50194444444445,86.92875880637705,9.3,1.516,5.29,171.29,,,302.71,,63.45570439870571,50.0,SCS,986.0,14.0,BOB,0.0949349403381347,4.0,,,,SARAL_AltiKa
PFZ0329,SOUTH ANDHRAPRADESH,14.678055555555554,80.54805555555555,85.08088072374268,8.05,1.578,5.15,173.64000000000001,,,302.72,,62.21069887257125,50.0,SCS,986.0,14.0,BOB,0.0949349403381347,4.0,,,,SARAL_AltiKa
PFZ0330,SOUTH ANDHRAPRADESH,14.59388888888889,80.63777777777779,77.78947767897026,8.82,1.821,5.0600000000000005,175.72,,,302.73,,67.68555973480272,55.0,SCS,982.0,18.0,BOB,0.1000684574246406,5.300000190734863,0.0425,0.46150005,0.46345285,SARAL_AltiKa
PFZ0331,SOUTH ANDHRAPRADESH,14.256666666666666,80.52194444444444,98.20883872082925,8.59,1.316,4.98,180.04,,,302.74,,28.637959924898635,55.0,SCS,982.0,18.0,BOB,0.0869862511754036,4.5,0.067,0.55300003,0.557044,SARAL_AltiKa
PFZ0332,SOUTH ANDHRAPRADESH,14.142777777777775,80.5261111111111,100.53082431648383,,,,,,,,,16.124024007047986,55.0,SCS,982.0,18.0,BOB,0.0869862511754036,4.5,0.067,0.55300003,0.557044,NO_NEARBY_SARAL
PFZ0333,SOUTH ANDHRAPRADESH,14.03472222222222,80.49027777777778,106.9466770598068,,,,,,,,,4.000868362519731,55.0,SCS,982.0,18.0,BOB,0.0935659930109977,4.099999904632568,,,,NO_NEARBY_SARAL
PFZ0334,SOUTH ANDHRAPRADESH,13.826944444444443,80.62222222222222,98.21681334659453,11.58,9.378,4.82,184.71,,,302.78000000000003,,23.330477588795866,55.0,SCS,982.0,18.0,BOB,0.1183561757206916,9.800000190734863,,,,SARAL_AltiKa
PFZ0335,SOUTH ANDHRAPRADESH,13.799444444444443,80.73583333333333,86.90403311805603,10.77,9.772,4.8100000000000005,184.89000000000001,,,302.78000000000003,,33.84242743706835,55.0,SCS,982.0,18.0,BOB,0.1088296175003051,5.300000190734863,-0.0125,0.41500002,0.41518822,SARAL_AltiKa
PFZ0336,SOUTH ANDHRAPRADESH,13.790555555555557,80.51694444444445,110.15397208244708,,,,,,,,,23.36086879829171,55.0,SCS,982.0,18.0,BOB,0.1183561757206916,9.800000190734863,,,,NO_NEARBY_SARAL
PFZ0337,SOUTH ANDHRAPRADESH,13.734166666666663,80.83333333333333,78.26008561453493,7.0,1.542,4.83,184.73,,,302.77,,46.56874907915875,55.0,SCS,982.0,18.0,BOB,0.1088296175003051,5.300000190734863,-0.0125,0.41500002,0.41518822,SARAL_AltiKa
GRID_0001,INDIAN_MARINE,18.5,78.25,202.51040226407451,,,,,,,,,55.84762308003903,20.0,D,998.0,3.0,BOB,,,,,,NO_NEARBY_SARAL
GRID_0002,INDIAN_MARINE,14.0,68.25,413.4752502423002,,,,,,,,,98.10473566401322,25.0,D,,3.0,ARB,0.0552360713481903,4.699999809265137,0.06250001,0.1495,0.16203858,NO_NEARBY_SARAL
GRID_0003,INDIAN_MARINE,16.0,82.5,150.5690301784198,,,,,,,,,53.44369899878912,45.0,CS,,10.0,BOB,0.1344519704580307,4.800000190734863,0.3405,-0.011500001,0.34069413,NO_NEARBY_SARAL
GRID_0004,INDIAN_MARINE,20.0,83.25,271.7633579929351,,,,,,,,,191.39590263255383,20.0,D,,3.0,BOB,,,,,,NO_NEARBY_SARAL
GRID_0005,INDIAN_MARINE,7.75,72.25,292.7553095799368,,,,,,,,,594.021779206525,,,,,,0.1122518479824066,2.9000000953674316,-0.0025000013,0.132,0.13202368,NO_NEARBY_SARAL
GRID_0006,INDIAN_MARINE,19.5,78.75,151.11341983246302,,,,,,,,,72.9567031322811,20.0,D,998.0,3.0,BOB,,,,,,NO_NEARBY_SARAL
GRID_0007,INDIAN_MARINE,10.0,79.0,78.24334860118215,,,,,,,,,33.358477993367664,25.0,,,3.0,BOB,,,,,,SARAL_AltiKa
GRID_0008,INDIAN_MARINE,13.25,72.5,130.54134854500822,,,,,,,,,164.63199741939383,25.0,D,,3.0,ARB,0.1238878220319747,5.0,-0.018000001,0.065500006,0.06792828,NO_NEARBY_SARAL
GRID_0009,INDIAN_MARINE,6.25,74.75,60.27314589149502,5.68,1.7910000000000001,6.51,187.24,,,302.24,,605.0831988271112,,,,,,0.1757016479969024,3.5999999046325684,-0.16100001,0.22850001,0.27952325,SARAL_AltiKa
GRID_0010,INDIAN_MARINE,8.0,74.75,18.28925164936228,4.98,1.866,6.7,216.51,,,302.26,,503.7436323834465,,,,,,0.1754964888095855,3.700000047683716,-0.001500003,-0.074,0.0740152,SARAL_AltiKa
GRID_0011,INDIAN_MARINE,12.5,79.25,44.30366995991867,,,,,,,,,214.7621635017404,55.0,SCS,982.0,18.0,BOB,,,,,,SARAL_AltiKa
GRID_0012,INDIAN_MARINE,11.0,74.5,26.94219467685955,4.97,1.795,7.73,223.96,,,302.49,,471.0549691915628,25.0,D,,3.0,ARB,0.277412861585617,4.5,-0.027500002,0.07,0.075208046,SARAL_AltiKa
GRID_0013,INDIAN_MARINE,17.75,77.75,236.68989473874453,,,,,,,,,64.50262297631964,20.0,D,998.0,3.0,BOB,,,,,,NO_NEARBY_SARAL
GRID_0014,INDIAN_MARINE,14.75,93.5,318.8661115975448,,,,,,,,,216.97149548433077,25.0,D,990.0,3.0995834159888913,BOB,0.0,0.0,0.1115,-0.0345,0.11671547,NO_NEARBY_SARAL
GRID_0015,INDIAN_MARINE,21.25,70.75,111.92896715072291,,,,,,,,,87.34735995954735,90.0,ESCS,962.0,40.0,ARB,,,,,,NO_NEARBY_SARAL
GRID_0016,INDIAN_MARINE,12.25,88.25,161.64589818328977,,,,,,,,,407.7680145932287,30.0,DD,,5.0,BOB,0.2008899003267288,8.399999618530273,-0.024999999,-0.07700001,0.08095679,NO_NEARBY_SARAL
GRID_0017,INDIAN_MARINE,13.0,78.75,20.839142952867643,,,,,,,,,214.583869759866,50.0,SCS,986.0,14.0,BOB,,,,,,SARAL_AltiKa
GRID_0018,INDIAN_MARINE,21.5,68.5,332.2035526074492,,,,,,,,,76.00053114472006,25.0,D,,3.0,ARB,0.0791238322854042,4.099999904632568,0.02,-0.027,0.033600595,NO_NEARBY_SARAL
GRID_0019,INDIAN_MARINE,14.0,79.25,8.408527184453106,,,,,,,,,98.10473566401322,50.0,SCS,986.0,14.0,BOB,,,,,,SARAL_AltiKa
GRID_0020,INDIAN_MARINE,10.25,91.0,73.0113601840035,7.19,2.2560000000000002,6.23,210.44,,,302.28000000000003,,475.6868101494582,25.0,D,990.0,3.0995834159888913,BOB,0.2232035547494888,6.0,-0.026500002,-0.008000001,0.027681224,SARAL_AltiKa
GRID_0021,INDIAN_MARINE,13.0,71.0,295.0584607349255,,,,,,,,,55.59746332227927,25.0,D,,3.0,ARB,0.1354551464319229,4.300000190734863,-0.034,-0.0575,0.06680007,NO_NEARBY_SARAL
GRID_0022,INDIAN_MARINE,13.25,85.0,205.81277966995123,,,,,,,,,282.7398036648474,25.0,D,,3.0,BOB,0.167761892080307,5.900000095367432,-0.015500002,0.072500005,0.07413839,NO_NEARBY_SARAL
GRID_0023,INDIAN_MARINE,20.75,77.0,296.60798028039693,,,,,,,,,301.306925580203,20.0,D,998.0,3.0,BOB,,,,,,NO_NEARBY_SARAL
GRID_0024,INDIAN_MARINE,14.75,70.75,276.99744587722756,,,,,,,,,116.10794664627235,30.0,DD,,5.0,ARB,0.1261464953422546,3.900000095367432,0.0025000004,-0.0024999995,0.0035355338,NO_NEARBY_SARAL
GRID_0025,INDIAN_MARINE,13.75,70.5,328.71517090615055,,,,,,,,,60.71313524105158,30.0,DD,,5.0,ARB,0.1020534262061119,3.5999999046325684,-0.064500004,-0.094000004,0.1140011,NO_NEARBY_SARAL
GRID_0026,INDIAN_MARINE,16.0,92.0,312.0640544005895,,,,,,,,,106.88732068989688,40.0,CS,984.0,7.934933544931562,BOB,0.2062286883592605,6.699999809265137,-0.049999997,-0.064500004,0.08161035,NO_NEARBY_SARAL
GRID_0027,INDIAN_MARINE,5.75,77.5,19.415901477571552,5.78,2.12,6.43,194.32,,,301.98,,469.2757959116768,25.0,,,3.0,BOB,0.1880220174789428,4.5,0.021500003,-0.009500001,0.02350532,SARAL_AltiKa
GRID_0028,INDIAN_MARINE,20.25,73.0,91.37436791666242,4.3,1.742,6.71,235.61,,,,,250.1885849502571,50.0,SCS,990.0,12.0,ARB,,,,,,SARAL_AltiKa
GRID_0029,INDIAN_MARINE,7.75,72.75,239.04650196398927,,,,,,,,,647.6248507661459,,,,,,0.1237508878111839,4.400000095367432,-0.103,0.21900001,0.24201241,NO_NEARBY_SARAL
GRID_0030,INDIAN_MARINE,14.0,86.25,91.7683478175443,7.74,2.124,5.59,201.59,,,302.34000000000003,,168.94474930342085,30.0,DD,,5.0,BOB,0.1816564798355102,4.699999809265137,-0.0029999986,-0.064500004,0.064569734,SARAL_AltiKa
GRID_0031,INDIAN_MARINE,10.5,92.75,265.4258434993668,,,,,,,,,465.0102969169925,25.0,D,990.0,3.0995834159888913,BOB,0.1840845048427581,7.099999904632568,0.054500006,-0.031,0.06269968,NO_NEARBY_SARAL
GRID_0032,INDIAN_MARINE,6.25,70.25,451.50689756399953,,,,,,,,,470.9323028365131,25.0,D,,3.0,ARB,0.1483915150165558,3.700000047683716,-0.117000006,0.09600001,0.15134399,NO_NEARBY_SARAL
GRID_0033,INDIAN_MARINE,12.25,71.25,287.5222421691811,,,,,,,,,141.61074850874337,25.0,D,,3.0,ARB,0.1112252697348594,5.900000095367432,0.1075,-0.030500002,0.11174301,NO_NEARBY_SARAL
GRID_0034,INDIAN_MARINE,10.75,90.75,58.225818534730806,7.2,2.08,6.1000000000000005,208.29,,,302.27,,424.84477207193174,25.0,D,990.0,3.0995834159888913,BOB,0.2527720332145691,6.199999809265137,-0.110500015,-0.034,0.115612514,SARAL_AltiKa
GRID_0035,INDIAN_MARINE,21.75,71.75,3.6166007050618183,,,,,,,,,153.40567127446442,50.0,SCS,990.0,12.0,ARB,,,,,,SARAL_AltiKa
GRID_0036,INDIAN_MARINE,8.5,81.5,134.86939243477963,,,,,,,,,78.17034368438863,25.0,,,3.0,BOB,,,,,,NO_NEARBY_SARAL
GRID_0037,INDIAN_MARINE,6.5,77.75,28.47980836431335,6.04,1.996,6.26,205.4,,,301.94,,381.4983677410445,25.0,,,3.0,BOB,0.1518824249505996,3.5999999046325684,-0.0925,-0.10650001,0.14106205,SARAL_AltiKa
GRID_0038,INDIAN_MARINE,12.75,78.5,41.15389546163665,,,,,,,,,253.25711213007617,50.0,SCS,986.0,14.0,BOB,,,,,,SARAL_AltiKa
GRID_0039,INDIAN_MARINE,12.75,81.0,84.72908708360993,7.09,1.6560000000000001,4.83,184.17000000000002,,,302.71,,54.51613947002312,55.0,SCS,982.0,18.0,BOB,0.1156742051243782,4.699999809265137,0.11100001,0.2585,0.28132412,SARAL_AltiKa
GRID_0040,INDIAN_MARINE,11.75,90.25,28.940561354768786,7.640000000000001,2.071,5.98,205.8,,,302.25,,334.40102481106146,25.0,D,990.0,3.0995834159888913,BOB,0.2779604792594909,8.199999809265137,0.16300002,0.009500001,0.16327663,SARAL_AltiKa
GRID_0041,INDIAN_MARINE,7.0,74.75,42.25279890775867,5.44,1.792,6.53,200.21,,,302.25,,555.6179087607678,,,,,,0.174332782626152,5.199999809265137,-0.11900001,0.14100002,0.18450476,SARAL_AltiKa
GRID_0042,INDIAN_MARINE,8.75,90.0,69.84545632318535,7.01,2.2720000000000002,6.19,211.0,,,302.23,,293.92250553522666,25.0,D,,3.0,BOB,0.2569475769996643,6.900000095367432,0.124000005,0.042000003,0.13091983,SARAL_AltiKa
GRID_0043,INDIAN_MARINE,18.5,77.0,330.9069293816146,,,,,,,,,148.11230198828326,20.0,D,998.0,3.0,BOB,,,,,,NO_NEARBY_SARAL
GRID_0044,INDIAN_MARINE,14.5,75.25,188.69872292453897,,,,,,,,,386.48611310874753,25.0,D,997.0,3.0,BOB,,,,,,NO_NEARBY_SARAL
GRID_0045,INDIAN_MARINE,15.25,77.5,205.03791301247145,,,,,,,,,135.727876046825,25.0,D,997.0,3.0,BOB,,,,,,NO_NEARBY_SARAL
GRID_0046,INDIAN_MARINE,17.5,80.25,27.51830231713396,,,,,,,,,193.97543906101,20.0,D,998.0,3.0,BOB,,,,,,SARAL_AltiKa
GRID_0047,INDIAN_MARINE,20.0,80.0,11.354192162214126,,,,,,,,,139.2676310533215,20.0,D,998.0,3.0,BOB,,,,,,SARAL_AltiKa
GRID_0048,INDIAN_MARINE,9.5,73.75,89.31021319287471,3.93,1.905,7.87,225.69,,,302.39,,536.2609485094584,,,,,,0.1684463769197464,4.5,0.098500006,-0.047500007,0.109354936,SARAL_AltiKa
GRID_0049,INDIAN_MARINE,11.25,80.25,180.87057131017846,,,,,,,,,194.4724994274708,50.0,SCS,986.0,14.0,BOB,0.1566735804080963,7.0,-0.052500002,0.20150001,0.20822705,NO_NEARBY_SARAL
GRID_0050,INDIAN_MARINE,19.0,72.5,10.611069996026297,4.72,1.786,7.47,233.33,,,302.26,,267.6295208628275,90.0,ESCS,962.0,40.0,ARB,,,0.0925,-0.08050001,0.122623414,SARAL_AltiKa
GRID_0051,INDIAN_MARINE,19.5,72.5,22.53916149380574,4.42,1.598,7.18,234.20000000000002,,,302.26,,236.71521216897227,90.0,ESCS,962.0,40.0,ARB,,,0.027,0.068500005,0.07362915,SARAL_AltiKa
GRID_0052,INDIAN_MARINE,8.25,71.75,334.05771817162383,,,,,,,,,528.8128138582044,,,,,,0.1626284420490265,5.400000095367432,0.088,0.24600002,0.26126617,NO_NEARBY_SARAL
GRID_0053,INDIAN_MARINE,11.25,85.25,132.61744793668925,,,,,,,,,247.00946114228887,25.0,D,990.0,3.0,BOB,0.1407255977392196,7.099999904632568,-0.089,-0.0455,0.09995624,NO_NEARBY_SARAL
GRID_0054,INDIAN_MARINE,12.75,90.25,52.81990642367751,8.25,2.117,6.01,206.52,,,302.26,,236.87798713363927,25.0,D,990.0,3.0995834159888913,BOB,0.2408626228570938,5.300000190734863,-0.017500002,0.053500004,0.056289434,SARAL_AltiKa
GRID_0055,INDIAN_MARINE,7.75,94.75,22.686917448337176,5.0600000000000005,1.192,5.86,214.49,129858.0,0.169,302.44,2024-06-16 11:38:20.232767104,749.001118311621,,,,,,0.2036278396844864,4.599999904632568,-0.07000001,-0.09150001,0.11520526,SARAL_AltiKa
GRID_0056,INDIAN_MARINE,10.0,79.25,104.9304653917782,,,,,,,,,43.16179727446121,25.0,,,3.0,BOB,,,,,,NO_NEARBY_SARAL
GRID_0057,INDIAN_MARINE,13.25,75.5,185.89188203828274,,,,,,,,,424.6085176757657,30.0,DD,996.0,4.0,BOB,,,,,,NO_NEARBY_SARAL
GRID_0058,INDIAN_MARINE,13.0,76.25,259.2742918637338,,,,,,,,,370.780608035396,30.0,DD,996.0,4.0,BOB,,,,,,NO_NEARBY_SARAL
GRID_0059,INDIAN_MARINE,13.25,84.0,243.9745024233564,,,,,,,,,182.2919281904645,25.0,D,,3.0,BOB,0.1646575778722763,5.300000190734863,-0.0375,-0.0055,0.03790119,NO_NEARBY_SARAL
GRID_0060,INDIAN_MARINE,15.0,91.5,237.04614448042443,,,,,,,,,55.59746332227909,25.0,D,990.0,3.0995834159888913,BOB,0.2441480010747909,6.0,-0.069000006,-0.21050002,0.22152033,NO_NEARBY_SARAL
GRID_0061,INDIAN_MARINE,14.5,70.75,283.3611571318544,,,,,,,,,98.10473566401436,30.0,DD,,5.0,ARB,0.1158111244440078,4.0,-0.024500001,-0.052,0.057482608,NO_NEARBY_SARAL
GRID_0062,INDIAN_MARINE,8.5,69.0,368.7867619123504,,,,,,,,,226.72310588189737,25.0,D,,3.0,ARB,0.1379192024469375,4.400000095367432,-0.032500003,-0.064,0.07177918,NO_NEARBY_SARAL
GRID_0063,INDIAN_MARINE,18.25,82.5,202.96629353445968,,,,,,,,,127.87416564124236,25.0,DD,,4.0,BOB,,,,,,NO_NEARBY_SARAL
GRID_0064,INDIAN_MARINE,13.5,77.5,164.30234266292362,,,,,,,,,232.27547186611713,30.0,DD,996.0,4.0,BOB,,,,,,NO_NEARBY_SARAL
GRID_0065,INDIAN_MARINE,10.5,82.5,20.45414651731633,8.290000000000001,1.909,5.39,186.45000000000002,,,302.61,,55.59746332227927,30.0,DD,992.0,4.0,BOB,0.1588639467954635,10.600000381469728,-0.22500001,0.044500005,0.22935835,SARAL_AltiKa
GRID_0066,INDIAN_MARINE,10.25,76.0,168.88519242557044,,,,,,,,,334.1833088509426,25.0,,,3.0,BOB,,,0.08050001,-0.072500005,0.10833514,NO_NEARBY_SARAL
GRID_0067,INDIAN_MARINE,14.25,77.25,208.06208007949846,,,,,,,,,205.9267596325638,30.0,DD,996.0,4.0,BOB,,,,,,NO_NEARBY_SARAL
GRID_0068,INDIAN_MARINE,17.75,80.5,15.203900866745133,,,,,,,,,195.2879438674539,20.0,D,998.0,3.0,BOB,,,,,,SARAL_AltiKa
GRID_0069,INDIAN_MARINE,14.75,82.0,68.83619316721544,8.53,1.545,5.0,177.62,,,302.73,,27.798731661139367,35.0,CS,,6.0,BOB,0.1201916858553886,7.199999809265137,0.20300001,-0.096499994,0.22476934,SARAL_AltiKa
GRID_0070,INDIAN_MARINE,10.5,76.75,173.63784075613862,,,,,,,,,261.88007610684275,25.0,,,3.0,BOB,,,,,,NO_NEARBY_SARAL
GRID_0071,INDIAN_MARINE,8.75,70.0,481.66997769957464,,,,,,,,,330.7599276988298,25.0,D,,3.0,ARB,0.1361454129219055,4.199999809265137,-0.0615,-0.126,0.14020789,NO_NEARBY_SARAL
GRID_0072,INDIAN_MARINE,19.25,78.0,234.09041206916027,,,,,,,,,129.09727972199758,20.0,D,998.0,3.0,BOB,,,,,,NO_NEARBY_SARAL
GRID_0073,INDIAN_MARINE,10.0,92.0,173.79357347166416,,,,,,,,,503.31649943048166,,,,,,0.2244353294372558,4.599999904632568,0.06600001,0.019000001,0.06868043,NO_NEARBY_SARAL
GRID_0074,INDIAN_MARINE,11.5,95.0,85.14121218048051,4.95,1.3840000000000001,5.39,230.47,,,302.47,,505.01166270727595,,,,,,0.253593772649765,4.800000190734863,-0.19450001,-0.082,0.2110788,SARAL_AltiKa
GRID_0075,INDIAN_MARINE,19.75,82.75,227.35772500119234,,,,,,,,,229.3311484374801,20.0,D,998.0,3.0,BOB,,,,,,NO_NEARBY_SARAL
GRID_0076,INDIAN_MARINE,22.0,74.5,283.44756025405286,,,,,,,,,151.38516063044474,35.0,CS,995.0,7.0,ARB,,,,,,NO_NEARBY_SARAL
GRID_0077,INDIAN_MARINE,15.0,79.25,16.168292816770407,,,,,,,,,26.85151142270055,30.0,DD,995.0,5.0,BOB,,,,,,SARAL_AltiKa
GRID_0078,INDIAN_MARINE,15.75,91.25,228.18033465947917,,,,,,,,,38.57091978119738,40.0,CS,984.0,7.934933544931562,BOB,0.2522246539592743,10.300000190734863,0.0295,-0.075,0.08059312,NO_NEARBY_SARAL
GRID_0079,INDIAN_MARINE,9.0,71.75,315.47222766203294,,,,,,,,,495.5939253707822,25.0,D,,3.0,ARB,0.1843260675668716,4.5,-0.08850001,0.2775,0.2912705,NO_NEARBY_SARAL
GRID_0080,INDIAN_MARINE,14.5,93.25,339.420473762586,,,,,,,,,188.39247612801097,25.0,D,990.0,3.0995834159888913,BOB,0.2593429386615753,5.199999809265137,0.12950002,0.08850001,0.15685186,NO_NEARBY_SARAL
GRID_0081,INDIAN_MARINE,11.25,77.0,164.5932401789375,,,,,,,,,278.43201959033695,25.0,,,3.0,BOB,,,,,,NO_NEARBY_SARAL
GRID_0082,INDIAN_MARINE,16.75,90.5,173.33641448936012,,,,,,,,,27.798731661139723,40.0,CS,984.0,7.934933544931562,BOB,0.2188226878643036,4.800000190734863,0.102,0.108,0.14855303,NO_NEARBY_SARAL
GRID_0083,INDIAN_MARINE,8.75,79.75,188.856893106104,,,,,,,,,87.79662698596896,25.0,,,3.0,BOB,,,-0.026,0.08400001,0.0879318,NO_NEARBY_SARAL
GRID_0084,INDIAN_MARINE,8.0,81.75,120.1551042937802,,,,,,,,,114.54334340253274,25.0,,,3.0,BOB,,,,,,NO_NEARBY_SARAL
GRID_0085,INDIAN_MARINE,14.0,75.25,177.06381105513182,,,,,,,,,413.8715394181228,25.0,D,997.0,3.0,BOB,,,,,,NO_NEARBY_SARAL
GRID_0086,INDIAN_MARINE,13.0,83.0,132.63104993344695,,,,,,,,,123.6399933087371,25.0,D,,3.0,BOB,0.1232716813683509,5.199999809265137,-0.060999997,-0.0405,0.07322056,NO_NEARBY_SARAL
GRID_0087,INDIAN_MARINE,13.5,71.5,229.75577733189257,,,,,,,,,54.06129163646226,25.0,D,,3.0,ARB,0.1328543573617935,3.900000095367432,0.052000005,0.0695,0.08680006,NO_NEARBY_SARAL
GRID_0088,INDIAN_MARINE,16.5,79.25,52.168133001812095,,,,,,,,,97.30513028736544,20.0,D,998.0,3.0,BOB,,,,,,SARAL_AltiKa
GRID_0089,INDIAN_MARINE,18.25,68.5,419.36108170906346,,,,,,,,,160.7101301067217,80.0,VSCS,970.0,30.0,ARB,0.0575633011758327,3.5999999046325684,0.09,-0.13250001,0.1601757,NO_NEARBY_SARAL
GRID_0090,INDIAN_MARINE,10.25,81.75,65.71396203604051,8.38,1.859,5.4,186.03,,,302.6,,116.93289210360838,30.0,DD,992.0,4.0,BOB,0.1528405547142028,8.800000190734863,-0.177,0.053499997,0.18490876,SARAL_AltiKa
GRID_0091,INDIAN_MARINE,12.0,90.75,87.93241155162592,7.5600000000000005,2.238,6.0200000000000005,206.07,,,302.25,,289.5950402290297,25.0,D,990.0,3.0995834159888913,BOB,0.2327174693346023,8.5,0.101500005,0.0445,0.11082645,SARAL_AltiKa
GRID_0092,INDIAN_MARINE,13.0,91.25,164.34593246289793,,,,,,,,,168.96379598075876,25.0,D,990.0,3.0995834159888913,BOB,0.2197810858488083,4.5,0.032,0.029500002,0.043522984,NO_NEARBY_SARAL
GRID_0093,INDIAN_MARINE,12.5,72.5,149.03881402929207,,,,,,,,,196.91470064988724,25.0,D,,3.0,ARB,0.1436687707901001,5.800000190734863,-0.015000001,0.143,0.14378457,NO_NEARBY_SARAL
GRID_0094,INDIAN_MARINE,11.75,89.0,103.74206902415432,,,,,,,,,408.38757247889066,25.0,D,990.0,3.0995834159888913,BOB,0.2244355231523513,6.0,0.11550001,0.088,0.14520417,NO_NEARBY_SARAL
GRID_0095,INDIAN_MARINE,18.5,75.25,280.5683612377308,,,,,,,,,326.84356590937267,20.0,D,998.0,3.0,BOB,,,,,,NO_NEARBY_SARAL
GRID_0096,INDIAN_MARINE,12.0,74.25,24.227543106108442,4.41,1.805,7.76,235.86,,,302.57,,389.93185136200015,25.0,D,,3.0,ARB,0.211841344833374,3.5999999046325684,0.036,0.118,0.12336936,SARAL_AltiKa
GRID_0097,INDIAN_MARINE,16.25,69.75,342.81748788341247,,,,,,,,,210.5495138694623,25.0,D,,3.0,ARB,0.0746064037084579,3.700000047683716,0.054500002,-0.14400001,0.15396835,NO_NEARBY_SARAL
GRID_0098,INDIAN_MARINE,18.75,69.75,277.8157183845088,,,,,,,,,38.297723980383225,80.0,VSCS,970.0,30.0,ARB,0.0877480506896972,3.799999952316284,0.04,0.1315,0.13744909,NO_NEARBY_SARAL
GRID_0099,INDIAN_MARINE,10.75,91.25,111.47284868530227,,,,,,,,,417.86203889207945,25.0,D,990.0,3.0995834159888913,BOB,0.2496921122074127,6.099999904632568,-0.094000004,-0.040500004,0.10235356,NO_NEARBY_SARAL
GRID_0100,INDIAN_MARINE,13.75,92.75,339.7384849021295,,,,,,,,,158.50318834651628,25.0,D,990.0,3.0995834159888913,BOB,0.2497523128986358,10.899999618530272,0.134,0.082,0.1570987,NO_NEARBY_SARAL
GRID_0101,INDIAN_MARINE,9.25,94.25,111.92599356221972,,,,,,,,,655.9461374644499,,,,,,0.238398477435112,5.0,0.019500002,-0.24850002,0.24926394,NO_NEARBY_SARAL
GRID_0102,INDIAN_MARINE,13.5,72.0,177.07365963373059,,,,,,,,,108.122527180103,25.0,D,,3.0,ARB,0.1488023251295089,4.800000190734863,-0.0024999995,0.09600001,0.09603255,NO_NEARBY_SARAL
GRID_0103,INDIAN_MARINE,21.5,73.0,121.02423517552896,,,,,,,,,111.19492664455854,50.0,SCS,990.0,12.0,ARB,,,,,,NO_NEARBY_SARAL
GRID_0104,INDIAN_MARINE,17.0,74.75,194.58860200418104,,,,,,,,,392.538916853172,20.0,D,998.0,3.0,BOB,,,,,,NO_NEARBY_SARAL
GRID_0105,INDIAN_MARINE,18.0,84.5,365.95254105443917,,,,,,,,,123.19004751177624,55.0,SCS,,15.001983733386234,BOB,0.1390829384326934,5.599999904632568,0.22900003,0.21900001,0.3168628,NO_NEARBY_SARAL
GRID_0106,INDIAN_MARINE,6.75,93.25,160.27580139412896,,,,,,,,,580.2387414691698,,,,,,0.222108244895935,4.599999904632568,-0.18650001,-0.14700001,0.23746844,NO_NEARBY_SARAL
GRID_0107,INDIAN_MARINE,8.25,75.75,95.03858595264855,4.98,1.866,6.7,216.51,,,302.26,,391.6726821123587,25.0,,,3.0,BOB,0.1936345696449279,5.800000190734863,-0.016500004,0.1305,0.13153897,SARAL_AltiKa
GRID_0108,INDIAN_MARINE,13.0,81.25,52.262796053532774,6.73,1.601,4.86,183.51,,,302.72,,42.98061433627066,55.0,SCS,982.0,18.0,BOB,0.134154662489891,6.699999809265137,0.021000005,0.19600001,0.1971218,SARAL_AltiKa
GRID_0109,INDIAN_MARINE,15.25,81.0,23.988978621650773,7.7,1.693,5.71,165.96,,,302.69,,110.88394321271473,35.0,CS,,6.0,BOB,0.1165181621909141,5.199999809265137,0.448,0.38350004,0.5897256,SARAL_AltiKa
GRID_0110,INDIAN_MARINE,16.0,77.0,274.4460919731144,,,,,,,,,160.33078775487584,25.0,D,997.0,3.0,BOB,,,,,,NO_NEARBY_SARAL
GRID_0111,INDIAN_MARINE,22.0,73.0,132.8587930589679,,,,,,,,,55.597463322279445,50.0,SCS,990.0,12.0,ARB,,,,,,NO_NEARBY_SARAL
GRID_0112,INDIAN_MARINE,17.0,68.0,417.3655961894129,,,,,,,,,76.97659093538385,65.0,VSCS,980.0,22.0,ARB,0.0755646228790283,6.599999904632568,0.050499998,0.0435,0.066652074,NO_NEARBY_SARAL
GRID_0113,INDIAN_MARINE,15.0,83.5,231.75403782764155,,,,,,,,,120.82983905325376,40.0,CS,,8.0,BOB,0.1692676693201065,5.0,0.15,0.032500006,0.15348046,NO_NEARBY_SARAL
GRID_0114,INDIAN_MARINE,12.0,72.75,134.82128379719202,,,,,,,,,252.66293285280153,25.0,D,,3.0,ARB,0.2024641633033752,5.300000190734863,0.045500003,0.131,0.13867678,NO_NEARBY_SARAL
GRID_0115,INDIAN_MARINE,10.5,97.0,128.87749616271378,,,,,,,,,744.411838630598,,,,,,0.2324434667825698,3.799999952316284,-0.16,-0.12450001,0.20273197,NO_NEARBY_SARAL
GRID_0116,INDIAN_MARINE,17.25,74.25,148.68231351020475,,,,,,,,,437.2150776933151,20.0,D,998.0,3.0,BOB,,,,,,NO_NEARBY_SARAL
GRID_0117,INDIAN_MARINE,14.75,71.0,250.81793574246373,,,,,,,,,136.22380911994068,30.0,DD,,5.0,ARB,0.1353183984756469,4.300000190734863,-0.035000004,-0.0395,0.052775472,NO_NEARBY_SARAL
GRID_0118,INDIAN_MARINE,12.5,73.75,16.854107797172627,3.77,1.7530000000000001,7.0600000000000005,238.96,,,302.54,,318.01620353550845,25.0,D,,3.0,ARB,0.2141002416610717,4.5,0.019000001,0.0185,0.026518863,SARAL_AltiKa
GRID_0119,INDIAN_MARINE,19.75,81.75,125.46150158169652,,,,,,,,,159.47021774748038,20.0,D,998.0,3.0,BOB,,,,,,NO_NEARBY_SARAL
GRID_0120,INDIAN_MARINE,20.25,80.5,14.134336831532673,,,,,,,,,98.29753199259504,20.0,D,998.0,3.0,BOB,,,,,,SARAL_AltiKa
GRID_0121,INDIAN_MARINE,13.5,73.75,7.421728698297568,4.75,1.948,7.1000000000000005,242.72,,,302.49,,297.3355997295168,25.0,D,,3.0,ARB,0.228747546672821,4.599999904632568,-0.010500001,-0.009500001,0.014159803,SARAL_AltiKa
GRID_0122,INDIAN_MARINE,8.75,80.0,215.6352516018897,,,,,,,,,99.840945841598,25.0,,,3.0,BOB,,,,,,NO_NEARBY_SARAL
GRID_0123,INDIAN_MARINE,7.25,91.5,55.30658530431844,6.04,1.883,7.04,204.74,,,302.21,,387.174947470355,25.0,D,,3.0,BOB,0.2482547909021377,5.199999809265137,-0.14950001,0.0435,0.15570004,SARAL_AltiKa
GRID_0124,INDIAN_MARINE,15.0,70.75,270.6346690672608,,,,,,,,,137.41552764660372,30.0,DD,,5.0,ARB,0.1233401745557785,4.599999904632568,0.025000002,0.021,0.032649655,NO_NEARBY_SARAL
GRID_0125,INDIAN_MARINE,12.75,82.5,73.94393819443675,7.37,1.6340000000000001,4.98,185.12,,,302.7,,99.51877164699287,35.0,CS,994.0,6.0,BOB,0.1436687409877777,4.900000095367432,0.033000007,-0.079500005,0.086077005,SARAL_AltiKa
GRID_0126,INDIAN_MARINE,13.5,96.5,25.73654599866143,4.71,1.181,5.24,233.73000000000002,177216.0,0.097,302.31,2024-06-16 11:36:42.103645824,463.9386679328021,30.0,DD,,4.463400119024003,BOB,0.3004111647605896,6.199999809265137,0.153,0.066,0.16662833,SARAL_AltiKa
GRID_0127,INDIAN_MARINE,6.0,71.0,470.4727717288668,,,,,,,,,552.8917376368673,,,,,,0.1315537542104721,4.400000095367432,-0.17700002,0.0165,0.17776743,NO_NEARBY_SARAL
GRID_0128,INDIAN_MARINE,19.0,71.75,66.55102539762929,4.5600000000000005,1.7790000000000001,7.4,233.31,,,302.26,,192.46768336100695,80.0,VSCS,970.0,30.0,ARB,0.1468173116445541,5.800000190734863,0.0335,-0.11500001,0.11978002,SARAL_AltiKa
GRID_0129,INDIAN_MARINE,17.0,70.0,297.4383644285145,,,,,,,,,166.792389966838,80.0,VSCS,970.0,30.0,ARB,0.0778233855962753,5.599999904632568,0.0004999973,-0.142,0.14200088,NO_NEARBY_SARAL
GRID_0130,INDIAN_MARINE,9.75,91.75,141.23079265264582,,,,,,,,,513.4720554327723,,,,,,0.2395621091127395,5.300000190734863,0.097,0.021500006,0.09935416,NO_NEARBY_SARAL
GRID_0131,INDIAN_MARINE,11.5,76.25,224.62228349538984,,,,,,,,,361.0992158144622,25.0,,,3.0,BOB,,,,,,NO_NEARBY_SARAL
GRID_0132,INDIAN_MARINE,11.25,82.5,38.17164938135443,7.18,1.881,5.18,187.88,,,302.64,,27.798731661139723,30.0,DD,992.0,4.0,BOB,0.137371689081192,5.099999904632568,-0.0135,0.061000004,0.062476,SARAL_AltiKa
GRID_0133,INDIAN_MARINE,11.0,90.0,15.798252292997345,7.4,2.129,5.99,208.46,,,302.27,,421.8031855757211,25.0,D,990.0,3.0995834159888913,BOB,0.2353184968233108,7.199999809265137,-0.0555,-0.0365,0.06642665,SARAL_AltiKa
GRID_0134,INDIAN_MARINE,5.5,74.75,78.20098130990809,5.91,1.848,6.2700000000000005,184.81,,,302.25,,661.3812166134732,,,,,,0.1624231934547424,4.900000095367432,-0.1585,0.2915,0.33180493,SARAL_AltiKa
GRID_0135,INDIAN_MARINE,9.5,71.75,303.05457200950144,,,,,,,,,452.22164677678546,25.0,D,,3.0,ARB,0.1616017073392868,5.800000190734863,-0.15,0.20600002,0.25482544,NO_NEARBY_SARAL
GRID_0136,INDIAN_MARINE,15.25,78.0,152.7596968572293,,,,,,,,,99.10455109229984,25.0,D,997.0,3.0,BOB,,,,,,NO_NEARBY_SARAL
GRID_0137,INDIAN_MARINE,11.25,68.5,378.11504011235627,,,,,,,,,61.184965155729145,25.0,D,,3.0,ARB,0.0978097021579742,4.099999904632568,0.096,-0.013,0.09687621,NO_NEARBY_SARAL
GRID_0138,INDIAN_MARINE,9.25,79.0,96.43303835045623,,,,,,,,,50.03771699005132,25.0,,,3.0,BOB,,,,,,SARAL_AltiKa
GRID_0139,INDIAN_MARINE,13.25,68.25,396.7142876321199,,,,,,,,,160.8536546578161,25.0,D,,3.0,ARB,0.0600958168506622,4.800000190734863,-0.0019999994,0.043000005,0.043046493,NO_NEARBY_SARAL
GRID_0140,INDIAN_MARINE,15.25,73.0,29.259612652990967,3.23,1.687,7.42,242.86,,,302.56,,290.2928939936368,25.0,D,,3.0,ARB,0.1985628008842468,6.0,0.019000001,0.0115,0.022209233,SARAL_AltiKa
GRID_0141,INDIAN_MARINE,16.75,81.0,12.615692414582558,,,,,,,,,162.01254306836017,40.0,CS,,8.0,BOB,,,,,,SARAL_AltiKa
GRID_0142,INDIAN_MARINE,17.0,93.5,333.5434420262655,,,,,,,,,55.59746332227909,115.0,VSCS,,65.58718508232494,BOB,0.2924027442932129,6.300000190734863,0.083500005,-0.076500006,0.113245316,NO_NEARBY_SARAL
GRID_0143,INDIAN_MARINE,13.5,89.5,8.393336043264316,9.02,2.27,6.0600000000000005,206.39000000000001,,,302.3,,242.74541078651163,25.0,D,990.0,3.0995834159888913,BOB,0.2356606721878051,6.699999809265137,-0.0955,0.038,0.10278254,SARAL_AltiKa
GRID_0144,INDIAN_MARINE,17.0,82.75,199.83082602342108,,,,,,,,,26.584057494619127,40.0,CS,,8.0,BOB,,,-0.04,-0.0555,0.06841235,NO_NEARBY_SARAL
GRID_0145,INDIAN_MARINE,8.75,95.75,60.65497803980886,4.57,1.224,5.3,220.38,,,302.48,,789.2087932772055,,,,,,0.2496238201856613,5.5,0.19100001,-0.053500004,0.19835134,SARAL_AltiKa
GRID_0146,INDIAN_MARINE,8.0,79.0,126.6817936468723,,,,,,,,,175.61054027541053,25.0,,,3.0,BOB,0.0629021301865577,3.900000095367432,-0.042000003,0.0925,0.10158864,NO_NEARBY_SARAL
GRID_0147,INDIAN_MARINE,9.75,70.5,430.3491294627002,,,,,,,,,335.42319761887785,25.0,D,,3.0,ARB,0.1539357751607895,5.300000190734863,-0.22,-0.004,0.22003636,NO_NEARBY_SARAL
GRID_0148,INDIAN_MARINE,7.5,70.5,486.9489074907139,,,,,,,,,419.7069480421449,25.0,D,,3.0,ARB,0.1669405698776245,4.5,0.264,0.063,0.27141297,NO_NEARBY_SARAL
GRID_0149,INDIAN_MARINE,8.75,68.5,320.95532307017834,,,,,,,,,167.12336866169764,25.0,D,,3.0,ARB,0.1270363926887512,4.0,0.0040000007,-0.0625,0.06262787,NO_NEARBY_SARAL
GRID_0150,INDIAN_MARINE,17.25,91.5,288.43361723979655,,,,,,,,,27.798731661139723,115.0,VSCS,,65.58718508232494,BOB,0.236961156129837,5.800000190734863,0.1525,0.0029999986,0.15252951,NO_NEARBY_SARAL
GRID_0151,INDIAN_MARINE,13.25,93.0,337.46653775453456,,,,,,,,,213.39591634263272,25.0,D,990.0,3.0995834159888913,BOB,,,,,,NO_NEARBY_SARAL
GRID_0152,INDIAN_MARINE,6.0,76.5,94.43268060380001,5.78,2.12,6.43,194.32,,,301.98,,495.0502567461827,25.0,,,3.0,BOB,0.1929500699043274,5.5,-0.105500005,0.127,0.16510376,SARAL_AltiKa
GRID_0153,INDIAN_MARINE,20.0,80.75,17.470221138752027,,,,,,,,,114.20280275715992,20.0,D,998.0,3.0,BOB,,,,,,SARAL_AltiKa
GRID_0154,INDIAN_MARINE,11.25,74.25,6.261895588386883,4.72,1.827,7.5200000000000005,224.65,,,302.51,,432.6365079607204,25.0,D,,3.0,ARB,0.2470912188291549,4.800000190734863,-0.0095,0.020500002,0.022594249,SARAL_AltiKa
GRID_0155,INDIAN_MARINE,16.0,79.0,66.14291712055434,,,,,,,,,53.44369899878775,25.0,D,997.0,3.0,BOB,,,,,,SARAL_AltiKa
GRID_0156,INDIAN_MARINE,6.25,80.75,270.26375392997517,,,,,,,,,335.3809036404501,25.0,,,3.0,BOB,,,,,,NO_NEARBY_SARAL
GRID_0157,INDIAN_MARINE,5.75,77.25,7.591728228823916,5.59,1.7790000000000001,6.45,193.53,,,301.98,,479.66666962433754,25.0,,,3.0,BOB,0.182409405708313,5.0,-0.029000003,0.025500003,0.03861671,SARAL_AltiKa
GRID_0158,INDIAN_MARINE,6.5,80.5,291.08185905450136,,,,,,,,,323.39782269057395,25.0,,,3.0,BOB,,,,,,NO_NEARBY_SARAL
GRID_0159,INDIAN_MARINE,9.5,95.5,16.0732560836811,4.6000000000000005,1.1500000000000001,5.4,228.54,220257.0,0.014,302.51,2024-06-16 11:37:49.236561792,705.8650077448541,,,,,,0.2268994748592376,4.199999809265137,-0.09900001,-0.0135,0.09991622,SARAL_AltiKa
GRID_0160,INDIAN_MARINE,6.75,71.75,371.1487423568316,,,,,,,,,579.9026093071503,,,,,,0.1380562931299209,4.300000190734863,-0.0745,0.008,0.0749283,NO_NEARBY_SARAL
GRID_0161,INDIAN_MARINE,18.75,72.0,47.17391036763411,5.18,1.809,7.6000000000000005,234.95000000000002,,,302.26,,212.5673356097219,80.0,VSCS,970.0,30.0,ARB,0.1532514244318008,5.0,0.054500002,-0.08950001,0.104787886,SARAL_AltiKa
GRID_0162,INDIAN_MARINE,12.25,75.5,162.57545489593403,,,,,,,,,475.75577125217393,25.0,,,3.0,BOB,,,,,,NO_NEARBY_SARAL
GRID_0163,INDIAN_MARINE,12.25,82.0,9.352772045938503,7.15,1.592,5.14,185.66,,,302.68,,27.798731661139545,35.0,CS,994.0,6.0,BOB,0.1222450211644172,4.199999809265137,0.072000004,-0.064,0.096332766,SARAL_AltiKa
GRID_0164,INDIAN_MARINE,17.75,73.75,108.76739146008731,,,,,,,,,404.9600302947808,80.0,VSCS,970.0,30.0,ARB,,,,,,NO_NEARBY_SARAL
GRID_0165,INDIAN_MARINE,19.75,79.5,68.32470091117607,,,,,,,,,89.13597924970874,20.0,D,998.0,3.0,BOB,,,,,,SARAL_AltiKa
GRID_0166,INDIAN_MARINE,7.25,70.5,493.2000930348302,,,,,,,,,431.6131063334143,25.0,D,,3.0,ARB,0.1591376662254333,3.5999999046325684,0.23600002,0.086500004,0.25135285,NO_NEARBY_SARAL
GRID_0167,INDIAN_MARINE,14.75,82.75,147.40649284182027,,,,,,,,,38.681674099146534,30.0,DD,,5.0,BOB,0.1279945224523544,6.0,0.29700002,-0.1075,0.3158564,NO_NEARBY_SARAL
GRID_0168,INDIAN_MARINE,16.25,78.75,98.10449538197304,,,,,,,,,38.54775020446417,25.0,D,997.0,3.0,BOB,,,,,,SARAL_AltiKa
GRID_0169,INDIAN_MARINE,11.5,71.75,253.29226291164164,,,,,,,,,236.82395188753583,25.0,D,,3.0,ARB,0.1457221508026123,6.400000095367432,0.16950001,0.019000001,0.17056158,NO_NEARBY_SARAL
GRID_0170,INDIAN_MARINE,7.0,81.25,198.157501963037,,,,,,,,,237.22716057942193,25.0,,,3.0,BOB,,,,,,NO_NEARBY_SARAL
GRID_0171,INDIAN_MARINE,16.25,85.75,196.80935864628697,,,,,,,,,38.54775020446417,35.0,CS,,7.0,BOB,0.1757700592279434,5.0,-0.050499998,0.055000003,0.074667595,NO_NEARBY_SARAL
GRID_0172,INDIAN_MARINE,5.75,71.25,449.6852961330018,,,,,,,,,591.7643759122858,,,,,,0.1468857824802398,4.699999809265137,-0.186,0.0015000002,0.18600605,NO_NEARBY_SARAL
GRID_0173,INDIAN_MARINE,21.75,70.0,174.70935355599482,,,,,,,,,148.353143873116,90.0,ESCS,962.0,40.0,ARB,,,,,,NO_NEARBY_SARAL
GRID_0174,INDIAN_MARINE,6.75,77.25,31.59981463215793,6.2,1.953,6.25,211.91,,,301.93,,380.37137905635274,25.0,,,3.0,BOB,0.1774127185344696,4.900000095367432,-0.11900001,-0.0165,0.120138474,SARAL_AltiKa
GRID_0175,INDIAN_MARINE,5.75,80.0,289.02262823825635,,,,,,,,,420.6050951672845,25.0,,,3.0,BOB,0.0,0.0,0.15100001,0.30200002,0.33764628,NO_NEARBY_SARAL
GRID_0176,INDIAN_MARINE,9.5,91.0,55.24075248441291,7.22,2.193,6.28,211.61,,,302.26,,431.5618284852138,25.0,D,,3.0,BOB,0.2678306102752685,4.400000095367432,0.08100001,0.063,0.102615796,SARAL_AltiKa
GRID_0177,INDIAN_MARINE,12.25,79.5,76.82538142577711,,,,,,,,,218.99364764994817,50.0,SCS,986.0,14.0,BOB,,,,,,SARAL_AltiKa
GRID_0178,INDIAN_MARINE,9.75,82.75,29.025739545085646,8.16,1.913,5.8100000000000005,178.55,,,302.56,,117.15457753162124,25.0,,,3.0,BOB,0.1436686813831329,6.0,-0.22900002,-0.0635,0.23764104,SARAL_AltiKa
GRID_0179,INDIAN_MARINE,11.25,72.75,153.22302595964564,,,,,,,,,314.1901947826496,25.0,D,,3.0,ARB,,,0.060000002,0.119500004,0.13371706,NO_NEARBY_SARAL
GRID_0180,INDIAN_MARINE,10.75,95.0,67.39629477240098,4.79,1.54,5.38,233.76,,,302.51,,563.9493036177546,,,,,,0.2436689287424087,6.0,-0.2745,-0.0435,0.27792534,SARAL_AltiKa
GRID_0181,INDIAN_MARINE,18.25,84.0,357.26742403141935,,,,,,,,,174.32422836629692,20.0,D,,3.0,BOB,,,,,,NO_NEARBY_SARAL
GRID_0182,INDIAN_MARINE,15.75,71.0,225.49209400756737,,,,,,,,,222.29281049624893,30.0,DD,,5.0,ARB,0.1427789628505706,5.900000095367432,0.0915,0.056,0.107276514,NO_NEARBY_SARAL
GRID_0183,INDIAN_MARINE,13.75,69.0,486.54771993910475,,,,,,,,,83.39619498341916,25.0,D,,3.0,ARB,0.0533196181058883,2.200000047683716,-0.064,0.09400001,0.113718964,NO_NEARBY_SARAL
GRID_0184,INDIAN_MARINE,17.75,80.25,21.479457541898622,,,,,,,,,177.75148048451706,20.0,D,998.0,3.0,BOB,,,,,,SARAL_AltiKa
GRID_0185,INDIAN_MARINE,14.0,71.25,243.48969143269608,,,,,,,,,61.80764189205728,25.0,D,,3.0,ARB,0.1216291114687919,3.700000047683716,-0.033,-0.07800001,0.08469357,NO_NEARBY_SARAL
GRID_0186,INDIAN_MARINE,16.25,92.0,317.70820696001965,,,,,,,,,110.2466049251958,40.0,CS,984.0,7.934933544931562,BOB,0.2117729485034942,5.400000095367432,0.009000003,-0.0695,0.07008031,NO_NEARBY_SARAL
GRID_0187,INDIAN_MARINE,9.0,89.25,144.0812128787324,,,,,,,,,261.53438470277047,25.0,D,,3.0,BOB,0.229911133646965,4.699999809265137,0.079,0.018500004,0.08113723,NO_NEARBY_SARAL
GRID_0188,INDIAN_MARINE,17.0,92.5,386.38340129409556,,,,,,,,,76.8785495925866,115.0,VSCS,,65.58718508232494,BOB,0.2384670525789261,4.800000190734863,0.141,0.040000003,0.14656399,NO_NEARBY_SARAL
GRID_0189,INDIAN_MARINE,9.75,94.25,123.68687873732217,,,,,,,,,606.8694181421,,,,,,0.2591376304626465,4.699999809265137,-0.0045000017,-0.23550001,0.235543,NO_NEARBY_SARAL
GRID_0190,INDIAN_MARINE,21.25,74.25,241.24772673555606,,,,,,,,,189.619474811436,50.0,SCS,990.0,12.0,ARB,,,,,,NO_NEARBY_SARAL
GRID_0191,INDIAN_MARINE,10.5,74.25,12.1587900015903,4.5200000000000005,1.872,7.890000000000001,226.23000000000002,,,302.46,,486.0016270976465,25.0,D,,3.0,ARB,0.2735116183757782,6.300000190734863,-0.006000001,0.041500002,0.041931495,SARAL_AltiKa
GRID_0192,INDIAN_MARINE,14.75,71.25,224.61712522282602,,,,,,,,,141.5837213773152,25.0,D,,3.0,ARB,0.1174538359045982,4.199999809265137,-0.072500005,-0.07350001,0.10324002,NO_NEARBY_SARAL
GRID_0193,INDIAN_MARINE,16.25,93.75,326.62386054617116,,,,,,,,,141.44614679626724,115.0,VSCS,,65.58718508232494,BOB,0.2454483062028885,7.5,-0.16950001,-0.1055,0.19965094,NO_NEARBY_SARAL
GRID_0194,INDIAN_MARINE,11.0,95.25,46.69097820036091,4.68,1.629,5.39,232.81,217595.0,0.116,302.49,2024-06-16 11:37:26.515666944,562.8541799137362,,,,,,0.2211500853300094,5.400000095367432,-0.24450001,-0.0695,0.25418597,SARAL_AltiKa
GRID_0195,INDIAN_MARINE,5.75,80.25,315.97810185409486,,,,,,,,,409.6697410778166,25.0,,,3.0,BOB,,,0.074,0.279,0.28864685,NO_NEARBY_SARAL
GRID_0196,INDIAN_MARINE,20.0,72.75,59.97496146225258,4.8,1.743,6.9,235.34,,,302.26,,241.2166068652107,90.0,ESCS,962.0,40.0,ARB,,,,,,SARAL_AltiKa
GRID_0197,INDIAN_MARINE,14.5,72.0,152.24865666385398,,,,,,,,,154.9342418408281,25.0,D,,3.0,ARB,0.135249838232994,4.099999904632568,-0.045,0.094000004,0.10421613,NO_NEARBY_SARAL
GRID_0198,INDIAN_MARINE,11.25,83.5,144.47807971069685,,,,,,,,,112.5909794635821,30.0,DD,992.0,4.0,BOB,0.1082135438919067,3.900000095367432,-0.094000004,-0.1145,0.14814267,NO_NEARBY_SARAL
GRID_0199,INDIAN_MARINE,17.0,74.0,116.93895956515865,,,,,,,,,455.2382249648553,80.0,VSCS,970.0,30.0,ARB,,,,,,NO_NEARBY_SARAL
GRID_0200,INDIAN_MARINE,10.0,82.0,45.12911430001496,8.56,1.881,5.55,183.01,,,302.59000000000003,,111.19492664455872,25.0,,,3.0,BOB,0.1262834668159485,3.900000095367432,-0.18900001,0.0034999996,0.1890324,SARAL_AltiKa
GRID_0201,INDIAN_MARINE,10.25,75.25,88.87802929431862,2.77,1.85,8.01,223.82,,,302.43,,415.2024992679866,25.0,,,3.0,BOB,0.2893911302089691,6.300000190734863,0.0015,-0.0505,0.050522275,SARAL_AltiKa
GRID_0202,INDIAN_MARINE,10.25,94.5,108.78753478023629,,,,,,,,,573.969940117309,,,,,,0.2519508004188537,6.900000095367432,-0.15900001,-0.13700001,0.20988093,NO_NEARBY_SARAL
GRID_0203,INDIAN_MARINE,12.25,76.25,241.9760114076985,,,,,,,,,412.9137788495221,25.0,,,3.0,BOB,,,,,,NO_NEARBY_SARAL
GRID_0204,INDIAN_MARINE,16.75,92.0,328.9540218256267,,,,,,,,,83.39619498341881,115.0,VSCS,,65.58718508232494,BOB,0.2291582077741623,6.699999809265137,0.132,-0.07450001,0.1515726,NO_NEARBY_SARAL
GRID_0205,INDIAN_MARINE,5.25,80.25,328.19590228444605,,,,,,,,,459.5022442296277,25.0,,,3.0,BOB,0.1489391326904297,4.5,0.108500004,0.169,0.2008314,NO_NEARBY_SARAL
GRID_0206,INDIAN_MARINE,11.0,88.75,148.63268105649547,,,,,,,,,452.33919557343614,25.0,D,,3.0,BOB,0.2060918509960174,3.799999952316284,-0.046500005,0.20950001,0.21459848,NO_NEARBY_SARAL
GRID_0207,INDIAN_MARINE,7.75,80.0,240.1554277635559,,,,,,,,,202.2053722513179,25.0,,,3.0,BOB,,,,,,NO_NEARBY_SARAL
GRID_0208,INDIAN_MARINE,12.5,71.75,228.34234958807687,,,,,,,,,137.72108746629846,25.0,D,,3.0,ARB,0.1648187935352325,5.900000095367432,-0.0020000003,0.054500002,0.05453669,NO_NEARBY_SARAL
GRID_0209,INDIAN_MARINE,19.5,81.0,55.21394425281637,,,,,,,,,166.79238996683833,20.0,D,998.0,3.0,BOB,,,,,,SARAL_AltiKa
GRID_0210,INDIAN_MARINE,6.25,73.25,221.8446554379592,,,,,,,,,740.2415600024062,,,,,,,,-0.1825,0.16600001,0.24670276,NO_NEARBY_SARAL
GRID_0211,INDIAN_MARINE,9.0,95.0,25.693485849522926,4.7,1.299,5.28,221.06,180344.0,0.084,302.49,2024-06-16 11:37:59.566852096,720.4680607903869,,,,,,0.2261467576026916,6.099999904632568,0.092,-0.15300001,0.17853011,SARAL_AltiKa
GRID_0212,INDIAN_MARINE,15.5,84.75,283.79673017707074,,,,,,,,,92.88657211902928,45.0,CS,,10.0,BOB,0.1793978661298751,4.800000190734863,0.089,0.0059999973,0.08920202,NO_NEARBY_SARAL
GRID_0213,INDIAN_MARINE,9.75,74.75,23.615333501419713,3.93,1.905,7.87,225.69,,,302.39,,465.8175344935765,25.0,,,3.0,BOB,0.2370295226573944,4.5,-0.0029999996,0.064500004,0.064569734,SARAL_AltiKa
GRID_0214,INDIAN_MARINE,11.75,92.75,294.19455358144774,,,,,,,,,334.401024811062,25.0,D,990.0,3.0995834159888913,BOB,,,,,,NO_NEARBY_SARAL
GRID_0215,INDIAN_MARINE,20.75,71.25,73.95575517777266,4.41,1.204,5.1000000000000005,218.44,,,301.5,,82.85349991488997,90.0,ESCS,962.0,40.0,ARB,,,,,,SARAL_AltiKa
GRID_0216,INDIAN_MARINE,6.5,74.75,54.3073233058068,5.39,1.744,6.58,188.16,,,302.24,,587.7454872956035,,,,,,0.1936345994472503,7.199999809265137,-0.1755,0.2125,0.27560207,SARAL_AltiKa
GRID_0217,INDIAN_MARINE,10.75,79.0,60.13693236018206,,,,,,,,,116.75467297678684,25.0,,,3.0,BOB,,,,,,SARAL_AltiKa
GRID_0218,INDIAN_MARINE,16.75,68.5,459.44878450017967,,,,,,,,,110.11326112365292,65.0,VSCS,980.0,22.0,ARB,0.0760437846183776,4.900000095367432,0.018000007,0.075500004,0.07761604,NO_NEARBY_SARAL
GRID_0219,INDIAN_MARINE,8.25,82.25,60.490817642638596,5.7700000000000005,2.481,6.8,177.48,,,302.44,,87.80833476906403,25.0,,,3.0,BOB,0.1705682128667831,6.400000095367432,-0.033,-0.3445,0.34607694,SARAL_AltiKa
GRID_0220,INDIAN_MARINE,20.75,75.0,305.77066364499876,,,,,,,,,283.90220230256165,50.0,SCS,990.0,12.0,ARB,,,,,,NO_NEARBY_SARAL
GRID_0221,INDIAN_MARINE,9.0,78.0,4.622412128462084,,,3.8200000000000003,180.92000000000002,,,,,134.52248949270205,25.0,,,3.0,BOB,,,,,,SARAL_AltiKa
GRID_0222,INDIAN_MARINE,16.25,82.75,182.42570537179574,,,,,,,,,38.524243710974666,50.0,SCS,,14.0,BOB,0.1433561444282531,4.199999809265137,0.2175,0.0034999996,0.21752816,NO_NEARBY_SARAL
GRID_0223,INDIAN_MARINE,10.0,80.5,205.1916813404478,,,,,,,,,122.88490015632298,25.0,,,3.0,BOB,0.124298483133316,9.800000190734863,0.12900001,0.119,0.175505,NO_NEARBY_SARAL
GRID_0224,INDIAN_MARINE,17.0,94.25,255.86494307681585,,,,,,,,,42.64226073639493,115.0,VSCS,,65.58718508232494,BOB,,,-0.057000004,-0.032,0.06536819,NO_NEARBY_SARAL
GRID_0225,INDIAN_MARINE,12.5,92.5,284.8972361515238,,,,,,,,,247.2778505596892,25.0,D,990.0,3.0995834159888913,BOB,,,-0.021000005,-0.0010000002,0.0210238,NO_NEARBY_SARAL
GRID_0226,INDIAN_MARINE,16.5,81.75,84.39458568547899,,,,,,,,,97.30513028736432,40.0,CS,,8.0,BOB,,,,,,SARAL_AltiKa
GRID_0227,INDIAN_MARINE,6.75,70.5,489.9024213726225,,,,,,,,,459.557138342351,25.0,D,,3.0,ARB,0.124161496758461,3.4000000953674316,0.061000004,0.095,0.112898186,NO_NEARBY_SARAL
GRID_0228,INDIAN_MARINE,8.5,72.0,301.0645567220321,,,,,,,,,550.5381351986118,,,,,,0.1629706621170044,5.699999809265137,0.009500001,0.266,0.2661696,NO_NEARBY_SARAL
GRID_0229,INDIAN_MARINE,7.75,93.5,156.94747500706544,,,,,,,,,612.2111012445773,,,,,,,,0.0045000017,-0.08300001,0.08312191,NO_NEARBY_SARAL
GRID_0230,INDIAN_MARINE,12.75,94.0,220.40113558812004,,,,,,,,,332.93712177910714,25.0,D,990.0,3.0995834159888913,BOB,0.2014375329017639,3.700000047683716,0.13900001,0.106000006,0.17480563,NO_NEARBY_SARAL
GRID_0231,INDIAN_MARINE,9.25,95.75,48.68504650005964,4.82,1.25,5.3500000000000005,226.15,206856.0,0.037,302.5,2024-06-16 11:37:52.334863232,744.641701562571,,,,,,0.2156059443950653,4.300000190734863,-0.05,-0.015999999,0.052497618,SARAL_AltiKa
GRID_0232,INDIAN_MARINE,5.25,80.0,301.21037729012926,,,,,,,,,471.75335385689544,25.0,,,3.0,BOB,0.1520877480506897,4.099999904632568,0.18600002,0.1395,0.23250002,NO_NEARBY_SARAL
GRID_0233,INDIAN_MARINE,19.75,76.5,374.0114779424388,,,,,,,,,271.53171611377917,20.0,D,998.0,3.0,BOB,,,,,,NO_NEARBY_SARAL
GRID_0234,INDIAN_MARINE,17.25,81.75,102.15422332232676,,,,,,,,,81.40431124841983,25.0,DD,,4.0,BOB,,,,,,NO_NEARBY_SARAL
GRID_0235,INDIAN_MARINE,17.25,72.5,32.49173058497754,4.09,1.723,7.44,239.97,,,302.39,,298.84946403090044,80.0,VSCS,970.0,30.0,ARB,0.2302534282207489,6.900000095367432,0.021000002,0.037,0.042544097,SARAL_AltiKa
GRID_0236,INDIAN_MARINE,8.75,91.75,117.6964675644457,,,,,,,,,456.57382265156315,25.0,D,,3.0,BOB,0.2722795903682709,9.199999809265137,-0.0055000037,-0.024500005,0.025109766,NO_NEARBY_SARAL
GRID_0237,INDIAN_MARINE,7.75,76.0,110.04446499697852,,,,,,,,,394.61590410792405,25.0,,,3.0,BOB,0.1582479029893875,4.599999904632568,0.19900002,0.2125,0.291131,NO_NEARBY_SARAL
GRID_0238,INDIAN_MARINE,8.5,95.5,39.86568526261944,4.23,1.178,5.36,217.05,165338.0,0.151,302.47,2024-06-16 11:38:05.766627840,796.7952624617901,,,,,,0.2472966313362121,4.5,0.20900002,-0.0635,0.21843365,SARAL_AltiKa
GRID_0239,INDIAN_MARINE,16.0,83.5,254.72395530001958,,,,,,,,,53.44369899878775,45.0,CS,,10.0,BOB,0.1436687558889389,4.5,0.313,0.194,0.36824584,NO_NEARBY_SARAL
GRID_0240,INDIAN_MARINE,11.75,70.25,406.17921750610714,,,,,,,,,210.9212635414937,25.0,D,,3.0,ARB,0.1111567467451095,4.099999904632568,0.029500002,0.010499999,0.03131294,NO_NEARBY_SARAL
GRID_0241,INDIAN_MARINE,11.0,82.5,32.22805145911807,8.05,2.05,5.29,187.91,,,302.63,,0.0,30.0,DD,992.0,4.0,BOB,0.1522244364023208,6.5,-0.09900001,0.0705,0.12153704,SARAL_AltiKa
GRID_0242,INDIAN_MARINE,14.0,89.25,22.82353579931614,9.09,2.088,5.8100000000000005,205.51,,,302.33,,248.7806703599045,25.0,D,990.0,3.0995834159888913,BOB,0.2405203729867935,4.900000095367432,-0.036500007,0.0535,0.06476496,SARAL_AltiKa
GRID_0243,INDIAN_MARINE,14.25,72.75,79.69167385025946,4.3500000000000005,1.963,7.26,241.94,,,302.5,,206.5002552980247,25.0,D,,3.0,ARB,0.152156189084053,6.699999809265137,-0.034500003,0.1365,0.1407924,SARAL_AltiKa
GRID_0244,INDIAN_MARINE,7.25,71.75,358.80689303697613,,,,,,,,,557.8865107611341,,,,,,0.1375770270824432,3.0999999046325684,0.09150001,0.055500004,0.10701636,NO_NEARBY_SARAL
GRID_0245,INDIAN_MARINE,12.5,70.25,387.0135077431559,,,,,,,,,137.72108746629763,25.0,D,,3.0,ARB,0.1099246516823768,3.799999952316284,0.016,-0.079,0.08060397,NO_NEARBY_SARAL
GRID_0246,INDIAN_MARINE,11.25,74.75,59.435347787291555,4.53,1.784,7.62,223.67000000000002,,,302.5,,477.96927042280095,25.0,D,,3.0,ARB,0.2747435867786407,4.800000190734863,-0.0355,0.048,0.059701342,SARAL_AltiKa
GRID_0247,INDIAN_MARINE,7.0,71.5,391.87282890051654,,,,,,,,,543.0986145282594,,,,,,0.1531828939914703,7.800000190734863,0.0485,0.053500004,0.0722115,NO_NEARBY_SARAL
GRID_0248,INDIAN_MARINE,7.75,95.75,84.75916927507808,5.03,1.292,5.74,213.79,,,302.44,,858.6738012760346,,,,,,0.2268311232328415,4.699999809265137,-0.030500002,0.031499997,0.04384632,SARAL_AltiKa
GRID_0249,INDIAN_MARINE,13.75,70.25,355.03026329565466,,,,,,,,,38.744012550711545,30.0,DD,,5.0,ARB,0.1017796322703361,3.799999952316284,-0.069000006,-0.048,0.08405356,NO_NEARBY_SARAL
GRID_0250,INDIAN_MARINE,11.25,97.0,110.54704893768269,,,,,,,,,681.0574711012202,,,,,,0.2723478376865387,8.399999618530273,-0.0445,-0.128,0.13551477,NO_NEARBY_SARAL
GRID_0251,INDIAN_MARINE,18.75,81.75,137.5546976835539,,,,,,,,,199.8934440838709,25.0,DD,,4.0,BOB,,,,,,NO_NEARBY_SARAL
GRID_0252,INDIAN_MARINE,8.0,70.0,464.64840133026064,,,,,,,,,348.15003662868634,25.0,D,,3.0,ARB,0.1797399967908859,4.5,0.132,-0.024,0.13416408,NO_NEARBY_SARAL
GRID_0253,INDIAN_MARINE,5.0,76.25,71.79461477534997,5.44,1.707,6.22,183.49,,,302.28000000000003,,604.1920134548861,,,,,,0.1964408606290817,4.699999809265137,-0.094,0.224,0.24292386,SARAL_AltiKa
GRID_0254,INDIAN_MARINE,7.25,89.5,159.77760723906303,,,,,,,,,167.822548588507,25.0,D,,3.0,BOB,0.2282685339450836,5.199999809265137,-0.2315,0.056500003,0.23829499,NO_NEARBY_SARAL
GRID_0255,INDIAN_MARINE,17.25,77.0,302.80378830032123,,,,,,,,,161.04187057312114,20.0,D,998.0,3.0,BOB,,,,,,NO_NEARBY_SARAL
GRID_0256,INDIAN_MARINE,10.25,96.75,131.2214197800364,,,,,,,,,740.4651221094723,,,,,,0.2195074409246444,4.699999809265137,-0.127,-0.1965,0.23396848,NO_NEARBY_SARAL
GRID_0257,INDIAN_MARINE,8.25,75.25,41.37590583388517,4.8100000000000005,1.776,6.8,217.87,,,302.27,,442.2966493640965,25.0,,,3.0,BOB,0.1929502189159393,4.0,-0.031500004,-0.03850001,0.04974436,SARAL_AltiKa
GRID_0258,INDIAN_MARINE,18.5,77.25,305.2156799590621,,,,,,,,,124.03917402520116,20.0,D,998.0,3.0,BOB,,,,,,NO_NEARBY_SARAL
GRID_0259,INDIAN_MARINE,13.5,89.25,34.75681898779269,9.11,2.089,6.01,206.16,,,302.31,,267.00751499753335,25.0,D,990.0,3.0995834159888913,BOB,0.240999549627304,7.0,-0.062000003,-0.042,0.07488658,SARAL_AltiKa
GRID_0260,INDIAN_MARINE,5.0,74.0,171.20300116000044,,,,,,,,,759.6014267414268,,,,,,0.1681041866540908,3.299999952316284,-0.24850002,0.333,0.4155012,NO_NEARBY_SARAL
GRID_0261,INDIAN_MARINE,11.5,88.5,162.90697811069194,,,,,,,,,465.7223965894464,25.0,D,990.0,3.0995834159888913,BOB,0.1862425357103347,4.900000095367432,0.001500003,0.106000006,0.10601062,NO_NEARBY_SARAL
GRID_0262,INDIAN_MARINE,16.0,79.75,12.394347557349965,,,,,,,,,114.37600411774808,30.0,DD,995.0,5.0,BOB,,,,,,SARAL_AltiKa
GRID_0263,INDIAN_MARINE,9.25,92.0,156.22089486417536,,,,,,,,,506.4026573359748,,,,,,0.2283369898796081,4.599999904632568,0.055,0.024500005,0.06021005,NO_NEARBY_SARAL
GRID_0264,INDIAN_MARINE,16.0,72.75,36.94784895468472,2.57,1.938,7.42,240.29,,,302.6,,335.6801319166709,25.0,D,,3.0,ARB,0.1655716598033905,6.0,-0.007,0.0435,0.04405962,SARAL_AltiKa
GRID_0265,INDIAN_MARINE,9.5,83.75,129.97987444473634,,,,,,,,,29.590210636565548,25.0,D,990.0,3.0,BOB,0.1475701034069061,7.400000095367432,-0.2175,-0.058,0.22510053,NO_NEARBY_SARAL
GRID_0266,INDIAN_MARINE,16.25,82.0,104.44504391479575,,,,,,,,,98.95920524450656,40.0,CS,,8.0,BOB,,,0.18200001,0.106000006,0.21061815,NO_NEARBY_SARAL
GRID_0267,INDIAN_MARINE,5.25,76.5,76.6642010970987,5.43,1.864,6.58,184.5,,,302.04,,566.368253588815,,,,,,0.1991787701845169,4.400000095367432,-0.0605,0.16600001,0.17668122,SARAL_AltiKa
GRID_0268,INDIAN_MARINE,17.75,73.0,31.583373279364363,4.33,1.667,7.51,239.29,,,302.32,,327.81138587414705,80.0,VSCS,970.0,30.0,ARB,,,0.0635,0.005500002,0.06373774,SARAL_AltiKa
GRID_0269,INDIAN_MARINE,10.5,68.0,307.7823477284715,,,,,,,,,77.93966804833673,30.0,DD,,5.0,ARB,0.1006843969225883,3.799999952316284,0.068,0.037000004,0.077414475,NO_NEARBY_SARAL
GRID_0270,INDIAN_MARINE,13.5,69.25,466.7595458982028,,,,,,,,,98.24985108282915,30.0,DD,,5.0,ARB,0.0534565150737762,2.200000047683716,-0.09,0.051500004,0.10369306,NO_NEARBY_SARAL
GRID_0271,INDIAN_MARINE,12.25,78.75,3.3525948863118056,,,,,,,,,271.61650294711103,55.0,SCS,982.0,18.0,BOB,,,,,,SARAL_AltiKa
GRID_0272,INDIAN_MARINE,9.25,88.75,191.4889026172273,,,,,,,,,263.45663167449,25.0,D,,3.0,BOB,0.20855613052845,5.599999904632568,0.079,0.079500005,0.11207699,NO_NEARBY_SARAL
GRID_0273,INDIAN_MARINE,20.25,76.75,335.227354216172,,,,,,,,,291.8207536506174,20.0,D,998.0,3.0,BOB,,,,,,NO_NEARBY_SARAL
GRID_0274,INDIAN_MARINE,14.0,94.25,222.99073619098843,,,,,,,,,301.54417338515526,25.0,D,990.0,3.0995834159888913,BOB,0.2425054609775543,6.5,0.1965,-0.172,0.26114413,NO_NEARBY_SARAL
GRID_0275,INDIAN_MARINE,9.5,71.5,329.7691156934543,,,,,,,,,442.5744029121172,25.0,D,,3.0,ARB,0.1561260819435119,5.699999809265137,-0.20750001,0.192,0.2827017,NO_NEARBY_SARAL
GRID_0276,INDIAN_MARINE,13.25,76.5,263.94965021278284,,,,,,,,,332.46509939281094,30.0,DD,996.0,4.0,BOB,,,,,,NO_NEARBY_SARAL
GRID_0277,INDIAN_MARINE,8.5,90.0,75.89786083563193,6.84,2.048,6.2700000000000005,210.29,,,302.22,,276.35947978751227,25.0,D,,3.0,BOB,0.2540044486522674,7.5,0.094500005,0.043500006,0.10403125,SARAL_AltiKa
GRID_0278,INDIAN_MARINE,12.0,83.25,135.5586143492595,,,,,,,,,135.9561968313897,35.0,CS,994.0,6.0,BOB,0.1327173709869384,3.4000000953674316,0.18450001,-0.078,0.2003104,NO_NEARBY_SARAL
GRID_0279,INDIAN_MARINE,9.25,68.5,332.4702782456092,,,,,,,,,167.0111010419087,25.0,D,,3.0,ARB,0.1297057271003723,6.199999809265137,0.015999999,-0.0505,0.05297405,NO_NEARBY_SARAL
GRID_0280,INDIAN_MARINE,16.75,93.25,365.97829589345196,,,,,,,,,87.52530319773199,115.0,VSCS,,65.58718508232494,BOB,0.284462958574295,5.0,-0.0185,-0.08400001,0.086013086,NO_NEARBY_SARAL
GRID_0281,INDIAN_MARINE,7.75,71.0,426.98488594867996,,,,,,,,,461.4559215161286,25.0,D,,3.0,ARB,0.1774812042713165,3.700000047683716,0.269,0.13250001,0.29986206,NO_NEARBY_SARAL
GRID_0282,INDIAN_MARINE,16.75,83.25,245.91413064353765,,,,,,,,,38.50040147538608,45.0,CS,,10.042650267804008,BOB,0.1325342506170272,3.0999999046325684,0.128,0.043500006,0.13518968,NO_NEARBY_SARAL
GRID_0283,INDIAN_MARINE,12.5,68.0,353.3960565769582,,,,,,,,,111.19492664455872,25.0,D,,3.0,ARB,0.0556468106806278,2.9000000953674316,-0.0585,0.023000002,0.06285897,NO_NEARBY_SARAL
GRID_0284,INDIAN_MARINE,9.0,74.75,6.299613612027999,4.19,1.94,7.6000000000000005,225.46,,,302.33,,472.7457677283227,25.0,,,3.0,BOB,0.2409311234951019,4.300000190734863,-0.0925,-0.0595,0.10998409,SARAL_AltiKa
GRID_0285,INDIAN_MARINE,9.5,94.0,144.53755077264088,,,,,,,,,618.8622373997645,,,,,,0.231143370270729,5.400000095367432,0.008499995,-0.229,0.2291577,NO_NEARBY_SARAL
GRID_0286,INDIAN_MARINE,12.75,77.0,199.60663974745538,,,,,,,,,330.454411428367,30.0,DD,996.0,4.0,BOB,,,,,,NO_NEARBY_SARAL
GRID_0287,INDIAN_MARINE,12.5,80.25,150.10476184414532,,,,,,,,,135.6988275426496,50.0,SCS,986.0,14.0,BOB,,,,,,NO_NEARBY_SARAL
GRID_0288,INDIAN_MARINE,13.5,90.0,44.33634939623501,9.13,2.773,6.140000000000001,206.8,,,302.3,,196.3541573869996,25.0,D,990.0,3.0995834159888913,BOB,0.2439426481723785,5.099999904632568,-0.11400001,0.0885,0.14431997,SARAL_AltiKa
GRID_0289,INDIAN_MARINE,19.5,69.75,258.3279468500334,,,,,,,,,114.25912607695156,80.0,VSCS,970.0,30.0,ARB,0.0940451622009277,5.0,-0.0195,0.108,0.1097463,NO_NEARBY_SARAL
GRID_0290,INDIAN_MARINE,14.0,69.25,453.71724382935673,,,,,,,,,61.782025080593655,25.0,D,,3.0,ARB,0.054893884807825,3.0,-0.025,0.05,0.055901702,NO_NEARBY_SARAL
GRID_0291,INDIAN_MARINE,9.75,72.0,270.14367885396837,,,,,,,,,430.964748955506,25.0,D,,3.0,ARB,0.1485968232154846,8.5,-0.11900001,0.19100001,0.22503778,NO_NEARBY_SARAL
GRID_0292,INDIAN_MARINE,16.0,90.5,155.8544929786915,,,,,,,,,53.44369899878775,40.0,CS,984.0,7.934933544931562,BOB,0.2631076574325561,4.199999809265137,0.136,0.09150001,0.16391538,NO_NEARBY_SARAL
GRID_0293,INDIAN_MARINE,21.5,70.0,181.16466735669286,,,,,,,,,122.71230232197038,90.0,ESCS,962.0,40.0,ARB,,,,,,NO_NEARBY_SARAL
GRID_0294,INDIAN_MARINE,11.0,69.25,452.24174669273657,,,,,,,,,147.2238442156723,25.0,D,,3.0,ARB,0.131553828716278,4.5,0.026500002,-0.030000001,0.040028118,NO_NEARBY_SARAL
GRID_0295,INDIAN_MARINE,8.25,74.75,12.42082715305243,4.67,1.716,7.0,219.02,,,302.27,,493.83823311654254,25.0,,,3.0,BOB,0.1973307728767395,3.5999999046325684,-0.058500003,-0.103,0.11845358,SARAL_AltiKa
GRID_0296,INDIAN_MARINE,14.0,69.75,401.16181239485934,,,,,,,,,26.972989274410153,30.0,DD,,5.0,ARB,0.0806296691298484,3.4000000953674316,-0.045500003,-0.0145,0.047754582,NO_NEARBY_SARAL
GRID_0297,INDIAN_MARINE,18.25,80.0,16.946250577411767,,,,,,,,,118.57825546519028,20.0,D,998.0,3.0,BOB,,,,,,SARAL_AltiKa
GRID_0298,INDIAN_MARINE,6.0,72.0,362.6626528568062,,,,,,,,,644.2390659777828,,,,,,0.1737851202487945,4.300000190734863,-0.187,0.0465,0.19269471,NO_NEARBY_SARAL
GRID_0299,INDIAN_MARINE,15.25,76.0,284.5072242672442,,,,,,,,,280.39935981628173,25.0,D,997.0,3.0,BOB,,,,,,NO_NEARBY_SARAL
GRID_0300,INDIAN_MARINE,12.0,90.5,61.410945069038355,7.49,2.191,6.01,206.14000000000001,,,302.25,,298.3111534136304,25.0,D,990.0,3.0995834159888913,BOB,0.2475019097328186,8.300000190734863,0.13450001,0.05,0.14349304,SARAL_AltiKa
GRID_0301,INDIAN_MARINE,15.5,82.75,164.97446133784877,,,,,,,,,26.78770287164965,40.0,CS,,8.0,BOB,0.1631074696779251,5.599999904632568,0.347,-0.0225,0.3477287,NO_NEARBY_SARAL
GRID_0302,INDIAN_MARINE,12.75,71.0,301.38117730049686,,,,,,,,,83.396194983419,25.0,D,,3.0,ARB,0.1205339357256889,4.699999809265137,-0.0335,-0.060500003,0.069155626,NO_NEARBY_SARAL
GRID_0303,INDIAN_MARINE,11.75,78.25,43.74733691793198,,,,,,,,,242.22776324209784,25.0,,,3.0,BOB,,,,,,SARAL_AltiKa
GRID_0304,INDIAN_MARINE,19.75,73.5,130.35965908903256,,,,,,,,,310.1514668683808,50.0,SCS,990.0,12.0,ARB,,,,,,NO_NEARBY_SARAL
GRID_0305,INDIAN_MARINE,16.25,73.75,73.19545024992907,2.71,2.0140000000000002,7.4,240.37,,,302.59000000000003,,425.2372853205395,25.0,D,,3.0,ARB,,,,,,SARAL_AltiKa
GRID_0306,INDIAN_MARINE,7.5,93.0,204.77673440827877,,,,,,,,,554.3201812054326,,,,,,0.2459274381399154,4.800000190734863,0.041,-0.124000005,0.13060245,NO_NEARBY_SARAL
GRID_0307,INDIAN_MARINE,6.25,79.75,249.88212707482685,,,,,,,,,362.430807457995,25.0,,,3.0,BOB,,,-0.043000005,0.33850002,0.34122026,NO_NEARBY_SARAL
GRID_0308,INDIAN_MARINE,6.5,70.5,484.17954239440564,,,,,,,,,475.3521867619541,25.0,D,,3.0,ARB,0.1384669244289398,3.4000000953674316,-0.053000003,0.087000005,0.101872474,NO_NEARBY_SARAL
GRID_0309,INDIAN_MARINE,18.5,77.5,279.52889489864145,,,,,,,,,101.13411891991824,20.0,D,998.0,3.0,BOB,,,,,,NO_NEARBY_SARAL
GRID_0310,INDIAN_MARINE,11.75,72.0,220.54574014817646,,,,,,,,,222.79648961455837,25.0,D,,3.0,ARB,0.1491445153951645,4.599999904632568,0.165,0.0675,0.17827298,NO_NEARBY_SARAL
GRID_0311,INDIAN_MARINE,11.0,76.75,185.3219036141212,,,,,,,,,285.4233452062849,25.0,,,3.0,BOB,,,,,,NO_NEARBY_SARAL
GRID_0312,INDIAN_MARINE,15.75,68.5,478.20995634695925,,,,,,,,,135.51854584153787,65.0,VSCS,980.0,22.0,ARB,0.0676249042153358,3.5999999046325684,-0.0995,0.2055,0.22832105,NO_NEARBY_SARAL
GRID_0313,INDIAN_MARINE,9.0,75.0,32.6090247825288,4.19,1.94,7.6000000000000005,225.46,,,302.33,,445.714229988236,25.0,,,3.0,BOB,0.2501027882099151,3.700000047683716,-0.12900001,-0.0485,0.13781601,SARAL_AltiKa
GRID_0314,INDIAN_MARINE,19.75,68.5,379.17393438843993,,,,,,,,,98.38705802507845,25.0,D,,3.0,ARB,0.0557837001979351,3.5999999046325684,0.09150001,-0.0335,0.09743973,NO_NEARBY_SARAL
GRID_0315,INDIAN_MARINE,12.25,78.0,82.04652235801511,,,,,,,,,303.830391374939,25.0,,,3.0,BOB,,,,,,SARAL_AltiKa
GRID_0316,INDIAN_MARINE,10.25,79.5,125.54711161408292,,,,,,,,,82.08842687585663,25.0,,,3.0,BOB,,,,,,NO_NEARBY_SARAL
GRID_0317,INDIAN_MARINE,12.5,84.75,214.83688534557731,,,,,,,,,295.16338102454824,25.0,D,,3.0,BOB,0.1430527716875076,4.099999904632568,-0.089,0.039,0.09716995,NO_NEARBY_SARAL
GRID_0318,INDIAN_MARINE,12.0,83.5,162.07439072429855,,,,,,,,,155.68179481457904,30.0,DD,992.0,4.0,BOB,0.1505818367004394,4.300000190734863,0.178,-0.125,0.21750632,NO_NEARBY_SARAL
GRID_0319,INDIAN_MARINE,7.75,78.25,52.29153799917481,6.68,1.731,5.55,222.92000000000002,,,301.89,,231.96870445240907,25.0,,,3.0,BOB,0.0857631340622901,4.900000095367432,-0.11650001,-0.0455,0.12506999,SARAL_AltiKa
GRID_0320,INDIAN_MARINE,13.0,73.5,31.12329571776437,4.6000000000000005,1.831,6.83,241.38,,,302.51,,276.2377560534388,25.0,D,,3.0,ARB,0.194387674331665,4.199999809265137,-0.0255,0.034500003,0.04290105,SARAL_AltiKa
GRID_0321,INDIAN_MARINE,12.75,74.0,15.826954310092532,4.14,1.766,6.95,239.8,,,302.52,,335.3994560751584,25.0,D,,3.0,ARB,0.2330597788095474,5.900000095367432,-0.007999999,0.064,0.06449807,SARAL_AltiKa
GRID_0322,INDIAN_MARINE,7.5,76.75,103.06960122444247,,,,,,,,,347.89326741842257,25.0,,,3.0,BOB,0.1568789184093475,3.4000000953674316,-0.020000001,0.17500001,0.17613916,NO_NEARBY_SARAL
GRID_0323,INDIAN_MARINE,9.75,94.0,150.4079942423942,,,,,,,,,593.9601490686465,,,,,,0.2464067786931991,4.5,0.022500008,-0.2045,0.20573406,NO_NEARBY_SARAL
GRID_0324,INDIAN_MARINE,5.0,74.25,144.1962854823668,,,,,,,,,739.8429606895728,,,,,,0.1530458182096481,4.5,-0.236,0.33350003,0.4085563,NO_NEARBY_SARAL
GRID_0325,INDIAN_MARINE,15.75,81.0,11.770310719951201,7.17,1.597,5.93,163.36,,,302.67,,135.8302016718701,35.0,CS,,6.0,BOB,,,,,,SARAL_AltiKa
GRID_0326,INDIAN_MARINE,14.25,71.25,237.1964157185281,,,,,,,,,87.65411244114547,25.0,D,,3.0,ARB,0.1141683459281921,2.4000000953674316,-0.0985,-0.09200001,0.13478224,NO_NEARBY_SARAL
GRID_0327,INDIAN_MARINE,12.0,77.75,102.68305564019981,,,,,,,,,289.8949623787477,25.0,,,3.0,BOB,,,,,,NO_NEARBY_SARAL
GRID_0328,INDIAN_MARINE,10.5,93.5,221.27965230635172,,,,,,,,,494.92136533006413,25.0,D,990.0,3.0995834159888913,BOB,0.2622862458229065,5.0,-0.064,-0.054000005,0.083737694,NO_NEARBY_SARAL
GRID_0329,INDIAN_MARINE,16.75,72.5,44.70176702387117,4.76,1.806,7.4,234.01,,,302.46,,328.7093420087525,80.0,VSCS,970.0,30.0,ARB,0.1768652200698852,6.0,-0.016,0.028,0.03224903,SARAL_AltiKa
GRID_0330,INDIAN_MARINE,13.0,91.75,217.15104263401332,,,,,,,,,168.963795980759,25.0,D,990.0,3.0995834159888913,BOB,0.229569137096405,4.599999904632568,0.046499997,0.0045000017,0.04671723,NO_NEARBY_SARAL
GRID_0331,INDIAN_MARINE,10.25,79.0,72.19570867910336,,,,,,,,,61.15720965450739,25.0,,,3.0,BOB,,,,,,SARAL_AltiKa
GRID_0332,INDIAN_MARINE,14.75,73.75,37.36789941880749,4.74,1.901,7.53,241.92000000000002,,,302.51,,327.4912607626077,25.0,D,,3.0,ARB,,,0.049000002,-0.093,0.10511898,SARAL_AltiKa
GRID_0333,INDIAN_MARINE,11.75,70.75,353.1308722631842,,,,,,,,,196.47262188772768,25.0,D,,3.0,ARB,0.1408624500036239,5.5,0.13400002,-0.0195,0.13541143,NO_NEARBY_SARAL
GRID_0334,INDIAN_MARINE,15.75,93.5,341.4204121285835,,,,,,,,,194.5911216279777,115.0,VSCS,,65.58718508232494,BOB,0.2436690181493759,4.5,-0.0185,-0.120500006,0.12191186,NO_NEARBY_SARAL
GRID_0335,INDIAN_MARINE,15.0,76.5,303.90052645000344,,,,,,,,,241.428529022636,25.0,D,997.0,3.0,BOB,,,,,,NO_NEARBY_SARAL
GRID_0336,INDIAN_MARINE,17.25,74.5,174.52510293576577,,,,,,,,,411.2403778192075,20.0,D,998.0,3.0,BOB,,,,,,NO_NEARBY_SARAL
GRID_0337,INDIAN_MARINE,11.5,91.5,155.69270480466471,,,,,,,,,333.5847799336763,25.0,D,990.0,3.0995834159888913,BOB,0.2592747211456299,6.599999904632568,0.009999998,-0.038500004,0.03977751,NO_NEARBY_SARAL
GRID_0338,INDIAN_MARINE,10.25,84.75,162.35379936184637,,,,,,,,,125.24172819907832,25.0,D,990.0,3.0,BOB,0.1315537542104721,4.800000190734863,-0.20500001,-0.072000004,0.21727633,NO_NEARBY_SARAL
GRID_0339,INDIAN_MARINE,20.5,77.25,277.8746870925363,,,,,,,,,263.5577166312665,20.0,D,998.0,3.0,BOB,,,,,,NO_NEARBY_SARAL
GRID_0340,INDIAN_MARINE,9.0,71.25,368.98656497163785,,,,,,,,,451.3497957345141,25.0,D,,3.0,ARB,0.1666667312383651,3.700000047683716,-0.13400002,0.1945,0.23619114,NO_NEARBY_SARAL
GRID_0341,INDIAN_MARINE,10.5,69.75,491.2754015346414,,,,,,,,,221.0209593860315,25.0,D,,3.0,ARB,0.131416916847229,6.300000190734863,0.07350001,0.1035,0.1269429,NO_NEARBY_SARAL
GRID_0342,INDIAN_MARINE,16.25,77.5,228.12263130214575,,,,,,,,,110.37799398665072,25.0,D,997.0,3.0,BOB,,,,,,NO_NEARBY_SARAL
GRID_0343,INDIAN_MARINE,6.75,82.25,96.59008195868044,8.88,2.563,6.140000000000001,199.33,,,302.24,,210.32708191568616,25.0,,,3.0,BOB,0.1306639313697815,10.300000190734863,-0.0325,-0.12600002,0.130124,SARAL_AltiKa
GRID_0344,INDIAN_MARINE,7.75,94.0,103.24062624394244,,,,,,,,,666.8754038797266,,,,,,0.241752490401268,4.099999904632568,-0.0014999993,-0.081,0.08101389,NO_NEARBY_SARAL
GRID_0345,INDIAN_MARINE,16.25,79.25,46.15228737559398,,,,,,,,,84.80093910217292,25.0,D,997.0,3.0,BOB,,,,,,SARAL_AltiKa
GRID_0346,INDIAN_MARINE,20.5,72.75,71.93260173957377,4.25,1.657,6.46,234.34,,,,,223.8886236597757,50.0,SCS,990.0,12.0,ARB,,,,,,SARAL_AltiKa
GRID_0347,INDIAN_MARINE,14.75,90.5,126.486644953089,,,,,,,,,99.17411124465085,35.0,CS,986.0,6.075183495338227,BOB,0.2823409140110016,4.900000095367432,-0.015500002,0.000500001,0.015508064,NO_NEARBY_SARAL
GRID_0348,INDIAN_MARINE,11.75,91.5,161.54983233562254,,,,,,,,,305.7860482725366,25.0,D,990.0,3.0995834159888913,BOB,0.288980484008789,6.900000095367432,0.022,-0.0145000005,0.026348624,NO_NEARBY_SARAL
GRID_0349,INDIAN_MARINE,15.25,80.5,76.08802959461956,8.16,1.842,5.91,164.98,,,302.69,,99.20810569368744,50.0,SCS,986.0,14.0,BOB,0.0932725593447685,5.5,0.197,0.15,0.24760655,SARAL_AltiKa
GRID_0350,INDIAN_MARINE,14.5,72.75,73.59147593957722,4.74,1.901,7.53,241.92000000000002,,,302.51,,219.11787791359697,25.0,D,,3.0,ARB,0.1670774519443512,5.5,-0.043,0.13450001,0.14120641,SARAL_AltiKa
GRID_0351,INDIAN_MARINE,21.5,74.25,246.9536319798597,,,,,,,,,170.2109214583075,50.0,SCS,990.0,12.0,ARB,,,,,,NO_NEARBY_SARAL
GRID_0352,INDIAN_MARINE,13.5,80.5,119.06110545396476,,,,,,,,,55.597463322279445,55.0,SCS,982.0,18.0,BOB,,,,,,NO_NEARBY_SARAL
GRID_0353,INDIAN_MARINE,11.75,80.5,162.12704643975914,,,,,,,,,137.01653507412067,50.0,SCS,986.0,14.0,BOB,0.1457221508026123,5.900000095367432,0.041,0.22150001,0.22526264,NO_NEARBY_SARAL
GRID_0354,INDIAN_MARINE,12.5,82.75,94.41095491466133,6.97,1.6380000000000001,5.13,185.08,,,302.68,,98.65518012268193,35.0,CS,994.0,6.0,BOB,0.1175222024321556,4.5,0.074,-0.072000004,0.103247285,SARAL_AltiKa
GRID_0355,INDIAN_MARINE,7.5,75.0,3.6099264785035916,4.84,2.019,6.62,210.15,,,302.25,,503.21117311280017,,,,,,0.17221100628376,4.400000095367432,0.065000005,0.07,0.09552487,SARAL_AltiKa
GRID_0356,INDIAN_MARINE,10.5,93.25,247.92113907588887,,,,,,,,,483.63609976596575,25.0,D,990.0,3.0995834159888913,BOB,0.2540043592453003,4.800000190734863,-0.0235,-0.015500002,0.028151376,NO_NEARBY_SARAL
GRID_0357,INDIAN_MARINE,7.25,95.25,43.0606024362649,3.89,1.428,6.07,212.6,107211.0,0.161,302.45,2024-06-16 11:38:26.432546176,800.4119451729524,,,,,,0.2084191590547561,8.100000381469727,-0.21000002,-0.07350001,0.22249104,SARAL_AltiKa
GRID_0358,INDIAN_MARINE,20.0,69.0,321.59974656989766,,,,,,,,,55.597463322279445,25.0,D,,3.0,ARB,0.0788500607013702,3.5999999046325684,-0.024500001,0.0385,0.04563442,NO_NEARBY_SARAL
GRID_0359,INDIAN_MARINE,5.0,72.5,333.1745529085689,,,,,,,,,752.4185961512721,,,,,,0.1845313608646392,3.799999952316284,-0.1665,0.11450001,0.20207055,NO_NEARBY_SARAL
GRID_0360,INDIAN_MARINE,13.0,69.25,479.78722742802347,,,,,,,,,137.62272848074684,30.0,DD,,5.0,ARB,0.0644078999757766,4.099999904632568,-0.067,0.060000002,0.08993887,NO_NEARBY_SARAL
GRID_0361,INDIAN_MARINE,13.75,78.25,91.20275742750547,,,,,,,,,160.76432647997373,30.0,DD,996.0,4.0,BOB,,,,,,SARAL_AltiKa
GRID_0362,INDIAN_MARINE,17.25,94.25,249.46412116862172,,,,,,,,,27.12073087888576,115.0,VSCS,,65.58718508232494,BOB,,,-0.071,0.021,0.07404053,NO_NEARBY_SARAL
GRID_0363,INDIAN_MARINE,18.5,84.75,351.3320138037775,,,,,,,,,96.57812775904192,25.0,D,,4.0,BOB,0.1523875594139099,6.5,0.42150003,0.1225,0.43894023,NO_NEARBY_SARAL
GRID_0364,INDIAN_MARINE,20.0,83.0,246.34573103244617,,,,,,,,,216.56412799677344,20.0,D,,3.0,BOB,,,,,,NO_NEARBY_SARAL
GRID_0365,INDIAN_MARINE,13.25,78.75,26.78378946599205,,,,,,,,,193.71784273602705,50.0,SCS,986.0,14.0,BOB,,,,,,SARAL_AltiKa
GRID_0366,INDIAN_MARINE,6.25,72.5,302.65391181095185,,,,,,,,,678.867504367019,,,,,,,,-0.1685,0.125,0.20980288,NO_NEARBY_SARAL
GRID_0367,INDIAN_MARINE,11.75,88.25,173.9961345649099,,,,,,,,,457.8454351323504,30.0,DD,,5.0,BOB,0.2024642676115036,6.599999904632568,0.001000002,0.047500007,0.047510535,NO_NEARBY_SARAL
GRID_0368,INDIAN_MARINE,17.5,92.5,397.4203687054783,,,,,,,,,53.02422797501986,115.0,VSCS,,65.58718508232494,BOB,0.2429844439029693,5.5,0.17,-0.012,0.170423,NO_NEARBY_SARAL
GRID_0369,INDIAN_MARINE,6.75,91.5,43.41284684281987,7.09,1.913,6.9,205.29,,,302.22,,387.38142681770216,25.0,D,,3.0,BOB,0.2520878911018371,5.900000095367432,-0.39000002,0.17250001,0.4264461,SARAL_AltiKa
GRID_0370,INDIAN_MARINE,18.5,78.0,228.17410600757668,,,,,,,,,63.99003390123804,20.0,D,998.0,3.0,BOB,,,,,,NO_NEARBY_SARAL
GRID_0371,INDIAN_MARINE,18.75,84.75,356.88731193638955,,,,,,,,,83.66482520478596,25.0,D,,4.0,BOB,,,0.425,0.068,0.43040562,NO_NEARBY_SARAL
GRID_0372,INDIAN_MARINE,14.0,77.5,176.00569047941144,,,,,,,,,196.05892935606585,30.0,DD,996.0,4.0,BOB,,,,,,NO_NEARBY_SARAL
GRID_0373,INDIAN_MARINE,13.25,91.75,222.94675299958553,,,,,,,,,141.58931197730317,25.0,D,990.0,3.0995834159888913,BOB,0.2255306243896484,5.300000190734863,0.063999996,0.020999998,0.06735725,NO_NEARBY_SARAL
GRID_0374,INDIAN_MARINE,19.75,70.25,200.8645561311238,,,,,,,,,87.38534021157518,90.0,ESCS,962.0,40.0,ARB,0.1085558161139488,6.800000190734863,0.024,-0.006,0.024738634,NO_NEARBY_SARAL
GRID_0375,INDIAN_MARINE,5.0,78.75,172.32135537603818,,,,,,,,,507.16642346200615,,,,,,0.2035594880580902,5.199999809265137,0.23250002,0.054000005,0.23868862,NO_NEARBY_SARAL
GRID_0376,INDIAN_MARINE,17.0,76.25,350.00056399882277,,,,,,,,,239.2552193482191,20.0,D,998.0,3.0,BOB,,,,,,NO_NEARBY_SARAL
GRID_0377,INDIAN_MARINE,5.25,71.25,462.0038022273949,,,,,,,,,627.4423752897981,,,,,,0.149007648229599,4.300000190734863,-0.14150001,0.0125,0.14205106,NO_NEARBY_SARAL
GRID_0378,INDIAN_MARINE,9.75,96.25,89.96840042242809,4.99,1.368,5.25,232.61,,,302.52,,738.5465667251285,,,,,,0.1984942257404327,5.300000190734863,-0.179,-0.059000004,0.18847282,SARAL_AltiKa
GRID_0379,INDIAN_MARINE,11.25,95.5,26.08629943829159,4.91,1.439,5.36,231.39000000000001,197238.0,0.157,302.48,2024-06-16 11:37:21.351826176,564.3957231008611,,,,,,0.2344969660043716,5.199999809265137,-0.18,-0.120500006,0.21661083,SARAL_AltiKa
GRID_0380,INDIAN_MARINE,20.5,70.0,206.95755277752187,,,,,,,,,52.07657742020061,90.0,ESCS,962.0,40.0,ARB,0.0999315455555915,5.400000095367432,0.0935,-0.0030000005,0.09354812,NO_NEARBY_SARAL
GRID_0381,INDIAN_MARINE,7.25,78.75,118.00012490654758,,,,,,,,,263.44026945536024,25.0,,,3.0,BOB,0.1162217855453491,5.400000095367432,-0.112500004,0.094500005,0.14692345,NO_NEARBY_SARAL
GRID_0382,INDIAN_MARINE,10.75,69.0,420.00243516077995,,,,,,,,,137.32703991829553,25.0,D,,3.0,ARB,0.1039699241518974,6.300000190734863,0.0515,-0.061000004,0.07983264,NO_NEARBY_SARAL
GRID_0383,INDIAN_MARINE,16.25,77.0,280.13455646976763,,,,,,,,,162.62350323499413,25.0,D,997.0,3.0,BOB,,,,,,NO_NEARBY_SARAL
GRID_0384,INDIAN_MARINE,9.75,96.0,63.27958454394557,5.29,1.364,5.2700000000000005,232.08,,,302.52,,719.8188463197442,,,,,,0.1989049017429351,5.300000190734863,-0.18850002,-0.009500001,0.18873926,SARAL_AltiKa
GRID_0385,INDIAN_MARINE,6.5,82.0,129.53765379448438,,,,,,,,,247.1551061217471,25.0,,,3.0,BOB,0.3056122660636902,10.399999618530272,-0.0295,-0.10250001,0.10666068,NO_NEARBY_SARAL
GRID_0386,INDIAN_MARINE,20.5,77.0,303.22175012970104,,,,,,,,,284.2967845781474,20.0,D,998.0,3.0,BOB,,,,,,NO_NEARBY_SARAL
GRID_0387,INDIAN_MARINE,16.25,85.25,248.83757999799786,,,,,,,,,38.54775020446417,35.0,CS,,7.0,BOB,0.1410677880048751,4.199999809265137,0.03549999,0.1365,0.14104077,NO_NEARBY_SARAL
GRID_0388,INDIAN_MARINE,12.5,95.5,55.93816909633762,4.53,1.371,5.36,228.31,,,302.39,,486.2908368438668,25.0,D,990.0,3.0995834159888913,BOB,0.2624231874942779,5.0,0.090500005,-0.21900001,0.23696256,SARAL_AltiKa
GRID_0389,INDIAN_MARINE,10.5,77.0,146.9900588448546,,,,,,,,,236.3227048260984,25.0,,,3.0,BOB,,,,,,NO_NEARBY_SARAL
GRID_0390,INDIAN_MARINE,11.0,85.0,153.30108102681714,,,,,,,,,208.87401402224648,25.0,D,990.0,3.0,BOB,0.13853520154953,7.800000190734863,-0.10400001,-0.065000005,0.122641765,NO_NEARBY_SARAL
GRID_0391,INDIAN_MARINE,12.0,91.5,167.4034283070481,,,,,,,,,277.98731661139686,25.0,D,990.0,3.0995834159888913,BOB,0.2744012475013733,6.199999809265137,0.009500004,0.0085,0.012747552,NO_NEARBY_SARAL
GRID_0392,INDIAN_MARINE,11.25,88.75,142.5134483192585,,,,,,,,,468.4358304865154,25.0,D,990.0,3.0995834159888913,BOB,0.1769337058067321,3.200000047683716,-0.020500004,0.16200002,0.16329193,NO_NEARBY_SARAL
GRID_0393,INDIAN_MARINE,9.75,77.25,102.6489606038221,,,,,,,,,191.8751662999129,25.0,,,3.0,BOB,,,,,,NO_NEARBY_SARAL
GRID_0394,INDIAN_MARINE,7.5,80.5,266.6073241169313,,,,,,,,,234.65912489581655,25.0,,,3.0,BOB,,,,,,NO_NEARBY_SARAL
GRID_0395,INDIAN_MARINE,9.75,96.75,143.38534900747248,,,,,,,,,777.4980477130409,,,,,,0.2282684594392776,5.199999809265137,-0.0935,-0.056500003,0.109245144,NO_NEARBY_SARAL
GRID_0396,INDIAN_MARINE,10.75,69.75,484.8780458917948,,,,,,,,,208.35117671071177,25.0,D,,3.0,ARB,0.1262149214744568,4.699999809265137,0.0685,0.0985,0.11997708,NO_NEARBY_SARAL
GRID_0397,INDIAN_MARINE,9.75,79.0,84.29984188866294,,,,,,,,,5.559746332227944,25.0,,,3.0,BOB,,,,,,SARAL_AltiKa
GRID_0398,INDIAN_MARINE,16.25,89.5,57.6798048420451,8.18,2.194,5.88,204.76,,,302.5,,98.95920524450656,40.0,CS,984.0,7.934933544931562,BOB,0.2309376746416092,5.099999904632568,0.18450001,0.2265,0.2921344,SARAL_AltiKa
GRID_0399,INDIAN_MARINE,13.0,95.0,120.6266126129101,,,,,,,,,413.17496328892094,25.0,D,990.0,3.0995834159888913,BOB,0.2785765826702118,9.300000190734863,0.307,-0.0915,0.32034552,NO_NEARBY_SARAL
GRID_0400,INDIAN_MARINE,10.75,88.5,181.37439645913184,,,,,,,,,420.58231144522375,25.0,D,,3.0,BOB,0.1999317407608032,6.800000190734863,-0.044500005,0.2,0.20489083,NO_NEARBY_SARAL
GRID_0401,INDIAN_MARINE,12.0,80.75,129.47569623954342,,,,,,,,,98.65518012268193,50.0,SCS,986.0,14.0,BOB,0.1617385447025299,5.300000190734863,0.07800001,0.259,0.27049032,NO_NEARBY_SARAL
GRID_0402,INDIAN_MARINE,14.0,90.75,135.12911164833633,,,,,,,,,98.10473566401322,25.0,D,990.0,3.0995834159888913,BOB,0.2389461249113083,9.899999618530272,-0.0845,-0.076000005,0.11364968,NO_NEARBY_SARAL
GRID_0403,INDIAN_MARINE,9.5,72.5,222.88019402611187,,,,,,,,,473.8466666446294,25.0,D,,3.0,ARB,0.1545517593622207,10.300000190734863,-0.08,0.213,0.22752802,NO_NEARBY_SARAL
GRID_0404,INDIAN_MARINE,9.75,72.75,190.02416983223958,,,,,,,,,458.4611137360048,25.0,D,,3.0,ARB,0.177344337105751,7.300000190734863,-0.036,0.1305,0.13537449,NO_NEARBY_SARAL
GRID_0405,INDIAN_MARINE,14.5,68.25,424.5794647113686,,,,,,,,,80.73979325204708,25.0,D,,3.0,ARB,0.0584530904889106,2.799999952316284,0.094500005,0.17400001,0.19800569,NO_NEARBY_SARAL
GRID_0406,INDIAN_MARINE,15.5,74.25,107.48025873513778,,,,,,,,,414.54926815813315,25.0,D,,3.0,ARB,,,,,,NO_NEARBY_SARAL
GRID_0407,INDIAN_MARINE,12.5,76.5,246.6723119389091,,,,,,,,,387.5227307935972,30.0,DD,996.0,4.0,BOB,,,,,,NO_NEARBY_SARAL
GRID_0408,INDIAN_MARINE,13.5,93.0,343.1330034740853,,,,,,,,,196.35415738700075,25.0,D,990.0,3.0995834159888913,BOB,,,,,,NO_NEARBY_SARAL
GRID_0409,INDIAN_MARINE,15.0,82.5,127.13479049934169,,,,,,,,,53.70301428409936,35.0,CS,,6.0,BOB,0.1323066353797912,5.199999809265137,0.342,-0.133,0.36695096,NO_NEARBY_SARAL
GRID_0410,INDIAN_MARINE,19.5,79.25,100.0541328691024,,,,,,,,,55.84468275950014,20.0,D,998.0,3.0,BOB,,,,,,NO_NEARBY_SARAL
GRID_0411,INDIAN_MARINE,9.5,80.5,217.4836487744898,,,,,,,,,109.66991719403114,25.0,,,3.0,BOB,,,,,,NO_NEARBY_SARAL
GRID_0412,INDIAN_MARINE,9.75,69.75,477.47085609745847,,,,,,,,,272.8385669122133,25.0,D,,3.0,ARB,0.1326489150524139,5.800000190734863,-0.0615,0.030500002,0.06864765,NO_NEARBY_SARAL
GRID_0413,INDIAN_MARINE,17.5,69.0,387.78346667092444,,,,,,,,,153.45206349766423,80.0,VSCS,970.0,30.0,ARB,0.0660506263375282,6.5,0.19600001,-0.067,0.20713523,NO_NEARBY_SARAL
GRID_0414,INDIAN_MARINE,17.0,84.5,343.67283958310816,,,,,,,,,53.16810417314237,55.0,SCS,,15.001983733386234,BOB,0.1465435475111007,4.199999809265137,0.19500002,0.39800003,0.44320315,NO_NEARBY_SARAL
GRID_0415,INDIAN_MARINE,12.75,82.25,47.49712640420959,7.62,1.676,4.94,185.03,,,302.7,,81.53760034439291,55.0,SCS,982.0,18.0,BOB,0.1525668054819107,6.5,0.048499994,-0.075,0.089315444,SARAL_AltiKa
GRID_0416,INDIAN_MARINE,6.5,81.75,156.47216146436344,,,,,,,,,272.0794485302033,25.0,,,3.0,BOB,,,,,,NO_NEARBY_SARAL
GRID_0417,INDIAN_MARINE,15.0,90.25,106.21327229066536,,,,,,,,,97.79962779148556,35.0,CS,986.0,6.075183495338227,BOB,0.267419695854187,4.5,0.057500005,0.0885,0.1055391,NO_NEARBY_SARAL
GRID_0418,INDIAN_MARINE,9.25,89.0,164.76688586572308,,,,,,,,,273.3313064692653,25.0,D,,3.0,BOB,0.2147845923900604,5.5,0.051000003,0.043500006,0.06703171,NO_NEARBY_SARAL
GRID_0419,INDIAN_MARINE,7.25,77.75,10.436876274247329,5.98,1.923,6.18,219.73000000000002,,,301.91,,305.1447390210359,25.0,,,3.0,BOB,0.1205339282751083,3.799999952316284,-0.141,-0.020500004,0.14248246,SARAL_AltiKa
GRID_0420,INDIAN_MARINE,12.5,75.0,115.4887025433398,,,,,,,,,447.4071644647868,25.0,D,,3.0,ARB,,,,,,NO_NEARBY_SARAL
GRID_0421,INDIAN_MARINE,13.5,88.75,87.46178707368388,8.82,2.312,5.99,206.11,,,302.31,,316.8489848474651,25.0,D,990.0,3.0995834159888913,BOB,0.2162904888391494,4.5,-0.012500003,-0.1375,0.138067,SARAL_AltiKa
GRID_0422,INDIAN_MARINE,19.75,69.25,302.74808595825283,,,,,,,,,87.38534021157558,25.0,D,,3.0,ARB,0.0830252841114997,4.099999904632568,-0.058,0.045500003,0.07371736,NO_NEARBY_SARAL
GRID_0423,INDIAN_MARINE,10.0,76.0,163.0165136315089,,,,,,,,,330.3544429665067,25.0,,,3.0,BOB,,,0.041500002,-0.056500003,0.070103504,NO_NEARBY_SARAL
GRID_0424,INDIAN_MARINE,12.5,81.0,90.79665366581969,7.69,1.6500000000000001,4.91,184.81,,,302.7,,54.27957337896803,50.0,SCS,986.0,14.0,BOB,0.1227926239371299,4.0,0.133,0.27100003,0.3018775,SARAL_AltiKa
GRID_0425,INDIAN_MARINE,16.5,82.75,188.2331479859548,,,,,,,,,26.65397081543464,50.0,SCS,,14.0,BOB,0.1536987423896789,4.900000095367432,0.1145,-0.0024999976,0.11452729,NO_NEARBY_SARAL
GRID_0426,INDIAN_MARINE,14.5,96.25,24.70045322912853,4.64,1.2690000000000001,5.46,236.53,138990.0,0.118,302.28000000000003,2024-06-16 11:36:26.604208000,363.2507077749198,115.0,VSCS,,65.58718508232494,BOB,0.2930870354175567,7.800000190734863,0.0635,0.0815,0.10331748,SARAL_AltiKa
GRID_0427,INDIAN_MARINE,12.75,96.75,70.3214728749508,4.82,1.272,5.23,229.55,,,302.36,,529.3013857887188,,,,,,0.3093774616718292,7.900000095367432,0.016000003,-0.1145,0.1156125,SARAL_AltiKa
GRID_0428,INDIAN_MARINE,21.5,69.75,206.3269018706146,,,,,,,,,135.74166549767145,90.0,ESCS,962.0,40.0,ARB,,,0.014,-0.052,0.05385165,NO_NEARBY_SARAL
GRID_0429,INDIAN_MARINE,18.75,84.5,382.52999049591153,,,,,,,,,98.56037096339622,20.0,D,,3.0,BOB,,,,,,NO_NEARBY_SARAL
GRID_0430,INDIAN_MARINE,7.75,93.75,130.11000179832368,,,,,,,,,639.5331551272053,,,,,,,,0.013,-0.07300001,0.074148506,NO_NEARBY_SARAL
GRID_0431,INDIAN_MARINE,8.5,96.0,93.47716940823993,4.54,1.247,5.34,218.37,,,302.48,,827.821620736742,,,,,,0.2112937420606613,4.199999809265137,0.2655,-0.014000002,0.26586887,SARAL_AltiKa
GRID_0432,INDIAN_MARINE,15.0,76.75,277.73373997532593,,,,,,,,,218.00112880109,25.0,D,997.0,3.0,BOB,,,,,,NO_NEARBY_SARAL
GRID_0433,INDIAN_MARINE,19.25,80.75,35.83693995838321,,,,,,,,,165.194398959234,20.0,D,998.0,3.0,BOB,,,,,,SARAL_AltiKa
GRID_0434,INDIAN_MARINE,15.5,90.75,170.21147029059213,,,,,,,,,26.78770287164828,35.0,CS,986.0,6.075183495338227,BOB,0.2382615357637405,4.5,0.076000005,0.007999999,0.0764199,NO_NEARBY_SARAL
GRID_0435,INDIAN_MARINE,16.75,80.75,13.741373040322065,,,,,,,,,188.27484109033372,40.0,CS,,8.0,BOB,,,,,,SARAL_AltiKa
GRID_0436,INDIAN_MARINE,6.75,93.75,106.44632636325164,,,,,,,,,635.377602316676,,,,,,,,-0.12400001,-0.24900001,0.27816722,NO_NEARBY_SARAL
GRID_0437,INDIAN_MARINE,9.25,94.5,85.16058720900881,4.63,1.106,5.2700000000000005,222.56,,,302.49,,668.7844369640965,,,,,,0.2357290536165237,5.699999809265137,0.034,-0.25,0.25230142,SARAL_AltiKa
GRID_0438,INDIAN_MARINE,14.5,90.75,146.84167774447337,,,,,,,,,80.73979325204708,25.0,D,990.0,3.0995834159888913,BOB,0.2778238356113434,4.699999809265137,-0.091,-0.086500004,0.12555179,NO_NEARBY_SARAL
GRID_0439,INDIAN_MARINE,16.75,69.25,381.6918150833293,,,,,,,,,188.516876954132,65.0,VSCS,980.0,22.0,ARB,0.0677617639303207,4.300000190734863,0.066,-0.101,0.12065239,NO_NEARBY_SARAL
GRID_0440,INDIAN_MARINE,17.5,85.5,251.51065005825626,,,,,,,,,76.8785495925866,55.0,SCS,,15.001983733386234,BOB,0.1661191433668136,5.300000190734863,0.12150001,0.125,0.1743194,NO_NEARBY_SARAL
GRID_0441,INDIAN_MARINE,9.25,84.0,150.80749832225334,,,,,,,,,16.679238996683832,25.0,D,990.0,3.0,BOB,0.1573580801486969,6.0,-0.18850002,-0.020000003,0.18955804,NO_NEARBY_SARAL
GRID_0442,INDIAN_MARINE,12.75,84.0,232.44634234002277,,,,,,,,,213.65624130164173,25.0,D,,3.0,BOB,0.1219328269362449,3.900000095367432,-0.024500001,0.0030000005,0.024682991,NO_NEARBY_SARAL
GRID_0443,INDIAN_MARINE,19.5,69.5,283.82771454793004,,,,,,,,,122.8564339336205,25.0,D,,3.0,ARB,0.0798083320260047,4.400000095367432,-0.0295,0.11950001,0.123087384,NO_NEARBY_SARAL
GRID_0444,INDIAN_MARINE,16.5,84.75,306.4892862936483,,,,,,,,,26.65397081543464,55.0,SCS,,15.001983733386234,BOB,0.1590007096529007,4.099999904632568,0.18700002,0.24700001,0.3098032,NO_NEARBY_SARAL
GRID_0445,INDIAN_MARINE,15.25,89.75,59.89027296432969,8.28,1.958,5.86,207.97,,,302.41,,136.8716225395595,35.0,CS,986.0,6.075183495338227,BOB,0.223134845495224,5.699999809265137,0.141,0.2035,0.24757475,SARAL_AltiKa
GRID_0446,INDIAN_MARINE,20.0,82.75,220.9029557412587,,,,,,,,,213.5051644173469,20.0,D,998.0,3.0,BOB,,,,,,NO_NEARBY_SARAL
GRID_0447,INDIAN_MARINE,16.25,75.5,255.17898285762232,,,,,,,,,321.6612333136575,25.0,D,997.0,3.0,BOB,,,,,,NO_NEARBY_SARAL
GRID_0448,INDIAN_MARINE,8.25,77.75,13.813326290320955,0.8300000000000001,1.7550000000000001,4.44,199.04,,,,,211.76385180047288,25.0,,,3.0,BOB,,,,,,SARAL_AltiKa
GRID_0449,INDIAN_MARINE,12.5,71.5,254.7901811078138,,,,,,,,,123.68865972140117,25.0,D,,3.0,ARB,0.1721424162387848,6.199999809265137,0.0165,0.009500001,0.019039433,NO_NEARBY_SARAL
GRID_0450,INDIAN_MARINE,10.0,81.25,125.12734180444261,,,,,,,,,138.30976512278548,25.0,,,3.0,BOB,0.1516769826412201,5.900000095367432,-0.113000005,0.21350001,0.24156004,NO_NEARBY_SARAL
GRID_0451,INDIAN_MARINE,19.25,69.25,315.9199778843339,,,,,,,,,114.8122470808715,80.0,VSCS,970.0,30.0,ARB,0.0705680698156356,4.199999809265137,-0.0020000003,0.064500004,0.064531006,NO_NEARBY_SARAL
GRID_0452,INDIAN_MARINE,18.75,75.5,311.86778111679445,,,,,,,,,307.0095966117638,20.0,D,998.0,3.0,BOB,,,,,,NO_NEARBY_SARAL
GRID_0453,INDIAN_MARINE,17.75,68.25,423.238213087418,,,,,,,,,160.22110706155505,65.0,VSCS,980.0,22.0,ARB,0.0650239214301109,4.699999809265137,0.025500003,-0.10100001,0.10416935,NO_NEARBY_SARAL
GRID_0454,INDIAN_MARINE,11.5,74.75,65.34415031358654,4.05,1.6400000000000001,7.46,227.24,,,302.52,,463.856677322244,25.0,D,,3.0,ARB,0.2832991778850555,5.300000190734863,-0.016,0.020500002,0.026004808,SARAL_AltiKa
GRID_0455,INDIAN_MARINE,18.75,76.5,387.7734825484397,,,,,,,,,207.4449125841439,20.0,D,998.0,3.0,BOB,,,,,,NO_NEARBY_SARAL
GRID_0456,INDIAN_MARINE,6.25,75.0,33.316792352231865,5.63,1.7530000000000001,6.5,187.02,,,302.24,,584.05785926965,,,,,,0.1865846663713455,5.0,-0.15150002,0.24150002,0.28508684,SARAL_AltiKa
GRID_0457,INDIAN_MARINE,11.5,81.5,62.11751759820983,7.5,1.681,5.1000000000000005,188.42000000000002,,,302.66,,77.80711372114195,35.0,CS,994.0,6.0,BOB,0.1388774514198303,5.0,-0.0225,0.067,0.07067709,SARAL_AltiKa
GRID_0458,INDIAN_MARINE,9.0,80.75,202.99927230727207,,,,,,,,,137.282349096184,25.0,,,3.0,BOB,,,,,,NO_NEARBY_SARAL
GRID_0459,INDIAN_MARINE,9.25,70.5,442.9611928936808,,,,,,,,,370.6130584395208,25.0,D,,3.0,ARB,0.1590691655874252,5.5,-0.19500001,-0.07000001,0.20718351,NO_NEARBY_SARAL
GRID_0460,INDIAN_MARINE,6.5,75.0,27.406347642166832,5.39,1.744,6.58,188.16,,,302.24,,566.0891902313074,,,,,,0.2023272961378097,8.100000381469727,-0.164,0.21050002,0.26684502,SARAL_AltiKa
GRID_0461,INDIAN_MARINE,9.75,79.5,137.70756307158274,,,,,,,,,27.798731661139545,25.0,,,3.0,BOB,,,0.13000001,0.048500005,0.13875249,NO_NEARBY_SARAL
GRID_0462,INDIAN_MARINE,18.0,77.0,319.7086988805783,,,,,,,,,137.47817582260245,20.0,D,998.0,3.0,BOB,,,,,,NO_NEARBY_SARAL
GRID_0463,INDIAN_MARINE,19.25,71.25,111.50509908079454,,,,,,,,,155.73020936149254,80.0,VSCS,970.0,30.0,ARB,0.1256674528121948,7.800000190734863,0.044500005,-0.038,0.058517095,NO_NEARBY_SARAL
GRID_0464,INDIAN_MARINE,5.25,76.0,50.76957103974717,5.39,1.851,6.23,184.14000000000001,,,302.27,,595.1315010399129,,,,,,0.1887066215276718,5.900000095367432,-0.099,0.24500002,0.2642461,SARAL_AltiKa
GRID_0465,INDIAN_MARINE,14.25,78.25,103.03428561857595,,,,,,,,,116.04457074794573,30.0,DD,996.0,4.0,BOB,,,,,,NO_NEARBY_SARAL
GRID_0466,INDIAN_MARINE,11.75,90.0,2.3930279194427384,7.66,2.097,6.01,205.95000000000002,,,302.25,,346.24320119947026,25.0,D,990.0,3.0995834159888913,BOB,0.2592061758041382,6.5,0.179,-0.017500002,0.17985341,SARAL_AltiKa
GRID_0467,INDIAN_MARINE,18.75,80.25,3.883005987515563,,,,,,,,,113.9198736887413,20.0,D,998.0,3.0,BOB,,,,,,SARAL_AltiKa
GRID_0468,INDIAN_MARINE,20.5,74.5,249.44852935963664,,,,,,,,,271.1758648047545,50.0,SCS,990.0,12.0,ARB,,,,,,NO_NEARBY_SARAL
GRID_0469,INDIAN_MARINE,7.25,81.25,192.0732850237685,,,,,,,,,211.3791394035796,25.0,,,3.0,BOB,,,,,,NO_NEARBY_SARAL
GRID_0470,INDIAN_MARINE,19.0,73.5,112.66727413067389,,,,,,,,,355.5016947025323,90.0,ESCS,962.0,40.0,ARB,,,,,,NO_NEARBY_SARAL
GRID_0471,INDIAN_MARINE,13.0,69.0,470.30939808756364,,,,,,,,,155.09495322428288,30.0,DD,,5.0,ARB,0.0650238916277885,4.199999809265137,-0.0675,0.0705,0.09760379,NO_NEARBY_SARAL
GRID_0472,INDIAN_MARINE,5.5,70.5,461.1879932583176,,,,,,,,,548.146027890098,,,,,,0.1619440019130706,6.300000190734863,-0.18400002,0.017,0.18478367,NO_NEARBY_SARAL
GRID_0473,INDIAN_MARINE,16.75,73.25,33.19039749179783,3.95,1.909,7.48,236.38,,,302.5,,395.5700793274115,80.0,VSCS,970.0,30.0,ARB,,,,,,SARAL_AltiKa
GRID_0474,INDIAN_MARINE,9.0,76.25,166.28847169852418,,,,,,,,,311.59890856125475,25.0,,,3.0,BOB,,,-0.0635,0.056500003,0.08499706,NO_NEARBY_SARAL
GRID_0475,INDIAN_MARINE,11.0,73.75,52.97479488704767,4.53,1.784,7.62,223.67000000000002,,,302.5,,408.11220370270223,25.0,D,,3.0,ARB,0.2600960731506347,7.0,-0.0195,-0.029500004,0.03536241,SARAL_AltiKa
GRID_0476,INDIAN_MARINE,10.0,91.5,120.4412076740196,,,,,,,,,500.3771699005145,,,,,,0.2340866178274154,5.900000095367432,0.0615,0.009499997,0.062229417,NO_NEARBY_SARAL
GRID_0477,INDIAN_MARINE,10.5,90.5,25.650952992344994,7.0600000000000005,2.051,6.13,209.19,,,302.28000000000003,,457.8302875015603,25.0,D,990.0,3.0995834159888913,BOB,0.2110886871814727,6.300000190734863,-0.0975,-0.046500005,0.10802083,SARAL_AltiKa
GRID_0478,INDIAN_MARINE,22.0,75.5,383.8336289644909,,,,,,,,,174.49438683783225,25.0,D,999.0,3.0,ARB,,,,,,NO_NEARBY_SARAL
GRID_0479,INDIAN_MARINE,9.25,88.5,218.22071313636164,,,,,,,,,256.1703494892361,25.0,D,,3.0,BOB,0.1982889175415039,4.400000095367432,0.11500001,0.090500005,0.1463395,NO_NEARBY_SARAL
GRID_0480,INDIAN_MARINE,7.5,79.5,192.5276432053595,,,,,,,,,222.3898532891176,25.0,,,3.0,BOB,,,-0.043500002,0.29950002,0.30264255,NO_NEARBY_SARAL
GRID_0481,INDIAN_MARINE,6.5,92.75,172.09514938644196,,,,,,,,,527.449414070965,,,,,,0.2433266788721084,4.5,-0.35150003,-0.060000006,0.3565842,NO_NEARBY_SARAL
GRID_0482,INDIAN_MARINE,19.75,73.25,104.8869914814195,,,,,,,,,298.9766224921305,90.0,ESCS,962.0,40.0,ARB,,,,,,NO_NEARBY_SARAL
GRID_0483,INDIAN_MARINE,10.0,94.5,102.87829002269117,,,,,,,,,597.1456755149222,,,,,,0.2555102109909057,6.400000095367432,-0.08250001,-0.18100001,0.1989152,NO_NEARBY_SARAL
GRID_0484,INDIAN_MARINE,8.25,84.25,154.10901122639524,,,,,,,,,87.06398363349297,25.0,D,,4.0,BOB,0.1490759253501892,4.300000190734863,-0.123,0.088,0.15123823,NO_NEARBY_SARAL
GRID_0485,INDIAN_MARINE,7.75,92.5,174.59407128444093,,,,,,,,,503.1908013149674,,,,,,0.2432583570480346,5.099999904632568,0.043000005,-0.1225,0.12982777,NO_NEARBY_SARAL
GRID_0486,INDIAN_MARINE,9.75,91.5,114.53287239961948,,,,,,,,,491.6537937322208,25.0,D,,3.0,BOB,0.2577690780162811,6.800000190734863,0.098000005,0.019500002,0.09992123,NO_NEARBY_SARAL
GRID_0487,INDIAN_MARINE,21.5,76.0,377.46216860653175,,,,,,,,,244.96772140308013,25.0,D,999.0,3.0,ARB,,,,,,NO_NEARBY_SARAL
GRID_0488,INDIAN_MARINE,8.25,92.5,186.31428241912104,,,,,,,,,515.0493299621936,,,,,,0.246885746717453,4.900000095367432,-0.068,-0.112500004,0.13145436,NO_NEARBY_SARAL
GRID_0489,INDIAN_MARINE,11.5,79.5,95.06855063718179,,,,,,,,,207.47669649069672,25.0,,,3.0,BOB,,,,,,SARAL_AltiKa
GRID_0490,INDIAN_MARINE,15.0,92.25,315.5333509105846,,,,,,,,,97.95465358010767,25.0,D,990.0,3.0995834159888913,BOB,0.2507873177528381,7.0,-0.132,-0.086500004,0.15781714,NO_NEARBY_SARAL
GRID_0491,INDIAN_MARINE,13.75,71.0,276.0916433229495,,,,,,,,,27.798731661139723,25.0,D,,3.0,ARB,0.0847364664077758,3.5999999046325684,-0.0040000007,-0.1465,0.1465546,NO_NEARBY_SARAL
GRID_0492,INDIAN_MARINE,6.25,76.75,73.39153744726036,5.69,1.86,6.34,197.0,,,301.95,,456.65728011041847,25.0,,,3.0,BOB,0.1911021769046783,7.099999904632568,-0.12450001,0.0705,0.14307517,SARAL_AltiKa
GRID_0493,INDIAN_MARINE,9.75,78.0,22.596391033514536,,,,,,,,,109.7379258543372,25.0,,,3.0,BOB,,,,,,SARAL_AltiKa
GRID_0494,INDIAN_MARINE,12.5,83.75,200.20882137651375,,,,,,,,,198.12042819841665,35.0,CS,994.0,6.0,BOB,0.1431896537542343,3.5999999046325684,0.028,-0.049500003,0.05687047,NO_NEARBY_SARAL
GRID_0495,INDIAN_MARINE,15.75,94.75,211.0770265845399,,,,,,,,,174.4002709973761,115.0,VSCS,,65.58718508232494,BOB,,,-0.027,0.0705,0.07549338,NO_NEARBY_SARAL
GRID_0496,INDIAN_MARINE,19.25,76.75,361.8600128787519,,,,,,,,,214.45979740702992,20.0,D,998.0,3.0,BOB,,,,,,NO_NEARBY_SARAL
GRID_0497,INDIAN_MARINE,7.5,93.25,177.9103146390245,,,,,,,,,581.7636489902178,,,,,,,,0.034,-0.117000006,0.12184007,NO_NEARBY_SARAL
GRID_0498,INDIAN_MARINE,10.25,82.0,39.07793759245807,8.4,1.919,5.43,185.26,,,302.6,,99.70391665091624,30.0,DD,992.0,4.0,BOB,0.1362765729427337,6.099999904632568,-0.17450002,0.008500002,0.17470692,SARAL_AltiKa
GRID_0499,INDIAN_MARINE,11.5,73.5,67.51674007246392,4.87,1.772,7.66,233.28,,,302.54,,350.86313707817663,25.0,D,,3.0,ARB,0.2562629580497741,5.0,0.040500004,0.017500002,0.04411916,SARAL_AltiKa
GRID_0500,INDIAN_MARINE,6.75,76.75,85.25935536490421,6.01,1.953,6.25,207.55,,,301.93,,410.97337444396106,25.0,,,3.0,BOB,0.1886380016803741,5.699999809265137,-0.11400001,0.078,0.13813038,SARAL_AltiKa
GRID_0501,INDIAN_MARINE,16.75,90.75,199.28367808596232,,,,,,,,,38.50040147538608,40.0,CS,984.0,7.934933544931562,BOB,0.2092403173446655,4.900000095367432,0.105000004,0.0925,0.13993302,NO_NEARBY_SARAL
GRID_0502,INDIAN_MARINE,12.5,72.0,201.89927551938555,,,,,,,,,155.2500941356149,25.0,D,,3.0,ARB,0.1425051242113113,5.599999904632568,0.007000001,0.093,0.09326307,NO_NEARBY_SARAL
GRID_0503,INDIAN_MARINE,12.0,74.75,77.18586093522359,4.5600000000000005,1.806,7.7,235.19,,,302.56,,439.5567737427368,25.0,D,,3.0,ARB,0.065200001001358,2.5999999046325684,-0.0075000003,-0.0034999996,0.008276473,SARAL_AltiKa
GRID_0504,INDIAN_MARINE,16.25,74.5,151.16316859487856,,,,,,,,,428.1774373567608,25.0,D,997.0,3.0,BOB,,,,,,NO_NEARBY_SARAL
GRID_0505,INDIAN_MARINE,14.0,78.25,97.11802482933383,,,,,,,,,137.41552764660292,30.0,DD,996.0,4.0,BOB,,,,,,SARAL_AltiKa
GRID_0506,INDIAN_MARINE,10.5,94.0,167.97503841859074,,,,,,,,,521.0095307587167,,,,,,0.2822726666927337,7.599999904632568,-0.14450002,-0.101,0.17629877,NO_NEARBY_SARAL
GRID_0507,INDIAN_MARINE,12.25,94.0,208.81524794753835,,,,,,,,,368.4081028744092,25.0,D,990.0,3.0995834159888913,BOB,0.1709104031324386,6.5,-0.042000003,0.18750001,0.19214645,NO_NEARBY_SARAL
GRID_0508,INDIAN_MARINE,11.5,70.25,412.5543299017794,,,,,,,,,236.82395188753537,25.0,D,,3.0,ARB,0.1348391324281692,4.699999809265137,0.012000002,0.06300001,0.06413268,NO_NEARBY_SARAL
GRID_0509,INDIAN_MARINE,11.0,84.0,191.7883582331276,,,,,,,,,163.72777373838147,30.0,DD,992.0,4.0,BOB,0.1268993765115738,2.799999952316284,-0.109000005,-0.132,0.17118704,NO_NEARBY_SARAL
GRID_0510,INDIAN_MARINE,9.5,69.5,445.11024238836023,,,,,,,,,275.1504694251715,30.0,DD,,5.0,ARB,0.1458849161863327,6.199999809265137,-0.052500002,0.0020000003,0.052538086,NO_NEARBY_SARAL
GRID_0511,INDIAN_MARINE,20.0,81.0,42.93001028453082,,,,,,,,,111.19492664455888,20.0,D,998.0,3.0,BOB,,,,,,SARAL_AltiKa
GRID_0512,INDIAN_MARINE,15.0,92.5,341.7061464087892,,,,,,,,,121.0528838107884,25.0,D,990.0,3.0995834159888913,BOB,0.2466805428266525,6.300000190734863,-0.1005,0.013999999,0.10147044,NO_NEARBY_SARAL
GRID_0513,INDIAN_MARINE,11.25,82.75,64.76271742373763,7.37,1.828,5.21,188.01,,,302.64,,38.94570052770355,30.0,DD,992.0,4.0,BOB,0.1296372562646865,6.0,-0.0205,0.011000004,0.023264783,SARAL_AltiKa
GRID_0514,INDIAN_MARINE,13.25,76.25,265.02650786999067,,,,,,,,,354.67310105384865,30.0,DD,996.0,4.0,BOB,,,,,,NO_NEARBY_SARAL
GRID_0515,INDIAN_MARINE,15.5,72.75,49.18404003139735,2.02,1.774,7.48,241.91,,,302.58,,291.45264582298813,25.0,D,,3.0,ARB,0.1961671411991119,7.199999809265137,-0.0009999997,0.086,0.086005814,SARAL_AltiKa
GRID_0516,INDIAN_MARINE,6.5,79.5,216.8691523124406,,,,,,,,,333.5847799336762,25.0,,,3.0,BOB,0.171533927321434,6.300000190734863,-0.19600001,0.32650003,0.38081264,NO_NEARBY_SARAL
GRID_0517,INDIAN_MARINE,13.75,89.25,28.760595183589288,8.31,2.079,5.91,205.94,,,302.32,,256.55412763524583,25.0,D,990.0,3.0995834159888913,BOB,0.2609858214855194,7.0,-0.082,0.002500005,0.082038105,SARAL_AltiKa
GRID_0518,INDIAN_MARINE,18.75,83.75,342.70526285915025,,,,,,,,,155.56348325680315,20.0,D,,3.0,BOB,,,,,,NO_NEARBY_SARAL
GRID_0519,INDIAN_MARINE,5.75,75.5,8.858038410963426,5.83,1.834,6.29,185.07,,,302.25,,584.4461524964349,,,,,,0.1956881284713745,5.0,-0.0895,0.2565,0.27166617,SARAL_AltiKa
GRID_0520,INDIAN_MARINE,10.5,94.75,88.08049234462257,5.67,1.558,5.33,234.12,,,302.52,,567.6701789922398,,,,,,0.2285422086715698,5.800000190734863,-0.24950002,-0.071,0.25940558,SARAL_AltiKa
GRID_0521,INDIAN_MARINE,6.5,73.25,215.77625193410339,,,,,,,,,726.0664869202753,,,,,,,,-0.16950001,0.171,0.2407722,NO_NEARBY_SARAL
GRID_0522,INDIAN_MARINE,7.0,78.25,70.22365766663744,5.68,1.877,6.24,218.91,,,301.91,,310.1534985683248,25.0,,,3.0,BOB,0.1129363477230072,2.9000000953674316,-0.147,-0.027000003,0.14945903,SARAL_AltiKa
GRID_0523,INDIAN_MARINE,17.75,73.5,82.98452464128981,4.24,1.6420000000000001,7.5,239.5,,,302.33,,379.14749237939816,80.0,VSCS,970.0,30.0,ARB,,,,,,SARAL_AltiKa
GRID_0524,INDIAN_MARINE,8.0,82.0,93.33052031005664,6.04,2.472,6.5600000000000005,179.9,,,302.42,,111.19492664455872,25.0,,,3.0,BOB,0.1694729775190353,6.099999904632568,-0.0715,-0.29150003,0.30014083,SARAL_AltiKa
GRID_0525,INDIAN_MARINE,18.25,78.5,171.0128881740808,,,,,,,,,34.92101638075545,20.0,D,998.0,3.0,BOB,,,,,,NO_NEARBY_SARAL
GRID_0526,INDIAN_MARINE,17.25,92.25,366.03256484743014,,,,,,,,,38.42687234162745,115.0,VSCS,,65.58718508232494,BOB,0.2379877269268036,5.099999904632568,0.16350001,-0.0034999996,0.16353747,NO_NEARBY_SARAL
GRID_0527,INDIAN_MARINE,10.25,93.25,242.11950551863612,,,,,,,,,509.3504535116512,,,,,,0.2300480008125305,3.799999952316284,0.011500001,-0.060000006,0.06109215,NO_NEARBY_SARAL
GRID_0528,INDIAN_MARINE,14.75,73.5,11.153007333068263,5.36,1.947,7.68,241.83,,,302.52,,303.2983151441986,25.0,D,,3.0,ARB,0.2311431467533111,5.199999809265137,0.0515,-0.1225,0.13288529,SARAL_AltiKa
GRID_0529,INDIAN_MARINE,13.0,75.0,127.27398756857689,,,,,,,,,436.4884446532722,25.0,D,,3.0,ARB,,,,,,NO_NEARBY_SARAL
GRID_0530,INDIAN_MARINE,17.5,92.75,397.97329047893766,,,,,,,,,79.53631343576531,115.0,VSCS,,65.58718508232494,BOB,0.2361397296190261,4.800000190734863,0.1805,-0.0125,0.1809323,NO_NEARBY_SARAL
GRID_0531,INDIAN_MARINE,16.75,70.5,252.05391620732408,,,,,,,,,201.67575192884556,80.0,VSCS,970.0,30.0,ARB,0.0989732965826988,3.5999999046325684,0.0405,-0.011,0.04196725,NO_NEARBY_SARAL
GRID_0532,INDIAN_MARINE,7.25,79.75,225.49588379912302,,,,,,,,,251.69545127254943,25.0,,,3.0,BOB,,,,,,NO_NEARBY_SARAL
GRID_0533,INDIAN_MARINE,14.5,71.5,204.68044980733072,,,,,,,,,123.58961060913155,25.0,D,,3.0,ARB,0.1381246149539947,5.300000190734863,-0.0725,-0.052500002,0.089512564,NO_NEARBY_SARAL
GRID_0534,INDIAN_MARINE,13.0,71.5,242.2785856218599,,,,,,,,,77.58704894343234,25.0,D,,3.0,ARB,0.1442163437604904,4.800000190734863,-0.02,0.029500002,0.035640568,NO_NEARBY_SARAL
GRID_0535,INDIAN_MARINE,8.5,96.5,147.0964261567704,,,,,,,,,861.1760425711265,,,,,,0.2219713926315307,4.699999809265137,0.273,0.108500004,0.29377076,NO_NEARBY_SARAL
GRID_0536,INDIAN_MARINE,8.0,81.0,200.67460455398123,,,,,,,,,156.3910429750865,25.0,,,3.0,BOB,,,,,,NO_NEARBY_SARAL
GRID_0537,INDIAN_MARINE,7.5,73.75,137.72999879445132,,,,,,,,,626.8694193014371,,,,,,0.149692103266716,3.900000095367432,-0.1065,0.15850002,0.19095682,NO_NEARBY_SARAL
GRID_0538,INDIAN_MARINE,12.0,84.5,229.7196974194455,,,,,,,,,244.65119254321328,30.0,DD,992.0,4.0,BOB,0.1465435475111007,5.400000095367432,-0.015500002,-0.034,0.03736643,NO_NEARBY_SARAL
GRID_0539,INDIAN_MARINE,17.0,71.5,142.08452759645348,,,,,,,,,230.32967456166887,80.0,VSCS,970.0,30.0,ARB,0.1491445302963256,5.300000190734863,-0.024,0.086,0.08928606,NO_NEARBY_SARAL
GRID_0540,INDIAN_MARINE,12.25,69.0,453.6556979106085,,,,,,,,,137.09659070519103,25.0,D,,3.0,ARB,0.0643394663929939,3.700000047683716,-0.0455,0.08900001,0.09995625,NO_NEARBY_SARAL
GRID_0541,INDIAN_MARINE,18.0,75.75,320.7356994278435,,,,,,,,,269.6671562139593,20.0,D,998.0,3.0,BOB,,,,,,NO_NEARBY_SARAL
GRID_0542,INDIAN_MARINE,8.0,69.75,437.8130482400371,,,,,,,,,322.21684259612175,25.0,D,,3.0,ARB,0.1885010600090026,5.0,0.091000006,-0.025000002,0.09437161,NO_NEARBY_SARAL
GRID_0543,INDIAN_MARINE,17.5,78.0,205.12085666628343,,,,,,,,,64.03461858689694,20.0,D,998.0,3.0,BOB,,,,,,NO_NEARBY_SARAL
GRID_0544,INDIAN_MARINE,19.5,75.75,354.18925757758416,,,,,,,,,316.07717616852847,20.0,D,998.0,3.0,BOB,,,,,,NO_NEARBY_SARAL
GRID_0545,INDIAN_MARINE,14.25,82.25,83.1878309129439,7.34,1.3840000000000001,4.82,184.42000000000002,,,302.77,,38.702798545884264,30.0,DD,,5.0,BOB,0.1143053025007247,4.900000095367432,0.087000005,-0.044000007,0.0974936,SARAL_AltiKa
GRID_0546,INDIAN_MARINE,6.75,79.25,183.88244389879833,,,,,,,,,307.0216382684293,25.0,,,3.0,BOB,0.129158154129982,3.5999999046325684,-0.18400002,0.27400002,0.3300485,NO_NEARBY_SARAL
GRID_0547,INDIAN_MARINE,9.25,90.75,22.692785815544703,7.45,2.219,6.23,211.89000000000001,,,302.25,,392.7070348057739,25.0,D,,3.0,BOB,0.2799454629421234,5.900000095367432,0.10250001,0.06100001,0.11927804,SARAL_AltiKa
GRID_0548,INDIAN_MARINE,7.0,70.5,495.61478996291874,,,,,,,,,444.9376218673697,25.0,D,,3.0,ARB,0.1440794467926025,4.199999809265137,0.16300002,0.0945,0.18841246,NO_NEARBY_SARAL
GRID_0549,INDIAN_MARINE,13.75,81.5,8.101790860738959,7.44,1.7850000000000001,4.86,184.56,,,302.76,,111.47205012150656,25.0,D,,3.0,BOB,0.1287474930286407,5.0,-0.061500005,0.18800001,0.19780357,SARAL_AltiKa
GRID_0550,INDIAN_MARINE,17.0,80.25,39.599082189443514,,,,,,,,,186.0877967141252,20.0,D,998.0,3.0,BOB,,,,,,SARAL_AltiKa
GRID_0551,INDIAN_MARINE,12.25,70.0,419.8715910225941,,,,,,,,,176.26427847245847,25.0,D,,3.0,ARB,0.1086926609277725,4.599999904632568,0.026000002,-0.045,0.05197115,NO_NEARBY_SARAL
GRID_0552,INDIAN_MARINE,10.25,97.0,134.96606246009966,,,,,,,,,761.5594148400284,,,,,,0.2327175289392471,4.5,-0.1035,-0.10650001,0.14850758,NO_NEARBY_SARAL
GRID_0553,INDIAN_MARINE,5.5,80.5,315.53030246721585,,,,,,,,,422.8835609364343,25.0,,,3.0,BOB,0.1698836386203766,6.400000095367432,0.056499988,0.22850001,0.23538162,NO_NEARBY_SARAL
GRID_0554,INDIAN_MARINE,5.5,75.0,51.224068584214194,5.8500000000000005,1.8780000000000001,6.26,184.6,,,302.25,,642.1697488092116,,,,,,0.1608488261699676,4.599999904632568,-0.14400001,0.301,0.333672,SARAL_AltiKa
GRID_0555,INDIAN_MARINE,10.75,88.25,198.6167082538355,,,,,,,,,417.8842188250628,25.0,D,,3.0,BOB,0.1773443669080734,5.0,-0.053500004,0.1455,0.1550242,NO_NEARBY_SARAL
GRID_0556,INDIAN_MARINE,13.25,95.25,100.11589775933837,,,,,,,,,427.9982882858053,25.0,D,990.0,3.0995834159888913,BOB,0.2434636056423187,4.900000095367432,0.3555,-0.11,0.37212935,NO_NEARBY_SARAL
GRID_0557,INDIAN_MARINE,11.75,72.5,167.47858452407323,,,,,,,,,253.6808025185725,25.0,D,,3.0,ARB,0.2002814263105392,7.599999904632568,0.0885,0.098000005,0.1320464,NO_NEARBY_SARAL
GRID_0558,INDIAN_MARINE,13.75,94.25,217.20342760157908,,,,,,,,,308.04037180828266,25.0,D,990.0,3.0995834159888913,BOB,0.2418209314346313,5.199999809265137,0.156,-0.157,0.22132556,NO_NEARBY_SARAL
GRID_0559,INDIAN_MARINE,15.25,93.0,382.4347668594702,,,,,,,,,181.49585246153703,25.0,D,990.0,3.0995834159888913,BOB,0.2575635313987732,5.699999809265137,-0.046,0.050500005,0.06830996,NO_NEARBY_SARAL
GRID_0560,INDIAN_MARINE,14.5,82.25,89.13924836975842,9.35,6.404,4.93,182.06,,,302.75,,26.913275124823308,30.0,DD,,5.0,BOB,0.120876096189022,4.300000190734863,0.21650001,-0.067499995,0.22677854,SARAL_AltiKa
GRID_0561,INDIAN_MARINE,5.75,72.0,368.7987625515191,,,,,,,,,659.1842282158639,,,,,,0.16570845246315,4.400000095367432,-0.16950001,0.05,0.17672083,NO_NEARBY_SARAL
GRID_0562,INDIAN_MARINE,11.5,70.75,359.4552830183801,,,,,,,,,224.0395706366055,25.0,D,,3.0,ARB,0.1418891996145248,4.599999904632568,0.1005,0.0345,0.10625676,NO_NEARBY_SARAL
GRID_0563,INDIAN_MARINE,19.5,80.75,29.68479374073753,,,,,,,,,168.8189577946805,20.0,D,998.0,3.0,BOB,,,,,,SARAL_AltiKa
GRID_0564,INDIAN_MARINE,16.75,79.0,84.04020669683985,,,,,,,,,60.0280758035226,20.0,D,998.0,3.0,BOB,,,,,,SARAL_AltiKa
GRID_0565,INDIAN_MARINE,15.25,94.5,225.62058948305977,,,,,,,,,227.94959962134573,115.0,VSCS,,65.58718508232494,BOB,0.2759073078632355,4.900000095367432,0.012000001,0.0535,0.05482928,NO_NEARBY_SARAL
GRID_0566,INDIAN_MARINE,15.75,78.5,112.34911881713671,,,,,,,,,27.798731661139723,25.0,D,997.0,3.0,BOB,,,,,,NO_NEARBY_SARAL
GRID_0567,INDIAN_MARINE,7.5,73.5,164.57434576671633,,,,,,,,,652.2622117108665,,,,,,0.1425735801458358,5.0,-0.101,0.21300001,0.23573291,NO_NEARBY_SARAL
GRID_0568,INDIAN_MARINE,18.5,74.0,152.1618454181158,,,,,,,,,421.7864891930028,80.0,VSCS,970.0,30.0,ARB,,,,,,NO_NEARBY_SARAL
GRID_0569,INDIAN_MARINE,9.0,79.5,155.98572597157917,,,,,,,,,55.597463322279445,25.0,,,3.0,BOB,,,0.0055000037,0.085,0.08517776,NO_NEARBY_SARAL
GRID_0570,INDIAN_MARINE,17.25,74.0,122.81585002902352,,,,,,,,,445.526625785346,80.0,VSCS,970.0,30.0,ARB,,,,,,NO_NEARBY_SARAL
GRID_0571,INDIAN_MARINE,11.25,92.5,256.13514070927545,,,,,,,,,377.286092587292,25.0,D,990.0,3.0995834159888913,BOB,,,0.018000001,-0.034500003,0.03891337,NO_NEARBY_SARAL
GRID_0572,INDIAN_MARINE,10.25,81.5,92.37717512024994,8.290000000000001,1.909,5.39,186.45000000000002,,,302.61,,137.4725435761396,30.0,DD,992.0,4.0,BOB,0.1642026454210281,8.600000381469727,-0.17450002,0.143,0.22560865,SARAL_AltiKa
GRID_0573,INDIAN_MARINE,21.0,74.0,210.26239484553147,,,,,,,,,196.17669911259455,50.0,SCS,990.0,12.0,ARB,,,,,,NO_NEARBY_SARAL
GRID_0574,INDIAN_MARINE,14.25,81.75,30.72262966115203,8.15,1.206,4.83,184.11,,,302.77,,85.43417686200223,30.0,DD,,5.0,BOB,0.1171800121665,4.599999904632568,0.052500002,0.09600001,0.10941778,SARAL_AltiKa
GRID_0575,INDIAN_MARINE,10.25,81.0,145.7245137605823,,,,,,,,,177.02364813445732,25.0,,,3.0,BOB,0.1411363184452057,5.5,-0.13550001,0.32950002,0.35627308,NO_NEARBY_SARAL
GRID_0576,INDIAN_MARINE,11.75,81.0,109.06076568541512,,,,,,,,,99.54686939509212,50.0,SCS,986.0,14.0,BOB,0.1592745333909988,5.800000190734863,0.0475,0.29650003,0.30028075,NO_NEARBY_SARAL
GRID_0577,INDIAN_MARINE,17.0,69.75,323.3347594764108,,,,,,,,,168.8804176309944,80.0,VSCS,970.0,30.0,ARB,0.0748801678419113,3.5,0.0635,-0.15450001,0.16704042,NO_NEARBY_SARAL
GRID_0578,INDIAN_MARINE,12.0,95.25,70.51332097394766,4.5200000000000005,1.231,5.49,228.57,,,302.43,,491.91712398315576,25.0,D,990.0,3.0995834159888913,BOB,0.2358659952878952,3.5,-0.045500003,-0.17450002,0.18033443,SARAL_AltiKa
GRID_0579,INDIAN_MARINE,9.75,81.25,131.21147525290152,,,,,,,,,117.15457753162124,25.0,,,3.0,BOB,0.1529774665832519,6.800000190734863,-0.061500005,0.12900001,0.14290994,NO_NEARBY_SARAL
GRID_0580,INDIAN_MARINE,5.75,74.25,126.17437699612691,,,,,,,,,683.1735408589102,,,,,,0.2197810560464859,4.199999809265137,-0.16700001,0.2585,0.30775195,NO_NEARBY_SARAL
GRID_0581,INDIAN_MARINE,6.75,79.0,156.99279495498024,,,,,,,,,310.6989269647625,25.0,,,3.0,BOB,0.1412731409072876,4.0,-0.13350001,0.16550002,0.21263233,NO_NEARBY_SARAL
GRID_0582,INDIAN_MARINE,9.25,77.25,90.85679364785858,,,,,,,,,198.35089712657785,25.0,,,3.0,BOB,,,,,,SARAL_AltiKa
GRID_0583,INDIAN_MARINE,15.25,78.25,126.63425447313803,,,,,,,,,85.17140972403061,30.0,DD,996.0,4.0,BOB,,,,,,NO_NEARBY_SARAL
GRID_0584,INDIAN_MARINE,22.0,73.75,208.12973998292864,,,,,,,,,95.12504095141884,50.0,SCS,990.0,12.0,ARB,,,,,,NO_NEARBY_SARAL
GRID_0585,INDIAN_MARINE,5.5,79.75,268.1451417957089,,,,,,,,,445.63243431406494,25.0,,,3.0,BOB,0.1575632989406585,3.799999952316284,0.259,0.20650002,0.331245,NO_NEARBY_SARAL
GRID_0586,INDIAN_MARINE,9.25,80.75,196.8744984766621,,,,,,,,,139.92612248863253,25.0,,,3.0,BOB,,,,,,NO_NEARBY_SARAL
GRID_0587,INDIAN_MARINE,9.25,72.25,255.77422384694754,,,,,,,,,491.82164566108094,25.0,D,,3.0,ARB,0.1843258589506149,8.100000381469727,-0.089,0.25500003,0.2700852,NO_NEARBY_SARAL
GRID_0588,INDIAN_MARINE,7.0,69.5,388.0038885255755,,,,,,,,,353.87712850665656,25.0,D,,3.0,ARB,0.1396989673376083,4.599999904632568,0.17050001,0.11250001,0.20427068,NO_NEARBY_SARAL
GRID_0589,INDIAN_MARINE,15.25,73.75,49.286236853628196,3.5,2.0380000000000003,7.43,244.24,,,302.54,,354.39846031180133,25.0,D,,3.0,ARB,,,0.030500002,-0.075500004,0.08142789,SARAL_AltiKa
GRID_0590,INDIAN_MARINE,9.0,88.25,241.73284915218187,,,,,,,,,224.0869628224695,25.0,D,,3.0,BOB,0.1798083782196045,5.900000095367432,0.1395,0.076000005,0.15885922,NO_NEARBY_SARAL
GRID_0591,INDIAN_MARINE,16.5,74.5,157.01075290632727,,,,,,,,,429.51295600478295,20.0,D,998.0,3.0,BOB,,,,,,NO_NEARBY_SARAL
GRID_0592,INDIAN_MARINE,15.75,84.75,289.48267322336096,,,,,,,,,66.73886534622628,45.0,CS,,10.0,BOB,0.1429159492254257,4.5,0.0855,0.0635,0.10650118,NO_NEARBY_SARAL
GRID_0593,INDIAN_MARINE,9.25,77.0,117.5936242585822,,,,,,,,,224.98974576613668,25.0,,,3.0,BOB,,,,,,NO_NEARBY_SARAL
GRID_0594,INDIAN_MARINE,13.75,80.75,86.60338847575453,6.51,1.444,4.82,184.81,,,302.78000000000003,,38.744012550710586,55.0,SCS,982.0,18.0,BOB,0.1088296175003051,5.300000190734863,-0.0125,0.41500002,0.41518822,SARAL_AltiKa
GRID_0595,INDIAN_MARINE,9.75,95.0,43.574328186729225,5.48,1.299,5.37,230.05,229771.0,0.084,302.52,2024-06-16 11:37:47.171023872,650.8869352623252,,,,,,0.2301850467920303,4.900000095367432,-0.0905,-0.08850001,0.12658001,SARAL_AltiKa
GRID_0596,INDIAN_MARINE,9.0,74.0,74.60401624933552,4.22,1.974,7.65,226.32,,,302.34000000000003,,554.0743226635719,,,,,,0.2095825970172882,3.799999952316284,0.036500003,-0.075,0.08341014,SARAL_AltiKa
GRID_0597,INDIAN_MARINE,14.5,95.25,129.62871477920615,,,,,,,,,321.5082233310071,115.0,VSCS,,65.58718508232494,BOB,0.2613964974880218,6.199999809265137,0.0255,-0.0715,0.075911134,NO_NEARBY_SARAL
GRID_0598,INDIAN_MARINE,6.25,77.0,46.456818748332836,5.75,1.917,6.32,197.5,,,301.95,,442.3300198720489,25.0,,,3.0,BOB,0.1744696199893951,4.800000190734863,-0.112500004,0.008499999,0.11282066,SARAL_AltiKa
GRID_0599,INDIAN_MARINE,12.25,90.75,93.8319521267097,7.46,2.064,5.97,206.4,,,302.25,,263.0134923164432,25.0,D,990.0,3.0995834159888913,BOB,0.2457223236560821,7.199999809265137,0.069000006,0.065500006,0.095138066,SARAL_AltiKa
GRID_0600,INDIAN_MARINE,15.0,85.5,193.89558490250212,,,,,,,,,111.19492664455888,35.0,CS,,7.0,BOB,0.2180014550685882,5.099999904632568,0.087000005,-0.036000002,0.094154134,NO_NEARBY_SARAL
GRID_0601,INDIAN_MARINE,7.0,76.75,91.19683042024789,5.76,1.966,6.26,215.45000000000002,,,301.92,,389.09881158387503,25.0,,,3.0,BOB,0.1900754421949386,4.0,-0.09150001,0.1045,0.13889745,SARAL_AltiKa
GRID_0602,INDIAN_MARINE,18.0,76.0,346.5033762910238,,,,,,,,,243.22955728192647,20.0,D,998.0,3.0,BOB,,,,,,NO_NEARBY_SARAL
GRID_0603,INDIAN_MARINE,8.0,80.25,260.84960920244635,,,,,,,,,186.04639539388344,25.0,,,3.0,BOB,,,,,,NO_NEARBY_SARAL
GRID_0604,INDIAN_MARINE,10.5,92.25,212.13188545714294,,,,,,,,,452.1670125896633,25.0,D,990.0,3.0995834159888913,BOB,,,0.0335,-0.011,0.035259753,NO_NEARBY_SARAL
GRID_0605,INDIAN_MARINE,10.25,70.5,417.6977070719953,,,,,,,,,306.3360745822357,25.0,D,,3.0,ARB,0.1307322829961776,5.099999904632568,-0.0625,0.068,0.09235935,NO_NEARBY_SARAL
GRID_0606,INDIAN_MARINE,17.25,75.25,252.1172673648531,,,,,,,,,333.8036484031761,20.0,D,998.0,3.0,BOB,,,,,,NO_NEARBY_SARAL
GRID_0607,INDIAN_MARINE,17.0,78.25,167.64362550840036,,,,,,,,,26.584057494617777,20.0,D,998.0,3.0,BOB,,,,,,NO_NEARBY_SARAL
GRID_0608,INDIAN_MARINE,8.0,80.75,227.51065382442727,,,,,,,,,176.80763881819976,25.0,,,3.0,BOB,,,,,,NO_NEARBY_SARAL
GRID_0609,INDIAN_MARINE,11.5,96.0,21.271211981380592,4.42,1.332,5.44,229.5,181199.0,0.08,302.46,2024-06-16 11:37:16.187986816,590.6920431976673,,,,,,0.2349762022495269,3.700000047683716,-0.076000005,-0.154,0.17173235,SARAL_AltiKa
GRID_0610,INDIAN_MARINE,8.0,75.75,89.14240981694206,5.03,1.836,6.62,214.15,,,302.25,,404.0159645671696,25.0,,,3.0,BOB,0.1730322390794754,5.199999809265137,0.11850001,0.1435,0.18610346,SARAL_AltiKa
GRID_0611,INDIAN_MARINE,17.0,92.75,411.2072362188819,,,,,,,,,97.13057596222666,115.0,VSCS,,65.58718508232494,BOB,0.2475018799304962,6.199999809265137,0.15850002,0.016000003,0.15930554,NO_NEARBY_SARAL
GRID_0612,INDIAN_MARINE,9.5,74.75,17.680576573075484,4.05,1.895,7.7700000000000005,226.36,,,302.37,,466.4876418196563,25.0,,,3.0,BOB,0.2670091688632965,4.900000095367432,-0.013000001,0.035,0.03733631,SARAL_AltiKa
GRID_0613,INDIAN_MARINE,6.75,94.75,2.397444008450586,10.5,9.496,6.29,216.35,89574.0,-20.558,302.45,2024-06-16 11:38:36.765504896,745.6804809724125,,,,,,0.2292267680168151,4.099999904632568,-0.1325,-0.19800001,0.2382441,SARAL_AltiKa
GRID_0614,INDIAN_MARINE,16.75,84.5,338.06925183276417,,,,,,,,,27.798731661139723,55.0,SCS,,15.001983733386234,BOB,0.147570252418518,5.099999904632568,0.2945,0.3585,0.4639531,NO_NEARBY_SARAL
GRID_0615,INDIAN_MARINE,19.25,78.75,157.4346915555098,,,,,,,,,54.84321011825469,20.0,D,998.0,3.0,BOB,,,,,,NO_NEARBY_SARAL
GRID_0616,INDIAN_MARINE,12.75,85.5,141.35002164653142,,,,,,,,,324.23817313879783,30.0,DD,,5.0,BOB,0.1710473001003265,7.699999809265137,-0.15100001,0.010000002,0.15133077,NO_NEARBY_SARAL
GRID_0617,INDIAN_MARINE,13.5,94.0,237.73894439137626,,,,,,,,,291.7458936320035,25.0,D,990.0,3.0995834159888913,BOB,0.187748298048973,3.4000000953674316,0.064500004,-0.064500004,0.09121678,NO_NEARBY_SARAL
GRID_0618,INDIAN_MARINE,14.75,89.0,30.6858168977971,7.88,1.956,5.9,208.8,,,302.39,,230.31259329662217,35.0,CS,986.0,6.075183495338227,BOB,0.2279946058988571,6.0,0.22150001,0.0735,0.23337631,SARAL_AltiKa
GRID_0619,INDIAN_MARINE,13.5,97.25,29.484655574791812,2.19,1.243,5.12,232.14000000000001,50277.0,0.189,302.38,2024-06-18 23:15:10.445483264,432.6952566781755,30.0,DD,,4.463400119024003,BOB,0.3592747747898102,7.699999809265137,0.052500002,-0.020000003,0.056180514,SARAL_AltiKa
GRID_0620,INDIAN_MARINE,8.75,74.5,27.181991826714196,4.14,1.852,7.54,224.07,,,302.31,,505.06650518262086,,,,,,0.1971938461065292,4.5,-0.064,-0.0935,0.11330601,SARAL_AltiKa
GRID_0621,INDIAN_MARINE,17.25,84.25,360.81539929015133,,,,,,,,,84.40762011743064,55.0,SCS,,15.001983733386234,BOB,0.1560575067996978,5.099999904632568,0.056,0.23150001,0.23817694,NO_NEARBY_SARAL
GRID_0622,INDIAN_MARINE,11.75,73.0,114.42944000308543,,,,,,,,,291.4718131365789,25.0,D,,3.0,ARB,0.2172485589981079,5.099999904632568,0.0735,0.1045,0.12775955,NO_NEARBY_SARAL
GRID_0623,INDIAN_MARINE,7.5,71.25,406.34750327259474,,,,,,,,,496.5242500404278,25.0,D,,3.0,ARB,0.1505133956670761,4.300000190734863,0.22350001,0.13650002,0.26188645,NO_NEARBY_SARAL
GRID_0624,INDIAN_MARINE,10.75,75.0,74.0963176637811,4.48,1.822,7.84,226.9,,,302.47,,453.0104387862696,25.0,,,3.0,BOB,0.2872692346572876,7.300000190734863,0.021000002,0.00049999985,0.021005953,SARAL_AltiKa
GRID_0625,INDIAN_MARINE,19.75,73.75,155.8457602178022,,,,,,,,,315.5233074031962,50.0,SCS,990.0,12.0,ARB,,,,,,NO_NEARBY_SARAL
GRID_0626,INDIAN_MARINE,8.75,82.0,75.22445146587876,4.3500000000000005,2.203,6.86,173.98,,,302.49,,27.798731661139723,25.0,,,3.0,BOB,0.1718686521053314,7.699999809265137,0.0945,-0.18100001,0.20418435,SARAL_AltiKa
GRID_0627,INDIAN_MARINE,9.75,78.75,57.62420648285392,,,,,,,,,27.957649016762986,25.0,,,3.0,BOB,,,,,,SARAL_AltiKa
GRID_0628,INDIAN_MARINE,16.25,92.5,369.708468660672,,,,,,,,,148.82775249964735,115.0,VSCS,,65.58718508232494,BOB,0.2273102700710296,4.300000190734863,-0.030000001,-0.0775,0.08310385,NO_NEARBY_SARAL
GRID_0629,INDIAN_MARINE,10.25,73.0,151.10100787791154,,,,,,,,,421.8370180042033,25.0,D,,3.0,ARB,0.1832992434501648,6.199999809265137,0.041500002,0.018,0.045235496,NO_NEARBY_SARAL
GRID_0630,INDIAN_MARINE,19.0,72.25,15.642479634304584,4.72,1.786,7.47,233.33,,,302.26,,243.3448722792204,80.0,VSCS,970.0,30.0,ARB,0.1531144380569458,5.699999809265137,0.102000006,-0.10100001,0.14354444,SARAL_AltiKa
GRID_0631,INDIAN_MARINE,14.75,70.25,329.363649725592,,,,,,,,,87.63590276577125,30.0,DD,,5.0,ARB,0.0911704152822494,3.200000047683716,0.029000001,-0.0395,0.049002554,NO_NEARBY_SARAL
GRID_0632,INDIAN_MARINE,6.0,78.75,148.160094455505,,,,,,,,,397.8555349961885,25.0,,,3.0,BOB,0.1675565391778946,6.5,0.1815,-0.0045,0.18155578,NO_NEARBY_SARAL
GRID_0633,INDIAN_MARINE,11.75,68.0,336.3604137145154,,,,,,,,,27.798731661139723,25.0,D,,3.0,ARB,0.0772073715925216,3.299999952316284,0.0505,-0.009,0.051295713,NO_NEARBY_SARAL
GRID_0634,INDIAN_MARINE,9.75,89.0,152.53559767523396,,,,,,,,,324.9686717267591,25.0,D,,3.0,BOB,0.2105409204959869,6.199999809265137,0.0034999996,0.097500004,0.097562805,NO_NEARBY_SARAL
GRID_0635,INDIAN_MARINE,7.0,71.25,418.76241308268476,,,,,,,,,518.1084855690349,,,,,,0.1590007841587066,9.199999809265137,0.0925,0.075,0.11908506,NO_NEARBY_SARAL
GRID_0636,INDIAN_MARINE,16.25,91.75,291.69330897947765,,,,,,,,,84.70474524582056,40.0,CS,984.0,7.934933544931562,BOB,0.2352497577667236,5.400000095367432,-0.011500001,-0.030000001,0.032128647,NO_NEARBY_SARAL
GRID_0637,INDIAN_MARINE,8.75,77.75,25.503640512373725,,,,,,,,,173.15034309251587,25.0,,,3.0,BOB,,,,,,SARAL_AltiKa
GRID_0638,INDIAN_MARINE,18.5,85.75,248.60520063600387,,,,,,,,,22.854725996811677,30.0,DD,,5.0,BOB,0.1498289704322815,4.300000190734863,0.49400002,0.043000005,0.49586794,NO_NEARBY_SARAL
GRID_0639,INDIAN_MARINE,8.75,74.75,3.4748795785632836,4.29,1.838,7.5,223.34,,,302.31,,478.26943990932176,25.0,,,3.0,BOB,0.2243669331073761,4.199999809265137,-0.10650001,-0.088,0.138153,SARAL_AltiKa
GRID_0640,INDIAN_MARINE,13.0,78.25,73.45425060807717,,,,,,,,,236.65234511268744,30.0,DD,996.0,4.0,BOB,,,,,,SARAL_AltiKa
GRID_0641,INDIAN_MARINE,10.25,74.5,9.130404757132059,2.77,2.128,8.0,223.4,,,302.44,,496.58760606134615,25.0,,,3.0,BOB,0.2721426784992218,6.0,0.0,0.076000005,0.076000005,SARAL_AltiKa
GRID_0642,INDIAN_MARINE,14.0,95.75,65.34291943213444,4.93,1.157,5.22,234.4,,,302.28000000000003,,390.5823205766905,115.0,VSCS,,65.58718508232494,BOB,0.2578372955322265,5.900000095367432,0.1375,-0.0065000057,0.13765356,SARAL_AltiKa
GRID_0643,INDIAN_MARINE,14.5,86.25,103.63597631618049,,,,,,,,,114.39096613045456,30.0,DD,,5.0,BOB,0.1886380761861801,5.900000095367432,0.012000002,-0.043000005,0.044643033,NO_NEARBY_SARAL
GRID_0644,INDIAN_MARINE,9.75,73.5,109.93181607624966,,,,,,,,,497.9779010834784,25.0,D,,3.0,ARB,0.0709784179925918,2.5999999046325684,0.087500006,-0.024500001,0.09086529,NO_NEARBY_SARAL
GRID_0645,INDIAN_MARINE,15.5,82.0,86.64068224627412,7.930000000000001,1.6600000000000001,5.8100000000000005,165.49,,,302.69,,53.57539663763071,40.0,CS,,8.0,BOB,0.1556546241044998,5.800000190734863,0.5525,-0.095000006,0.5606079,SARAL_AltiKa
GRID_0646,INDIAN_MARINE,19.5,71.5,79.72443671474198,4.39,1.7730000000000001,7.05,234.98000000000002,,,302.26,,152.5839243926802,90.0,ESCS,962.0,40.0,ARB,0.1132101491093635,6.0,0.0855,-0.104,0.13463376,SARAL_AltiKa
GRID_0647,INDIAN_MARINE,13.0,81.5,25.854226934250246,6.84,1.51,4.84,183.76,,,302.72,,33.35847799336784,55.0,SCS,982.0,18.0,BOB,0.1318274140357971,6.400000095367432,-0.0014999956,0.148,0.1480076,SARAL_AltiKa
GRID_0648,INDIAN_MARINE,9.5,91.5,108.62335403973465,,,,,,,,,474.9685825284764,25.0,D,,3.0,BOB,0.2472283542156219,4.300000190734863,0.091000006,0.031000003,0.096135326,NO_NEARBY_SARAL
GRID_0649,INDIAN_MARINE,10.25,73.25,124.43267669477386,,,,,,,,,436.48977899373904,25.0,D,,3.0,ARB,0.1960301101207733,4.5,0.0435,-0.0295,0.05255949,NO_NEARBY_SARAL
GRID_0650,INDIAN_MARINE,11.25,88.5,169.06259076793583,,,,,,,,,475.7543767613946,25.0,D,,3.0,BOB,0.196303978562355,5.699999809265137,-0.058500003,0.1435,0.15496613,NO_NEARBY_SARAL
GRID_0651,INDIAN_MARINE,17.0,71.0,193.89750618790745,,,,,,,,,197.5701958103664,80.0,VSCS,970.0,30.0,ARB,0.1192333996295929,4.099999904632568,-0.044,0.179,0.18432851,NO_NEARBY_SARAL
GRID_0652,INDIAN_MARINE,7.0,74.25,96.00969434838186,4.97,1.824,6.55,203.23000000000002,,,302.25,,602.6320423452341,,,,,,0.177755057811737,4.800000190734863,-0.1535,0.13350001,0.20343181,SARAL_AltiKa
GRID_0653,INDIAN_MARINE,9.75,89.75,72.43685312024263,7.33,2.283,6.26,210.9,,,302.28000000000003,,361.33070387083535,25.0,D,,3.0,BOB,0.2305958271026611,6.5,-0.0395,-0.037,0.05412255,SARAL_AltiKa
GRID_0654,INDIAN_MARINE,13.0,91.0,137.93903447317888,,,,,,,,,175.31672074250645,25.0,D,990.0,3.0995834159888913,BOB,0.2316908687353134,4.699999809265137,0.004499998,0.0335,0.03380089,NO_NEARBY_SARAL
GRID_0655,INDIAN_MARINE,5.5,76.25,83.67242108394531,5.54,1.834,6.24,184.44,,,302.26,,556.7156791719242,,,,,,0.168583407998085,3.900000095367432,-0.083000004,0.18300001,0.20094278,SARAL_AltiKa
GRID_0656,INDIAN_MARINE,5.0,77.75,64.30510265301652,5.43,1.864,6.58,184.5,,,302.04,,536.3019926087544,,,,,,0.1862425804138183,5.900000095367432,0.0445,0.109500006,0.118196875,SARAL_AltiKa
GRID_0657,INDIAN_MARINE,8.0,81.5,146.99023793193146,,,,,,,,,124.0474692299552,25.0,,,3.0,BOB,,,,,,NO_NEARBY_SARAL
GRID_0658,INDIAN_MARINE,9.5,77.25,96.75096058504349,,,,,,,,,193.15031175133456,25.0,,,3.0,BOB,,,,,,SARAL_AltiKa
GRID_0659,INDIAN_MARINE,13.75,82.75,123.90777271514385,,,,,,,,,38.744012550711545,25.0,D,,3.0,BOB,0.1079397425055503,4.699999809265137,-0.083000004,-0.12850001,0.15297468,NO_NEARBY_SARAL
GRID_0660,INDIAN_MARINE,16.0,77.75,196.3280406784446,,,,,,,,,80.16552433982746,25.0,D,997.0,3.0,BOB,,,,,,NO_NEARBY_SARAL
GRID_0661,INDIAN_MARINE,7.5,70.0,453.24889021093236,,,,,,,,,369.8650167834298,25.0,D,,3.0,ARB,0.1764545440673828,3.4000000953674316,0.22950001,0.068500005,0.23950471,NO_NEARBY_SARAL
GRID_0662,INDIAN_MARINE,10.25,87.75,157.65177099851,,,,,,,,,362.42684194984486,25.0,D,,3.0,BOB,0.2133472561836242,5.099999904632568,0.033000004,0.0605,0.0689148,NO_NEARBY_SARAL
GRID_0663,INDIAN_MARINE,8.5,90.5,22.32181378348327,7.2,2.056,6.3,209.99,,,302.22,,322.00402534367464,25.0,D,,3.0,BOB,0.2403834760189056,7.199999809265137,0.076000005,0.026,0.080324344,SARAL_AltiKa
GRID_0664,INDIAN_MARINE,13.0,68.25,391.10229803333004,,,,,,,,,168.99003839530482,25.0,D,,3.0,ARB,0.061533149331808,4.0,-0.026500003,0.028500002,0.03891658,NO_NEARBY_SARAL
GRID_0665,INDIAN_MARINE,12.25,74.5,56.6487314072353,4.94,1.7630000000000001,7.49,236.72,,,302.56,,404.0457465721366,25.0,D,,3.0,ARB,0.2721424996852875,6.099999904632568,0.04,0.0775,0.08721382,SARAL_AltiKa
GRID_0666,INDIAN_MARINE,19.0,81.0,66.70741005351495,,,,,,,,,189.24553860968751,20.0,D,998.0,3.0,BOB,,,,,,SARAL_AltiKa
GRID_0667,INDIAN_MARINE,18.25,77.0,325.3102288056476,,,,,,,,,140.16455286516893,20.0,D,998.0,3.0,BOB,,,,,,NO_NEARBY_SARAL
GRID_0668,INDIAN_MARINE,9.0,83.25,64.72039693282208,4.3500000000000005,2.203,6.86,173.98,,,302.49,,62.01579788240716,25.0,D,,4.0,BOB,0.1783026754856109,8.399999618530273,-0.16550002,-0.08,0.18382125,SARAL_AltiKa
GRID_0669,INDIAN_MARINE,16.0,94.75,216.8445676204647,,,,,,,,,146.98631247795117,115.0,VSCS,,65.58718508232494,BOB,,,,,,NO_NEARBY_SARAL
GRID_0670,INDIAN_MARINE,15.5,79.25,28.10504740695424,,,,,,,,,61.728254204457194,30.0,DD,995.0,5.0,BOB,,,,,,SARAL_AltiKa
GRID_0671,INDIAN_MARINE,15.25,90.0,86.04214734368439,8.28,1.958,5.86,207.97,,,302.41,,110.76040280282038,35.0,CS,986.0,6.075183495338227,BOB,0.2313484400510788,6.5,0.11000001,0.155,0.19006579,SARAL_AltiKa
GRID_0672,INDIAN_MARINE,12.25,73.75,22.928305146764036,4.62,1.868,7.3,237.46,,,302.55,,328.90243082234394,25.0,D,,3.0,ARB,0.2272418439388275,5.0,0.050000004,0.01,0.0509902,SARAL_AltiKa
GRID_0673,INDIAN_MARINE,15.75,74.5,139.45726923246454,,,,,,,,,428.7114384249961,25.0,D,997.0,3.0,BOB,,,,,,NO_NEARBY_SARAL
GRID_0674,INDIAN_MARINE,19.5,70.75,156.25041129616443,,,,,,,,,114.22197688403836,90.0,ESCS,962.0,40.0,ARB,0.0970568135380745,6.400000095367432,0.0555,-0.000500001,0.055502255,NO_NEARBY_SARAL
GRID_0675,INDIAN_MARINE,13.75,97.0,49.67037395117439,2.38,1.1400000000000001,5.25,232.65,47865.0,0.227,302.31,2024-06-18 23:15:15.606684160,415.92749218062033,30.0,DD,,4.463400119024003,BOB,0.3152637481689453,6.900000095367432,0.08600001,0.0050000027,0.08614524,SARAL_AltiKa
GRID_0676,INDIAN_MARINE,10.25,83.75,147.60939689602796,,,,,,,,,98.40461522072876,25.0,D,990.0,3.0,BOB,0.1733745336532592,6.5,-0.2515,-0.0445,0.25540656,NO_NEARBY_SARAL
GRID_0677,INDIAN_MARINE,16.25,85.0,274.83248753348863,,,,,,,,,53.65833826830427,45.0,CS,,10.0,BOB,0.1339493244886398,4.0,0.0915,0.1555,0.18042311,NO_NEARBY_SARAL
GRID_0678,INDIAN_MARINE,12.0,92.75,299.9268998563272,,,,,,,,,309.15670102435723,25.0,D,990.0,3.0995834159888913,BOB,,,,,,NO_NEARBY_SARAL
GRID_0679,INDIAN_MARINE,15.5,83.25,217.15513765885123,,,,,,,,,61.70011432240771,45.0,CS,,10.0,BOB,0.1753593981266021,7.400000095367432,0.315,0.094500005,0.32886967,NO_NEARBY_SARAL
GRID_0680,INDIAN_MARINE,14.0,68.0,387.17975920193743,,,,,,,,,121.2687606152708,25.0,D,,3.0,ARB,0.0485968142747879,3.200000047683716,0.09150001,0.10350001,0.13814667,NO_NEARBY_SARAL
GRID_0681,INDIAN_MARINE,9.75,77.5,75.93450958688574,,,,,,,,,164.48940661483638,25.0,,,3.0,BOB,,,,,,SARAL_AltiKa
GRID_0682,INDIAN_MARINE,10.25,74.25,18.066020874817564,2.61,1.86,7.98,224.21,,,302.44,,505.59529190174226,,,,,,0.2583847045898437,4.199999809265137,0.008000001,0.028,0.02912044,SARAL_AltiKa
GRID_0683,INDIAN_MARINE,5.5,72.0,374.9310716405645,,,,,,,,,674.9410524584525,,,,,,0.1654347628355026,4.599999904632568,-0.1525,0.054000005,0.1617784,NO_NEARBY_SARAL
GRID_0684,INDIAN_MARINE,14.25,95.25,123.7306416755635,,,,,,,,,348.50827521787085,115.0,VSCS,,65.58718508232494,BOB,0.2801508903503418,6.300000190734863,0.056500003,-0.103,0.11747872,NO_NEARBY_SARAL
GRID_0685,INDIAN_MARINE,18.0,84.75,340.18926329155767,,,,,,,,,114.31177121211694,55.0,SCS,,15.001983733386234,BOB,0.126146450638771,4.400000095367432,0.282,0.26900002,0.38972428,NO_NEARBY_SARAL
GRID_0686,INDIAN_MARINE,11.5,90.5,49.57970299825978,7.41,2.106,5.92,207.48000000000002,,,302.26,,350.73397346500707,25.0,D,990.0,3.0995834159888913,BOB,0.254346638917923,7.0,0.0785,-0.0015000002,0.07851433,SARAL_AltiKa
GRID_0687,INDIAN_MARINE,11.25,75.5,139.0890599835825,,,,,,,,,419.7026706213644,25.0,,,3.0,BOB,,,0.0045000017,-0.16200002,0.16206251,NO_NEARBY_SARAL
GRID_0688,INDIAN_MARINE,7.5,80.0,246.27564389184576,,,,,,,,,229.0861498733772,25.0,,,3.0,BOB,,,,,,NO_NEARBY_SARAL
GRID_0689,INDIAN_MARINE,5.25,77.5,31.33045078150193,5.65,1.9100000000000001,6.55,187.31,,,302.03000000000003,,521.4874974838589,,,,,,0.178028792142868,4.0,0.032,0.08850001,0.09410766,SARAL_AltiKa
GRID_0690,INDIAN_MARINE,17.75,70.75,200.68999794505254,,,,,,,,,115.0506053858006,80.0,VSCS,970.0,30.0,ARB,0.134633868932724,5.099999904632568,-0.0965,0.0145000005,0.0975833,NO_NEARBY_SARAL
GRID_0691,INDIAN_MARINE,14.0,68.75,466.04894792436556,,,,,,,,,61.78202508059306,25.0,D,,3.0,ARB,0.045037642121315,2.5999999046325684,-0.007000001,0.14450002,0.14466947,NO_NEARBY_SARAL
GRID_0692,INDIAN_MARINE,8.75,77.25,79.00300619288218,,,,,,,,,219.20393516465617,25.0,,,3.0,BOB,,,,,,SARAL_AltiKa
GRID_0693,INDIAN_MARINE,19.75,80.75,23.554006779593834,,,,,,,,,141.4153284739961,20.0,D,998.0,3.0,BOB,,,,,,SARAL_AltiKa
GRID_0694,INDIAN_MARINE,6.5,74.0,134.98298105039868,,,,,,,,,655.3580716752235,,,,,,0.1396988630294799,3.5999999046325684,-0.19000001,0.181,0.2624138,NO_NEARBY_SARAL
GRID_0695,INDIAN_MARINE,17.75,82.75,217.17744046203362,,,,,,,,,76.98950274254874,25.0,DD,,4.0,BOB,,,,,,NO_NEARBY_SARAL
GRID_0696,INDIAN_MARINE,7.0,76.25,119.17870392197504,,,,,,,,,426.2049131037108,25.0,,,3.0,BOB,0.1767283827066421,5.099999904632568,-0.057000004,0.17900002,0.18785635,NO_NEARBY_SARAL
GRID_0697,INDIAN_MARINE,7.0,82.0,117.49058827391144,,,,,,,,,222.38985328911744,25.0,,,3.0,BOB,,,,,,NO_NEARBY_SARAL
GRID_0698,INDIAN_MARINE,14.75,90.75,152.68956404656916,,,,,,,,,85.3480291232802,25.0,D,990.0,3.0995834159888913,BOB,0.2710473239421844,4.699999809265137,-0.060500003,-0.061500005,0.08626993,NO_NEARBY_SARAL
GRID_0699,INDIAN_MARINE,15.5,95.0,179.1867331762759,,,,,,,,,207.1345966619772,115.0,VSCS,,65.58718508232494,BOB,,,0.032,0.0175,0.036472596,NO_NEARBY_SARAL
GRID_0700,INDIAN_MARINE,8.0,77.5,34.34973108564877,7.15,1.697,5.3100000000000005,220.78,,,301.88,,250.7826073675477,25.0,,,3.0,BOB,,,-0.231,0.046000004,0.23553556,SARAL_AltiKa
GRID_0701,INDIAN_MARINE,14.0,81.5,2.484536755206457,10.77,9.772,4.8100000000000005,184.89000000000001,,,302.78000000000003,,107.89188195830587,25.0,D,,3.0,BOB,0.1227241232991218,5.300000190734863,-0.012,0.17650001,0.17690746,SARAL_AltiKa
GRID_0702,INDIAN_MARINE,13.0,74.75,100.89682827237945,,,,,,,,,409.6655409700302,25.0,D,,3.0,ARB,,,0.08400001,-0.037,0.09178781,NO_NEARBY_SARAL
GRID_0703,INDIAN_MARINE,7.25,95.5,69.96297622827025,3.45,1.415,6.08,212.77,,,302.45,,827.9790219298063,,,,,,0.2162903994321823,4.699999809265137,-0.26500002,-0.041,0.26815295,SARAL_AltiKa
GRID_0704,INDIAN_MARINE,11.25,72.0,232.93778196536582,,,,,,,,,272.74350185626207,25.0,D,,3.0,ARB,,,0.091,0.0045000003,0.09111119,NO_NEARBY_SARAL
GRID_0705,INDIAN_MARINE,6.25,76.25,101.48773750497213,,,,,,,,,488.71439477199505,25.0,,,3.0,BOB,0.199178859591484,6.0,-0.11950001,0.16750002,0.20575838,NO_NEARBY_SARAL
GRID_0706,INDIAN_MARINE,15.5,93.25,361.9127258421214,,,,,,,,,218.3854873046578,25.0,D,990.0,3.0995834159888913,BOB,0.2561943829059601,4.900000095367432,0.0165,-0.065,0.067061536,NO_NEARBY_SARAL
GRID_0707,INDIAN_MARINE,6.75,75.75,59.43977307362088,5.2700000000000005,1.725,6.59,189.01,,,302.25,,485.2781238729451,25.0,,,3.0,BOB,0.1734428405761718,4.199999809265137,-0.116500005,0.2255,0.2538159,SARAL_AltiKa
GRID_0708,INDIAN_MARINE,10.5,81.25,112.97749309027391,,,,,,,,,147.43818487207363,30.0,DD,992.0,4.0,BOB,0.1570158451795578,5.800000190734863,-0.176,0.256,0.31066382,NO_NEARBY_SARAL
GRID_0709,INDIAN_MARINE,11.25,76.5,217.73188640968596,,,,,,,,,323.14471888826586,25.0,,,3.0,BOB,,,,,,NO_NEARBY_SARAL
GRID_0710,INDIAN_MARINE,14.5,94.75,182.05243548478882,,,,,,,,,312.4912753177404,115.0,VSCS,,65.58718508232494,BOB,0.2718686759471893,4.699999809265137,0.14400001,-0.10300001,0.17704521,NO_NEARBY_SARAL
GRID_0711,INDIAN_MARINE,17.25,75.5,277.99336635464823,,,,,,,,,308.2220765542396,20.0,D,998.0,3.0,BOB,,,,,,NO_NEARBY_SARAL
GRID_0712,INDIAN_MARINE,18.0,74.25,166.1974757506456,,,,,,,,,428.2897528297221,20.0,D,998.0,3.0,BOB,,,,,,NO_NEARBY_SARAL
GRID_0713,INDIAN_MARINE,15.5,93.75,309.6906381215473,,,,,,,,,215.54628521909848,115.0,VSCS,,65.58718508232494,BOB,0.243805781006813,5.199999809265137,0.017,-0.134,0.13507406,NO_NEARBY_SARAL
GRID_0714,INDIAN_MARINE,8.75,89.0,176.9467470144637,,,,,,,,,223.5998784454625,25.0,D,,3.0,BOB,0.222929760813713,6.300000190734863,0.08100001,0.021499999,0.08380484,NO_NEARBY_SARAL
GRID_0715,INDIAN_MARINE,9.0,77.5,58.18297430518449,,,3.8200000000000003,180.92000000000002,,,,,182.05359592825928,25.0,,,3.0,BOB,,,,,,SARAL_AltiKa
GRID_0716,INDIAN_MARINE,13.0,80.25,137.78765248536095,,,,,,,,,114.43315061428366,55.0,SCS,982.0,18.0,BOB,,,,,,NO_NEARBY_SARAL
GRID_0717,INDIAN_MARINE,16.25,89.75,83.65803825624694,7.69,2.354,5.88,204.76,,,302.5,,84.70474524582056,40.0,CS,984.0,7.934933544931562,BOB,0.2246407270431518,7.300000190734863,0.182,0.23250002,0.29526302,SARAL_AltiKa
GRID_0718,INDIAN_MARINE,17.5,73.5,77.02248337304006,4.36,1.7670000000000001,7.45,240.01,,,302.38,,386.4648354200806,80.0,VSCS,970.0,30.0,ARB,,,,,,SARAL_AltiKa
GRID_0719,INDIAN_MARINE,7.25,90.0,105.99808818487217,,,,,,,,,222.4162361860914,25.0,D,,3.0,BOB,0.2388777732849121,5.400000095367432,-0.26900002,0.08450001,0.28195968,NO_NEARBY_SARAL
GRID_0720,INDIAN_MARINE,20.75,68.5,352.33443855448024,,,,,,,,,58.918255781685545,25.0,D,,3.0,ARB,0.070157416164875,3.4000000953674316,-0.048500005,-0.017,0.0513931,NO_NEARBY_SARAL
GRID_0721,INDIAN_MARINE,21.25,68.25,329.61557245674237,,,,,,,,,38.01528020817682,25.0,D,,3.0,ARB,0.0798767805099487,4.099999904632568,0.024500001,-0.10650001,0.109281756,NO_NEARBY_SARAL
GRID_0722,INDIAN_MARINE,11.0,68.75,399.03702087315406,,,,,,,,,98.90018224609808,25.0,D,,3.0,ARB,0.1246407032012939,6.099999904632568,0.0665,-0.0505,0.083501495,NO_NEARBY_SARAL
GRID_0723,INDIAN_MARINE,16.5,76.5,337.7727029499098,,,,,,,,,220.0904389357544,20.0,D,998.0,3.0,BOB,,,,,,NO_NEARBY_SARAL
GRID_0724,INDIAN_MARINE,16.75,81.75,90.31353065899035,,,,,,,,,84.50808322662719,40.0,CS,,8.0,BOB,,,,,,SARAL_AltiKa
GRID_0725,INDIAN_MARINE,14.75,77.0,245.84771775428163,,,,,,,,,212.5604387505073,25.0,D,997.0,3.0,BOB,,,,,,NO_NEARBY_SARAL
GRID_0726,INDIAN_MARINE,16.0,69.5,375.33789800990417,,,,,,,,,175.2047930524986,25.0,D,,3.0,ARB,0.0773442462086677,6.599999904632568,0.012499999,-0.076500006,0.07751452,NO_NEARBY_SARAL
GRID_0727,INDIAN_MARINE,9.75,74.0,56.5691190400078,2.52,1.815,7.94,225.03,,,302.41,,529.7070731812237,,,,,,0.1858317703008651,4.699999809265137,0.056500003,-0.020000003,0.059935383,SARAL_AltiKa
GRID_0728,INDIAN_MARINE,9.0,93.25,213.03251875330525,,,,,,,,,619.3603683223768,,,,,,0.2806300520896911,4.800000190734863,-0.050500005,-0.12100001,0.1311154,NO_NEARBY_SARAL
GRID_0729,INDIAN_MARINE,20.0,73.25,110.82671986223063,,,,,,,,,279.1917811920071,50.0,SCS,990.0,12.0,ARB,,,,,,NO_NEARBY_SARAL
GRID_0730,INDIAN_MARINE,5.75,76.0,62.70533195877886,5.91,1.848,6.2700000000000005,184.81,,,302.25,,549.6692004818805,,,,,,0.2181383520364761,6.0,-0.0815,0.22500001,0.23930578,SARAL_AltiKa
GRID_0731,INDIAN_MARINE,9.0,92.25,177.12104245369247,,,,,,,,,518.1084855690361,,,,,,0.2469543218612671,4.0,-0.021499991,0.002000004,0.021592814,NO_NEARBY_SARAL
GRID_0732,INDIAN_MARINE,10.75,68.25,340.1376497351118,,,,,,,,,86.48767234898443,30.0,DD,,5.0,ARB,0.0989732667803764,5.199999809265137,0.08950001,0.0,0.08950001,NO_NEARBY_SARAL
GRID_0733,INDIAN_MARINE,10.75,79.75,139.9601822684946,,,,,,,,,141.66189333769424,25.0,,,3.0,BOB,,,,,,NO_NEARBY_SARAL
GRID_0734,INDIAN_MARINE,17.5,74.75,206.1671109834443,,,,,,,,,380.0323203854247,20.0,D,998.0,3.0,BOB,,,,,,NO_NEARBY_SARAL
GRID_0735,INDIAN_MARINE,11.0,75.5,133.20747176762532,,,,,,,,,409.22023552172425,25.0,,,3.0,BOB,,,0.031,-0.16600001,0.16886978,NO_NEARBY_SARAL
GRID_0736,INDIAN_MARINE,11.75,83.25,129.6900485158498,,,,,,,,,116.78697149067015,30.0,DD,992.0,4.0,BOB,0.1123886927962303,3.799999952316284,0.1315,-0.0645,0.14646673,NO_NEARBY_SARAL
GRID_0737,INDIAN_MARINE,16.0,94.0,294.9526826083087,,,,,,,,,154.0546745066144,115.0,VSCS,,65.58718508232494,BOB,,,-0.12100001,-0.037000004,0.12653063,NO_NEARBY_SARAL
GRID_0738,INDIAN_MARINE,11.0,94.5,126.50934194853018,,,,,,,,,507.23009443737857,,,,,,0.2245039939880371,6.800000190734863,-0.27400002,-0.049500003,0.27843538,NO_NEARBY_SARAL
GRID_0739,INDIAN_MARINE,11.75,77.5,123.22371078737667,,,,,,,,,280.73841447538825,25.0,,,3.0,BOB,,,,,,NO_NEARBY_SARAL
GRID_0740,INDIAN_MARINE,11.75,75.25,124.34566569320258,,,,,,,,,468.8184706368455,25.0,,,3.0,BOB,,,-0.015000002,-0.0675,0.06914659,NO_NEARBY_SARAL
GRID_0741,INDIAN_MARINE,16.25,71.75,134.86612478376927,,,,,,,,,311.57234621524617,80.0,VSCS,970.0,30.0,ARB,0.1611910015344619,5.099999904632568,-0.0695,0.038500004,0.07945124,NO_NEARBY_SARAL
GRID_0742,INDIAN_MARINE,10.5,69.5,467.65367645441006,,,,,,,,,197.91497661761576,25.0,D,,3.0,ARB,0.1140314489603042,4.900000095367432,0.07,0.053500004,0.08810364,NO_NEARBY_SARAL
GRID_0743,INDIAN_MARINE,14.5,69.75,388.2178282062378,,,,,,,,,61.78202508059306,30.0,DD,,5.0,ARB,0.0734428018331527,3.200000047683716,0.015999999,-0.014500001,0.021592824,NO_NEARBY_SARAL
GRID_0744,INDIAN_MARINE,11.0,79.5,107.25947907420309,,,,,,,,,154.55370966494428,25.0,,,3.0,BOB,,,,,,NO_NEARBY_SARAL
GRID_0745,INDIAN_MARINE,14.75,94.5,214.06622500517545,,,,,,,,,283.54706294362484,115.0,VSCS,,65.58718508232494,BOB,0.2653663754463196,5.699999809265137,0.15750001,-0.0675,0.1713549,NO_NEARBY_SARAL
GRID_0746,INDIAN_MARINE,12.25,68.75,427.1756419766974,,,,,,,,,116.68435095716512,25.0,D,,3.0,ARB,0.0706364884972572,3.0,-0.046,0.0635,0.078410774,NO_NEARBY_SARAL
GRID_0747,INDIAN_MARINE,12.0,80.25,162.39372369898592,,,,,,,,,146.76651052425993,50.0,SCS,986.0,14.0,BOB,0.1534083783626556,8.899999618530273,0.054,0.11950001,0.13113448,NO_NEARBY_SARAL
GRID_0748,INDIAN_MARINE,12.25,93.5,261.7640649286248,,,,,,,,,330.7533834604426,25.0,D,990.0,3.0995834159888913,BOB,0.1766278147697448,5.900000095367432,-0.0825,0.19900002,0.21542343,NO_NEARBY_SARAL
GRID_0749,INDIAN_MARINE,18.0,70.75,194.3375013591085,,,,,,,,,96.76704625741958,80.0,VSCS,970.0,30.0,ARB,0.107871375977993,4.900000095367432,-0.026500002,-0.012499999,0.029300172,NO_NEARBY_SARAL
GRID_0750,INDIAN_MARINE,7.0,94.5,31.74868968436906,5.2700000000000005,1.6500000000000001,6.15,214.79,90362.0,0.204,302.45,2024-06-16 11:38:33.665616000,717.373906581983,,,,,,0.2363452464342117,5.5,-0.15850002,-0.17500001,0.23610857,SARAL_AltiKa
GRID_0751,INDIAN_MARINE,13.5,78.25,85.3044158005422,,,,,,,,,185.3449936872287,30.0,DD,996.0,4.0,BOB,,,,,,SARAL_AltiKa
GRID_0752,INDIAN_MARINE,12.0,79.75,109.40185889321359,,,,,,,,,198.12042819841665,50.0,SCS,986.0,14.0,BOB,,,,,,NO_NEARBY_SARAL
GRID_0753,INDIAN_MARINE,7.0,82.75,36.77526968744093,8.98,2.529,6.15,197.93,,,302.26,,148.6690782034068,25.0,,,3.0,BOB,0.1536618769168853,9.800000190734863,0.093499996,-0.22200002,0.2408864,SARAL_AltiKa
GRID_0754,INDIAN_MARINE,14.5,68.0,398.34664949440906,,,,,,,,,107.6530201922413,25.0,D,,3.0,ARB,0.063312754034996,4.699999809265137,0.0995,0.104,0.1439314,NO_NEARBY_SARAL
GRID_0755,INDIAN_MARINE,10.75,68.75,393.3772463677663,,,,,,,,,116.83668214172766,25.0,D,,3.0,ARB,0.1055441424250602,5.699999809265137,0.062000006,-0.075500004,0.09769469,NO_NEARBY_SARAL
GRID_0756,INDIAN_MARINE,14.25,97.0,37.54541447662258,2.94,1.088,5.3,234.35,46781.0,0.223,302.28000000000003,2024-06-18 23:15:23.864603008,365.19796180672085,30.0,DD,,4.463400119024003,BOB,0.352909117937088,7.099999904632568,0.094000004,0.097,0.13507405,SARAL_AltiKa
GRID_0757,INDIAN_MARINE,14.25,74.0,51.639605276877504,4.58,1.983,7.15,242.18,,,302.49,,334.4119637889359,25.0,D,,3.0,ARB,0.2666666805744171,0.4000000059604645,0.054500002,-0.0355,0.065042295,SARAL_AltiKa
GRID_0758,INDIAN_MARINE,11.75,79.25,62.515670710600716,,,,,,,,,229.57991878383703,25.0,,,3.0,BOB,,,,,,SARAL_AltiKa
GRID_0759,INDIAN_MARINE,18.0,72.5,14.089630323076609,4.78,1.74,7.55,237.5,,,302.26,,269.7919258056592,80.0,VSCS,970.0,30.0,ARB,0.213282898068428,9.300000190734863,0.063,-0.038000003,0.0735731,SARAL_AltiKa
GRID_0760,INDIAN_MARINE,6.75,72.5,290.4093537809735,,,,,,,,,655.3917361290975,,,,,,0.1424367278814315,5.099999904632568,-0.0705,0.10800001,0.12897384,NO_NEARBY_SARAL
GRID_0761,INDIAN_MARINE,6.25,77.75,34.50974192933055,5.87,1.7850000000000001,6.3,199.02,,,301.95,,407.5628823706768,25.0,,,3.0,BOB,0.1612594425678253,3.5999999046325684,0.000500001,-0.09250001,0.09250136,SARAL_AltiKa
GRID_0762,INDIAN_MARINE,6.0,73.0,254.87118637012685,,,,,,,,,740.741896139328,,,,,,,,-0.2095,0.18150002,0.27718675,NO_NEARBY_SARAL
GRID_0763,INDIAN_MARINE,17.75,83.5,294.53445388089494,,,,,,,,,128.37167533021363,25.0,DD,,4.0,BOB,,,,,,NO_NEARBY_SARAL
GRID_0764,INDIAN_MARINE,14.25,91.25,193.48166037756147,,,,,,,,,38.702798545884264,25.0,D,990.0,3.0995834159888913,BOB,0.2454484105110168,4.800000190734863,-0.055,-0.09950001,0.11368927,NO_NEARBY_SARAL
GRID_0765,INDIAN_MARINE,15.25,81.75,54.575394481128065,8.23,1.452,5.53,167.63,,,302.7,,38.63839554269861,35.0,CS,,6.0,BOB,0.1304110288619995,7.599999904632568,0.4605,-0.0625,0.46472198,SARAL_AltiKa
GRID_0766,INDIAN_MARINE,12.25,94.25,182.32773710921805,,,,,,,,,388.69231375984594,25.0,D,990.0,3.0995834159888913,BOB,0.1848050504922866,5.400000095367432,-0.008,0.09,0.09035485,NO_NEARBY_SARAL
GRID_0767,INDIAN_MARINE,6.25,71.75,383.461505801834,,,,,,,,,606.2219385102079,,,,,,0.1574264466762542,3.0999999046325684,-0.18400002,-0.0014999998,0.18400612,NO_NEARBY_SARAL
GRID_0768,INDIAN_MARINE,19.75,74.0,181.33996336844314,,,,,,,,,322.8937612091531,50.0,SCS,990.0,12.0,ARB,,,,,,NO_NEARBY_SARAL
GRID_0769,INDIAN_MARINE,15.5,90.0,91.94823420076362,7.21,2.075,5.88,207.3,,,302.43,,107.15072042802277,35.0,CS,986.0,6.075183495338227,BOB,0.2279262840747833,6.099999904632568,0.14050001,0.16750002,0.21862413,SARAL_AltiKa
GRID_0770,INDIAN_MARINE,17.75,77.0,314.0835621314654,,,,,,,,,140.35560140188477,20.0,D,998.0,3.0,BOB,,,,,,NO_NEARBY_SARAL
GRID_0771,INDIAN_MARINE,13.25,70.75,315.0966748458965,,,,,,,,,38.78383995121082,25.0,D,,3.0,ARB,0.1114305704832077,3.5,-0.023500001,-0.082,0.08530094,NO_NEARBY_SARAL
GRID_0772,INDIAN_MARINE,21.0,75.0,311.37252195740217,,,,,,,,,265.48378248312173,50.0,SCS,990.0,12.0,ARB,,,,,,NO_NEARBY_SARAL
GRID_0773,INDIAN_MARINE,15.75,72.25,95.17477604514272,2.43,1.8840000000000001,7.47,240.29,,,302.61,,284.04063087410697,25.0,D,,3.0,ARB,0.1736482083797454,5.699999809265137,-0.0515,0.14850001,0.15717666,SARAL_AltiKa
GRID_0774,INDIAN_MARINE,19.25,78.25,208.54715835082658,,,,,,,,,103.6036341848714,20.0,D,998.0,3.0,BOB,,,,,,NO_NEARBY_SARAL
GRID_0775,INDIAN_MARINE,14.75,91.5,231.28155100532516,,,,,,,,,27.798731661139723,25.0,D,990.0,3.0995834159888913,BOB,0.2765916883945465,4.699999809265137,-0.065000005,-0.21100001,0.22078498,NO_NEARBY_SARAL
GRID_0776,INDIAN_MARINE,11.25,79.5,101.15446793296313,,,,,,,,,180.81472274778068,25.0,,,3.0,BOB,,,,,,NO_NEARBY_SARAL
GRID_0777,INDIAN_MARINE,12.5,95.75,29.46584859815632,4.55,1.2710000000000001,5.33,228.4,170735.0,0.115,302.39,2024-06-16 11:37:00.696467840,510.47665848261295,,,,,,0.29685178399086,4.900000095367432,0.09,-0.23200001,0.24884534,SARAL_AltiKa
GRID_0778,INDIAN_MARINE,20.25,80.75,11.291795384540265,,,,,,,,,87.36014882093515,20.0,D,998.0,3.0,BOB,,,,,,SARAL_AltiKa
GRID_0779,INDIAN_MARINE,16.5,95.75,112.89567927513923,,,,,,,,,159.99795244748177,115.0,VSCS,,65.58718508232494,BOB,,,,,,NO_NEARBY_SARAL
GRID_0780,INDIAN_MARINE,18.5,83.75,337.13056466657366,,,,,,,,,172.1486174930321,20.0,D,,3.0,BOB,,,,,,NO_NEARBY_SARAL
GRID_0781,INDIAN_MARINE,11.75,71.5,273.56650532297124,,,,,,,,,202.0120048087914,25.0,D,,3.0,ARB,0.1486653834581375,5.900000095367432,0.20500001,0.0055000004,0.20507377,NO_NEARBY_SARAL
GRID_0782,INDIAN_MARINE,6.5,73.75,161.90991419475353,,,,,,,,,678.6304906859643,,,,,,0.1488706618547439,3.700000047683716,-0.19550002,0.164,0.25517887,NO_NEARBY_SARAL
GRID_0783,INDIAN_MARINE,11.25,90.0,9.74496143794133,7.62,2.023,5.97,207.99,,,302.26,,396.2678329723447,25.0,D,990.0,3.0995834159888913,BOB,0.2433950155973434,5.699999809265137,0.051,-0.0185,0.05425173,SARAL_AltiKa
GRID_0784,INDIAN_MARINE,7.25,82.5,57.6761698346939,8.66,2.873,6.18,195.02,,,302.3,,167.73196898665793,25.0,,,3.0,BOB,0.1748118549585342,8.899999618530273,0.001500003,-0.2475,0.24750455,SARAL_AltiKa
GRID_0785,INDIAN_MARINE,15.75,85.75,185.2141859135763,,,,,,,,,38.57091978119738,35.0,CS,,7.0,BOB,0.1887064576148986,7.0,-0.13250001,0.033000004,0.13654763,NO_NEARBY_SARAL
GRID_0786,INDIAN_MARINE,8.5,91.25,58.17513793045263,6.68,1.962,6.42,208.94,,,302.21,,395.0120144354644,25.0,D,,3.0,BOB,0.2660509645938873,5.900000095367432,0.011,-0.013499998,0.017414073,SARAL_AltiKa
GRID_0787,INDIAN_MARINE,9.5,80.75,190.75177121509373,,,,,,,,,137.08736982916983,25.0,,,3.0,BOB,,,,,,NO_NEARBY_SARAL
GRID_0788,INDIAN_MARINE,20.75,70.0,200.49854933542076,,,,,,,,,58.99404978299851,90.0,ESCS,962.0,40.0,ARB,,,0.10700001,-0.009,0.10737784,NO_NEARBY_SARAL
GRID_0789,INDIAN_MARINE,17.5,82.0,133.90229905083083,,,,,,,,,69.25317185171834,25.0,DD,,4.0,BOB,,,,,,NO_NEARBY_SARAL
GRID_0790,INDIAN_MARINE,11.0,96.75,112.89946480601407,,,,,,,,,689.5851864781191,,,,,,0.261601835489273,4.400000095367432,-0.086,-0.11850001,0.14641808,NO_NEARBY_SARAL
GRID_0791,INDIAN_MARINE,17.25,80.5,27.193530584178884,,,,,,,,,213.12553247566655,25.0,DD,,4.0,BOB,,,,,,SARAL_AltiKa
GRID_0792,INDIAN_MARINE,15.5,86.5,101.07818328707874,,,,,,,,,0.0,30.0,DD,,5.0,BOB,0.2385352253913879,7.300000190734863,-0.0325,-0.083,0.08913613,NO_NEARBY_SARAL
GRID_0793,INDIAN_MARINE,9.5,90.25,25.02535642070392,7.51,2.338,6.28,211.06,,,302.26,,372.2525324661987,25.0,D,,3.0,BOB,0.2564685344696045,9.399999618530272,0.056500003,0.038000003,0.068090014,SARAL_AltiKa
GRID_0794,INDIAN_MARINE,18.5,80.5,3.4796745797816713,,,,,,,,,147.74136087117435,20.0,D,998.0,3.0,BOB,,,,,,SARAL_AltiKa
GRID_0795,INDIAN_MARINE,14.5,70.0,361.998539908925,,,,,,,,,55.597463322279445,30.0,DD,,5.0,ARB,0.0833675339818,2.700000047683716,0.022499999,-0.047000002,0.052108064,NO_NEARBY_SARAL
GRID_0796,INDIAN_MARINE,11.5,87.75,127.0329967895612,,,,,,,,,464.8512089624183,30.0,DD,,5.0,BOB,0.2041751742362976,5.599999904632568,-0.09700001,0.075,0.12261322,NO_NEARBY_SARAL
GRID_0797,INDIAN_MARINE,15.0,74.5,121.81794392342847,,,,,,,,,412.42306793721656,25.0,D,,3.0,ARB,,,,,,NO_NEARBY_SARAL
GRID_0798,INDIAN_MARINE,8.75,80.5,235.90435330752192,,,,,,,,,137.8697794316953,25.0,,,3.0,BOB,,,,,,NO_NEARBY_SARAL
GRID_0799,INDIAN_MARINE,15.75,93.25,367.50053657635505,,,,,,,,,196.40556907052937,115.0,VSCS,,65.58718508232494,BOB,0.2459274977445602,5.300000190734863,-0.010000002,-0.114999995,0.11543395,NO_NEARBY_SARAL
GRID_0800,INDIAN_MARINE,19.0,85.25,311.2232046419704,,,,,,,,,26.28421495365293,25.0,D,,4.0,BOB,0.134878933429718,7.900000095367432,0.3175,0.0405,0.32007265,NO_NEARBY_SARAL
GRID_0801,INDIAN_MARINE,12.0,97.0,92.26959832890576,4.59,0.873,3.99,256.21,,,302.47,,600.3011186808982,,,,,,0.3068448901176452,6.400000095367432,0.012,-0.20050001,0.2008588,SARAL_AltiKa
GRID_0802,INDIAN_MARINE,8.5,93.25,201.3684031486423,,,,,,,,,601.9878678922701,,,,,,,,-0.132,-0.131,0.18597043,NO_NEARBY_SARAL
GRID_0803,INDIAN_MARINE,11.25,69.75,472.0578844643812,,,,,,,,,192.78314700725628,25.0,D,,3.0,ARB,0.1101300045847892,4.0,-0.012,0.096,0.09674709,NO_NEARBY_SARAL
GRID_0804,INDIAN_MARINE,7.5,77.25,49.29443749983217,5.92,1.913,6.1000000000000005,220.26,,,301.90000000000003,,311.219119296777,25.0,,,3.0,BOB,0.1029431298375129,4.5,-0.105000004,0.040000003,0.11236103,SARAL_AltiKa
GRID_0805,INDIAN_MARINE,13.25,82.75,112.14762144582737,,,,,,,,,87.662993408667,25.0,D,,3.0,BOB,0.1190281137824058,3.700000047683716,-0.0985,-0.033500005,0.10404085,NO_NEARBY_SARAL
GRID_0806,INDIAN_MARINE,8.5,73.25,167.0853620947974,,,,,,,,,607.7666285059257,,,,,,0.1791924089193344,4.800000190734863,-0.16100001,0.20650001,0.26184586,NO_NEARBY_SARAL
GRID_0807,INDIAN_MARINE,8.5,96.75,173.87357504915812,,,,,,,,,878.6441211210685,,,,,,0.2019850760698318,3.5999999046325684,0.26900002,0.092500016,0.28445962,NO_NEARBY_SARAL
GRID_0808,INDIAN_MARINE,10.5,90.0,27.825071127494457,7.2700000000000005,2.098,6.11,208.38,,,302.27,,446.944451622249,25.0,D,,3.0,BOB,0.2318960130214691,8.300000190734863,-0.13850002,-0.042000003,0.14472821,SARAL_AltiKa
GRID_0809,INDIAN_MARINE,14.75,75.0,168.29543028655343,,,,,,,,,400.1559356752824,25.0,D,997.0,3.0,BOB,,,,,,NO_NEARBY_SARAL
GRID_0810,INDIAN_MARINE,17.25,68.5,446.10130408191594,,,,,,,,,135.1929191948778,65.0,VSCS,980.0,22.0,ARB,0.0706365033984184,5.5,0.09300001,0.0275,0.096980676,NO_NEARBY_SARAL
GRID_0811,INDIAN_MARINE,15.25,83.5,237.50716938284734,,,,,,,,,99.10455109229912,45.0,CS,,10.0,BOB,0.1691307574510574,5.400000095367432,0.20650001,0.0825,0.22237019,NO_NEARBY_SARAL
GRID_0812,INDIAN_MARINE,7.25,71.5,385.68040979996954,,,,,,,,,532.1831882294441,,,,,,0.156605064868927,4.599999904632568,0.12650001,0.093,0.15700717,NO_NEARBY_SARAL
GRID_0813,INDIAN_MARINE,20.5,72.5,46.57283980326533,4.3,1.7630000000000001,6.390000000000001,233.75,,,,,208.30509356084295,90.0,ESCS,962.0,40.0,ARB,,,-0.315,0.025500001,0.31603044,SARAL_AltiKa
GRID_0814,INDIAN_MARINE,12.75,88.75,105.75749415568028,,,,,,,,,355.2084773182888,25.0,D,990.0,3.0995834159888913,BOB,0.2084190994501114,8.899999618530273,-0.042000003,-0.07150001,0.08292317,NO_NEARBY_SARAL
GRID_0815,INDIAN_MARINE,15.5,83.5,243.2534634053468,,,,,,,,,77.16463984104831,45.0,CS,,10.0,BOB,0.1587952971458435,6.099999904632568,0.2625,0.1315,0.2935958,NO_NEARBY_SARAL
GRID_0816,INDIAN_MARINE,9.0,70.5,449.2608462702532,,,,,,,,,384.3893009271131,25.0,D,,3.0,ARB,0.153319627046585,4.900000095367432,-0.12550001,-0.082,0.14991415,NO_NEARBY_SARAL
GRID_0817,INDIAN_MARINE,15.5,89.25,13.61816863911478,7.47,1.926,5.91,206.48000000000002,,,302.44,,173.8250056610755,40.0,CS,984.0,7.934933544931562,BOB,0.2018482536077499,5.099999904632568,0.15750001,0.17950001,0.23880224,SARAL_AltiKa
GRID_0818,INDIAN_MARINE,10.0,90.75,40.39807281673496,7.33,2.283,6.26,210.9,,,302.28000000000003,,450.2425642453751,25.0,D,,3.0,BOB,0.1880220770835876,5.099999904632568,-0.015000001,0.0225,0.027041635,SARAL_AltiKa
GRID_0819,INDIAN_MARINE,15.75,68.75,460.04641161945574,,,,,,,,,141.56044555367478,25.0,D,,3.0,ARB,0.0617385022342205,2.9000000953674316,-0.0615,0.19350001,0.20303819,NO_NEARBY_SARAL
GRID_0820,INDIAN_MARINE,14.5,95.5,103.41748704192248,,,,,,,,,329.1954991787659,115.0,VSCS,,65.58718508232494,BOB,0.2991789579391479,4.599999904632568,0.017499998,-0.072000004,0.074096225,NO_NEARBY_SARAL
GRID_0821,INDIAN_MARINE,14.0,92.75,345.3878356272874,,,,,,,,,145.73796153590246,25.0,D,990.0,3.0995834159888913,BOB,0.2188227921724319,4.5,0.19500001,0.1115,0.22462693,NO_NEARBY_SARAL
GRID_0822,INDIAN_MARINE,5.5,76.0,56.73670410813759,5.68,1.77,6.24,184.46,,,302.26,,572.1772321592354,,,,,,0.199794739484787,5.0,-0.086,0.21850002,0.23481537,SARAL_AltiKa
GRID_0823,INDIAN_MARINE,17.75,85.75,231.4478587251973,,,,,,,,,87.48082470404657,30.0,DD,,5.0,BOB,0.1581793576478958,4.800000190734863,0.24350001,-0.013500001,0.24387395,NO_NEARBY_SARAL
GRID_0824,INDIAN_MARINE,12.25,74.0,4.97970259024415,4.62,1.868,7.3,237.46,,,302.55,,353.6479881683508,25.0,D,,3.0,ARB,0.2683782577514648,5.800000190734863,0.048,0.048,0.067882255,SARAL_AltiKa
GRID_0825,INDIAN_MARINE,18.5,68.0,377.54198413051284,,,,,,,,,210.89648041266335,80.0,VSCS,970.0,30.0,ARB,0.0543463192880153,5.400000095367432,0.12650001,-0.1065,0.16536173,NO_NEARBY_SARAL
GRID_0826,INDIAN_MARINE,18.75,70.25,226.55266690456315,,,,,,,,,38.29772398038415,80.0,VSCS,970.0,30.0,ARB,0.1132102087140083,4.800000190734863,0.0555,0.030000001,0.06308922,NO_NEARBY_SARAL
GRID_0827,INDIAN_MARINE,18.75,78.5,182.63493690611793,,,,,,,,,78.72235129352312,20.0,D,998.0,3.0,BOB,,,,,,NO_NEARBY_SARAL
GRID_0828,INDIAN_MARINE,9.75,92.0,167.9384696670886,,,,,,,,,530.9638009760968,,,,,,0.2207394242286682,4.900000095367432,0.10250001,0.027499996,0.10612493,NO_NEARBY_SARAL
GRID_0829,INDIAN_MARINE,11.0,93.5,232.87423164124195,,,,,,,,,445.52667840332697,25.0,D,990.0,3.0995834159888913,BOB,0.2268310934305191,5.400000095367432,-0.064500004,0.047,0.07980759,NO_NEARBY_SARAL
GRID_0830,INDIAN_MARINE,9.75,74.5,3.154095011769557,4.07,2.315,7.890000000000001,225.57,,,302.40000000000003,,493.2143797947778,25.0,,,3.0,BOB,0.2336760610342025,5.300000190734863,0.025500001,0.055500004,0.061077826,SARAL_AltiKa
GRID_0831,INDIAN_MARINE,8.75,70.5,455.5558922056423,,,,,,,,,385.5244586687874,25.0,D,,3.0,ARB,0.1630316525697708,5.099999904632568,-0.046,-0.0855,0.09708888,NO_NEARBY_SARAL
GRID_0832,INDIAN_MARINE,15.5,81.0,17.87742078718505,8.1,1.6460000000000001,5.94,164.42000000000002,,,302.68,,120.82983905325376,35.0,CS,,6.0,BOB,,,0.4795,0.26200002,0.5464103,SARAL_AltiKa
GRID_0833,INDIAN_MARINE,12.5,96.75,76.4205056168779,4.55,1.2770000000000001,5.24,229.03,,,302.37,,555.4115248291029,,,,,,0.2843261659145355,4.300000190734863,0.035,-0.13800001,0.14236924,SARAL_AltiKa
GRID_0834,INDIAN_MARINE,14.75,95.25,135.52040473386418,,,,,,,,,294.65660668250024,115.0,VSCS,,65.58718508232494,BOB,0.2996580898761749,6.800000190734863,0.0045000017,-0.039000005,0.039258763,NO_NEARBY_SARAL
GRID_0835,INDIAN_MARINE,16.0,89.75,77.71185502944228,7.57,2.206,5.91,205.64000000000001,,,302.48,,97.47484109943508,40.0,CS,984.0,7.934933544931562,BOB,0.2179330289363861,5.800000190734863,0.18050002,0.21600002,0.28148937,SARAL_AltiKa
GRID_0836,INDIAN_MARINE,16.75,77.5,239.6242984930287,,,,,,,,,109.97796564583884,20.0,D,998.0,3.0,BOB,,,,,,NO_NEARBY_SARAL
GRID_0837,INDIAN_MARINE,12.5,92.25,258.43897757291563,,,,,,,,,236.7115610340356,25.0,D,990.0,3.0995834159888913,BOB,0.2595323920249939,8.800000190734863,0.009999998,-0.027500002,0.029261751,NO_NEARBY_SARAL
GRID_0838,INDIAN_MARINE,20.25,82.75,214.45340558318392,,,,,,,,,200.30290772806708,20.0,D,998.0,3.0,BOB,,,,,,NO_NEARBY_SARAL
GRID_0839,INDIAN_MARINE,16.25,75.0,203.1948002173041,,,,,,,,,374.8982623787191,25.0,D,997.0,3.0,BOB,,,,,,NO_NEARBY_SARAL
GRID_0840,INDIAN_MARINE,20.0,76.25,392.7491092671027,,,,,,,,,309.68331850506183,20.0,D,998.0,3.0,BOB,,,,,,NO_NEARBY_SARAL
GRID_0841,INDIAN_MARINE,11.25,70.25,418.92065464276334,,,,,,,,,246.84367675118972,25.0,D,,3.0,ARB,0.1318960189819336,4.5,0.0145,0.097500004,0.098572314,NO_NEARBY_SARAL
GRID_0842,INDIAN_MARINE,8.75,92.0,144.48851554687542,,,,,,,,,481.6259247941766,25.0,D,,3.0,BOB,0.2658455967903137,6.900000095367432,-0.025000006,-0.027500004,0.037165176,NO_NEARBY_SARAL
GRID_0843,INDIAN_MARINE,21.25,72.5,64.69763013673021,,,4.5200000000000005,211.49,,,,,148.26010478725502,50.0,SCS,990.0,12.0,ARB,,,0.6075001,-0.25200003,0.6576932,SARAL_AltiKa
GRID_0844,INDIAN_MARINE,7.0,69.0,334.2101651614946,,,,,,,,,312.97162288597906,25.0,D,,3.0,ARB,0.1479809433221817,6.400000095367432,0.15900001,0.07,0.1737268,NO_NEARBY_SARAL
GRID_0845,INDIAN_MARINE,7.75,74.75,24.241561496772526,5.03,1.836,6.62,214.15,,,302.25,,514.9581311550523,,,,,,0.1744695901870727,4.900000095367432,0.023999996,0.00049999356,0.024005204,SARAL_AltiKa
GRID_0846,INDIAN_MARINE,11.75,91.0,108.52510260177336,,,,,,,,,310.5416919715279,25.0,D,990.0,3.0995834159888913,BOB,0.2591377198696136,4.699999809265137,0.076000005,-0.004,0.07610519,NO_NEARBY_SARAL
GRID_0847,INDIAN_MARINE,18.25,79.75,42.491546316293004,,,,,,,,,101.5557266008328,20.0,D,998.0,3.0,BOB,,,,,,SARAL_AltiKa
GRID_0848,INDIAN_MARINE,7.25,92.25,135.9673096483438,,,,,,,,,469.7503552045162,25.0,D,,3.0,BOB,0.2052704393863678,5.199999809265137,-0.0335,-0.041,0.05294573,NO_NEARBY_SARAL
GRID_0849,INDIAN_MARINE,7.0,91.25,22.490687615986523,5.89,1.797,6.8500000000000005,204.73000000000002,,,302.22,,358.68909927673906,25.0,D,,3.0,BOB,0.2535251677036285,5.099999904632568,-0.30900002,0.112500004,0.3288423,SARAL_AltiKa
GRID_0850,INDIAN_MARINE,13.25,81.5,19.933673695196997,6.04,1.591,4.92,183.1,,,302.73,,61.15720965450739,55.0,SCS,982.0,18.0,BOB,0.1185488849878311,6.300000190734863,-0.079500005,0.16550002,0.18360421,SARAL_AltiKa
GRID_0851,INDIAN_MARINE,12.25,91.25,146.7954532087939,,,,,,,,,251.64585475311023,25.0,D,990.0,3.0995834159888913,BOB,0.2400411367416381,4.900000095367432,0.0255,0.042500004,0.04956309,NO_NEARBY_SARAL
GRID_0852,INDIAN_MARINE,6.0,71.5,416.5640193024007,,,,,,,,,597.7701062273703,,,,,,0.1509239971637725,3.4000000953674316,-0.19250001,-0.0034999996,0.19253182,NO_NEARBY_SARAL
GRID_0853,INDIAN_MARINE,8.5,79.5,168.18835915002677,,,,,,,,,111.19492664455872,25.0,,,3.0,BOB,,,-0.08850001,0.1525,0.17631932,NO_NEARBY_SARAL
GRID_0854,INDIAN_MARINE,5.75,73.75,180.06172557447812,,,,,,,,,726.2257602481868,,,,,,0.176180750131607,4.0,-0.1975,0.26000002,0.32650614,NO_NEARBY_SARAL
GRID_0855,INDIAN_MARINE,12.25,97.25,59.70338668932672,5.23,1.244,4.5600000000000005,249.1,,,302.47,,566.580973558714,,,,,,0.2946613430976867,4.599999904632568,-0.0315,-0.024500001,0.03990614,SARAL_AltiKa
GRID_0856,INDIAN_MARINE,22.0,75.0,333.623081077373,,,,,,,,,166.79238996683833,25.0,D,999.0,3.0,ARB,,,,,,NO_NEARBY_SARAL
GRID_0857,INDIAN_MARINE,14.75,85.5,188.08337019430417,,,,,,,,,135.93096194271442,30.0,DD,,5.0,BOB,0.2004106640815735,4.599999904632568,0.116000004,-0.0705,0.13574332,NO_NEARBY_SARAL
GRID_0858,INDIAN_MARINE,10.0,92.5,227.17666419979705,,,,,,,,,512.0332486961661,,,,,,0.2190966457128524,2.9000000953674316,0.0775,0.009999998,0.0781425,NO_NEARBY_SARAL
GRID_0859,INDIAN_MARINE,20.75,74.5,255.13418548217092,,,,,,,,,248.80544585948832,50.0,SCS,990.0,12.0,ARB,,,,,,NO_NEARBY_SARAL
GRID_0860,INDIAN_MARINE,10.75,72.25,218.72149608525487,,,,,,,,,334.6160946047055,25.0,D,,3.0,ARB,,,0.034500003,0.065000005,0.073588386,NO_NEARBY_SARAL
GRID_0861,INDIAN_MARINE,7.5,75.25,23.625038351461264,5.0600000000000005,1.8960000000000001,6.61,208.67000000000002,,,302.25,,479.379576902097,25.0,,,3.0,BOB,0.1542096585035324,4.199999809265137,0.109,0.11050001,0.15521356,SARAL_AltiKa
GRID_0862,INDIAN_MARINE,16.5,95.5,138.86404648600657,,,,,,,,,138.68068265988444,115.0,VSCS,,65.58718508232494,BOB,,,,,,NO_NEARBY_SARAL
GRID_0863,INDIAN_MARINE,13.0,77.5,152.59703831606143,,,,,,,,,275.03731301151396,30.0,DD,996.0,4.0,BOB,,,,,,NO_NEARBY_SARAL
GRID_0864,INDIAN_MARINE,10.0,68.5,349.64952321074645,,,,,,,,,155.94121480117153,30.0,DD,,5.0,ARB,0.1000683903694152,3.5,-0.017,-0.040500008,0.043923236,NO_NEARBY_SARAL
GRID_0865,INDIAN_MARINE,5.5,72.75,294.0068918186533,,,,,,,,,744.0502303642941,,,,,,0.1620512753725052,8.899999618530273,-0.20650001,0.1535,0.25730234,NO_NEARBY_SARAL
GRID_0866,INDIAN_MARINE,15.0,78.75,68.47484236096517,,,,,,,,,26.85151142270055,30.0,DD,996.0,4.0,BOB,,,,,,SARAL_AltiKa
GRID_0867,INDIAN_MARINE,16.5,84.25,344.0606767336033,,,,,,,,,26.65397081543464,50.0,SCS,,12.398333663955563,BOB,0.1805613338947296,5.300000190734863,0.36100003,0.275,0.45381278,NO_NEARBY_SARAL
GRID_0868,INDIAN_MARINE,7.25,69.5,393.76113820800566,,,,,,,,,337.0349420610872,25.0,D,,3.0,ARB,0.1600958555936813,4.199999809265137,0.183,0.08250001,0.20073678,NO_NEARBY_SARAL
GRID_0869,INDIAN_MARINE,13.75,69.25,460.24016148502216,,,,,,,,,85.60213745276808,30.0,DD,,5.0,ARB,0.0558521226048469,2.5,-0.063,0.046499997,0.0783023,NO_NEARBY_SARAL
GRID_0870,INDIAN_MARINE,11.5,76.5,223.53616340226398,,,,,,,,,338.69636235491146,25.0,,,3.0,BOB,,,,,,NO_NEARBY_SARAL
GRID_0871,INDIAN_MARINE,16.75,76.0,318.4714821469304,,,,,,,,,267.46377541831504,20.0,D,998.0,3.0,BOB,,,,,,NO_NEARBY_SARAL
GRID_0872,INDIAN_MARINE,12.5,97.0,80.13087547819656,5.36,1.227,4.6000000000000005,241.47,,,302.46,,546.9024416459284,,,,,,0.2900069653987884,4.900000095367432,0.015000001,-0.1105,0.11151345,SARAL_AltiKa
GRID_0873,INDIAN_MARINE,18.75,68.0,370.9028579950358,,,,,,,,,212.56733560972057,80.0,VSCS,970.0,30.0,ARB,0.0454482994973659,3.5999999046325684,0.0855,-0.097,0.12930293,NO_NEARBY_SARAL
GRID_0874,INDIAN_MARINE,7.75,82.25,72.57397064628051,6.26,2.572,6.28,186.58,,,302.38,,141.68832264948648,25.0,,,3.0,BOB,0.1615332663059234,7.099999904632568,-0.10500001,-0.3025,0.32020503,SARAL_AltiKa
GRID_0875,INDIAN_MARINE,10.0,72.75,183.89710610994194,,,,,,,,,433.2959310221996,25.0,D,,3.0,ARB,0.1787816882133484,9.100000381469728,-0.009000001,0.09900001,0.099408254,NO_NEARBY_SARAL
GRID_0876,INDIAN_MARINE,15.25,74.5,127.71931602591637,,,,,,,,,424.23686046067854,25.0,D,,3.0,ARB,,,,,,NO_NEARBY_SARAL
GRID_0877,INDIAN_MARINE,10.75,71.75,271.95634864614976,,,,,,,,,316.4675831978674,25.0,D,,3.0,ARB,0.1357974112033844,5.5,-0.0039999997,0.034500003,0.034731112,NO_NEARBY_SARAL
GRID_0878,INDIAN_MARINE,15.0,91.0,184.70812227670442,,,,,,,,,55.597463322279445,35.0,CS,986.0,6.075183495338227,BOB,0.2413416504859924,4.199999809265137,-0.038000003,-0.1115,0.117797494,NO_NEARBY_SARAL
GRID_0879,INDIAN_MARINE,7.0,83.0,9.999043880026953,8.88,2.582,6.15,198.54,,,302.25,,123.52484568837272,25.0,,,3.0,BOB,0.1558522433042526,8.899999618530273,0.12150001,-0.21550001,0.2473914,SARAL_AltiKa
GRID_0880,INDIAN_MARINE,10.25,96.25,77.86529175795357,5.4,1.5230000000000001,5.3500000000000005,234.19,,,302.51,,699.5289977756338,,,,,,0.2354553490877151,5.199999809265137,-0.19150001,-0.06400001,0.20191151,SARAL_AltiKa
GRID_0881,INDIAN_MARINE,14.25,81.0,48.13401237700961,9.35,6.404,4.93,182.06,,,302.75,,60.660966179185145,55.0,SCS,982.0,18.0,BOB,0.1004790738224983,4.400000095367432,-0.038500004,0.43350002,0.4352063,SARAL_AltiKa
GRID_0882,INDIAN_MARINE,17.25,72.0,84.109339336783,4.51,1.704,7.47,239.97,,,302.37,,253.20783533257656,80.0,VSCS,970.0,30.0,ARB,0.1597537994384765,5.599999904632568,-0.0065,0.011,0.012776932,SARAL_AltiKa
GRID_0883,INDIAN_MARINE,13.25,84.25,270.3546075893004,,,,,,,,,206.68491208261108,25.0,D,,3.0,BOB,0.1698836684226989,7.099999904632568,-0.043000005,0.024,0.049244296,NO_NEARBY_SARAL
GRID_0884,INDIAN_MARINE,8.25,91.0,25.418086090841204,6.49,2.096,6.55,208.5,,,302.2,,358.655574213725,25.0,D,,3.0,BOB,0.2336073219776153,4.599999904632568,0.031500004,-0.033,0.04562072,SARAL_AltiKa
GRID_0885,INDIAN_MARINE,5.5,77.0,28.645333256922253,5.63,2.041,6.54,189.20000000000002,,,302.01,,516.406430159349,,,,,,0.1824093908071518,4.400000095367432,-0.049500003,0.1005,0.112029016,SARAL_AltiKa
GRID_0886,INDIAN_MARINE,7.0,90.0,112.03185259369269,,,,,,,,,220.73202658609551,25.0,D,,3.0,BOB,0.2449008226394653,6.199999809265137,-0.3425,0.062,0.34806645,NO_NEARBY_SARAL
GRID_0887,INDIAN_MARINE,14.0,94.0,249.265946343242,,,,,,,,,275.1080813424977,25.0,D,990.0,3.0995834159888913,BOB,0.2720741629600525,5.099999904632568,0.1805,-0.1225,0.2181433,NO_NEARBY_SARAL
GRID_0888,INDIAN_MARINE,14.0,89.75,29.961138542886122,8.63,2.162,5.83,205.37,,,302.33,,196.6265695055251,25.0,D,990.0,3.0995834159888913,BOB,0.2381248027086258,6.099999904632568,-0.0925,0.0725,0.11752659,SARAL_AltiKa
GRID_0889,INDIAN_MARINE,8.25,78.75,93.80786733433449,,,4.17,193.37,,,,,161.58072055675945,25.0,,,3.0,BOB,0.0600957833230495,4.199999809265137,-0.092,-0.026,0.09560335,SARAL_AltiKa
GRID_0890,INDIAN_MARINE,11.25,73.75,46.95034978751106,4.05,1.6400000000000001,7.46,227.24,,,302.52,,389.603626954828,25.0,D,,3.0,ARB,0.2414101660251617,5.900000095367432,0.0040000007,-0.0355,0.035724644,SARAL_AltiKa
GRID_0891,INDIAN_MARINE,10.75,89.0,128.11511124960595,,,,,,,,,431.2058870010804,25.0,D,,3.0,BOB,0.2585903406143188,5.800000190734863,-0.045,0.21350001,0.21819086,NO_NEARBY_SARAL
GRID_0892,INDIAN_MARINE,12.75,68.25,385.48013712210013,,,,,,,,,141.6258427110991,25.0,D,,3.0,ARB,0.0615331605076789,4.5,-0.057500005,0.029000003,0.06439915,NO_NEARBY_SARAL
GRID_0893,INDIAN_MARINE,16.0,72.25,89.02478972085814,3.0100000000000002,1.717,7.390000000000001,240.43,,,302.58,,308.77234589222485,25.0,D,,3.0,ARB,0.1716633141040802,5.400000095367432,-0.072500005,0.119500004,0.13977304,SARAL_AltiKa
GRID_0894,INDIAN_MARINE,17.25,76.5,354.537801072836,,,,,,,,,208.1865519092821,20.0,D,998.0,3.0,BOB,,,,,,NO_NEARBY_SARAL
GRID_0895,INDIAN_MARINE,19.5,74.0,175.5364304453195,,,,,,,,,349.3588592347971,50.0,SCS,990.0,12.0,ARB,,,,,,NO_NEARBY_SARAL
GRID_0896,INDIAN_MARINE,6.25,93.5,121.55953880892196,,,,,,,,,613.1783957001908,,,,,,0.2580427229404449,4.199999809265137,-0.3675,-0.17050001,0.40512532,NO_NEARBY_SARAL
GRID_0897,INDIAN_MARINE,8.25,79.5,174.29140640801523,,,,,,,,,138.99365830569843,25.0,,,3.0,BOB,,,-0.048000004,0.188,0.19403091,NO_NEARBY_SARAL
GRID_0898,INDIAN_MARINE,10.0,95.25,23.03646423393637,4.92,1.337,5.24,233.13,255326.0,0.021,302.53000000000003,2024-06-16 11:37:42.007185024,645.230710021515,,,,,,0.2344971150159835,4.699999809265137,-0.17150001,0.0024999995,0.17151824,SARAL_AltiKa
GRID_0899,INDIAN_MARINE,6.5,93.5,127.45787542242131,,,,,,,,,609.8672347245333,,,,,,0.2414315938949585,5.300000190734863,-0.23700002,-0.21150002,0.3176496,NO_NEARBY_SARAL
GRID_0900,INDIAN_MARINE,18.5,82.0,157.35886955240048,,,,,,,,,164.42653259899157,25.0,DD,,4.0,BOB,,,,,,NO_NEARBY_SARAL
GRID_0901,INDIAN_MARINE,10.25,94.25,135.4504726097374,,,,,,,,,559.0110370680827,,,,,,0.2550312280654907,8.699999809265137,-0.11750001,-0.1525,0.19251624,NO_NEARBY_SARAL
GRID_0902,INDIAN_MARINE,13.5,94.5,185.079110334698,,,,,,,,,342.23651801868317,25.0,D,990.0,3.0995834159888913,BOB,0.2406570613384246,4.300000190734863,0.17500001,-0.16100001,0.23779406,NO_NEARBY_SARAL
GRID_0903,INDIAN_MARINE,7.5,80.25,273.13570409746006,,,,,,,,,237.19081855281848,25.0,,,3.0,BOB,,,,,,NO_NEARBY_SARAL
GRID_0904,INDIAN_MARINE,14.25,91.5,219.7319885521621,,,,,,,,,27.798731661139723,25.0,D,990.0,3.0995834159888913,BOB,0.262149304151535,5.800000190734863,-0.010000002,-0.108500004,0.10895986,NO_NEARBY_SARAL
GRID_0905,INDIAN_MARINE,12.5,70.0,413.45672572742836,,,,,,,,,155.2500941356149,25.0,D,,3.0,ARB,0.0947980731725692,4.5,0.0185,-0.061000004,0.06374363,NO_NEARBY_SARAL
GRID_0906,INDIAN_MARINE,13.5,70.75,308.7493633678937,,,,,,,,,27.030649323937723,25.0,D,,3.0,ARB,0.1172485575079917,3.700000047683716,-0.0145000005,-0.11900001,0.11988016,NO_NEARBY_SARAL
GRID_0907,INDIAN_MARINE,9.0,90.25,37.103064197595685,7.33,2.0260000000000002,6.17,211.4,,,302.24,,332.91503522786337,25.0,D,,3.0,BOB,0.2338124811649322,8.300000190734863,0.119500004,0.0535,0.13092937,SARAL_AltiKa
GRID_0908,INDIAN_MARINE,10.0,84.25,195.10243694709564,,,,,,,,,72.12472740143772,25.0,D,990.0,3.0,BOB,0.1438055336475372,6.300000190734863,-0.26450002,-0.048,0.26882014,NO_NEARBY_SARAL
GRID_0909,INDIAN_MARINE,8.5,94.75,40.676533552489964,4.05,1.002,5.42,216.0,162055.0,0.172,302.46,2024-06-16 11:38:07.833218048,755.2430700599592,,,,,,0.2568104863166809,6.599999904632568,0.105000004,-0.1185,0.1583264,SARAL_AltiKa
GRID_0910,INDIAN_MARINE,7.0,93.25,166.1557018444153,,,,,,,,,579.4189937074804,,,,,,0.2716762721538543,7.800000190734863,-0.11,-0.13350001,0.1729805,NO_NEARBY_SARAL
GRID_0911,INDIAN_MARINE,13.75,70.75,302.40205665145993,,,,,,,,,38.76410007376798,25.0,D,,3.0,ARB,0.1004106998443603,3.4000000953674316,-0.0395,-0.1575,0.16237764,NO_NEARBY_SARAL
GRID_0912,INDIAN_MARINE,12.0,74.5,50.683340074911825,4.5,1.722,7.72,235.53,,,302.56,,414.6003961459462,25.0,D,,3.0,ARB,0.2724165022373199,5.400000095367432,-0.0145,0.079,0.08031968,SARAL_AltiKa
GRID_0913,INDIAN_MARINE,7.75,83.0,8.07736867169819,6.95,2.5,6.21,189.54,,,302.36,,99.92103118996228,25.0,D,,4.0,BOB,0.1499659121036529,5.099999904632568,-0.0405,-0.21750002,0.22123857,SARAL_AltiKa
GRID_0914,INDIAN_MARINE,8.0,70.25,491.4866736709659,,,,,,,,,374.3058757906074,25.0,D,,3.0,ARB,0.1720740050077438,4.0,0.17750001,-0.014,0.17805126,NO_NEARBY_SARAL
GRID_0915,INDIAN_MARINE,6.5,72.25,323.45456313157194,,,,,,,,,641.724840078239,,,,,,0.1193703040480613,4.800000190734863,-0.13250001,0.064500004,0.1473652,NO_NEARBY_SARAL
GRID_0916,INDIAN_MARINE,17.5,77.75,230.95397499830824,,,,,,,,,80.52098287311867,20.0,D,998.0,3.0,BOB,,,,,,NO_NEARBY_SARAL
GRID_0917,INDIAN_MARINE,8.5,75.25,47.33031438627704,4.67,1.788,7.22,220.16,,,302.28000000000003,,432.80514729433867,25.0,,,3.0,BOB,0.1871322244405746,4.0,-0.109500006,-0.067,0.12837154,SARAL_AltiKa
GRID_0918,INDIAN_MARINE,15.75,71.5,173.38526249838435,,,,,,,,,252.68463637783424,30.0,DD,,5.0,ARB,0.1731007099151611,5.199999809265137,0.0010000002,-0.032500003,0.032515384,NO_NEARBY_SARAL
GRID_0919,INDIAN_MARINE,10.75,77.0,152.86063733768282,,,,,,,,,248.0500248049212,25.0,,,3.0,BOB,,,,,,NO_NEARBY_SARAL
GRID_0920,INDIAN_MARINE,19.25,80.5,10.448252619910015,,,,,,,,,139.37487226727055,20.0,D,998.0,3.0,BOB,,,,,,SARAL_AltiKa
GRID_0921,INDIAN_MARINE,6.25,78.5,115.18408415628227,,,,,,,,,377.79200744221544,25.0,,,3.0,BOB,0.1563313603401184,5.099999904632568,0.034999996,-0.056,0.06603787,NO_NEARBY_SARAL
GRID_0922,INDIAN_MARINE,15.25,70.75,264.2732220522706,,,,,,,,,160.718558502819,30.0,DD,,5.0,ARB,0.1312115639448166,5.400000095367432,0.049500003,0.035000004,0.060623843,NO_NEARBY_SARAL
GRID_0923,INDIAN_MARINE,9.0,79.25,129.23776766993925,,,,,,,,,61.99899410713454,25.0,,,3.0,BOB,,,-0.011500001,0.07000001,0.07093836,NO_NEARBY_SARAL
GRID_0924,INDIAN_MARINE,16.75,84.25,349.655960327793,,,,,,,,,38.50040147538608,50.0,SCS,,12.398333663955563,BOB,0.1598904728889465,4.599999904632568,0.328,0.27550003,0.42835063,NO_NEARBY_SARAL
GRID_0925,INDIAN_MARINE,15.25,71.0,238.15309011483575,,,,,,,,,175.7689606113017,30.0,DD,,5.0,ARB,0.1452430188655853,6.199999809265137,0.0485,0.0165,0.051229876,NO_NEARBY_SARAL
GRID_0926,INDIAN_MARINE,18.0,83.5,300.1804716386834,,,,,,,,,145.79043520446498,25.0,DD,,4.0,BOB,,,,,,NO_NEARBY_SARAL
GRID_0927,INDIAN_MARINE,19.25,71.75,60.36079548006355,4.55,1.582,7.22,233.97,,,302.26,,190.79977100755704,90.0,ESCS,962.0,40.0,ARB,0.1198494210839271,5.0,0.066,-0.12850001,0.14445849,SARAL_AltiKa
GRID_0928,INDIAN_MARINE,16.5,70.5,258.4543508578086,,,,,,,,,228.62293182430437,80.0,VSCS,970.0,30.0,ARB,0.1147844418883323,4.5,0.087000005,-0.025000002,0.090520725,NO_NEARBY_SARAL
GRID_0929,INDIAN_MARINE,9.75,95.25,17.014548281105455,5.59,1.359,5.33,230.79,234685.0,0.03,302.52,2024-06-16 11:37:46.138256128,667.1287679935267,,,,,,0.2408626973628997,5.099999904632568,-0.112500004,-0.016,0.11363208,SARAL_AltiKa
GRID_0930,INDIAN_MARINE,20.0,80.25,14.467549115724832,,,,,,,,,135.8897281875303,20.0,D,998.0,3.0,BOB,,,,,,SARAL_AltiKa
GRID_0931,INDIAN_MARINE,16.25,84.75,300.829329569682,,,,,,,,,27.25780011440829,45.0,CS,,10.0,BOB,0.1379192322492599,4.599999904632568,0.16800001,0.1645,0.23512603,NO_NEARBY_SARAL
GRID_0932,INDIAN_MARINE,15.0,70.5,296.7879795854487,,,,,,,,,123.53752487962616,30.0,DD,,5.0,ARB,0.1156742572784423,4.599999904632568,0.026500002,0.005000001,0.026967576,NO_NEARBY_SARAL
GRID_0933,INDIAN_MARINE,12.0,68.75,421.5762724653622,,,,,,,,,98.78021575480967,25.0,D,,3.0,ARB,0.0798767730593681,3.200000047683716,-0.0065,0.065500006,0.06582173,NO_NEARBY_SARAL
GRID_0934,INDIAN_MARINE,18.0,76.5,371.20867655173413,,,,,,,,,190.35403963977987,20.0,D,998.0,3.0,BOB,,,,,,NO_NEARBY_SARAL
GRID_0935,INDIAN_MARINE,16.5,77.0,285.81479612940007,,,,,,,,,169.11483958945493,20.0,D,998.0,3.0,BOB,,,,,,NO_NEARBY_SARAL
GRID_0936,INDIAN_MARINE,13.75,90.0,50.28041546868198,8.82,2.312,5.99,206.11,,,302.31,,181.98159545737408,25.0,D,990.0,3.0995834159888913,BOB,0.2341549694538116,8.199999809265137,-0.1245,0.060500003,0.13842146,SARAL_AltiKa
GRID_0937,INDIAN_MARINE,8.5,71.0,408.2617015665248,,,,,,,,,443.1014217974673,25.0,D,,3.0,ARB,0.1553046852350235,3.700000047683716,0.07000001,0.11500001,0.13462913,NO_NEARBY_SARAL
GRID_0938,INDIAN_MARINE,9.5,81.5,110.58770721946513,,,,,,,,,78.11700792544076,25.0,,,3.0,BOB,0.1720739752054214,5.900000095367432,-0.0375,0.023500003,0.044254944,NO_NEARBY_SARAL
GRID_0939,INDIAN_MARINE,7.75,79.75,213.30612161665562,,,,,,,,,196.5223439842841,25.0,,,3.0,BOB,,,,,,NO_NEARBY_SARAL
GRID_0940,INDIAN_MARINE,19.0,82.0,169.02869194549535,,,,,,,,,217.7823333565831,25.0,DD,,4.0,BOB,,,,,,NO_NEARBY_SARAL
GRID_0941,INDIAN_MARINE,9.75,90.5,7.807530608504957,7.87,2.225,6.2700000000000005,210.84,,,302.27,,411.2504799444636,25.0,D,,3.0,BOB,0.24449023604393,5.0,0.0009999946,0.051500008,0.051509716,SARAL_AltiKa
GRID_0942,INDIAN_MARINE,12.0,91.0,114.44229048838582,,,,,,,,,283.2050496409181,25.0,D,990.0,3.0995834159888913,BOB,0.2387408763170242,6.099999904632568,0.076000005,0.026500002,0.08048758,NO_NEARBY_SARAL
GRID_0943,INDIAN_MARINE,12.0,70.5,373.30640231691416,,,,,,,,,175.38536535187427,25.0,D,,3.0,ARB,0.1305955350399017,4.900000095367432,0.09650001,-0.0715,0.12010205,NO_NEARBY_SARAL
GRID_0944,INDIAN_MARINE,7.75,91.25,40.472872274595524,6.84,2.077,6.86,206.04,,,302.2,,367.96549544351825,25.0,D,,3.0,BOB,0.2349762469530105,5.199999809265137,-0.029,-0.0275,0.039965607,SARAL_AltiKa
GRID_0945,INDIAN_MARINE,10.5,96.5,98.48940092300798,4.49,1.408,5.39,233.46,,,302.5,,701.6481820754792,,,,,,0.2616018950939178,6.400000095367432,-0.12150001,-0.16750002,0.20692633,SARAL_AltiKa
GRID_0946,INDIAN_MARINE,14.75,81.25,9.889158971608747,8.72,1.7730000000000001,5.09,174.76,,,302.72,,85.26043933330374,35.0,CS,,6.0,BOB,0.1006160154938697,5.300000190734863,0.11050001,0.23700002,0.26149428,SARAL_AltiKa
GRID_0947,INDIAN_MARINE,8.75,83.5,85.4901495467147,5.36,2.4,7.09,174.95000000000002,,,302.46,,27.798731661139545,25.0,D,,4.0,BOB,0.157426506280899,5.599999904632568,-0.199,-0.072500005,0.21179532,SARAL_AltiKa
GRID_0948,INDIAN_MARINE,16.75,81.5,64.3654145949845,,,,,,,,,109.97796564583751,40.0,CS,,8.0,BOB,,,,,,SARAL_AltiKa
GRID_0949,INDIAN_MARINE,15.5,70.5,284.00956033030855,,,,,,,,,175.24328324964722,30.0,DD,,5.0,ARB,0.1025325059890747,4.900000095367432,0.0715,-0.013500001,0.07276332,NO_NEARBY_SARAL
GRID_0950,INDIAN_MARINE,17.75,69.75,303.83485868955444,,,,,,,,,87.48082470404616,80.0,VSCS,970.0,30.0,ARB,0.0923339501023292,6.099999904632568,-0.0225,0.117000006,0.11914383,NO_NEARBY_SARAL
GRID_0951,INDIAN_MARINE,22.0,70.25,143.1866454098755,,,,,,,,,168.7924848152391,90.0,ESCS,962.0,40.0,ARB,,,,,,NO_NEARBY_SARAL
GRID_0952,INDIAN_MARINE,18.5,83.0,260.0756619448677,,,,,,,,,164.42653259899205,25.0,DD,,4.0,BOB,,,,,,NO_NEARBY_SARAL
GRID_0953,INDIAN_MARINE,19.75,72.0,22.526671924718226,4.83,1.7690000000000001,6.96,235.22,,,302.26,,177.42764314946243,90.0,ESCS,962.0,40.0,ARB,0.1246406584978103,5.300000190734863,-0.0025000013,-0.0625,0.06254998,SARAL_AltiKa
GRID_0954,INDIAN_MARINE,14.25,93.5,307.5160220067793,,,,,,,,,217.21247677444285,25.0,D,990.0,3.0995834159888913,BOB,0.2658453583717346,4.800000190734863,0.17400001,0.020500004,0.17520347,NO_NEARBY_SARAL
GRID_0955,INDIAN_MARINE,20.0,76.0,390.6886125836796,,,,,,,,,328.51599809965234,20.0,D,998.0,3.0,BOB,,,,,,NO_NEARBY_SARAL
GRID_0956,INDIAN_MARINE,8.5,93.0,228.1659478614055,,,,,,,,,575.573309120138,,,,,,,,-0.13,-0.09950001,0.16370782,NO_NEARBY_SARAL
GRID_0957,INDIAN_MARINE,8.5,75.5,74.12802604064215,4.5200000000000005,1.81,7.12,219.58,,,302.28000000000003,,406.7822232726282,25.0,,,3.0,BOB,0.1737852096557617,3.799999952316284,-0.123,0.00049999356,0.12300102,SARAL_AltiKa
GRID_0958,INDIAN_MARINE,12.75,94.75,141.1405392037587,,,,,,,,,401.50162958206545,25.0,D,990.0,3.0995834159888913,BOB,0.2263519465923309,5.699999809265137,0.23250002,-0.07350001,0.24384116,NO_NEARBY_SARAL
GRID_0959,INDIAN_MARINE,8.5,80.0,221.76422174205746,,,,,,,,,124.01476848560812,25.0,,,3.0,BOB,,,,,,NO_NEARBY_SARAL
GRID_0960,INDIAN_MARINE,11.5,77.0,170.454189284782,,,,,,,,,296.3774117152074,25.0,,,3.0,BOB,,,,,,NO_NEARBY_SARAL
GRID_0961,INDIAN_MARINE,5.25,78.0,85.32143559841066,5.63,2.041,6.54,189.20000000000002,,,302.01,,500.67803245009753,,,,,,0.2032854855060577,6.400000095367432,0.1395,0.0375,0.14445242,SARAL_AltiKa
GRID_0962,INDIAN_MARINE,13.5,85.25,185.2850038333902,,,,,,,,,259.9290390830273,30.0,DD,,5.0,BOB,0.1868583858013153,5.400000095367432,-0.027999999,0.072000004,0.077252835,NO_NEARBY_SARAL
GRID_0963,INDIAN_MARINE,20.25,75.75,370.7568580297372,,,,,,,,,366.5368963766942,20.0,D,998.0,3.0,BOB,,,,,,NO_NEARBY_SARAL
GRID_0964,INDIAN_MARINE,17.75,81.75,113.99551740522146,,,,,,,,,107.4945161463348,25.0,DD,,4.0,BOB,,,,,,NO_NEARBY_SARAL
GRID_0965,INDIAN_MARINE,8.75,75.0,26.602859917037037,4.29,1.838,7.5,223.34,,,302.31,,451.5493488957407,25.0,,,3.0,BOB,0.2376457452774047,4.099999904632568,-0.1395,-0.08500001,0.16335621,SARAL_AltiKa
GRID_0966,INDIAN_MARINE,12.75,73.25,63.59261392049763,4.93,1.873,6.88,240.48000000000002,,,302.52,,257.52724752244376,25.0,D,,3.0,ARB,0.1828201711177826,4.199999809265137,0.018,0.033999998,0.038470767,SARAL_AltiKa
GRID_0967,INDIAN_MARINE,19.0,79.5,86.01861321621918,,,,,,,,,31.54105677747128,20.0,D,998.0,3.0,BOB,,,,,,SARAL_AltiKa
GRID_0968,INDIAN_MARINE,15.25,69.75,368.7912002724585,,,,,,,,,115.98016408339171,25.0,D,,3.0,ARB,0.0813141018152237,6.199999809265137,0.0315,-0.045500003,0.05533986,NO_NEARBY_SARAL
GRID_0969,INDIAN_MARINE,13.0,72.5,136.70274217826326,,,,,,,,,171.60727765481897,25.0,D,,3.0,ARB,0.138535276055336,3.4000000953674316,-0.0145,0.072000004,0.073445566,NO_NEARBY_SARAL
GRID_0970,INDIAN_MARINE,14.75,81.5,16.426155685586757,8.82,1.821,5.0600000000000005,175.72,,,302.73,,60.499064323745586,35.0,CS,,6.0,BOB,0.1036275848746299,7.5,0.08850001,0.055000003,0.10419814,SARAL_AltiKa
GRID_0971,INDIAN_MARINE,6.25,72.0,356.5228261756645,,,,,,,,,630.1633179108384,,,,,,0.158110961318016,4.0,-0.17600001,0.0345,0.17934953,NO_NEARBY_SARAL
GRID_0972,INDIAN_MARINE,16.0,93.25,373.07479239553345,,,,,,,,,168.9030351579351,115.0,VSCS,,65.58718508232494,BOB,0.2208077907562255,5.099999904632568,-0.0605,-0.14400001,0.156193,NO_NEARBY_SARAL
GRID_0973,INDIAN_MARINE,15.25,96.25,42.76576255058084,4.63,1.239,5.3100000000000005,233.11,123164.0,0.137,302.31,2024-06-16 11:36:18.337842048,294.6996899493827,115.0,VSCS,,65.58718508232494,BOB,0.3155374228954315,5.300000190734863,0.079500005,0.120000005,0.1439453,SARAL_AltiKa
GRID_0974,INDIAN_MARINE,21.75,68.5,325.48653206878146,,,,,,,,,98.15971795146154,25.0,D,,3.0,ARB,0.0767282173037529,5.599999904632568,0.041,-0.041500002,0.058337383,NO_NEARBY_SARAL
GRID_0975,INDIAN_MARINE,10.5,77.5,93.7246750656229,,,,,,,,,186.7532619199708,25.0,,,3.0,BOB,,,,,,SARAL_AltiKa
GRID_0976,INDIAN_MARINE,8.75,78.75,81.7525835661633,,,3.8200000000000003,180.92000000000002,,,,,109.14065262922712,25.0,,,3.0,BOB,0.0849409997463226,5.599999904632568,-0.059000004,-0.0040000044,0.05913544,SARAL_AltiKa
GRID_0977,INDIAN_MARINE,18.75,70.0,252.18181330082524,,,,,,,,,27.798731661139723,80.0,VSCS,970.0,30.0,ARB,0.1058863997459411,5.300000190734863,0.0325,0.098500006,0.1037232,NO_NEARBY_SARAL
GRID_0978,INDIAN_MARINE,15.5,84.25,321.5814384236498,,,,,,,,,92.88657211902928,45.0,CS,,10.0,BOB,0.1658453047275543,7.699999809265137,0.1485,0.11250001,0.18630217,NO_NEARBY_SARAL
GRID_0979,INDIAN_MARINE,13.25,70.0,394.19669776285417,,,,,,,,,83.39619498341916,30.0,DD,,5.0,ARB,0.0757015123963356,2.4000000953674316,-0.0825,-0.034,0.08923145,NO_NEARBY_SARAL
GRID_0980,INDIAN_MARINE,21.0,69.0,295.096491924302,,,,,,,,,55.597463322279445,25.0,D,,3.0,ARB,0.0801505222916603,4.199999809265137,0.011000001,-0.0014999993,0.011101803,NO_NEARBY_SARAL
GRID_0981,INDIAN_MARINE,9.25,75.5,91.91873143947294,4.18,1.963,7.640000000000001,226.07,,,302.34000000000003,,387.11763383019127,25.0,,,3.0,BOB,0.2414100617170334,4.699999809265137,-0.165,-0.034500003,0.16856824,SARAL_AltiKa
GRID_0982,INDIAN_MARINE,14.25,81.25,21.867480423771337,10.51,1.463,4.89,182.82,,,302.76,,85.51888035650761,55.0,SCS,982.0,18.0,BOB,0.1173853650689125,6.400000095367432,-0.012499999,0.24900001,0.24931356,SARAL_AltiKa
GRID_0983,INDIAN_MARINE,8.25,83.25,46.81688214370926,6.04,2.472,6.5600000000000005,179.9,,,302.42,,39.10426935330491,25.0,D,,4.0,BOB,0.1257358640432357,6.800000190734863,-0.13700001,-0.1525,0.20500062,SARAL_AltiKa
GRID_0984,INDIAN_MARINE,5.0,74.75,90.20052735363305,5.39,1.851,6.23,184.14000000000001,,,302.27,,701.9059497024039,,,,,,0.1635866165161132,3.0999999046325684,-0.21450001,0.3445,0.4058208,SARAL_AltiKa
GRID_0985,INDIAN_MARINE,5.25,72.0,381.059262985213,,,,,,,,,691.4540520037876,,,,,,0.1824778616428375,5.300000190734863,-0.1745,0.043000005,0.17971992,NO_NEARBY_SARAL
GRID_0986,INDIAN_MARINE,21.0,72.25,33.503566121595746,4.38,1.1420000000000001,4.8100000000000005,215.01,,,301.49,,183.8997232449372,50.0,SCS,990.0,12.0,ARB,,,0.120000005,0.0575,0.13306484,SARAL_AltiKa
GRID_0987,INDIAN_MARINE,18.25,84.75,345.76589420916986,,,,,,,,,114.8926742199904,25.0,D,,4.0,BOB,0.1762492507696151,4.699999809265137,0.40800002,0.20400001,0.4561579,NO_NEARBY_SARAL
GRID_0988,INDIAN_MARINE,16.75,80.5,39.47457625932302,,,,,,,,,214.6206248055598,40.0,CS,,8.0,BOB,,,,,,SARAL_AltiKa
GRID_0989,INDIAN_MARINE,7.0,75.75,65.38491822258797,5.36,1.843,6.54,195.05,,,302.25,,466.8552367499212,25.0,,,3.0,BOB,0.1606435477733612,4.099999904632568,-0.032,0.20750001,0.20995298,SARAL_AltiKa
GRID_0990,INDIAN_MARINE,14.75,92.0,283.66864932574805,,,,,,,,,60.55392902512904,25.0,D,990.0,3.0995834159888913,BOB,0.2536619901657104,4.599999904632568,-0.050000004,-0.16500002,0.17240942,NO_NEARBY_SARAL
GRID_0991,INDIAN_MARINE,5.0,79.75,280.2873122600994,,,,,,,,,501.1360737522202,,,,,,0.1611910760402679,5.300000190734863,0.15050001,0.08250001,0.17162898,NO_NEARBY_SARAL
GRID_0992,INDIAN_MARINE,10.5,69.0,414.35712155838814,,,,,,,,,155.81436046561907,25.0,D,,3.0,ARB,0.127789095044136,6.400000095367432,0.0555,-0.058000002,0.08027609,NO_NEARBY_SARAL
GRID_0993,INDIAN_MARINE,15.25,68.5,467.2894924175994,,,,,,,,,99.2081056936867,25.0,D,,3.0,ARB,0.0669404342770576,2.799999952316284,-0.019500002,0.22250001,0.22335288,NO_NEARBY_SARAL
GRID_0994,INDIAN_MARINE,13.0,94.0,226.1863074882587,,,,,,,,,317.37257947768603,25.0,D,990.0,3.0995834159888913,BOB,0.2009584009647369,3.0999999046325684,0.12100001,0.040999997,0.1277576,NO_NEARBY_SARAL
GRID_0995,INDIAN_MARINE,17.0,70.25,271.5449202285948,,,,,,,,,168.8804176309946,80.0,VSCS,970.0,30.0,ARB,0.0733058825135231,5.099999904632568,-0.0215,-0.1125,0.11453602,NO_NEARBY_SARAL
GRID_0996,INDIAN_MARINE,11.25,84.25,224.19381276435925,,,,,,,,,192.94707405104197,30.0,DD,992.0,4.0,BOB,0.1479809731245041,4.199999809265137,-0.041,-0.1535,0.15888125,NO_NEARBY_SARAL
GRID_0997,INDIAN_MARINE,12.75,79.0,11.925898821609284,,,,,,,,,213.65624130164173,55.0,SCS,982.0,18.0,BOB,,,,,,SARAL_AltiKa
GRID_0998,INDIAN_MARINE,13.25,72.25,156.90443566771327,,,,,,,,,138.05126296997645,25.0,D,,3.0,ARB,0.1466120779514312,5.400000095367432,-0.025500001,0.0915,0.09498684,NO_NEARBY_SARAL
GRID_0999,INDIAN_MARINE,12.75,94.5,167.55133458239715,,,,,,,,,378.0985922297641,25.0,D,990.0,3.0995834159888913,BOB,0.1982890218496322,4.5,0.22100002,-0.031,0.22316363,NO_NEARBY_SARAL
GRID_1000,INDIAN_MARINE,7.75,89.5,147.66845586140494,,,,,,,,,185.24525509542048,25.0,D,,3.0,BOB,0.2435319721698761,6.699999809265137,-0.11800001,0.055,0.13018833,NO_NEARBY_SARAL
GRID_1001,INDIAN_MARINE,19.25,73.25,92.99802997312509,4.68,1.747,7.43,233.31,,,302.26,,319.3911521674856,90.0,ESCS,962.0,40.0,ARB,,,,,,SARAL_AltiKa
GRID_1002,INDIAN_MARINE,8.75,81.5,128.81671655362408,,,,,,,,,61.56514980020698,25.0,,,3.0,BOB,0.1752909272909164,6.800000190734863,,,,NO_NEARBY_SARAL
GRID_1003,INDIAN_MARINE,16.75,91.25,251.14443063557636,,,,,,,,,38.50040147538608,40.0,CS,984.0,7.934933544931562,BOB,0.2001370191574096,5.0,0.12550001,0.116500005,0.17123815,NO_NEARBY_SARAL
GRID_1004,INDIAN_MARINE,11.25,79.25,74.59482707303557,,,,,,,,,174.50626141586162,25.0,,,3.0,BOB,,,,,,SARAL_AltiKa
GRID_1005,INDIAN_MARINE,18.0,82.5,197.16775846135124,,,,,,,,,100.07543398010264,25.0,DD,,4.0,BOB,,,,,,NO_NEARBY_SARAL
GRID_1006,INDIAN_MARINE,8.0,95.5,51.91885116310245,4.54,1.077,5.63,213.59,,,302.45,,834.2498171819902,,,,,,0.2236141413450241,4.599999904632568,0.07700001,-0.0064999983,0.07727387,SARAL_AltiKa
GRID_1007,INDIAN_MARINE,11.5,85.25,138.50154006519847,,,,,,,,,270.5696999280516,25.0,D,990.0,3.0,BOB,0.1401780098676681,6.699999809265137,-0.08850001,-0.030000003,0.093446516,NO_NEARBY_SARAL
GRID_1008,INDIAN_MARINE,12.0,94.75,123.48145846184335,,,,,,,,,448.31870834332136,25.0,D,990.0,3.0995834159888913,BOB,0.2311431467533111,5.0,-0.063,-0.064500004,0.09016235,NO_NEARBY_SARAL
GRID_1009,INDIAN_MARINE,21.25,72.25,39.537535532674596,,,4.5200000000000005,211.49,,,,,159.08591736211218,50.0,SCS,990.0,12.0,ARB,,,0.666,-0.3,0.73044914,SARAL_AltiKa
GRID_1010,INDIAN_MARINE,13.75,85.5,164.78747432432485,,,,,,,,,222.35256740272567,30.0,DD,,5.0,BOB,0.1876798123121261,5.5,-0.0335,0.023000002,0.04063558,NO_NEARBY_SARAL
GRID_1011,INDIAN_MARINE,19.5,80.0,23.70160127050944,,,,,,,,,100.7176035664924,20.0,D,998.0,3.0,BOB,,,,,,SARAL_AltiKa
GRID_1012,INDIAN_MARINE,14.5,88.75,62.974895725718284,8.27,1.996,5.88,208.85,,,302.37,,266.01374047365994,30.0,DD,,5.0,BOB,0.2353182435035705,7.0,0.19900002,-0.026500002,0.20075671,SARAL_AltiKa
GRID_1013,INDIAN_MARINE,11.75,89.5,50.70112445325589,7.49,2.191,6.01,206.14000000000001,,,302.25,,374.7018000411775,25.0,D,990.0,3.0995834159888913,BOB,0.2342917472124099,6.199999809265137,0.16,0.05,0.16763054,SARAL_AltiKa
GRID_1014,INDIAN_MARINE,11.75,90.75,82.0372997986496,7.54,2.004,5.94,206.03,,,302.25,,316.38573556572857,25.0,D,990.0,3.0995834159888913,BOB,0.2452431172132492,8.100000381469727,0.09900001,0.0195,0.100902185,SARAL_AltiKa
GRID_1015,INDIAN_MARINE,14.25,69.5,420.9400920827537,,,,,,,,,60.60789688055286,25.0,D,,3.0,ARB,0.077754907310009,3.299999952316284,-0.007000001,0.028500002,0.029347064,NO_NEARBY_SARAL
GRID_1016,INDIAN_MARINE,12.25,81.0,96.87527371847723,7.3,1.647,5.08,184.91,,,302.69,,61.00715443012678,50.0,SCS,986.0,14.0,BOB,0.1418206542730331,4.099999904632568,0.106000006,0.28250003,0.30173212,SARAL_AltiKa
GRID_1017,INDIAN_MARINE,19.75,82.25,176.40624943485247,,,,,,,,,190.51406937655713,20.0,D,998.0,3.0,BOB,,,,,,NO_NEARBY_SARAL
GRID_1018,INDIAN_MARINE,9.0,95.5,27.87575822854564,4.63,1.106,5.2700000000000005,222.56,187146.0,0.075,302.49,2024-06-16 11:37:57.500260864,750.6515152732604,,,,,,0.245311826467514,5.599999904632568,0.086500004,-0.078999996,0.117146276,SARAL_AltiKa
GRID_1019,INDIAN_MARINE,16.25,68.25,463.07719700508306,,,,,,,,,84.70474524582056,65.0,VSCS,980.0,22.0,ARB,0.0748801752924919,5.199999809265137,-0.120500006,0.0935,0.1525205,NO_NEARBY_SARAL
GRID_1020,INDIAN_MARINE,9.0,80.25,236.27530347491214,,,,,,,,,99.32900778521017,25.0,,,3.0,BOB,,,,,,NO_NEARBY_SARAL
GRID_1021,INDIAN_MARINE,5.5,71.5,428.8730169023623,,,,,,,,,630.6902608128416,,,,,,0.1598906069993972,3.900000095367432,-0.16000001,0.0225,0.16157429,NO_NEARBY_SARAL
GRID_1022,INDIAN_MARINE,12.0,71.25,293.80342096348187,,,,,,,,,168.98160485248826,25.0,D,,3.0,ARB,0.1108830720186233,5.599999904632568,0.1715,-0.023000002,0.1730354,NO_NEARBY_SARAL
GRID_1023,INDIAN_MARINE,8.5,94.5,67.377746103769,4.01,1.049,5.45,215.44,,,302.46,,735.3035717050416,,,,,,0.2550308406352997,6.300000190734863,0.054500002,-0.1395,0.14976816,SARAL_AltiKa
GRID_1024,INDIAN_MARINE,8.0,73.0,206.09136000118514,,,,,,,,,649.3967968568811,,,,,,0.0386699512600898,2.5999999046325684,-0.16300002,0.24200001,0.2917756,NO_NEARBY_SARAL
GRID_1025,INDIAN_MARINE,20.25,68.5,365.75373164010796,,,,,,,,,59.06899748800653,25.0,D,,3.0,ARB,0.0838466584682464,6.400000095367432,0.028500002,0.054000005,0.061059404,NO_NEARBY_SARAL
GRID_1026,INDIAN_MARINE,6.0,72.5,308.77295095856607,,,,,,,,,691.9781939186767,,,,,,0.1542641520500183,4.5,-0.20750001,0.14250001,0.25171912,NO_NEARBY_SARAL
GRID_1027,INDIAN_MARINE,20.5,73.5,148.01566229291214,,,,,,,,,228.32590954146303,50.0,SCS,990.0,12.0,ARB,,,,,,NO_NEARBY_SARAL
GRID_1028,INDIAN_MARINE,18.75,69.25,329.09314024983735,,,,,,,,,83.77515751846443,80.0,VSCS,970.0,30.0,ARB,0.0790553912520408,4.400000095367432,0.066,0.034500003,0.07447315,NO_NEARBY_SARAL
GRID_1029,INDIAN_MARINE,11.5,95.25,58.59443719629573,4.75,1.365,5.4,230.02,,,302.47,,525.6488436666223,,,,,,0.2440796345472335,4.900000095367432,-0.164,-0.123500004,0.2053004,SARAL_AltiKa
GRID_1030,INDIAN_MARINE,15.75,95.0,184.9954819675825,,,,,,,,,180.40521151292504,115.0,VSCS,,65.58718508232494,BOB,,,,,,NO_NEARBY_SARAL
GRID_1031,INDIAN_MARINE,7.75,90.5,40.23285299599461,6.49,2.032,6.82,206.82,,,302.2,,288.02298577900893,25.0,D,,3.0,BOB,0.2279944419860839,3.700000047683716,-0.091500014,0.036000002,0.09832728,SARAL_AltiKa
GRID_1032,INDIAN_MARINE,14.5,84.0,272.67890967270154,,,,,,,,,161.47936966431257,30.0,DD,,5.0,BOB,0.1310746222734451,4.0,0.036500003,0.109500006,0.11542314,NO_NEARBY_SARAL
GRID_1033,INDIAN_MARINE,7.0,93.0,193.06064968943983,,,,,,,,,551.8278800392268,,,,,,0.2600274384021759,4.5,-0.083000004,-0.136,0.15932672,NO_NEARBY_SARAL
GRID_1034,INDIAN_MARINE,11.5,96.5,74.16085461303852,4.63,1.52,5.46,229.06,,,302.45,,636.1270378950184,,,,,,0.2498290091753006,4.300000190734863,-0.09,-0.079500005,0.120084345,SARAL_AltiKa
GRID_1035,INDIAN_MARINE,7.0,78.0,43.31526513268687,5.5200000000000005,1.947,6.25,218.55,,,301.91,,319.7452188709166,25.0,,,3.0,BOB,0.1322381943464279,4.0,-0.14400001,-0.062,0.15678011,SARAL_AltiKa
GRID_1036,INDIAN_MARINE,12.75,71.25,274.9611756493128,,,,,,,,,87.68030444940584,25.0,D,,3.0,ARB,0.1418208181858062,6.300000190734863,-0.014500001,-0.027,0.030647187,NO_NEARBY_SARAL
GRID_1037,INDIAN_MARINE,16.5,94.25,268.6746336388381,,,,,,,,,92.8472357357468,115.0,VSCS,,65.58718508232494,BOB,,,,,,NO_NEARBY_SARAL
GRID_1038,INDIAN_MARINE,5.0,78.0,91.30815626626476,5.39,1.975,6.5600000000000005,185.46,,,302.04,,527.009647976222,,,,,,0.1952087730169296,4.099999904632568,0.078,0.09300001,0.12137958,SARAL_AltiKa
GRID_1039,INDIAN_MARINE,8.0,76.25,142.777936744125,,,,,,,,,356.39468531438115,25.0,,,3.0,BOB,0.1517454236745834,3.900000095367432,0.128,0.2675,0.29654723,NO_NEARBY_SARAL
GRID_1040,INDIAN_MARINE,17.0,77.25,271.25304695493037,,,,,,,,,132.92007114338202,20.0,D,998.0,3.0,BOB,,,,,,NO_NEARBY_SARAL
GRID_1041,INDIAN_MARINE,17.0,94.0,281.7643176774093,,,,,,,,,62.730250060829555,115.0,VSCS,,65.58718508232494,BOB,0.3859649300575256,9.600000381469728,-0.030500002,-0.057000004,0.06464712,NO_NEARBY_SARAL
GRID_1042,INDIAN_MARINE,5.5,74.5,105.18731640292908,,,,,,,,,681.1651458089681,,,,,,0.1776181310415268,4.699999809265137,-0.1835,0.291,0.34402508,NO_NEARBY_SARAL
GRID_1043,INDIAN_MARINE,15.0,71.5,192.16129506923906,,,,,,,,,175.28059601654596,25.0,D,,3.0,ARB,0.124709203839302,4.599999904632568,-0.014000001,-0.083500005,0.08466552,NO_NEARBY_SARAL
GRID_1044,INDIAN_MARINE,11.5,71.5,279.82622899825697,,,,,,,,,228.91739918350177,25.0,D,,3.0,ARB,0.1428474634885788,5.199999809265137,0.1885,0.009500001,0.18873924,NO_NEARBY_SARAL
GRID_1045,INDIAN_MARINE,13.25,73.0,77.86732198142842,4.49,1.9100000000000001,7.0200000000000005,242.71,,,302.5,,218.13571849677405,25.0,D,,3.0,ARB,0.1540041416883468,5.800000190734863,-0.045500003,0.07300001,0.0860189,SARAL_AltiKa
GRID_1046,INDIAN_MARINE,21.75,74.0,227.52402852780472,,,,,,,,,132.53341692346223,50.0,SCS,990.0,12.0,ARB,,,,,,NO_NEARBY_SARAL
GRID_1047,INDIAN_MARINE,15.75,85.25,237.3506673563698,,,,,,,,,38.57091978119738,35.0,CS,,7.0,BOB,0.1504449844360351,4.099999904632568,-0.043000005,0.019500002,0.04721494,NO_NEARBY_SARAL
GRID_1048,INDIAN_MARINE,14.5,74.0,57.635802971851476,4.3500000000000005,1.963,7.26,241.94,,,302.5,,342.23651801868317,25.0,D,,3.0,ARB,,,0.053500004,-0.0040000007,0.05364933,SARAL_AltiKa
GRID_1049,INDIAN_MARINE,8.25,70.75,441.32204195176223,,,,,,,,,420.61108815674623,25.0,D,,3.0,ARB,0.1386722475290298,3.200000047683716,0.1525,0.041,0.15791532,NO_NEARBY_SARAL
GRID_1050,INDIAN_MARINE,8.25,81.25,167.7552007316311,,,,,,,,,117.2745848492543,25.0,,,3.0,BOB,,,,,,NO_NEARBY_SARAL
GRID_1051,INDIAN_MARINE,17.0,84.0,329.3433349405492,,,,,,,,,55.597463322279445,50.0,SCS,,12.398333663955563,BOB,0.1489725857973098,3.900000095367432,0.16600001,0.08500001,0.18649666,NO_NEARBY_SARAL
GRID_1052,INDIAN_MARINE,5.5,76.75,55.63969994701367,5.69,2.0060000000000002,6.55,188.26,,,302.02,,528.750177681855,,,,,,0.2082135826349258,4.099999904632568,-0.066,0.12250001,0.13914831,SARAL_AltiKa
GRID_1053,INDIAN_MARINE,14.25,83.25,188.18751657475983,,,,,,,,,85.43417686200353,30.0,DD,,5.0,BOB,0.1457906514406204,5.199999809265137,0.079,-0.1365,0.15771256,NO_NEARBY_SARAL
GRID_1054,INDIAN_MARINE,13.5,70.25,361.429547256264,,,,,,,,,61.80764189205788,30.0,DD,,5.0,ARB,0.0915126204490661,2.700000047683716,-0.075500004,-0.047000002,0.088933975,NO_NEARBY_SARAL
GRID_1055,INDIAN_MARINE,17.75,82.5,191.37540616167118,,,,,,,,,72.27670231896292,25.0,DD,,4.0,BOB,,,,,,NO_NEARBY_SARAL
GRID_1056,INDIAN_MARINE,12.25,89.5,38.70914759689502,7.82,2.156,5.96,206.84,,,302.25,,330.7533834604416,25.0,D,990.0,3.0995834159888913,BOB,0.220670998096466,8.100000381469727,0.11750001,0.037,0.12318788,SARAL_AltiKa
GRID_1057,INDIAN_MARINE,15.75,82.0,92.57734870532911,8.07,1.739,5.94,164.15,,,302.68,,60.32910671663544,40.0,CS,,8.0,BOB,0.1449315100908279,5.300000190734863,0.5325,0.015000004,0.53271127,SARAL_AltiKa
GRID_1058,INDIAN_MARINE,14.0,76.25,282.19157816103666,,,,,,,,,316.233843553042,30.0,DD,996.0,4.0,BOB,,,,,,NO_NEARBY_SARAL
GRID_1059,INDIAN_MARINE,21.25,70.0,187.62555484187175,,,,,,,,,98.2520611667981,90.0,ESCS,962.0,40.0,ARB,,,,,,NO_NEARBY_SARAL
GRID_1060,INDIAN_MARINE,13.75,90.75,129.23645247216487,,,,,,,,,116.17028864275537,25.0,D,990.0,3.0995834159888913,BOB,0.2454484105110168,9.399999618530272,-0.053500004,-0.042500004,0.06832643,NO_NEARBY_SARAL
GRID_1061,INDIAN_MARINE,11.5,79.25,68.56695198086516,,,,,,,,,202.00723372175585,25.0,,,3.0,BOB,,,,,,SARAL_AltiKa
GRID_1062,INDIAN_MARINE,10.5,75.75,148.09575594065518,,,,,,,,,366.7309096072706,25.0,,,3.0,BOB,,,0.071,-0.1375,0.15474899,NO_NEARBY_SARAL
GRID_1063,INDIAN_MARINE,10.25,88.75,166.97889445568035,,,,,,,,,370.66777621560857,25.0,D,,3.0,BOB,0.2056127190589904,4.699999809265137,0.0060000047,0.19750002,0.19759114,NO_NEARBY_SARAL
GRID_1064,INDIAN_MARINE,9.25,88.0,208.8355217836981,,,,,,,,,250.1885849502571,25.0,D,,3.0,BOB,0.1752910315990448,6.199999809265137,0.171,0.0775,0.18774252,NO_NEARBY_SARAL
GRID_1065,INDIAN_MARINE,12.75,68.0,359.0565852743785,,,,,,,,,138.99365830569843,25.0,D,,3.0,ARB,0.0526351630687713,3.200000047683716,-0.0505,0.0375,0.06290072,NO_NEARBY_SARAL
GRID_1066,INDIAN_MARINE,20.0,73.5,136.2500420356022,,,,,,,,,282.7743914690637,50.0,SCS,990.0,12.0,ARB,,,,,,NO_NEARBY_SARAL
GRID_1067,INDIAN_MARINE,14.75,79.0,36.41585661201175,,,,,,,,,27.798731661139367,30.0,DD,996.0,4.0,BOB,,,,,,SARAL_AltiKa
GRID_1068,INDIAN_MARINE,11.25,77.5,111.46616523064648,,,,,,,,,237.91502558721257,25.0,,,3.0,BOB,,,,,,NO_NEARBY_SARAL
GRID_1069,INDIAN_MARINE,9.25,73.25,148.82180629234705,,,,,,,,,532.408283596887,,,,,,0.1903492212295532,5.599999904632568,0.0425,0.103,0.11142374,NO_NEARBY_SARAL
GRID_1070,INDIAN_MARINE,8.0,81.25,173.83085063301183,,,,,,,,,138.44530357347867,25.0,,,3.0,BOB,,,,,,NO_NEARBY_SARAL
GRID_1071,INDIAN_MARINE,10.5,93.0,274.5540085473934,,,,,,,,,473.6380618169701,25.0,D,990.0,3.0995834159888913,BOB,0.2303217947483062,3.799999952316284,0.028,-0.008500002,0.029261751,NO_NEARBY_SARAL
GRID_1072,INDIAN_MARINE,21.5,71.75,5.553275696036811,,,,,,,,,170.2109214583075,50.0,SCS,990.0,12.0,ARB,,,,,,SARAL_AltiKa
GRID_1073,INDIAN_MARINE,15.75,73.25,9.682840672605277,3.49,1.925,7.53,240.97,,,302.59000000000003,,348.1215192232726,25.0,D,,3.0,ARB,,,0.0225,-0.090500005,0.093255036,SARAL_AltiKa
GRID_1074,INDIAN_MARINE,16.0,70.0,323.289852440321,,,,,,,,,198.312276014164,25.0,D,,3.0,ARB,0.0756331086158752,8.399999618530273,0.079500005,-0.124000005,0.14729647,NO_NEARBY_SARAL
GRID_1075,INDIAN_MARINE,16.5,93.75,320.6028438587399,,,,,,,,,114.32847787778525,115.0,VSCS,,65.58718508232494,BOB,0.2740589082241058,6.400000095367432,-0.1515,-0.1225,0.19482942,NO_NEARBY_SARAL
GRID_1076,INDIAN_MARINE,20.0,77.25,291.0324051496069,,,,,,,,,232.67772542891757,20.0,D,998.0,3.0,BOB,,,,,,NO_NEARBY_SARAL
GRID_1077,INDIAN_MARINE,13.0,85.5,147.22660431932695,,,,,,,,,298.14404411092005,30.0,DD,,5.0,BOB,0.1674880236387252,4.400000095367432,-0.10250001,0.0195,0.10433839,NO_NEARBY_SARAL
GRID_1078,INDIAN_MARINE,18.75,68.25,396.5399427525517,,,,,,,,,186.48288971576596,80.0,VSCS,970.0,30.0,ARB,0.0546885393559932,6.099999904632568,0.061500005,-0.111,0.12689859,NO_NEARBY_SARAL
GRID_1079,INDIAN_MARINE,9.5,94.75,64.32571710083813,4.82,1.25,5.3500000000000005,226.15,,,302.5,,658.7631755338859,,,,,,0.233128160238266,5.699999809265137,-0.0034999996,-0.20200002,0.20203035,SARAL_AltiKa
GRID_1080,INDIAN_MARINE,10.0,75.0,56.26906619333057,2.52,1.815,7.94,225.03,,,302.41,,439.48788593519794,25.0,,,3.0,BOB,0.2773445546627044,5.199999809265137,-0.017,0.026000002,0.03106445,SARAL_AltiKa
GRID_1081,INDIAN_MARINE,14.25,77.0,234.32159145146164,,,,,,,,,230.77711740487575,30.0,DD,996.0,4.0,BOB,,,,,,NO_NEARBY_SARAL
GRID_1082,INDIAN_MARINE,15.75,75.5,243.71661406019476,,,,,,,,,322.0610170942248,25.0,D,997.0,3.0,BOB,,,,,,NO_NEARBY_SARAL
GRID_1083,INDIAN_MARINE,19.5,77.25,304.1862532698653,,,,,,,,,200.10475335688895,20.0,D,998.0,3.0,BOB,,,,,,NO_NEARBY_SARAL
GRID_1084,INDIAN_MARINE,20.0,71.0,118.13575820882647,,,,,,,,,76.2353432132595,90.0,ESCS,962.0,40.0,ARB,0.0828883424401283,3.0999999046325684,0.056500003,-0.093,0.10881751,NO_NEARBY_SARAL
GRID_1085,INDIAN_MARINE,10.0,71.25,343.97850171077863,,,,,,,,,390.13238896514105,25.0,D,,3.0,ARB,0.1785763502120971,8.199999809265137,-0.18800001,0.0785,0.20373084,NO_NEARBY_SARAL
GRID_1086,INDIAN_MARINE,11.5,69.75,465.63488695661476,,,,,,,,,190.68435274792324,25.0,D,,3.0,ARB,0.127104714512825,5.699999809265137,-0.0545,0.081,0.097628124,NO_NEARBY_SARAL
GRID_1087,INDIAN_MARINE,14.0,70.25,348.617141763827,,,,,,,,,26.972989274411525,30.0,DD,,5.0,ARB,0.0917179509997367,4.599999904632568,-0.042000003,-0.048,0.063780874,NO_NEARBY_SARAL
GRID_1088,INDIAN_MARINE,10.0,97.0,141.0504219918699,,,,,,,,,779.3186618628165,,,,,,0.2444218844175338,5.099999904632568,-0.058000006,-0.0635,0.086001456,NO_NEARBY_SARAL
GRID_1089,INDIAN_MARINE,22.0,68.5,318.77137863535427,,,,,,,,,122.63802220071383,25.0,D,,3.0,ARB,0.0659137293696403,5.199999809265137,0.053000003,-0.069000006,0.08700576,NO_NEARBY_SARAL
GRID_1090,INDIAN_MARINE,14.5,94.25,234.5135160015507,,,,,,,,,296.0442592895747,25.0,D,990.0,3.0995834159888913,BOB,0.2849421501159668,6.099999904632568,0.22950003,-0.12900001,0.26327032,NO_NEARBY_SARAL
GRID_1091,INDIAN_MARINE,8.0,90.75,7.425673229817145,6.63,2.191,6.79,208.16,,,302.2,,322.9142442062187,25.0,D,,3.0,BOB,0.224709540605545,3.900000095367432,-0.0064999983,-0.0030000005,0.007158909,SARAL_AltiKa
GRID_1092,INDIAN_MARINE,19.75,71.0,124.43997072414074,,,,,,,,,98.38705802507845,90.0,ESCS,962.0,40.0,ARB,0.1059548184275627,4.900000095367432,0.071,-0.034,0.07872103,NO_NEARBY_SARAL
GRID_1093,INDIAN_MARINE,7.0,74.5,69.11627254779262,5.44,1.786,6.54,201.68,,,302.25,,578.9490868885845,,,,,,0.1589324623346328,5.800000190734863,-0.14050001,0.133,0.19346641,SARAL_AltiKa
GRID_1094,INDIAN_MARINE,10.75,89.25,101.49189903696832,,,,,,,,,439.00488470305766,25.0,D,,3.0,BOB,0.2455167174339294,5.400000095367432,-0.06400001,0.162,0.17418382,NO_NEARBY_SARAL
GRID_1095,INDIAN_MARINE,9.0,89.5,117.31050768265261,,,,,,,,,277.0110822034572,25.0,D,,3.0,BOB,0.2646819055080414,6.300000190734863,0.08850001,0.008499999,0.088907264,NO_NEARBY_SARAL
GRID_1096,INDIAN_MARINE,16.25,90.0,109.66026940746781,,,,,,,,,60.15114206462614,40.0,CS,984.0,7.934933544931562,BOB,0.2127311080694198,5.699999809265137,0.16,0.19800001,0.2545663,NO_NEARBY_SARAL
GRID_1097,INDIAN_MARINE,8.25,90.75,1.421590420452977,6.2700000000000005,2.059,6.5,208.61,,,302.21,,333.427520961114,25.0,D,,3.0,BOB,0.2352499067783355,5.0,0.042000003,-0.0075000003,0.04266439,SARAL_AltiKa
GRID_1098,INDIAN_MARINE,12.75,95.75,35.4278354364059,4.55,1.2770000000000001,5.24,229.03,178304.0,0.095,302.37,2024-06-16 11:36:56.565395840,498.7770060230921,25.0,D,990.0,3.0995834159888913,BOB,0.2748120427131653,5.199999809265137,0.15450001,-0.20700002,0.25830072,SARAL_AltiKa
GRID_1099,INDIAN_MARINE,11.25,70.75,365.77812128095786,,,,,,,,,251.65749930461465,25.0,D,,3.0,ARB,0.1505133956670761,4.400000095367432,0.06700001,0.0745,0.10019606,NO_NEARBY_SARAL
GRID_1100,INDIAN_MARINE,19.0,79.25,111.63218005623774,,,,,,,,,5.256843415060945,20.0,D,998.0,3.0,BOB,,,,,,NO_NEARBY_SARAL
GRID_1101,INDIAN_MARINE,12.5,83.0,120.84344166358176,,,,,,,,,122.06005553226868,35.0,CS,994.0,6.0,BOB,0.1192333772778511,5.300000190734863,0.0685,-0.06050001,0.09139202,NO_NEARBY_SARAL
GRID_1102,INDIAN_MARINE,18.5,83.25,285.827124409667,,,,,,,,,174.7530315405952,25.0,DD,,4.0,BOB,,,,,,NO_NEARBY_SARAL
GRID_1103,INDIAN_MARINE,19.5,72.25,3.4626098270399215,4.05,1.691,7.15,234.43,,,302.26,,214.00719637477155,90.0,ESCS,962.0,40.0,ARB,0.1027397364377975,6.900000095367432,0.0050000004,-0.048000004,0.048259716,SARAL_AltiKa
GRID_1104,INDIAN_MARINE,17.5,84.5,354.84623458196245,,,,,,,,,76.87854959258752,55.0,SCS,,15.001983733386234,BOB,0.1667353361845016,6.5,0.05700001,0.317,0.32208383,NO_NEARBY_SARAL
GRID_1105,INDIAN_MARINE,8.25,95.5,45.88722865882889,3.96,1.074,5.48,214.92000000000002,159744.0,0.174,302.46,2024-06-16 11:38:09.899810816,820.3047902616225,,,,,,0.231143519282341,4.0,0.16250001,-0.041500002,0.16771553,SARAL_AltiKa
GRID_1106,INDIAN_MARINE,17.0,85.0,291.86943812437386,,,,,,,,,0.0,55.0,SCS,,15.001983733386234,BOB,0.1371664255857467,3.799999952316284,0.1385,0.3125,0.34181648,NO_NEARBY_SARAL
GRID_1107,INDIAN_MARINE,19.25,68.75,367.0174010589511,,,,,,,,,141.43073456721746,25.0,D,,3.0,ARB,0.0537987314164638,3.299999952316284,-0.0069999993,-0.097,0.09725225,NO_NEARBY_SARAL
GRID_1108,INDIAN_MARINE,5.0,73.5,225.20148872919347,,,,,,,,,800.503292088508,,,,,,,,-0.2115,0.284,0.35410205,NO_NEARBY_SARAL
GRID_1109,INDIAN_MARINE,16.0,89.25,25.729406512051515,8.2,2.286,5.88,204.96,,,302.49,,136.9598757762467,40.0,CS,984.0,7.934933544931562,BOB,0.2272417992353439,5.599999904632568,0.18650001,0.1805,0.25954288,SARAL_AltiKa
GRID_1110,INDIAN_MARINE,7.5,90.0,99.96996708853686,6.84,2.077,6.86,206.04,,,302.2,,227.5088068246251,25.0,D,,3.0,BOB,0.2391512989997863,6.300000190734863,-0.18650001,0.087500006,0.20600608,SARAL_AltiKa
GRID_1111,INDIAN_MARINE,9.0,74.25,47.84331949046972,4.18,1.963,7.640000000000001,226.07,,,302.34000000000003,,526.9318406292247,,,,,,0.205407366156578,4.099999904632568,0.031000003,-0.060500003,0.06797978,SARAL_AltiKa
GRID_1112,INDIAN_MARINE,9.5,79.0,90.36353220090197,,,,,,,,,22.2389853289116,25.0,,,3.0,BOB,,,,,,SARAL_AltiKa
GRID_1113,INDIAN_MARINE,18.25,81.25,74.36538961285154,,,,,,,,,184.0904455345439,25.0,DD,,4.0,BOB,,,,,,SARAL_AltiKa
GRID_1114,INDIAN_MARINE,9.0,73.0,181.66801708158718,,,,,,,,,545.8247500533491,,,,,,0.1841206550598144,4.599999904632568,-0.0425,0.22250001,0.22652264,NO_NEARBY_SARAL
GRID_1115,INDIAN_MARINE,19.25,85.0,331.16053178459504,,,,,,,,,27.798731661139367,20.0,D,,3.0,BOB,,,,,,NO_NEARBY_SARAL
GRID_1116,INDIAN_MARINE,9.25,79.5,149.8890636831732,,,,,,,,,27.798731661139723,25.0,,,3.0,BOB,,,0.051,0.062000006,0.080280766,NO_NEARBY_SARAL
GRID_1117,INDIAN_MARINE,11.75,71.25,300.08472344733167,,,,,,,,,196.47262188772768,25.0,D,,3.0,ARB,0.1433950066566467,4.400000095367432,0.185,0.0075,0.18515196,NO_NEARBY_SARAL
GRID_1118,INDIAN_MARINE,15.25,96.0,68.83052612805614,4.71,1.108,5.36,234.02,,,302.31,,278.55384401341047,115.0,VSCS,,65.58718508232494,BOB,0.3194387555122375,7.699999809265137,0.0785,0.034,0.08554678,SARAL_AltiKa
GRID_1119,INDIAN_MARINE,7.5,92.75,195.61058152415805,,,,,,,,,526.8905058517759,,,,,,0.2509926855564117,4.199999809265137,0.0555,-0.11600001,0.12859336,NO_NEARBY_SARAL
GRID_1120,INDIAN_MARINE,7.0,72.25,311.18329807750047,,,,,,,,,619.3603683223755,,,,,,0.1353868395090103,4.0,-0.016500004,0.052,0.054555018,NO_NEARBY_SARAL
GRID_1121,INDIAN_MARINE,13.0,68.5,417.5012250052195,,,,,,,,,175.31672074250645,25.0,D,,3.0,ARB,0.0622860677540302,3.0999999046325684,-0.0395,0.032500006,0.05115174,NO_NEARBY_SARAL
GRID_1122,INDIAN_MARINE,9.5,88.25,229.44158533388213,,,,,,,,,279.34508868135424,25.0,D,,3.0,BOB,0.1767285764217376,5.0,0.128,0.123500004,0.17786583,NO_NEARBY_SARAL
GRID_1123,INDIAN_MARINE,11.75,82.75,76.61532375442657,7.5,1.681,5.1000000000000005,188.42000000000002,,,302.66,,86.21587820010025,35.0,CS,994.0,6.0,BOB,0.1154688149690628,4.5,0.12450001,-0.0029999986,0.12453614,SARAL_AltiKa
GRID_1124,INDIAN_MARINE,12.5,79.75,97.18339036835448,,,,,,,,,185.49614801691763,55.0,SCS,982.0,18.0,BOB,,,,,,SARAL_AltiKa
GRID_1125,INDIAN_MARINE,11.5,72.5,173.63194291184757,,,,,,,,,275.62754391531723,25.0,D,,3.0,ARB,,,0.0805,0.099,0.127598,NO_NEARBY_SARAL
GRID_1126,INDIAN_MARINE,14.25,84.25,293.20711138140473,,,,,,,,,190.5369313702428,30.0,DD,,5.0,BOB,0.1524984240531921,4.900000095367432,-0.040500004,0.085,0.09415546,NO_NEARBY_SARAL
GRID_1127,INDIAN_MARINE,8.0,93.0,216.47959920345787,,,,,,,,,562.3116621645842,,,,,,,,-0.034500003,-0.117000006,0.12198053,NO_NEARBY_SARAL
GRID_1128,INDIAN_MARINE,8.75,78.0,1.8779673373268755,,,,,,,,,152.33199183823984,25.0,,,3.0,BOB,,,,,,SARAL_AltiKa
GRID_1129,INDIAN_MARINE,12.75,90.0,26.527363033757897,8.45,2.192,6.0,206.09,,,302.27,,253.25711213007617,25.0,D,990.0,3.0995834159888913,BOB,0.2379877269268036,5.300000190734863,0.0195,0.058500003,0.061664417,SARAL_AltiKa
GRID_1130,INDIAN_MARINE,10.0,96.25,83.9123430601755,4.84,1.5190000000000001,5.26,233.70000000000002,,,302.52,,718.7661786439268,,,,,,0.2188911586999893,5.199999809265137,-0.21300001,-0.061499998,0.22170083,SARAL_AltiKa
GRID_1131,INDIAN_MARINE,10.0,80.75,178.5149269552626,,,,,,,,,147.83809616469472,25.0,,,3.0,BOB,0.1393566280603408,8.199999809265137,0.0705,0.2195,0.23054393,NO_NEARBY_SARAL
GRID_1132,INDIAN_MARINE,15.5,73.75,55.26043968875425,3.43,1.702,7.41,242.53,,,302.56,,370.25499940829974,25.0,D,,3.0,ARB,,,0.013,-0.0665,0.06775877,SARAL_AltiKa
GRID_1133,INDIAN_MARINE,8.25,69.5,416.70153964672863,,,,,,,,,287.21505902106423,25.0,D,,3.0,ARB,0.1610540896654129,3.799999952316284,-0.0185,-0.068,0.07047163,NO_NEARBY_SARAL
GRID_1134,INDIAN_MARINE,13.0,93.25,305.40102462593086,,,,,,,,,252.07862791816393,25.0,D,990.0,3.0995834159888913,BOB,,,,,,NO_NEARBY_SARAL
GRID_1135,INDIAN_MARINE,19.0,75.0,266.2771724869178,,,,,,,,,365.3047912062008,20.0,D,998.0,3.0,BOB,,,,,,NO_NEARBY_SARAL
GRID_1136,INDIAN_MARINE,11.5,70.0,439.0969961044194,,,,,,,,,217.92487147768225,25.0,D,,3.0,ARB,0.1393565982580185,5.099999904632568,-0.026000002,0.092,0.095603354,NO_NEARBY_SARAL
GRID_1137,INDIAN_MARINE,13.25,91.5,196.56212997467102,,,,,,,,,138.9936583056986,25.0,D,990.0,3.0995834159888913,BOB,0.1941822618246078,4.800000190734863,0.057000004,0.0064999983,0.057369422,NO_NEARBY_SARAL
GRID_1138,INDIAN_MARINE,16.25,83.75,286.4441595030981,,,,,,,,,38.524243710974666,50.0,SCS,,12.398333663955563,BOB,0.1706365942955017,4.900000095367432,0.29450002,0.222,0.36880112,NO_NEARBY_SARAL
GRID_1139,INDIAN_MARINE,17.0,82.5,173.94293681594115,,,,,,,,,0.0,40.0,CS,,8.0,BOB,,,,,,NO_NEARBY_SARAL
GRID_1140,INDIAN_MARINE,7.75,75.25,29.509852112332318,4.88,1.845,6.62,213.23000000000002,,,302.25,,465.691494314145,25.0,,,3.0,BOB,0.1682409793138504,4.900000095367432,0.11850001,0.06750001,0.13637632,SARAL_AltiKa
GRID_1141,INDIAN_MARINE,15.5,92.5,352.93719666697166,,,,,,,,,154.5962355640775,25.0,D,990.0,3.0995834159888913,BOB,0.2743328809738159,11.100000381469728,-0.1655,-0.07100001,0.18008679,NO_NEARBY_SARAL
GRID_1142,INDIAN_MARINE,16.0,71.0,219.165797843665,,,,,,,,,246.96530806117212,30.0,DD,,5.0,ARB,0.1302532702684402,5.599999904632568,0.080000006,0.0815,0.11420267,NO_NEARBY_SARAL
GRID_1143,INDIAN_MARINE,6.5,72.5,296.5326141637566,,,,,,,,,666.6552761440944,,,,,,0.1880382597446441,4.300000190734863,-0.127,0.124000005,0.1774965,NO_NEARBY_SARAL
GRID_1144,INDIAN_MARINE,16.25,77.25,254.1256088610733,,,,,,,,,136.38807209455496,25.0,D,997.0,3.0,BOB,,,,,,NO_NEARBY_SARAL
GRID_1145,INDIAN_MARINE,13.5,79.0,6.371060183661238,,,,,,,,,154.9342418408281,50.0,SCS,986.0,14.0,BOB,,,,,,SARAL_AltiKa
GRID_1146,INDIAN_MARINE,12.25,80.5,149.82975165358263,,,,,,,,,112.11232227246232,50.0,SCS,986.0,14.0,BOB,0.1388090848922729,5.5,0.105000004,0.213,0.2374742,NO_NEARBY_SARAL
GRID_1147,INDIAN_MARINE,13.0,95.5,67.80115038786955,4.82,1.272,5.23,229.55,,,302.36,,463.093468295151,25.0,D,990.0,3.0995834159888913,BOB,0.2517456710338592,6.300000190734863,0.2965,-0.15600002,0.3350347,SARAL_AltiKa
GRID_1148,INDIAN_MARINE,15.5,89.0,12.619351780451808,7.79,2.112,5.92,206.15,,,302.45,,195.11396589993217,40.0,CS,984.0,7.934933544931562,BOB,0.1871917992830276,6.199999809265137,0.16250002,0.0625,0.17410488,SARAL_AltiKa
GRID_1149,INDIAN_MARINE,11.25,96.5,80.24177301955055,4.75,1.365,5.4,230.02,,,302.47,,651.3508782298182,,,,,,0.2564683258533478,5.5,-0.042000003,-0.1115,0.119148016,SARAL_AltiKa
GRID_1150,INDIAN_MARINE,20.5,74.75,274.80838870870076,,,,,,,,,286.76033611755133,50.0,SCS,990.0,12.0,ARB,,,,,,NO_NEARBY_SARAL
GRID_1151,INDIAN_MARINE,18.0,82.75,222.91232964680253,,,,,,,,,103.525740342736,25.0,DD,,4.0,BOB,,,,,,NO_NEARBY_SARAL
GRID_1152,INDIAN_MARINE,19.75,77.25,297.61484889716974,,,,,,,,,220.8949047588791,20.0,D,998.0,3.0,BOB,,,,,,NO_NEARBY_SARAL
GRID_1153,INDIAN_MARINE,12.75,83.75,206.0103254288118,,,,,,,,,193.9170039146321,25.0,D,,3.0,BOB,0.1495550721883773,3.700000047683716,-0.018000001,-0.033500005,0.0380296,NO_NEARBY_SARAL
GRID_1154,INDIAN_MARINE,6.0,79.25,202.074719638234,,,,,,,,,390.15546417569135,25.0,,,3.0,BOB,0.1760438829660415,3.200000047683716,0.153,0.183,0.238533,NO_NEARBY_SARAL
GRID_1155,INDIAN_MARINE,15.25,72.75,55.3165857611508,3.23,1.687,7.42,242.86,,,302.56,,270.91330363901506,25.0,D,,3.0,ARB,0.1936345100402832,7.199999809265137,0.0045,0.08450001,0.084619746,SARAL_AltiKa
GRID_1156,INDIAN_MARINE,16.5,95.25,164.8384395686858,,,,,,,,,119.4997902135422,115.0,VSCS,,65.58718508232494,BOB,,,,,,NO_NEARBY_SARAL
GRID_1157,INDIAN_MARINE,15.0,72.25,113.67946787170978,,,,,,,,,214.39934032699313,25.0,D,,3.0,ARB,0.155852273106575,5.5,-0.0015000002,0.13250001,0.1325085,NO_NEARBY_SARAL
GRID_1158,INDIAN_MARINE,5.25,78.5,139.31389081293045,,,,,,,,,485.2680734223802,25.0,,,3.0,BOB,0.2252568453550338,4.0,0.26700002,0.0335,0.2690934,NO_NEARBY_SARAL
GRID_1159,INDIAN_MARINE,12.5,94.75,135.25676360882633,,,,,,,,,415.8384416599983,25.0,D,990.0,3.0995834159888913,BOB,0.206571027636528,4.400000095367432,0.1435,-0.08850001,0.16859567,NO_NEARBY_SARAL
GRID_1160,INDIAN_MARINE,12.75,70.0,407.0390693288706,,,,,,,,,136.6802039653484,25.0,D,,3.0,ARB,0.0886378958821296,2.700000047683716,-0.013,-0.037,0.039217345,NO_NEARBY_SARAL
GRID_1161,INDIAN_MARINE,13.25,96.5,31.825084209688463,4.73,1.288,5.26,232.14000000000001,184787.0,0.074,302.33,2024-06-16 11:36:46.236832128,488.8128764400089,30.0,DD,,4.463400119024003,BOB,0.329363614320755,5.599999904632568,0.1345,0.0325,0.13837089,SARAL_AltiKa
GRID_1162,INDIAN_MARINE,15.25,84.5,304.24670919446936,,,,,,,,,116.75467297678684,45.0,CS,,10.0,BOB,0.1909651309251785,6.699999809265137,0.1465,0.028500006,0.14924645,NO_NEARBY_SARAL
GRID_1163,INDIAN_MARINE,19.75,81.5,100.01208415046156,,,,,,,,,148.44348350332675,20.0,D,998.0,3.0,BOB,,,,,,NO_NEARBY_SARAL
GRID_1164,INDIAN_MARINE,14.0,88.25,118.55987682568839,,,,,,,,,251.4522774465368,30.0,DD,,5.0,BOB,0.2331281006336212,6.400000095367432,0.0985,-0.1615,0.18916792,NO_NEARBY_SARAL
GRID_1165,INDIAN_MARINE,13.5,78.75,32.67386720874349,,,,,,,,,168.95442597793985,30.0,DD,996.0,4.0,BOB,,,,,,SARAL_AltiKa
GRID_1166,INDIAN_MARINE,19.75,79.25,93.8103548976726,,,,,,,,,83.5609574334211,20.0,D,998.0,3.0,BOB,,,,,,SARAL_AltiKa
GRID_1167,INDIAN_MARINE,13.5,77.0,217.0109684088394,,,,,,,,,272.5377204903073,30.0,DD,996.0,4.0,BOB,,,,,,NO_NEARBY_SARAL
GRID_1168,INDIAN_MARINE,13.75,84.0,255.47744733502378,,,,,,,,,164.29403733784366,25.0,D,,3.0,BOB,0.1528404951095581,7.400000095367432,-0.052500002,0.007000003,0.052964617,NO_NEARBY_SARAL
GRID_1169,INDIAN_MARINE,21.25,71.25,61.51221918647634,,,,,,,,,114.1343030804099,90.0,ESCS,962.0,40.0,ARB,,,,,,SARAL_AltiKa
GRID_1170,INDIAN_MARINE,14.0,85.75,144.32424445893108,,,,,,,,,185.2655896145072,30.0,DD,,5.0,BOB,0.1835730075836181,6.300000190734863,0.001500003,-0.049000002,0.049022958,NO_NEARBY_SARAL
GRID_1171,INDIAN_MARINE,5.5,77.75,52.349341680098775,5.5200000000000005,1.9100000000000001,6.5,191.91,,,302.0,,484.80265689980587,25.0,,,3.0,BOB,0.1827517002820968,5.400000095367432,0.104,0.008499999,0.10434678,SARAL_AltiKa
GRID_1172,INDIAN_MARINE,18.0,76.75,345.45561394321186,,,,,,,,,163.91614498994235,20.0,D,998.0,3.0,BOB,,,,,,NO_NEARBY_SARAL
GRID_1173,INDIAN_MARINE,11.0,70.25,425.283926812288,,,,,,,,,251.5995412861392,25.0,D,,3.0,ARB,0.1381245702505111,5.099999904632568,0.027000003,0.118,0.121049576,NO_NEARBY_SARAL
GRID_1174,INDIAN_MARINE,17.25,93.75,301.17785422974436,,,,,,,,,38.42687234162745,115.0,VSCS,,65.58718508232494,BOB,0.2738536894321441,6.800000190734863,0.09,-0.008000001,0.09035485,NO_NEARBY_SARAL
GRID_1175,INDIAN_MARINE,13.25,79.5,52.50450716804547,,,,,,,,,136.5024216795425,55.0,SCS,982.0,18.0,BOB,,,,,,SARAL_AltiKa
GRID_1176,INDIAN_MARINE,9.0,76.75,138.422787059982,,,,,,,,,258.84289776718083,25.0,,,3.0,BOB,,,,,,NO_NEARBY_SARAL
GRID_1177,INDIAN_MARINE,12.75,76.0,227.10128563840405,,,,,,,,,409.2146004675995,30.0,DD,996.0,4.0,BOB,,,,,,NO_NEARBY_SARAL
GRID_1178,INDIAN_MARINE,10.0,93.25,236.31219733692404,,,,,,,,,535.2728084457605,,,,,,0.2405886650085449,5.199999809265137,0.049500003,-0.08850001,0.10140267,NO_NEARBY_SARAL
GRID_1179,INDIAN_MARINE,15.25,94.75,199.49908753147145,,,,,,,,,229.50599451942048,115.0,VSCS,,65.58718508232494,BOB,0.27323779463768,6.5,0.023000002,0.0675,0.071310945,NO_NEARBY_SARAL
GRID_1180,INDIAN_MARINE,13.5,74.75,112.72718698451689,,,,,,,,,405.455811915548,25.0,D,,3.0,ARB,,,,,,NO_NEARBY_SARAL
GRID_1181,INDIAN_MARINE,10.0,89.75,66.42332954919158,6.98,2.2880000000000003,6.22,210.18,,,302.28000000000003,,385.10796137273826,25.0,D,,3.0,BOB,0.205407440662384,5.0,-0.0915,-0.0295,0.096137926,SARAL_AltiKa
GRID_1182,INDIAN_MARINE,18.0,72.75,11.76196296481328,4.8100000000000005,1.661,7.54,237.79,,,302.27,,295.6749814777347,80.0,VSCS,970.0,30.0,ARB,,,0.0375,0.0055,0.03790119,SARAL_AltiKa
GRID_1183,INDIAN_MARINE,19.25,76.25,399.7743830987546,,,,,,,,,256.8604596130628,20.0,D,998.0,3.0,BOB,,,,,,NO_NEARBY_SARAL
GRID_1184,INDIAN_MARINE,17.5,79.0,101.83174445430416,,,,,,,,,76.8785495925866,20.0,D,998.0,3.0,BOB,,,,,,NO_NEARBY_SARAL
GRID_1185,INDIAN_MARINE,14.75,81.0,36.062495972239276,8.05,1.578,5.15,173.64000000000001,,,302.72,,99.27451309450636,55.0,SCS,982.0,18.0,BOB,0.0895889773964881,4.199999809265137,0.13000001,0.44250003,0.4612009,SARAL_AltiKa
GRID_1186,INDIAN_MARINE,6.25,78.0,61.34222394319147,5.92,1.8900000000000001,6.28,200.01,,,301.94,,397.3508935622382,25.0,,,3.0,BOB,0.163997396826744,3.0999999046325684,0.022500005,-0.116000004,0.11816197,SARAL_AltiKa
GRID_1187,INDIAN_MARINE,6.75,71.5,398.0611525607649,,,,,,,,,555.1897878862595,,,,,,0.1485284715890884,7.400000095367432,-0.040000007,0.017,0.043462634,NO_NEARBY_SARAL
GRID_1188,INDIAN_MARINE,13.75,77.5,170.1405811826094,,,,,,,,,213.12647555503528,30.0,DD,996.0,4.0,BOB,,,,,,NO_NEARBY_SARAL
GRID_1189,INDIAN_MARINE,16.0,79.5,14.30469170238012,,,,,,,,,106.88732068989688,25.0,D,997.0,3.0,BOB,,,,,,SARAL_AltiKa
GRID_1190,INDIAN_MARINE,7.0,79.25,177.80599674501602,,,,,,,,,279.34508868135407,25.0,,,3.0,BOB,0.1194387525320053,3.799999952316284,-0.14850001,0.29250002,0.32803735,NO_NEARBY_SARAL
GRID_1191,INDIAN_MARINE,15.25,89.25,7.578889806732089,7.59,2.186,5.87,207.5,,,302.42,,189.67439343586267,35.0,CS,986.0,6.075183495338227,BOB,0.2027378976345062,5.5,0.17650001,0.19250001,0.2611676,SARAL_AltiKa
GRID_1192,INDIAN_MARINE,7.0,91.5,49.35579947483233,5.8500000000000005,1.9000000000000001,6.82,204.9,,,302.22,,386.2804454882217,25.0,D,,3.0,BOB,0.2514035403728485,6.0,-0.268,0.10650001,0.2883856,SARAL_AltiKa
GRID_1193,INDIAN_MARINE,8.75,88.25,247.87996920915637,,,,,,,,,196.5296543006923,25.0,D,,3.0,BOB,0.1952088177204132,7.099999904632568,0.14,0.060500003,0.15251312,NO_NEARBY_SARAL
GRID_1194,INDIAN_MARINE,8.0,78.5,73.02810239625711,7.8100000000000005,1.461,4.71,206.26,,,301.92,,196.8515615588776,25.0,,,3.0,BOB,0.0752908661961555,2.700000047683716,-0.089,-0.064500004,0.10991474,SARAL_AltiKa
GRID_1195,INDIAN_MARINE,15.75,77.5,216.5925826782816,,,,,,,,,110.50742529158931,25.0,D,997.0,3.0,BOB,,,,,,NO_NEARBY_SARAL
GRID_1196,INDIAN_MARINE,10.75,96.0,39.16767603552159,4.92,1.414,5.39,233.1,222053.0,0.129,302.5,2024-06-16 11:37:27.548433792,642.0167559707724,,,,,,0.2675568461418152,5.0,-0.1115,-0.042000003,0.119148016,SARAL_AltiKa
GRID_1197,INDIAN_MARINE,5.0,77.0,16.983357806274483,5.47,1.85,6.68,182.17000000000002,,,302.06,,567.2272409829227,,,,,,0.203422412276268,4.800000190734863,-0.008499999,0.12150001,0.12179697,SARAL_AltiKa
GRID_1198,INDIAN_MARINE,15.25,95.25,147.22502753630752,,,,,,,,,241.59645599946415,115.0,VSCS,,65.58718508232494,BOB,0.2901439964771271,9.600000381469728,0.079,-0.044000003,0.09042677,NO_NEARBY_SARAL
GRID_1199,INDIAN_MARINE,9.0,84.0,144.92633098738125,,,,,,,,,44.477970657823555,25.0,D,990.0,3.0,BOB,0.1260096430778503,3.799999952316284,-0.1835,-0.0050000027,0.1835681,NO_NEARBY_SARAL
GRID_1200,INDIAN_MARINE,19.25,76.0,374.20500380306083,,,,,,,,,279.37617629568797,20.0,D,998.0,3.0,BOB,,,,,,NO_NEARBY_SARAL
GRID_1201,INDIAN_MARINE,12.75,75.25,147.80776051373,,,,,,,,,467.7189883814905,25.0,D,,3.0,ARB,,,,,,NO_NEARBY_SARAL
GRID_1202,INDIAN_MARINE,12.0,79.0,29.994261196155232,,,,,,,,,255.74833128248528,25.0,,,3.0,BOB,,,,,,SARAL_AltiKa
GRID_1203,INDIAN_MARINE,10.5,91.75,158.8650438475613,,,,,,,,,445.60656666515655,25.0,D,990.0,3.0995834159888913,BOB,0.2009584456682205,3.5999999046325684,-0.030000001,-0.013000004,0.032695565,NO_NEARBY_SARAL
GRID_1204,INDIAN_MARINE,15.5,69.0,440.5673981564533,,,,,,,,,111.19492664455854,25.0,D,,3.0,ARB,0.0603011399507522,5.099999904632568,-0.042000003,0.135,0.14138246,NO_NEARBY_SARAL
GRID_1205,INDIAN_MARINE,14.0,92.25,292.82935450401317,,,,,,,,,98.10473566401436,25.0,D,990.0,3.0995834159888913,BOB,0.2432879507541656,4.300000190734863,0.17400001,0.07,0.18755268,NO_NEARBY_SARAL
GRID_1206,INDIAN_MARINE,18.25,75.0,249.18425036271637,,,,,,,,,349.83675257929366,20.0,D,998.0,3.0,BOB,,,,,,NO_NEARBY_SARAL
GRID_1207,INDIAN_MARINE,13.0,73.25,57.53993879151162,4.6000000000000005,1.891,6.84,241.83,,,302.5,,249.7925339743419,25.0,D,,3.0,ARB,0.1890486925840377,5.599999904632568,-0.018000001,0.051000003,0.054083273,SARAL_AltiKa
GRID_1208,INDIAN_MARINE,14.0,82.5,103.50183925307306,,,,,,,,,0.0,25.0,D,,3.0,BOB,0.1056810393929481,4.699999809265137,-0.04,-0.11750001,0.12412193,NO_NEARBY_SARAL
GRID_1209,INDIAN_MARINE,18.25,75.75,326.33729306086036,,,,,,,,,270.9050938345114,20.0,D,998.0,3.0,BOB,,,,,,NO_NEARBY_SARAL
GRID_1210,INDIAN_MARINE,17.5,79.25,75.98727185301749,,,,,,,,,97.13057596222777,20.0,D,998.0,3.0,BOB,,,,,,SARAL_AltiKa
GRID_1211,INDIAN_MARINE,7.5,75.75,77.283525355513,5.09,1.703,6.6000000000000005,207.25,,,302.25,,433.01674509125377,25.0,,,3.0,BOB,0.1689938902854919,4.900000095367432,0.141,0.1975,0.24266696,SARAL_AltiKa
GRID_1212,INDIAN_MARINE,14.25,83.75,240.70471462680706,,,,,,,,,137.48147244634546,30.0,DD,,5.0,BOB,0.1440794020891189,5.099999904632568,0.04,0.026500002,0.04798177,NO_NEARBY_SARAL
GRID_1213,INDIAN_MARINE,16.5,84.5,332.455700130652,,,,,,,,,0.0,55.0,SCS,,15.001983733386234,BOB,0.1639288961887359,4.699999809265137,0.291,0.2815,0.40487438,NO_NEARBY_SARAL
GRID_1214,INDIAN_MARINE,13.75,75.0,144.9311536903564,,,,,,,,,433.1505300482051,25.0,D,,3.0,ARB,,,,,,NO_NEARBY_SARAL
GRID_1215,INDIAN_MARINE,9.25,90.25,31.060175773964357,7.25,2.241,6.25,211.8,,,302.25,,352.03665496034375,25.0,D,,3.0,BOB,0.2579744756221771,9.600000381469728,0.097500004,0.052500002,0.11073618,SARAL_AltiKa
GRID_1216,INDIAN_MARINE,13.0,75.5,180.06829031613833,,,,,,,,,438.2188311298068,30.0,DD,996.0,4.0,BOB,,,,,,NO_NEARBY_SARAL
GRID_1217,INDIAN_MARINE,17.25,81.5,76.29547975938044,,,,,,,,,107.53764858722,25.0,DD,,4.0,BOB,,,,,,SARAL_AltiKa
GRID_1218,INDIAN_MARINE,21.5,68.25,322.9161748603541,,,,,,,,,61.337827229024775,25.0,D,,3.0,ARB,0.0685831531882286,3.900000095367432,0.0365,-0.072500005,0.08116958,NO_NEARBY_SARAL
GRID_1219,INDIAN_MARINE,16.75,92.75,406.7680233003836,,,,,,,,,115.35466443218095,115.0,VSCS,,65.58718508232494,BOB,0.2419576942920684,5.0,0.043500006,0.014499996,0.04585303,NO_NEARBY_SARAL
GRID_1220,INDIAN_MARINE,6.0,77.5,13.55313928201703,5.62,1.807,6.36,196.43,,,301.96,,443.3487542026376,25.0,,,3.0,BOB,0.1748118102550506,6.900000095367432,0.015000001,-0.045000006,0.04743417,SARAL_AltiKa
GRID_1221,INDIAN_MARINE,6.5,94.25,46.71819087027539,7.66,2.3890000000000002,6.62,216.54,82933.0,0.205,302.46,2024-06-16 11:38:41.931982976,692.3798960461061,,,,,,0.2654347419738769,4.0,-0.16900001,-0.27500004,0.32277858,SARAL_AltiKa
GRID_1222,INDIAN_MARINE,8.0,92.75,207.2995760909911,,,,,,,,,535.3235104616232,,,,,,0.1908752024173736,8.399999618530273,-0.016499996,-0.1365,0.13749364,NO_NEARBY_SARAL
GRID_1223,INDIAN_MARINE,16.0,85.5,217.06306782449417,,,,,,,,,0.0,35.0,CS,,7.0,BOB,0.1468856781721115,3.900000095367432,-0.046000004,0.0485,0.06684497,NO_NEARBY_SARAL
GRID_1224,INDIAN_MARINE,6.75,80.75,258.05292108940586,,,,,,,,,285.5666416777234,25.0,,,3.0,BOB,,,,,,NO_NEARBY_SARAL
GRID_1225,INDIAN_MARINE,16.75,85.5,234.31830676599628,,,,,,,,,60.0280758035226,55.0,SCS,,15.001983733386234,BOB,0.1802875995635986,5.099999904632568,0.06250001,0.12900001,0.14334312,NO_NEARBY_SARAL
GRID_1226,INDIAN_MARINE,12.0,69.0,448.07406215102,,,,,,,,,122.23970157424198,25.0,D,,3.0,ARB,0.0719369873404502,2.799999952316284,-0.018000001,0.076500006,0.07858913,NO_NEARBY_SARAL
GRID_1227,INDIAN_MARINE,14.0,77.75,149.7092459373983,,,,,,,,,174.5618114587421,30.0,DD,996.0,4.0,BOB,,,,,,NO_NEARBY_SARAL
GRID_1228,INDIAN_MARINE,14.0,82.25,77.23457513794406,7.0,1.542,4.83,184.73,,,302.77,,26.972989274410153,25.0,D,,3.0,BOB,0.094455786049366,4.0,-0.040500004,-0.044999998,0.06054131,SARAL_AltiKa
GRID_1229,INDIAN_MARINE,15.75,69.0,433.9832141127816,,,,,,,,,138.99365830569826,25.0,D,,3.0,ARB,0.0735112652182579,5.0,-0.023500001,0.1005,0.10321095,NO_NEARBY_SARAL
GRID_1230,INDIAN_MARINE,12.75,88.5,132.19315152886642,,,,,,,,,374.17380794110295,30.0,DD,,5.0,BOB,0.2068449109792709,8.300000190734863,-0.074,-0.10350001,0.12723306,NO_NEARBY_SARAL
GRID_1231,INDIAN_MARINE,16.75,94.0,288.1998153082139,,,,,,,,,81.03251873357682,115.0,VSCS,,65.58718508232494,BOB,0.370754599571228,9.100000381469728,-0.14050001,-0.0375,0.14541838,NO_NEARBY_SARAL
GRID_1232,INDIAN_MARINE,11.25,70.5,392.34838997201314,,,,,,,,,256.0136774892787,25.0,D,,3.0,ARB,0.145311489701271,5.0,0.039,0.0745,0.084090725,NO_NEARBY_SARAL
GRID_1233,INDIAN_MARINE,11.5,91.25,129.14284724689708,,,,,,,,,334.6823508332586,25.0,D,990.0,3.0995834159888913,BOB,0.257084310054779,5.599999904632568,0.023500003,-0.034500003,0.041743267,NO_NEARBY_SARAL
GRID_1234,INDIAN_MARINE,14.25,79.5,28.248684349578383,,,,,,,,,60.60789688055164,50.0,SCS,986.0,14.0,BOB,,,,,,SARAL_AltiKa
GRID_1235,INDIAN_MARINE,7.75,71.25,400.13372257470456,,,,,,,,,487.7504001988145,25.0,D,,3.0,ARB,0.1642026603221893,4.0,0.24900001,0.164,0.298156,NO_NEARBY_SARAL
GRID_1236,INDIAN_MARINE,9.5,78.25,10.392031048031084,,,,,,,,,85.18250154911168,25.0,,,3.0,BOB,,,,,,SARAL_AltiKa
GRID_1237,INDIAN_MARINE,12.25,94.5,155.84520029932514,,,,,,,,,409.7577642526021,25.0,D,990.0,3.0995834159888913,BOB,0.2254621982574463,4.699999809265137,0.0069999998,-0.012499999,0.014326548,NO_NEARBY_SARAL
GRID_1238,INDIAN_MARINE,9.25,96.0,75.39801711834059,4.82,1.25,5.3500000000000005,226.15,,,302.5,,761.821048658568,,,,,,0.2112937122583389,3.799999952316284,-0.0665,-0.0075000003,0.0669216,SARAL_AltiKa
GRID_1239,INDIAN_MARINE,5.25,75.5,4.554680119195648,5.44,1.8,6.23,184.3,,,302.27,,627.4266326743048,,,,,,0.1429158896207809,3.5,-0.1155,0.29000002,0.31215423,SARAL_AltiKa
GRID_1240,INDIAN_MARINE,10.5,83.5,126.82295773829355,,,,,,,,,122.5770195949356,30.0,DD,992.0,4.0,BOB,0.1668036580085754,6.300000190734863,-0.24450001,-0.068500005,0.25391436,NO_NEARBY_SARAL
GRID_1241,INDIAN_MARINE,15.5,68.25,446.65090349494994,,,,,,,,,137.07888103312493,65.0,VSCS,980.0,22.0,ARB,0.0729636996984481,6.0,-0.0695,0.15100001,0.1662265,NO_NEARBY_SARAL
GRID_1242,INDIAN_MARINE,18.5,85.25,299.98252591426194,,,,,,,,,61.514195618360155,25.0,D,,4.0,BOB,0.1698153913021087,4.699999809265137,0.545,0.133,0.5609938,NO_NEARBY_SARAL
GRID_1243,INDIAN_MARINE,11.25,93.5,238.66397857925259,,,,,,,,,421.4082074027846,25.0,D,990.0,3.0995834159888913,BOB,0.2158797532320022,5.5,-0.048,0.078999996,0.09243917,NO_NEARBY_SARAL
GRID_1244,INDIAN_MARINE,21.75,75.5,378.3717603139035,,,,,,,,,201.24366288987144,25.0,D,999.0,3.0,ARB,,,,,,NO_NEARBY_SARAL
GRID_1245,INDIAN_MARINE,13.25,82.5,85.75942005395082,6.84,1.51,4.84,183.76,,,302.72,,83.39619498341916,25.0,D,,3.0,BOB,0.09295005351305,2.799999952316284,-0.10700001,-0.055500004,0.12053735,SARAL_AltiKa
GRID_1246,INDIAN_MARINE,19.25,71.5,85.92936428515536,4.42,1.598,7.18,234.20000000000002,,,302.26,,173.9363592314741,90.0,ESCS,962.0,40.0,ARB,0.1262149810791015,5.0,0.054500002,-0.082,0.098459385,SARAL_AltiKa
GRID_1247,INDIAN_MARINE,13.0,90.5,85.15418576336302,8.49,2.152,6.03,205.70000000000002,,,302.27,,198.7075581941258,25.0,D,990.0,3.0995834159888913,BOB,0.2532515227794647,5.599999904632568,-0.037500005,0.040500004,0.055195116,SARAL_AltiKa
GRID_1248,INDIAN_MARINE,17.25,70.25,265.11738347241186,,,,,,,,,141.4890987371231,80.0,VSCS,970.0,30.0,ARB,0.1042436584830284,4.099999904632568,-0.105000004,-0.08400001,0.13446562,NO_NEARBY_SARAL
GRID_1249,INDIAN_MARINE,13.25,79.0,2.026407838789069,,,,,,,,,175.98852397108618,50.0,SCS,986.0,14.0,BOB,,,,,,SARAL_AltiKa
GRID_1250,INDIAN_MARINE,9.75,97.25,120.4306019951283,,,,,,,,,818.205259408661,,,,,,0.2334020882844925,5.0,0.0535,0.148,0.15737297,NO_NEARBY_SARAL
GRID_1251,INDIAN_MARINE,16.25,69.0,420.8084517999968,,,,,,,,,162.4228426859167,65.0,VSCS,980.0,22.0,ARB,0.0636549964547157,5.099999904632568,-0.038999997,0.048500005,0.062235445,NO_NEARBY_SARAL
GRID_1252,INDIAN_MARINE,12.0,73.25,81.82698035820758,4.94,1.7630000000000001,7.49,236.72,,,302.56,,295.56882227246535,25.0,D,,3.0,ARB,0.2108831703662872,4.900000095367432,0.10450001,0.021500003,0.10668881,SARAL_AltiKa
GRID_1253,INDIAN_MARINE,15.0,79.5,10.095604680960463,,,,,,,,,0.0,30.0,DD,995.0,5.0,BOB,,,,,,SARAL_AltiKa
GRID_1254,INDIAN_MARINE,13.75,81.25,34.0111724213745,7.44,1.537,4.84,184.66,,,302.77,,85.60213745276808,55.0,SCS,982.0,18.0,BOB,0.1338124722242355,6.400000095367432,-0.07,0.28950003,0.29784268,SARAL_AltiKa
GRID_1255,INDIAN_MARINE,7.75,90.25,67.08572743567191,6.04,2.105,6.8100000000000005,207.3,,,302.2,,261.7571987191628,25.0,D,,3.0,BOB,0.2439425885677337,5.699999809265137,-0.10350001,0.060000002,0.11963382,SARAL_AltiKa
GRID_1256,INDIAN_MARINE,14.25,88.75,69.08379324170059,8.31,2.081,5.8,205.66,,,302.35,,278.9000832685657,30.0,DD,,5.0,BOB,0.2459278404712677,5.5,0.14850001,-0.041500002,0.15418983,SARAL_AltiKa
GRID_1257,INDIAN_MARINE,18.25,76.75,351.0304717544399,,,,,,,,,166.14152755785403,20.0,D,998.0,3.0,BOB,,,,,,NO_NEARBY_SARAL
GRID_1258,INDIAN_MARINE,18.0,77.5,268.1773616937447,,,,,,,,,84.60206202524864,20.0,D,998.0,3.0,BOB,,,,,,NO_NEARBY_SARAL
GRID_1259,INDIAN_MARINE,20.25,68.75,340.3753653957633,,,,,,,,,38.10333475362666,25.0,D,,3.0,ARB,0.0922655239701271,4.699999809265137,0.023,0.107,0.109444045,NO_NEARBY_SARAL
GRID_1260,INDIAN_MARINE,11.25,81.75,41.63595286319958,7.21,1.814,5.13,188.62,,,302.65000000000003,,86.4219259587236,30.0,DD,992.0,4.0,BOB,0.1624230295419693,5.599999904632568,-0.04,0.030499998,0.05030159,SARAL_AltiKa
GRID_1261,INDIAN_MARINE,7.25,77.0,70.28303102607286,5.5200000000000005,1.947,6.25,218.55,,,301.91,,350.131167574481,25.0,,,3.0,BOB,0.1395619660615921,4.599999904632568,-0.10400001,0.065000005,0.122641765,SARAL_AltiKa
GRID_1262,INDIAN_MARINE,13.5,81.5,14.107737579925882,7.53,1.681,4.94,183.68,,,302.75,,88.95594131564711,55.0,SCS,982.0,18.0,BOB,0.1248460337519645,3.900000095367432,-0.101500005,0.1855,0.2114533,SARAL_AltiKa
GRID_1263,INDIAN_MARINE,11.75,96.5,68.08856363419582,4.5200000000000005,1.231,5.49,228.57,,,302.43,,621.7709436519795,,,,,,0.2566736042499542,3.900000095367432,-0.076000005,-0.050500005,0.091248296,SARAL_AltiKa
GRID_1264,INDIAN_MARINE,12.0,78.0,76.13117944133498,,,,,,,,,278.08563134389027,25.0,,,3.0,BOB,,,,,,SARAL_AltiKa
GRID_1265,INDIAN_MARINE,9.5,84.25,183.40514615511933,,,,,,,,,29.590210636565548,25.0,D,990.0,3.0,BOB,0.1740589439868927,5.0,-0.2195,-0.019500002,0.22036448,NO_NEARBY_SARAL
GRID_1266,INDIAN_MARINE,17.75,80.75,11.25899222436458,,,,,,,,,199.23181512091665,25.0,DD,,4.0,BOB,,,,,,SARAL_AltiKa
GRID_1267,INDIAN_MARINE,8.0,79.75,207.20689820231647,,,,,,,,,169.04005904012837,25.0,,,3.0,BOB,,,,,,NO_NEARBY_SARAL
GRID_1268,INDIAN_MARINE,8.25,69.75,443.5161358263972,,,,,,,,,313.6165018098024,25.0,D,,3.0,ARB,0.1723478436470031,4.400000095367432,0.0055,-0.0775,0.077694915,NO_NEARBY_SARAL
GRID_1269,INDIAN_MARINE,16.0,76.5,326.5236992991795,,,,,,,,,213.7740228537376,25.0,D,997.0,3.0,BOB,,,,,,NO_NEARBY_SARAL
GRID_1270,INDIAN_MARINE,19.5,82.0,157.27464152897022,,,,,,,,,196.7279768559324,20.0,D,998.0,3.0,BOB,,,,,,NO_NEARBY_SARAL
GRID_1271,INDIAN_MARINE,12.25,83.75,194.40289087400632,,,,,,,,,192.26983218588313,35.0,CS,994.0,6.0,BOB,0.1423682570457458,6.099999904632568,0.1035,-0.08400001,0.1332976,NO_NEARBY_SARAL
GRID_1272,INDIAN_MARINE,16.75,90.25,147.39509737394226,,,,,,,,,38.47622469094834,40.0,CS,984.0,7.934933544931562,BOB,0.2221768200397491,4.800000190734863,0.10150001,0.1585,0.18821397,NO_NEARBY_SARAL
GRID_1273,INDIAN_MARINE,15.0,73.75,43.31987142990633,3.5500000000000003,1.825,7.5600000000000005,244.06,,,302.53000000000003,,340.07673996374723,25.0,D,,3.0,ARB,,,0.0405,-0.090500005,0.099148884,SARAL_AltiKa
GRID_1274,INDIAN_MARINE,6.25,69.75,397.63240785547504,,,,,,,,,430.5171743756377,25.0,D,,3.0,ARB,0.1472279131412506,3.700000047683716,-0.044,0.12900001,0.13629748,NO_NEARBY_SARAL
GRID_1275,INDIAN_MARINE,10.5,91.0,78.92527193473312,7.18,2.176,6.16,209.67000000000002,,,302.28000000000003,,448.0779912140882,25.0,D,990.0,3.0995834159888913,BOB,0.2420261651277542,5.099999904632568,-0.076000005,-0.024999999,0.08000626,SARAL_AltiKa
GRID_1276,INDIAN_MARINE,8.75,88.5,230.5154255621883,,,,,,,,,202.233790345799,25.0,D,,3.0,BOB,0.1805613189935684,4.400000095367432,0.11400001,0.051000003,0.12488796,NO_NEARBY_SARAL
GRID_1277,INDIAN_MARINE,7.5,69.5,399.5099288755772,,,,,,,,,321.71519070760144,25.0,D,,3.0,ARB,0.1576317995786667,3.0999999046325684,0.17700002,0.046000004,0.18287976,NO_NEARBY_SARAL
GRID_1278,INDIAN_MARINE,13.25,71.75,209.64893700689703,,,,,,,,,85.76430402871421,25.0,D,,3.0,ARB,0.1420945227146148,4.400000095367432,-0.0030000005,0.061,0.061073728,NO_NEARBY_SARAL
GRID_1279,INDIAN_MARINE,5.25,71.0,488.989900104631,,,,,,,,,607.1116775166097,,,,,,0.1460645198822021,5.099999904632568,-0.148,0.030000001,0.15100993,NO_NEARBY_SARAL
GRID_1280,INDIAN_MARINE,14.0,91.0,161.38930242936698,,,,,,,,,77.426351271077,25.0,D,990.0,3.0995834159888913,BOB,0.2337440252304077,9.399999618530272,-0.06650001,-0.0495,0.08290055,NO_NEARBY_SARAL
GRID_1281,INDIAN_MARINE,15.5,79.75,24.190145348368766,,,,,,,,,61.728254204457194,30.0,DD,995.0,5.0,BOB,,,,,,SARAL_AltiKa
GRID_1282,INDIAN_MARINE,11.5,94.25,164.82582830234858,,,,,,,,,447.2447720596038,25.0,D,990.0,3.0995834159888913,BOB,0.2115675210952758,4.300000190734863,-0.17450002,0.067,0.18692045,NO_NEARBY_SARAL
GRID_1283,INDIAN_MARINE,19.5,82.5,208.30542920755343,,,,,,,,,228.70187620727,20.0,D,998.0,3.0,BOB,,,,,,NO_NEARBY_SARAL
GRID_1284,INDIAN_MARINE,18.5,80.0,22.913119409690268,,,,,,,,,100.9284445893878,20.0,D,998.0,3.0,BOB,,,,,,SARAL_AltiKa
GRID_1285,INDIAN_MARINE,9.0,90.5,10.811165491431552,7.33,2.0260000000000002,6.17,211.4,,,302.24,,353.87712850665764,25.0,D,,3.0,BOB,0.2190282940864563,5.199999809265137,0.116500005,0.06300001,0.1324434,SARAL_AltiKa
GRID_1286,INDIAN_MARINE,18.75,81.0,60.698443834985454,,,,,,,,,191.41637142497896,20.0,D,998.0,3.0,BOB,,,,,,SARAL_AltiKa
GRID_1287,INDIAN_MARINE,8.75,74.0,80.63906669304075,4.04,1.815,7.58,225.04,,,302.32,,558.8471899581236,,,,,,0.1925394982099533,4.900000095367432,-0.021500003,-0.06750001,0.07084138,SARAL_AltiKa
GRID_1288,INDIAN_MARINE,7.75,81.5,153.056758598754,,,,,,,,,149.4811414448825,25.0,,,3.0,BOB,,,,,,NO_NEARBY_SARAL
GRID_1289,INDIAN_MARINE,17.25,71.75,109.97209117872809,,,,,,,,,231.5501317480206,80.0,VSCS,970.0,30.0,ARB,0.154757022857666,4.599999904632568,-0.0185,0.019000001,0.026518863,NO_NEARBY_SARAL
GRID_1290,INDIAN_MARINE,15.25,92.75,373.4694909742909,,,,,,,,,158.11595055656946,25.0,D,990.0,3.0995834159888913,BOB,0.2717319130897522,6.699999809265137,-0.104,0.028500006,0.10783437,NO_NEARBY_SARAL
GRID_1291,INDIAN_MARINE,7.75,69.5,405.24996652577784,,,,,,,,,308.1450266693605,25.0,D,,3.0,ARB,0.1725530475378036,4.0,0.127,0.006,0.12714165,NO_NEARBY_SARAL
GRID_1292,INDIAN_MARINE,14.75,80.75,62.24117075160958,8.05,1.578,5.15,173.64000000000001,,,302.72,,85.34802912328149,50.0,SCS,986.0,14.0,BOB,0.1010966300964355,5.099999904632568,0.132,0.4745,0.49251828,SARAL_AltiKa
GRID_1293,INDIAN_MARINE,15.0,95.25,141.373568059155,,,,,,,,,267.9980456738895,115.0,VSCS,,65.58718508232494,BOB,0.2983573377132416,7.599999904632568,0.027500004,-0.021499999,0.03490702,NO_NEARBY_SARAL
GRID_1294,INDIAN_MARINE,10.5,82.25,6.63206985036751,8.31,1.795,5.37,186.62,,,302.61,,61.94317180526131,30.0,DD,992.0,4.0,BOB,0.1391513049602508,9.600000381469728,-0.18400002,0.044,0.18918775,SARAL_AltiKa
GRID_1295,INDIAN_MARINE,21.5,69.5,231.4979773972302,,,,,,,,,122.71230232197038,25.0,D,,3.0,ARB,,,0.056500003,-0.0925,0.1083905,NO_NEARBY_SARAL
GRID_1296,INDIAN_MARINE,15.75,74.25,113.37396288777877,,,,,,,,,429.93658675567787,25.0,D,,3.0,ARB,,,,,,NO_NEARBY_SARAL
GRID_1297,INDIAN_MARINE,8.25,79.75,201.08901273643696,,,,,,,,,141.68126501302692,25.0,,,3.0,BOB,,,,,,NO_NEARBY_SARAL
GRID_1298,INDIAN_MARINE,9.25,69.75,466.1995100409105,,,,,,,,,303.19232588453855,25.0,D,,3.0,ARB,0.1581619977951049,5.300000190734863,-0.10050001,-0.055500004,0.11480637,NO_NEARBY_SARAL
GRID_1299,INDIAN_MARINE,5.5,73.25,240.051903137568,,,,,,,,,787.118515793184,,,,,,,,-0.2275,0.23850001,0.32960355,NO_NEARBY_SARAL
GRID_1300,INDIAN_MARINE,18.75,79.0,131.33632144896728,,,,,,,,,34.865188474682654,20.0,D,998.0,3.0,BOB,,,,,,NO_NEARBY_SARAL
GRID_1301,INDIAN_MARINE,12.5,76.25,247.74877528907842,,,,,,,,,406.7948543764239,30.0,DD,996.0,4.0,BOB,,,,,,NO_NEARBY_SARAL
GRID_1302,INDIAN_MARINE,8.0,94.0,109.1390643431102,,,,,,,,,670.7291261451213,,,,,,0.2033539712429046,3.700000047683716,0.016999999,-0.052500006,0.055183787,NO_NEARBY_SARAL
GRID_1303,INDIAN_MARINE,16.5,85.5,228.5730481452228,,,,,,,,,55.597463322279445,35.0,CS,,7.0,BOB,0.1958932727575302,5.400000095367432,0.03450001,0.11400001,0.119106054,NO_NEARBY_SARAL
GRID_1304,INDIAN_MARINE,18.0,75.0,243.4615714336633,,,,,,,,,348.97916901323975,20.0,D,998.0,3.0,BOB,,,,,,NO_NEARBY_SARAL
GRID_1305,INDIAN_MARINE,17.75,68.0,397.45917315190127,,,,,,,,,148.80241011964895,65.0,VSCS,980.0,22.0,ARB,0.0571525916457176,7.400000095367432,-0.036000006,-0.080000006,0.087726854,NO_NEARBY_SARAL
GRID_1306,INDIAN_MARINE,12.0,78.75,3.6503770199412524,,,,,,,,,257.2012542171094,25.0,,,3.0,BOB,,,,,,SARAL_AltiKa
GRID_1307,INDIAN_MARINE,10.75,92.5,244.56858596048892,,,,,,,,,430.8618359716137,25.0,D,990.0,3.0995834159888913,BOB,,,-0.024,-0.043500002,0.04968149,NO_NEARBY_SARAL
GRID_1308,INDIAN_MARINE,9.5,81.75,83.89484156186819,7.54,1.9180000000000001,5.86,177.66,,,302.56,,61.99899410713454,25.0,,,3.0,BOB,0.159000739455223,6.800000190734863,-0.085,-0.0109999925,0.08570881,SARAL_AltiKa
GRID_1309,INDIAN_MARINE,19.5,75.0,277.60812120039037,,,,,,,,,385.4116147273965,20.0,D,998.0,3.0,BOB,,,,,,NO_NEARBY_SARAL
GRID_1310,INDIAN_MARINE,6.5,81.25,210.32826703690208,,,,,,,,,290.0073350939009,25.0,,,3.0,BOB,,,,,,NO_NEARBY_SARAL
GRID_1311,INDIAN_MARINE,16.0,84.5,321.19947094832594,,,,,,,,,33.358477993367664,45.0,CS,,10.0,BOB,0.1108144745230674,3.5,0.18,0.1435,0.23020045,NO_NEARBY_SARAL
GRID_1312,INDIAN_MARINE,19.25,84.0,368.044068113217,,,,,,,,,108.51837671395836,20.0,D,,3.0,BOB,,,,,,NO_NEARBY_SARAL
GRID_1313,INDIAN_MARINE,13.25,69.25,473.2753732944585,,,,,,,,,116.29185866397756,30.0,DD,,5.0,ARB,0.0585899837315082,2.700000047683716,-0.087500006,0.054000005,0.102821454,NO_NEARBY_SARAL
GRID_1314,INDIAN_MARINE,6.5,93.0,181.33524914506464,,,,,,,,,554.908860550686,,,,,,0.2557842135429382,6.599999904632568,-0.33350003,-0.098000005,0.34760073,NO_NEARBY_SARAL
GRID_1315,INDIAN_MARINE,12.0,85.0,176.7296300667224,,,,,,,,,294.2228798322528,30.0,DD,992.0,4.0,BOB,0.1527721732854843,5.5,-0.105500005,-0.018,0.107024536,NO_NEARBY_SARAL
GRID_1316,INDIAN_MARINE,6.5,92.5,145.1750782962189,,,,,,,,,500.00602993185737,,,,,,0.2164959460496902,5.599999904632568,-0.36800003,0.0040000007,0.36802176,NO_NEARBY_SARAL
GRID_1317,INDIAN_MARINE,8.0,91.75,99.9666165660424,6.49,2.032,6.82,206.82,,,302.2,,428.0999288588019,25.0,D,,3.0,BOB,0.2614652514457702,4.800000190734863,0.009000003,-0.044,0.044911023,SARAL_AltiKa
GRID_1318,INDIAN_MARINE,13.5,73.0,71.7463877786411,4.86,1.8760000000000001,7.17,242.67000000000002,,,302.49,,216.24460556952175,25.0,D,,3.0,ARB,0.1569474041461944,4.400000095367432,-0.057,0.086500004,0.103591755,SARAL_AltiKa
GRID_1319,INDIAN_MARINE,16.0,84.0,306.7962485075708,,,,,,,,,55.597463322279445,50.0,SCS,,12.398333663955563,BOB,0.1405887454748153,5.0,0.28900003,0.231,0.36997572,NO_NEARBY_SARAL
GRID_1320,INDIAN_MARINE,19.75,84.25,380.1869660455819,,,,,,,,,83.32544748726625,20.0,D,,3.0,BOB,,,,,,NO_NEARBY_SARAL
GRID_1321,INDIAN_MARINE,14.75,84.75,266.69137848671835,,,,,,,,,160.57687346980282,35.0,CS,,7.0,BOB,0.1891856789588928,4.199999809265137,0.09600001,-0.033,0.10151355,NO_NEARBY_SARAL
GRID_1322,INDIAN_MARINE,18.25,76.5,376.7436308173218,,,,,,,,,192.23897928067703,20.0,D,998.0,3.0,BOB,,,,,,NO_NEARBY_SARAL
GRID_1323,INDIAN_MARINE,7.75,89.75,120.81508234080404,,,,,,,,,210.2287072752145,25.0,D,,3.0,BOB,0.2620808184146881,6.300000190734863,-0.111499995,0.078,0.13607442,NO_NEARBY_SARAL
GRID_1324,INDIAN_MARINE,6.5,73.5,188.84159648295753,,,,,,,,,702.2099359370516,,,,,,0.1507188230752945,3.5,-0.1825,0.16350001,0.24502756,NO_NEARBY_SARAL
GRID_1325,INDIAN_MARINE,6.0,72.75,281.83093592668166,,,,,,,,,716.2449533247385,,,,,,,,-0.2095,0.17500001,0.27297482,NO_NEARBY_SARAL
GRID_1326,INDIAN_MARINE,11.25,71.25,312.64592330952036,,,,,,,,,251.65749930461465,25.0,D,,3.0,ARB,0.1508556455373764,5.599999904632568,0.10750002,0.0555,0.12098142,NO_NEARBY_SARAL
GRID_1327,INDIAN_MARINE,13.75,70.0,381.33023714646544,,,,,,,,,27.798731661139723,30.0,DD,,5.0,ARB,0.0908281579613685,4.0,-0.081,-0.04,0.09033825,NO_NEARBY_SARAL
GRID_1328,INDIAN_MARINE,16.5,78.25,155.9719950387109,,,,,,,,,61.64136285029388,20.0,D,998.0,3.0,BOB,,,,,,NO_NEARBY_SARAL
GRID_1329,INDIAN_MARINE,7.25,78.5,91.13704569160105,6.19,1.933,6.0200000000000005,221.19,,,301.90000000000003,,273.30326809366517,25.0,,,3.0,BOB,0.1137576699256897,5.0,-0.125,0.0069999993,0.12519585,SARAL_AltiKa
GRID_1330,INDIAN_MARINE,12.5,75.5,168.4094976120535,,,,,,,,,469.2053681704464,30.0,DD,996.0,4.0,BOB,,,,,,NO_NEARBY_SARAL
GRID_1331,INDIAN_MARINE,17.0,80.0,13.679358688117047,,,,,,,,,159.50396638355227,20.0,D,998.0,3.0,BOB,,,,,,SARAL_AltiKa
GRID_1332,INDIAN_MARINE,17.0,75.0,220.49286588486729,,,,,,,,,367.1909831132239,20.0,D,998.0,3.0,BOB,,,,,,NO_NEARBY_SARAL
GRID_1333,INDIAN_MARINE,16.5,78.0,181.95548410157426,,,,,,,,,76.97659093538385,20.0,D,998.0,3.0,BOB,,,,,,NO_NEARBY_SARAL
GRID_1334,INDIAN_MARINE,7.5,93.75,124.20787017758202,,,,,,,,,636.6847967568972,,,,,,,,-0.059500005,-0.072,0.09340369,NO_NEARBY_SARAL
GRID_1335,INDIAN_MARINE,9.25,69.0,385.95400644245564,,,,,,,,,221.32767429116396,25.0,D,,3.0,ARB,0.1302533000707626,4.5,-0.011500001,-0.011500001,0.016263457,NO_NEARBY_SARAL
GRID_1336,INDIAN_MARINE,17.5,86.0,199.86843293098462,,,,,,,,,55.59746332227909,60.0,SCS,,17.853600476096013,BOB,0.198015034198761,5.400000095367432,0.17850001,-0.0315,0.18125811,NO_NEARBY_SARAL
GRID_1337,INDIAN_MARINE,17.75,74.0,134.56449222558578,,,,,,,,,430.84577328371086,80.0,VSCS,970.0,30.0,ARB,,,,,,NO_NEARBY_SARAL
GRID_1338,INDIAN_MARINE,11.75,73.75,34.975886892599526,4.5600000000000005,1.806,7.7,235.19,,,302.56,,356.2233358287151,25.0,D,,3.0,ARB,0.2485969811677932,5.099999904632568,0.082,0.0015000002,0.08201372,SARAL_AltiKa
GRID_1339,INDIAN_MARINE,12.0,73.0,108.31848901633408,,,,,,,,,273.6141143451295,25.0,D,,3.0,ARB,0.1996578425168991,5.099999904632568,0.064,0.09650001,0.11579401,NO_NEARBY_SARAL
GRID_1340,INDIAN_MARINE,8.25,80.0,227.89418424812192,,,,,,,,,149.45438077610902,25.0,,,3.0,BOB,,,,,,NO_NEARBY_SARAL
GRID_1341,INDIAN_MARINE,7.0,72.0,338.0844309762385,,,,,,,,,593.7520924470241,,,,,,0.1257358938455581,3.900000095367432,-0.010000002,0.0115,0.015239752,NO_NEARBY_SARAL
GRID_1342,INDIAN_MARINE,15.5,85.25,231.5930965957218,,,,,,,,,61.70011432240771,35.0,CS,,7.0,BOB,0.1944558769464492,5.099999904632568,-0.030500002,-0.042000003,0.051906172,NO_NEARBY_SARAL
GRID_1343,INDIAN_MARINE,16.5,91.0,219.45376500839927,,,,,,,,,0.0,40.0,CS,984.0,7.934933544931562,BOB,0.2258042991161346,5.5,0.11700001,0.106000006,0.15787655,NO_NEARBY_SARAL
GRID_1344,INDIAN_MARINE,12.25,95.75,23.53300641407862,4.78,1.438,5.45,228.18,167378.0,0.051,302.41,2024-06-16 11:37:04.827539968,523.3901184463239,,,,,,0.2501712739467621,5.699999809265137,0.047000002,-0.21300001,0.21812384,SARAL_AltiKa
GRID_1345,INDIAN_MARINE,19.25,70.25,213.69940706936958,,,,,,,,,87.44602338556973,80.0,VSCS,970.0,30.0,ARB,0.1112936735153198,5.199999809265137,0.006000001,0.029000001,0.029614186,NO_NEARBY_SARAL
GRID_1346,INDIAN_MARINE,9.0,90.0,63.79904100913096,7.19,2.116,6.19,211.63,,,302.24,,312.97162288598,25.0,D,,3.0,BOB,0.2665300071239471,10.699999809265137,0.119,0.034500003,0.12390017,SARAL_AltiKa
GRID_1347,INDIAN_MARINE,12.5,69.75,439.90205922033255,,,,,,,,,168.9728565089212,30.0,DD,,5.0,ARB,0.0828199312090873,3.5,-0.0085,-0.024,0.025460755,NO_NEARBY_SARAL
GRID_1348,INDIAN_MARINE,17.5,74.25,154.53686209702465,,,,,,,,,432.47987616317886,20.0,D,998.0,3.0,BOB,,,,,,NO_NEARBY_SARAL
GRID_1349,INDIAN_MARINE,9.5,84.0,156.6863526487472,,,,,,,,,11.119492664455889,25.0,D,990.0,3.0,BOB,0.1692677140235901,6.599999904632568,-0.22750002,-0.039499998,0.23090367,NO_NEARBY_SARAL
GRID_1350,INDIAN_MARINE,9.5,96.0,69.33562106884402,4.8,1.298,5.41,229.33,,,302.51,,740.5970332780274,,,,,,0.1917864978313446,4.199999809265137,-0.1385,-0.0175,0.13960123,SARAL_AltiKa
GRID_1351,INDIAN_MARINE,13.5,97.0,55.75620205016307,2.29,1.1400000000000001,5.15,232.15,,,302.36,,441.7313288682023,30.0,DD,,4.463400119024003,BOB,0.3441480994224548,6.400000095367432,0.056500003,-0.016999997,0.05900212,SARAL_AltiKa
GRID_1352,INDIAN_MARINE,13.0,82.25,53.43185301386789,7.09,1.6560000000000001,4.83,184.17000000000002,,,302.71,,87.88452819394273,55.0,SCS,982.0,18.0,BOB,0.1189595982432365,3.900000095367432,-0.031499997,-0.068,0.07494164,SARAL_AltiKa
GRID_1353,INDIAN_MARINE,17.5,83.75,314.7167293855551,,,,,,,,,114.32847787778525,50.0,SCS,,12.398333663955563,BOB,0.1491096019744873,4.699999809265137,0.06850001,0.065,0.0944312,NO_NEARBY_SARAL
GRID_1354,INDIAN_MARINE,13.75,91.75,234.48021351850133,,,,,,,,,87.64508201297765,25.0,D,990.0,3.0995834159888913,BOB,0.2548633217811584,4.0,0.048,0.011,0.04924429,NO_NEARBY_SARAL
GRID_1355,INDIAN_MARINE,17.5,83.0,237.22029386479937,,,,,,,,,69.25317185171937,25.0,DD,,4.0,BOB,,,,,,NO_NEARBY_SARAL
GRID_1356,INDIAN_MARINE,21.5,70.25,155.99890858427307,,,,,,,,,114.18323642569136,90.0,ESCS,962.0,40.0,ARB,,,,,,NO_NEARBY_SARAL
GRID_1357,INDIAN_MARINE,15.5,75.25,211.8698303239689,,,,,,,,,352.22624222343427,25.0,D,997.0,3.0,BOB,,,,,,NO_NEARBY_SARAL
GRID_1358,INDIAN_MARINE,20.5,69.0,308.363941802637,,,,,,,,,0.0,25.0,D,,3.0,ARB,0.0797398462891578,3.5999999046325684,0.0025000004,0.068500005,0.06854561,NO_NEARBY_SARAL
GRID_1359,INDIAN_MARINE,17.5,84.25,366.3790021010215,,,,,,,,,97.13057596222777,55.0,SCS,,15.001983733386234,BOB,0.1562628746032714,5.300000190734863,0.0140000135,0.19150001,0.19201107,NO_NEARBY_SARAL
GRID_1360,INDIAN_MARINE,11.0,81.5,74.24345413982228,7.18,1.881,5.18,187.88,,,302.64,,109.15191221456534,30.0,DD,992.0,4.0,BOB,0.1364819258451461,6.5,-0.0655,0.0695,0.09550131,SARAL_AltiKa
GRID_1361,INDIAN_MARINE,11.25,91.0,96.68489748491785,7.140000000000001,2.238,6.0,208.27,,,302.27,,365.42404619234304,25.0,D,990.0,3.0995834159888913,BOB,0.2605750858783722,7.5,-0.028000005,-0.034,0.044045433,SARAL_AltiKa
GRID_1362,INDIAN_MARINE,9.75,81.0,157.91950767720238,,,,,,,,,137.80768052020292,25.0,,,3.0,BOB,0.1548939049243927,6.599999904632568,0.028500002,0.14950001,0.15219232,NO_NEARBY_SARAL
GRID_1363,INDIAN_MARINE,16.0,81.25,20.459793702787398,,,5.2,162.44,,,,,137.19450905485053,35.0,CS,,6.0,BOB,,,,,,SARAL_AltiKa
GRID_1364,INDIAN_MARINE,15.25,72.0,133.6318075184647,,,,,,,,,222.4113846588799,25.0,D,,3.0,ARB,0.1689255386590957,6.699999809265137,0.033,0.043500002,0.054600827,NO_NEARBY_SARAL
GRID_1365,INDIAN_MARINE,15.25,95.0,173.3738649792892,,,,,,,,,234.11310325049504,115.0,VSCS,,65.58718508232494,BOB,0.2866531312465668,6.400000095367432,0.024,0.0485,0.054113306,NO_NEARBY_SARAL
GRID_1366,INDIAN_MARINE,14.5,92.25,304.1990714921704,,,,,,,,,80.73979325204846,25.0,D,990.0,3.0995834159888913,BOB,0.2392199039459228,5.699999809265137,0.09,-0.022000004,0.09264988,NO_NEARBY_SARAL
GRID_1367,INDIAN_MARINE,12.25,81.5,43.90776314019964,6.97,1.6380000000000001,5.13,185.08,,,302.68,,27.798731661139723,50.0,SCS,986.0,14.0,BOB,0.1180698499083519,3.4000000953674316,0.109500006,0.10100001,0.14896728,SARAL_AltiKa
GRID_1368,INDIAN_MARINE,8.75,91.25,64.10297847957648,6.84,2.048,6.2700000000000005,210.29,,,302.22,,407.43211794087136,25.0,D,,3.0,BOB,0.2685834169387817,6.099999904632568,0.046,-0.0055000037,0.04632764,SARAL_AltiKa
GRID_1369,INDIAN_MARINE,10.0,83.75,141.74642248267767,,,,,,,,,72.12472740143772,25.0,D,990.0,3.0,BOB,0.1659822911024093,7.0,-0.2615,-0.045,0.26534364,NO_NEARBY_SARAL
GRID_1370,INDIAN_MARINE,12.5,79.0,17.955310655009715,,,,,,,,,232.75764289435725,55.0,SCS,982.0,18.0,BOB,,,,,,SARAL_AltiKa
GRID_1371,INDIAN_MARINE,19.5,73.5,124.46518310269902,,,,,,,,,332.59563602344673,90.0,ESCS,962.0,40.0,ARB,,,,,,NO_NEARBY_SARAL
GRID_1372,INDIAN_MARINE,16.25,71.0,212.84276351707848,,,,,,,,,271.76117343942553,80.0,VSCS,970.0,30.0,ARB,0.1206023320555687,5.099999904632568,0.058500003,0.119,0.13260186,NO_NEARBY_SARAL
GRID_1373,INDIAN_MARINE,16.0,89.0,3.2951537744139783,8.0,2.244,5.87,204.77,,,302.5,,154.04827797406244,40.0,CS,984.0,7.934933544931562,BOB,0.2221766412258148,6.400000095367432,0.21550001,0.102000006,0.23842034,SARAL_AltiKa
GRID_1374,INDIAN_MARINE,9.25,78.25,16.2257181968808,,,,,,,,,96.28181431918036,25.0,,,3.0,BOB,,,,,,SARAL_AltiKa
GRID_1375,INDIAN_MARINE,5.25,77.75,58.320707424286574,5.69,2.0060000000000002,6.55,188.26,,,302.02,,510.44508667473315,,,,,,0.1803560853004455,5.599999904632568,0.091000006,0.07300001,0.11666191,SARAL_AltiKa
GRID_1376,INDIAN_MARINE,16.75,85.0,286.2069423247038,,,,,,,,,27.798731661139723,55.0,SCS,,15.001983733386234,BOB,0.1314168572425842,4.0,0.13200001,0.26900002,0.2996415,NO_NEARBY_SARAL
GRID_1377,INDIAN_MARINE,9.25,81.5,116.66881681114975,,,,,,,,,61.531291370042766,25.0,,,3.0,BOB,0.1677618473768234,7.699999809265137,0.058000002,-0.04,0.07045566,NO_NEARBY_SARAL
GRID_1378,INDIAN_MARINE,15.5,77.5,210.818186889172,,,,,,,,,120.59965471064343,25.0,D,997.0,3.0,BOB,,,,,,NO_NEARBY_SARAL
GRID_1379,INDIAN_MARINE,17.0,69.5,349.233430431241,,,,,,,,,174.99507576998064,80.0,VSCS,970.0,30.0,ARB,0.0550307817757129,2.4000000953674316,0.13450001,-0.156,0.20597635,NO_NEARBY_SARAL
GRID_1380,INDIAN_MARINE,14.25,84.5,281.4747467408964,,,,,,,,,217.21247677444285,30.0,DD,,5.0,BOB,0.1612595021724701,6.5,-0.063,0.05200001,0.081688434,NO_NEARBY_SARAL
GRID_1381,INDIAN_MARINE,12.0,92.0,220.40888396887104,,,,,,,,,283.2050496409184,25.0,D,990.0,3.0995834159888913,BOB,0.2811089754104614,5.199999809265137,0.0069999993,-0.015000001,0.016552946,NO_NEARBY_SARAL
GRID_1382,INDIAN_MARINE,12.0,95.0,96.98624717757188,4.5200000000000005,1.416,5.49,228.66,,,302.44,,469.8447555077189,25.0,D,990.0,3.0995834159888913,BOB,0.2200549393892288,5.0,-0.0465,-0.119500004,0.12822832,SARAL_AltiKa
GRID_1383,INDIAN_MARINE,8.0,91.25,46.35372926560233,6.04,2.105,6.8100000000000005,207.3,,,302.2,,375.1444108323722,25.0,D,,3.0,BOB,0.2256676107645034,6.599999904632568,-0.0014999956,-0.054500002,0.05452064,SARAL_AltiKa
GRID_1384,INDIAN_MARINE,18.5,70.75,181.64823217179975,,,,,,,,,79.08652760724536,80.0,VSCS,970.0,30.0,ARB,0.1184805631637573,5.599999904632568,0.030000001,0.016999999,0.03448188,NO_NEARBY_SARAL
GRID_1385,INDIAN_MARINE,12.75,91.25,158.50721357374886,,,,,,,,,196.45743866353,25.0,D,990.0,3.0995834159888913,BOB,0.2277894765138626,4.0,0.012499999,0.054,0.055427883,NO_NEARBY_SARAL
GRID_1386,INDIAN_MARINE,13.25,93.75,258.3386192803614,,,,,,,,,279.84066873843784,25.0,D,990.0,3.0995834159888913,BOB,0.1921971589326858,3.799999952316284,0.030000001,-0.013000004,0.032695565,NO_NEARBY_SARAL
GRID_1387,INDIAN_MARINE,6.25,74.5,87.19567643396473,5.68,1.7910000000000001,6.51,187.24,,,302.24,,626.6123164361318,,,,,,0.1602327674627304,4.099999904632568,-0.15250002,0.2185,0.26645544,SARAL_AltiKa
GRID_1388,INDIAN_MARINE,5.5,72.5,320.9882429064568,,,,,,,,,720.6954873886049,,,,,,0.1991788148880005,5.699999809265137,-0.19200002,0.11000001,0.22127813,NO_NEARBY_SARAL
GRID_1389,INDIAN_MARINE,11.0,92.5,250.35489146026603,,,,,,,,,404.00577081849946,25.0,D,990.0,3.0995834159888913,BOB,,,0.0085,-0.016000003,0.018117674,NO_NEARBY_SARAL
GRID_1390,INDIAN_MARINE,21.0,70.0,194.04481802444192,,,,,,,,,76.1191857941735,90.0,ESCS,962.0,40.0,ARB,,,0.10700001,-0.012,0.10767081,NO_NEARBY_SARAL
GRID_1391,INDIAN_MARINE,15.75,81.75,66.54017903055293,8.09,1.633,5.93,163.82,,,302.67,,84.98904017086811,40.0,CS,,8.0,BOB,0.1332192122936248,5.800000190734863,0.6305,0.0435,0.63199884,SARAL_AltiKa
GRID_1392,INDIAN_MARINE,12.0,75.0,103.69963604355927,,,,,,,,,464.7545970400555,25.0,D,,3.0,ARB,,,-0.004999999,-0.037,0.03733631,NO_NEARBY_SARAL
GRID_1393,INDIAN_MARINE,14.25,96.0,44.97399303978681,4.75,1.297,5.2700000000000005,236.45000000000002,148396.0,0.095,302.27,2024-06-16 11:36:31.770688000,375.1998945059379,115.0,VSCS,,65.58718508232494,BOB,0.2681726515293121,5.099999904632568,0.082,0.017499998,0.08384659,SARAL_AltiKa
GRID_1394,INDIAN_MARINE,13.75,83.75,229.16445214569737,,,,,,,,,137.77138771792747,25.0,D,,3.0,BOB,0.1446270793676376,6.900000095367432,-0.030500002,-0.0275,0.04106702,NO_NEARBY_SARAL
GRID_1395,INDIAN_MARINE,8.5,81.25,161.68309484012724,,,,,,,,,99.42337383252833,25.0,,,3.0,BOB,,,,,,NO_NEARBY_SARAL
GRID_1396,INDIAN_MARINE,10.5,81.75,59.67062022742621,7.94,1.856,5.3500000000000005,186.85,,,302.61,,99.01506154197853,30.0,DD,992.0,4.0,BOB,0.1521560549736023,5.599999904632568,-0.146,0.040500008,0.1515132,SARAL_AltiKa
GRID_1397,INDIAN_MARINE,18.25,70.75,187.99003226751262,,,,,,,,,83.88408822430368,80.0,VSCS,970.0,30.0,ARB,0.1079397574067115,5.400000095367432,0.012500001,-0.0020000003,0.01265899,NO_NEARBY_SARAL
GRID_1398,INDIAN_MARINE,16.5,76.25,338.8108492662846,,,,,,,,,245.93785261690144,20.0,D,998.0,3.0,BOB,,,,,,NO_NEARBY_SARAL
GRID_1399,INDIAN_MARINE,10.25,88.25,210.9430125292475,,,,,,,,,362.42684194984497,25.0,D,,3.0,BOB,0.2137579470872879,5.800000190734863,0.038000003,0.15050001,0.15522325,NO_NEARBY_SARAL
GRID_1400,INDIAN_MARINE,8.5,70.25,488.6417367373727,,,,,,,,,361.47644945965214,25.0,D,,3.0,ARB,0.1535665839910507,3.5,0.016000003,-0.105500005,0.10670638,NO_NEARBY_SARAL
GRID_1401,INDIAN_MARINE,17.5,68.75,413.6029310434016,,,,,,,,,172.73701255477033,80.0,VSCS,970.0,30.0,ARB,0.0638603270053863,4.900000095367432,0.162,-0.054,0.170763,NO_NEARBY_SARAL
GRID_1402,INDIAN_MARINE,15.5,91.0,196.31336600669016,,,,,,,,,0.0,35.0,CS,986.0,6.075183495338227,BOB,0.2549623847007751,6.900000095367432,0.046000004,-0.066,0.08044875,NO_NEARBY_SARAL
GRID_1403,INDIAN_MARINE,14.25,68.0,392.7684906946912,,,,,,,,,111.2427372719037,25.0,D,,3.0,ARB,0.0593428611755371,4.199999809265137,0.09900001,0.1135,0.1506096,NO_NEARBY_SARAL
GRID_1404,INDIAN_MARINE,9.75,89.5,99.15999778655495,7.33,2.258,6.25,210.87,,,302.28000000000003,,347.4608353331019,25.0,D,,3.0,BOB,0.2510611712932586,6.699999809265137,-0.043000005,-0.0055,0.043350324,SARAL_AltiKa
GRID_1405,INDIAN_MARINE,6.75,94.0,79.5508031548174,7.890000000000001,1.998,6.390000000000001,217.06,,,302.46,,662.9505809546598,,,,,,,,-0.16100001,-0.176,0.23853093,SARAL_AltiKa
GRID_1406,INDIAN_MARINE,10.75,75.25,100.70267808715073,,,,,,,,,426.6365600514194,25.0,,,3.0,BOB,0.2917181551456451,8.899999618530273,0.027,-0.0715,0.07642807,NO_NEARBY_SARAL
GRID_1407,INDIAN_MARINE,12.25,83.25,141.42592517207117,,,,,,,,,138.70687026899603,35.0,CS,994.0,6.0,BOB,0.1262833774089813,3.900000095367432,0.14950001,-0.0785,0.16885646,NO_NEARBY_SARAL
GRID_1408,INDIAN_MARINE,20.5,75.25,325.51537967099233,,,,,,,,,321.923450948836,50.0,SCS,990.0,12.0,ARB,,,,,,NO_NEARBY_SARAL
GRID_1409,INDIAN_MARINE,10.0,78.5,24.977901343847446,,,,,,,,,64.13578093215213,25.0,,,3.0,BOB,,,,,,SARAL_AltiKa
GRID_1410,INDIAN_MARINE,22.0,69.0,268.6199062033619,,,,,,,,,151.87947671631804,25.0,D,,3.0,ARB,,,0.14950001,-0.094500005,0.17686296,NO_NEARBY_SARAL
GRID_1411,INDIAN_MARINE,15.75,82.5,144.71449668013847,,,,,,,,,27.798731661139723,40.0,CS,,8.0,BOB,0.1681041419506073,6.0,0.391,-0.024500001,0.39176682,NO_NEARBY_SARAL
GRID_1412,INDIAN_MARINE,10.75,75.75,153.9533191278059,,,,,,,,,374.3119426605252,25.0,,,3.0,BOB,,,0.068,-0.1365,0.1525,NO_NEARBY_SARAL
GRID_1413,INDIAN_MARINE,8.5,93.5,174.554713135006,,,,,,,,,628.4993062861444,,,,,,,,-0.135,-0.1525,0.20366947,NO_NEARBY_SARAL
GRID_1414,INDIAN_MARINE,18.0,70.0,271.59015053433274,,,,,,,,,55.597463322279445,80.0,VSCS,970.0,30.0,ARB,0.1147159412503242,5.800000190734863,0.0045,0.081,0.0811249,NO_NEARBY_SARAL
GRID_1415,INDIAN_MARINE,21.0,71.75,17.232895173690377,4.53,1.059,4.6000000000000005,212.55,,,301.48,,141.36861571147554,90.0,ESCS,962.0,40.0,ARB,,,,,,SARAL_AltiKa
GRID_1416,INDIAN_MARINE,8.25,92.25,159.49630585979227,,,,,,,,,488.5761394303931,25.0,D,,3.0,BOB,0.2400412410497665,5.0,-0.031500004,-0.098000005,0.1029381,NO_NEARBY_SARAL
GRID_1417,INDIAN_MARINE,19.25,81.0,61.39018132734523,,,,,,,,,191.13504362779983,20.0,D,998.0,3.0,BOB,,,,,,SARAL_AltiKa
GRID_1418,INDIAN_MARINE,15.75,89.75,71.76691952031639,8.27,2.068,5.93,205.82,,,302.46,,115.64278288953936,40.0,CS,984.0,7.934933544931562,BOB,0.2217661589384079,7.0,0.16700001,0.21600002,0.27302933,SARAL_AltiKa
GRID_1419,INDIAN_MARINE,7.5,82.25,78.58359139565891,7.55,2.593,6.19,190.96,,,302.35,,169.04589148051886,25.0,,,3.0,BOB,0.1815880686044693,8.699999809265137,-0.0825,-0.2675,0.27993304,SARAL_AltiKa
GRID_1420,INDIAN_MARINE,9.75,80.0,191.13699139686,,,,,,,,,61.46079320126468,25.0,,,3.0,BOB,,,0.1185,0.097,0.15313801,NO_NEARBY_SARAL
GRID_1421,INDIAN_MARINE,7.25,69.75,420.64632266659856,,,,,,,,,359.8543164798786,25.0,D,,3.0,ARB,0.1872689574956894,6.099999904632568,0.21400002,0.09,0.23215513,NO_NEARBY_SARAL
GRID_1422,INDIAN_MARINE,10.75,71.0,351.80831649250206,,,,,,,,,305.7860482725364,25.0,D,,3.0,ARB,0.1365502923727035,4.0,0.005999999,0.073,0.07324616,NO_NEARBY_SARAL
GRID_1423,INDIAN_MARINE,6.75,95.0,28.137036022646875,4.0,1.841,6.24,216.06,89388.0,0.267,302.45,2024-06-16 11:38:35.732206848,773.2600943467177,,,,,,0.2504450976848602,4.0,-0.15900001,-0.1875,0.2458399,SARAL_AltiKa
GRID_1424,INDIAN_MARINE,18.5,69.25,335.6660488299324,,,,,,,,,79.08652760724404,80.0,VSCS,970.0,30.0,ARB,0.0775495693087577,4.300000190734863,0.072500005,0.012500003,0.0735697,NO_NEARBY_SARAL
GRID_1425,INDIAN_MARINE,13.5,72.5,124.38555810230572,,,,,,,,,162.18365053008478,25.0,D,,3.0,ARB,0.1419577151536941,4.900000095367432,-0.021500003,0.0755,0.07850159,NO_NEARBY_SARAL
GRID_1426,INDIAN_MARINE,9.75,93.25,230.49943655444955,,,,,,,,,561.374350841695,,,,,,0.2388092875480651,5.099999904632568,0.072500005,-0.097,0.12110017,NO_NEARBY_SARAL
GRID_1427,INDIAN_MARINE,11.0,78.75,27.52081311591792,,,,,,,,,147.11722367568262,25.0,,,3.0,BOB,,,,,,SARAL_AltiKa
GRID_1428,INDIAN_MARINE,7.75,96.25,138.4423444585455,,,,,,,,,911.9101874167774,,,,,,0.23750901222229,5.699999809265137,-0.035000004,0.089,0.09563472,NO_NEARBY_SARAL
GRID_1429,INDIAN_MARINE,12.0,88.5,150.60665191667061,,,,,,,,,427.4215560851084,25.0,D,990.0,3.0995834159888913,BOB,0.2392200529575348,6.199999809265137,0.055,0.021500006,0.059052944,NO_NEARBY_SARAL
GRID_1430,INDIAN_MARINE,8.5,95.25,13.148965083107216,4.09,1.006,5.39,216.54,163633.0,0.154,302.47,2024-06-16 11:38:06.799922048,782.2425228481673,,,,,,0.23942531645298,3.900000095367432,0.186,-0.0855,0.20471016,SARAL_AltiKa
GRID_1431,INDIAN_MARINE,11.0,94.25,153.08463741550355,,,,,,,,,490.28644019552576,25.0,D,990.0,3.0995834159888913,BOB,0.2163588106632232,6.800000190734863,-0.241,-0.030000001,0.24286003,NO_NEARBY_SARAL
GRID_1432,INDIAN_MARINE,13.5,76.0,244.4058065891592,,,,,,,,,363.7958071630956,30.0,DD,996.0,4.0,BOB,,,,,,NO_NEARBY_SARAL
GRID_1433,INDIAN_MARINE,13.0,85.0,200.00518510289314,,,,,,,,,292.2791660338848,25.0,D,,3.0,BOB,0.1454483866691589,4.5,-0.049500003,0.064500004,0.08130498,NO_NEARBY_SARAL
GRID_1434,INDIAN_MARINE,14.25,82.75,135.66296182883073,,,,,,,,,38.70279854588522,30.0,DD,,5.0,BOB,0.1146475300192833,4.800000190734863,0.086500004,-0.1665,0.18762863,NO_NEARBY_SARAL
GRID_1435,INDIAN_MARINE,7.5,73.0,218.2931283357304,,,,,,,,,680.981096676927,,,,,,0.1397673338651657,6.5,-0.06650001,0.23600002,0.24519025,NO_NEARBY_SARAL
GRID_1436,INDIAN_MARINE,11.0,92.25,223.76213354870956,,,,,,,,,397.5884926906061,25.0,D,990.0,3.0995834159888913,BOB,,,0.008000001,-0.040999997,0.041773196,NO_NEARBY_SARAL
GRID_1437,INDIAN_MARINE,18.5,70.5,207.32952868128385,,,,,,,,,52.72437279375804,80.0,VSCS,970.0,30.0,ARB,0.1049280986189842,5.800000190734863,0.056,0.030000003,0.06352952,NO_NEARBY_SARAL
GRID_1438,INDIAN_MARINE,8.75,73.25,161.00660436399707,,,,,,,,,582.4044335638861,,,,,,0.1953457593917846,5.300000190734863,-0.087000005,0.17950001,0.19947244,NO_NEARBY_SARAL
GRID_1439,INDIAN_MARINE,19.25,83.0,265.8488478476004,,,,,,,,,211.62768000440175,20.0,D,,3.0,BOB,,,,,,NO_NEARBY_SARAL
GRID_1440,INDIAN_MARINE,18.25,68.75,393.6626045149825,,,,,,,,,134.8038903469923,80.0,VSCS,970.0,30.0,ARB,0.0658452957868576,4.300000190734863,0.065500006,-0.079500005,0.10300729,NO_NEARBY_SARAL
GRID_1441,INDIAN_MARINE,16.25,76.5,332.1561935653085,,,,,,,,,215.4405477793658,25.0,D,997.0,3.0,BOB,,,,,,NO_NEARBY_SARAL
GRID_1442,INDIAN_MARINE,7.5,92.5,168.73077892323653,,,,,,,,,499.4769042781009,25.0,D,,3.0,BOB,0.2416154742240905,3.900000095367432,0.0495,-0.11600001,0.12611999,NO_NEARBY_SARAL
GRID_1443,INDIAN_MARINE,16.75,73.5,59.14468117389721,4.0200000000000005,1.7710000000000001,7.5,237.77,,,302.51,,418.837284389474,80.0,VSCS,970.0,30.0,ARB,,,,,,SARAL_AltiKa
GRID_1444,INDIAN_MARINE,17.25,70.75,213.4078208251906,,,,,,,,,160.05805704521484,80.0,VSCS,970.0,30.0,ARB,0.1194388419389724,4.5,-0.1215,0.1,0.15736026,NO_NEARBY_SARAL
GRID_1445,INDIAN_MARINE,12.25,88.5,144.46314343738356,,,,,,,,,409.75776425260096,25.0,D,990.0,3.0995834159888913,BOB,0.2132786214351654,7.300000190734863,0.031500004,-0.0405,0.051307894,NO_NEARBY_SARAL
GRID_1446,INDIAN_MARINE,10.25,88.0,184.29233078964057,,,,,,,,,361.38351159481584,25.0,D,,3.0,BOB,0.2092404216527938,5.900000095367432,0.028,0.1075,0.11108668,NO_NEARBY_SARAL
GRID_1447,INDIAN_MARINE,10.5,92.5,238.7765177781458,,,,,,,,,457.8302875015606,25.0,D,990.0,3.0995834159888913,BOB,,,-0.0045,-0.036000002,0.036280163,NO_NEARBY_SARAL
GRID_1448,INDIAN_MARINE,18.5,81.25,80.34576340009855,,,,,,,,,204.32010874482364,25.0,DD,,4.0,BOB,,,,,,SARAL_AltiKa
GRID_1449,INDIAN_MARINE,10.75,81.75,53.639978756346764,7.98,1.926,5.3100000000000005,187.59,,,302.63,,86.48767234898312,30.0,DD,992.0,4.0,BOB,0.1314853131771087,6.900000095367432,-0.101500005,0.034999996,0.10736504,SARAL_AltiKa
GRID_1450,INDIAN_MARINE,16.75,77.25,265.5520274575663,,,,,,,,,135.88220018704823,20.0,D,998.0,3.0,BOB,,,,,,NO_NEARBY_SARAL
GRID_1451,INDIAN_MARINE,5.25,79.0,193.2544240983523,,,,,,,,,475.78257844013314,25.0,,,3.0,BOB,0.1847366392612457,5.400000095367432,0.3545,0.07300001,0.36193818,NO_NEARBY_SARAL
GRID_1452,INDIAN_MARINE,18.25,69.0,367.95356750589673,,,,,,,,,109.1253851365752,80.0,VSCS,970.0,30.0,ARB,0.0722107663750648,4.099999904632568,0.026500002,-0.010499999,0.028504387,NO_NEARBY_SARAL
GRID_1453,INDIAN_MARINE,14.0,94.75,170.39658902475318,,,,,,,,,354.6449962914052,25.0,D,990.0,3.0995834159888913,BOB,0.270704984664917,6.300000190734863,0.178,-0.22350001,0.2857206,NO_NEARBY_SARAL
GRID_1454,INDIAN_MARINE,20.75,71.0,99.27702250771668,4.38,1.1420000000000001,4.8100000000000005,215.01,,,301.49,,58.99404978299734,90.0,ESCS,962.0,40.0,ARB,,,,,,SARAL_AltiKa
GRID_1455,INDIAN_MARINE,18.0,68.75,400.31413465244356,,,,,,,,,143.2320936056014,80.0,VSCS,970.0,30.0,ARB,0.0609171278774738,3.799999952316284,0.07700001,-0.09150001,0.11958784,NO_NEARBY_SARAL
GRID_1456,INDIAN_MARINE,14.75,80.0,68.5231725744006,,,,,,,,,27.798731661139723,50.0,SCS,986.0,14.0,BOB,,,,,,SARAL_AltiKa
GRID_1457,INDIAN_MARINE,10.25,84.5,189.0323115887034,,,,,,,,,109.24388832478104,25.0,D,990.0,3.0,BOB,0.1325805038213729,6.300000190734863,-0.21350002,-0.090500005,0.23188901,NO_NEARBY_SARAL
GRID_1458,INDIAN_MARINE,15.75,90.5,149.98950912157696,,,,,,,,,60.2706723595965,40.0,CS,984.0,7.934933544931562,BOB,0.2450378090143203,5.900000095367432,0.13000001,0.086500004,0.15614818,NO_NEARBY_SARAL
GRID_1459,INDIAN_MARINE,11.0,90.75,64.18090180216076,7.3100000000000005,2.095,6.03,208.66,,,302.27,,397.5884926906058,25.0,D,990.0,3.0995834159888913,BOB,0.2429843991994857,5.099999904632568,-0.083000004,-0.0345,0.08988465,SARAL_AltiKa
GRID_1460,INDIAN_MARINE,17.0,76.5,348.9597080053795,,,,,,,,,212.6715513111886,20.0,D,998.0,3.0,BOB,,,,,,NO_NEARBY_SARAL
GRID_1461,INDIAN_MARINE,13.25,92.75,328.4122891332328,,,,,,,,,193.717842736028,25.0,D,990.0,3.0995834159888913,BOB,,,,,,NO_NEARBY_SARAL
GRID_1462,INDIAN_MARINE,8.5,83.5,79.5549201671179,5.7700000000000005,2.481,6.8,177.48,,,302.44,,0.0,25.0,D,,4.0,BOB,0.1475700587034225,5.699999809265137,-0.17050001,-0.076000005,0.18667151,SARAL_AltiKa
GRID_1463,INDIAN_MARINE,8.5,92.25,165.37431093732937,,,,,,,,,497.0652059101663,25.0,D,,3.0,BOB,0.2309378832578659,4.5,-0.0555,-0.06250001,0.08358529,NO_NEARBY_SARAL
GRID_1464,INDIAN_MARINE,20.25,69.5,264.1916928079267,,,,,,,,,59.068997488007696,25.0,D,,3.0,ARB,0.0888432115316391,4.900000095367432,0.0005000001,0.050000004,0.050002504,NO_NEARBY_SARAL
GRID_1465,INDIAN_MARINE,8.0,90.5,34.234733035227926,6.53,2.097,6.71,208.27,,,302.2,,297.1909350674554,25.0,D,,3.0,BOB,0.241752341389656,3.799999952316284,-0.008500002,0.020000003,0.021731317,SARAL_AltiKa
GRID_1466,INDIAN_MARINE,14.75,95.75,83.09391601323195,4.1,1.286,5.53,236.49,,,302.29,,313.4360815788952,115.0,VSCS,,65.58718508232494,BOB,0.281040608882904,5.900000095367432,0.029000003,-0.057500005,0.06439915,SARAL_AltiKa
GRID_1467,INDIAN_MARINE,10.0,84.75,156.50203370471309,,,,,,,,,105.87051789993492,25.0,D,990.0,3.0,BOB,0.1232717484235763,3.900000095367432,-0.22100002,-0.050000004,0.22658554,NO_NEARBY_SARAL
GRID_1468,INDIAN_MARINE,5.5,73.5,213.08035802510673,,,,,,,,,765.118478437963,,,,,,,,-0.22850001,0.261,0.34689084,NO_NEARBY_SARAL
GRID_1469,INDIAN_MARINE,13.0,81.75,1.1517534739983133,6.98,1.534,4.82,184.01,,,302.72,,42.980614336269795,55.0,SCS,982.0,18.0,BOB,0.1279945373535156,4.199999809265137,-0.029000007,0.056,0.063063465,SARAL_AltiKa
GRID_1470,INDIAN_MARINE,16.5,95.0,190.81614076023234,,,,,,,,,103.64823737378146,115.0,VSCS,,65.58718508232494,BOB,,,,,,NO_NEARBY_SARAL
GRID_1471,INDIAN_MARINE,17.0,78.75,115.86197541080475,,,,,,,,,26.584057494617777,20.0,D,998.0,3.0,BOB,,,,,,NO_NEARBY_SARAL
GRID_1472,INDIAN_MARINE,19.25,74.5,220.81236543919877,,,,,,,,,393.5427664163287,50.0,SCS,990.0,12.0,ARB,,,,,,NO_NEARBY_SARAL
GRID_1473,INDIAN_MARINE,9.0,81.0,176.24077780037655,,,,,,,,,109.82589846667332,25.0,,,3.0,BOB,,,,,,NO_NEARBY_SARAL
GRID_1474,INDIAN_MARINE,7.5,79.25,165.6588039707625,,,,,,,,,224.08268837442185,25.0,,,3.0,BOB,0.0918493196368217,5.599999904632568,-0.0435,0.26850003,0.27200094,NO_NEARBY_SARAL
GRID_1475,INDIAN_MARINE,9.5,82.0,57.21692550277746,7.54,1.9180000000000001,5.86,177.66,,,302.56,,55.597463322279445,25.0,,,3.0,BOB,0.1462012082338333,5.0,-0.131,-0.028499998,0.13406435,SARAL_AltiKa
GRID_1476,INDIAN_MARINE,7.25,92.75,189.73659371022552,,,,,,,,,524.8312595936771,,,,,,0.2461332529783249,4.5,0.0235,-0.119500004,0.121788755,NO_NEARBY_SARAL
GRID_1477,INDIAN_MARINE,7.25,81.0,218.9542846474007,,,,,,,,,223.5666176305089,25.0,,,3.0,BOB,,,,,,NO_NEARBY_SARAL
GRID_1478,INDIAN_MARINE,9.25,91.75,129.46427392869543,,,,,,,,,482.6695325691093,25.0,D,,3.0,BOB,0.2530460953712463,4.400000095367432,0.07300001,0.028500006,0.07836613,NO_NEARBY_SARAL
GRID_1479,INDIAN_MARINE,10.5,95.75,18.522116222204758,5.07,1.534,5.37,233.9,246175.0,0.085,302.51,2024-06-16 11:37:32.712274048,640.7756279515315,,,,,,0.2954142987728119,5.699999809265137,-0.17300001,0.0205,0.17421037,SARAL_AltiKa
GRID_1480,INDIAN_MARINE,5.25,73.0,273.1045291396688,,,,,,,,,782.2854094782891,,,,,,,,-0.20650001,0.21650001,0.29918975,NO_NEARBY_SARAL
GRID_1481,INDIAN_MARINE,17.75,85.5,257.2256632880734,,,,,,,,,98.72589054724529,30.0,DD,,5.0,BOB,0.1440794020891189,4.099999904632568,0.2105,0.0835,0.22645639,NO_NEARBY_SARAL
GRID_1482,INDIAN_MARINE,14.0,70.75,296.0551932792638,,,,,,,,,61.80764189205728,25.0,D,,3.0,ARB,0.0920602232217788,3.5999999046325684,-0.0535,-0.157,0.16586517,NO_NEARBY_SARAL
GRID_1483,INDIAN_MARINE,11.75,80.25,168.55027495433447,,,,,,,,,159.44116428272702,50.0,SCS,986.0,14.0,BOB,0.1334701925516128,4.699999809265137,0.0385,0.1365,0.1418256,NO_NEARBY_SARAL
GRID_1484,INDIAN_MARINE,7.75,93.25,183.78386880132186,,,,,,,,,584.9120814465301,,,,,,,,0.0020000003,-0.090500005,0.0905221,NO_NEARBY_SARAL
GRID_1485,INDIAN_MARINE,16.0,94.25,268.92296392257714,,,,,,,,,146.98631247795117,115.0,VSCS,,65.58718508232494,BOB,,,-0.1365,0.0255,0.13886143,NO_NEARBY_SARAL
GRID_1486,INDIAN_MARINE,10.5,73.25,118.34750482049283,,,,,,,,,413.7045810116734,25.0,D,,3.0,ARB,0.1785080283880233,3.900000095367432,0.0295,-0.005000001,0.029920729,NO_NEARBY_SARAL
GRID_1487,INDIAN_MARINE,9.75,69.5,450.7620766110911,,,,,,,,,254.435224643552,25.0,D,,3.0,ARB,0.1175221726298332,5.699999809265137,-0.0165,0.0355,0.03914716,NO_NEARBY_SARAL
GRID_1488,INDIAN_MARINE,10.25,92.0,179.64555301840815,,,,,,,,,475.6868101494584,25.0,D,990.0,3.0995834159888913,BOB,0.2229980677366256,5.300000190734863,0.042500004,0.013999999,0.04474651,NO_NEARBY_SARAL
GRID_1489,INDIAN_MARINE,6.0,75.5,14.685552635579075,5.7,1.85,6.46,184.81,,,302.24,,563.7813126874756,,,,,,0.1854894161224365,4.099999904632568,-0.08850001,0.2655,0.2798616,SARAL_AltiKa
GRID_1490,INDIAN_MARINE,13.75,96.5,19.658133734902254,4.83,1.108,5.22,234.07,162777.0,0.084,302.29,2024-06-16 11:36:37.970462848,439.4145106533539,30.0,DD,,4.463400119024003,BOB,0.2763863205909729,6.099999904632568,0.17050001,0.087500006,0.1916416,SARAL_AltiKa
GRID_1491,INDIAN_MARINE,13.5,81.25,40.102094987645884,7.08,1.624,4.93,184.13,,,302.75,,92.98503790814516,55.0,SCS,982.0,18.0,BOB,0.1242300495505333,4.699999809265137,-0.068,0.26250002,0.27116466,SARAL_AltiKa
GRID_1492,INDIAN_MARINE,14.5,80.5,94.5311745269945,8.77,1.633,5.03,176.67000000000002,,,302.73,,53.82654221911334,50.0,SCS,986.0,14.0,BOB,0.083961583673954,4.5,,,,SARAL_AltiKa
GRID_1493,INDIAN_MARINE,8.0,79.5,180.3671101521872,,,,,,,,,166.79238996683816,25.0,,,3.0,BOB,,,0.0020000003,0.2565,0.2565078,NO_NEARBY_SARAL
GRID_1494,INDIAN_MARINE,15.5,85.75,179.40956728636243,,,,,,,,,61.70011432240771,35.0,CS,,7.0,BOB,0.2093087285757064,4.800000190734863,-0.0785,0.017,0.08031968,NO_NEARBY_SARAL
GRID_1495,INDIAN_MARINE,7.5,79.0,138.79628392854525,,,,,,,,,229.0861498733775,25.0,,,3.0,BOB,0.0986995324492454,4.5,-0.05350001,0.17300001,0.18108356,NO_NEARBY_SARAL
GRID_1496,INDIAN_MARINE,22.0,76.0,363.86701181423695,,,,,,,,,195.79078158918452,25.0,D,999.0,3.0,ARB,,,,,,NO_NEARBY_SARAL
GRID_1497,INDIAN_MARINE,15.5,71.75,153.54765500072105,,,,,,,,,236.59113738732825,25.0,D,,3.0,ARB,0.1730321645736694,7.400000095367432,-0.0039999997,-0.0335,0.03373796,NO_NEARBY_SARAL
GRID_1498,INDIAN_MARINE,14.25,71.75,184.70020169959284,,,,,,,,,116.2315936570444,25.0,D,,3.0,ARB,0.1305954903364181,4.900000095367432,-0.007000001,0.045,0.04554119,NO_NEARBY_SARAL
GRID_1499,INDIAN_MARINE,15.25,84.0,289.79102532937947,,,,,,,,,128.42965143115478,45.0,CS,,10.0,BOB,0.1818618476390838,4.900000095367432,0.149,0.11850001,0.19037661,NO_NEARBY_SARAL
GRID_1500,INDIAN_MARINE,10.0,76.25,189.6932706948002,,,,,,,,,303.11838889513405,25.0,,,3.0,BOB,,,,,,NO_NEARBY_SARAL
GRID_1501,INDIAN_MARINE,10.25,79.75,152.21092004176768,,,,,,,,,87.7778697116177,25.0,,,3.0,BOB,,,,,,NO_NEARBY_SARAL
GRID_1502,INDIAN_MARINE,7.5,90.5,46.24511074499892,6.59,1.994,6.91,205.42000000000002,,,302.2,,281.312284324444,25.0,D,,3.0,BOB,0.2364136129617691,6.0,-0.17350002,0.0545,0.18185848,SARAL_AltiKa
GRID_1503,INDIAN_MARINE,12.5,78.75,9.179815954287506,,,,,,,,,252.3760630025302,55.0,SCS,982.0,18.0,BOB,,,,,,SARAL_AltiKa
GRID_1504,INDIAN_MARINE,16.25,94.75,222.60613708568252,,,,,,,,,119.74985431691708,115.0,VSCS,,65.58718508232494,BOB,,,,,,NO_NEARBY_SARAL
GRID_1505,INDIAN_MARINE,19.5,83.0,259.35125510461336,,,,,,,,,209.63271686148488,20.0,D,,3.0,BOB,,,,,,NO_NEARBY_SARAL
GRID_1506,INDIAN_MARINE,12.25,75.0,109.59413841000406,,,,,,,,,455.3168360621085,25.0,D,,3.0,ARB,,,0.028500002,-0.060500003,0.066876754,NO_NEARBY_SARAL
GRID_1507,INDIAN_MARINE,15.0,96.75,15.878089896510888,4.15,1.1380000000000001,5.47,235.83,123164.0,0.137,302.3,2024-06-16 11:36:18.337842048,307.88211067875613,30.0,DD,,4.463400119024003,BOB,0.3605751991271972,6.300000190734863,0.040500004,0.105000004,0.11254,SARAL_AltiKa
GRID_1508,INDIAN_MARINE,5.5,79.5,241.16259546370395,,,,,,,,,444.77970657823505,25.0,,,3.0,BOB,0.1514032334089279,3.900000095367432,0.33350003,0.17300001,0.37570104,NO_NEARBY_SARAL
GRID_1509,INDIAN_MARINE,12.75,68.5,411.9076836473241,,,,,,,,,149.24411387486555,25.0,D,,3.0,ARB,0.0745379477739334,3.5,-0.058500007,0.0275,0.06464133,NO_NEARBY_SARAL
GRID_1510,INDIAN_MARINE,16.0,76.0,301.5339925000671,,,,,,,,,267.216948614171,25.0,D,997.0,3.0,BOB,,,,,,NO_NEARBY_SARAL
GRID_1511,INDIAN_MARINE,15.25,93.25,356.3045309297841,,,,,,,,,205.7291043859633,25.0,D,990.0,3.0995834159888913,BOB,0.2425737679004669,6.0,0.012,0.0025000125,0.012257653,NO_NEARBY_SARAL
GRID_1512,INDIAN_MARINE,17.25,73.25,45.20502006719512,4.04,1.814,7.4,239.20000000000002,,,302.41,,370.95026527131574,80.0,VSCS,970.0,30.0,ARB,,,,,,SARAL_AltiKa
GRID_1513,INDIAN_MARINE,13.0,75.75,206.47550299837653,,,,,,,,,415.20493391846753,30.0,DD,996.0,4.0,BOB,,,,,,NO_NEARBY_SARAL
GRID_1514,INDIAN_MARINE,9.0,92.0,150.3596935855876,,,,,,,,,493.3883457163451,25.0,D,,3.0,BOB,0.2507873475551605,6.300000190734863,-0.004000008,-0.000500001,0.004031137,NO_NEARBY_SARAL
GRID_1515,INDIAN_MARINE,12.25,85.25,156.0680144701159,,,,,,,,,330.1861845467302,30.0,DD,992.0,4.0,BOB,0.1819303631782531,5.5,-0.14350002,-0.0055000037,0.14360537,NO_NEARBY_SARAL
GRID_1516,INDIAN_MARINE,18.25,85.25,294.3349144817096,,,,,,,,,76.60522921880877,30.0,DD,,5.0,BOB,0.1494867354631424,4.199999809265137,0.50400007,0.15650001,0.52773887,NO_NEARBY_SARAL
GRID_1517,INDIAN_MARINE,15.75,80.25,70.17941273100149,,,,,,,,,115.8482712747026,30.0,DD,995.0,5.0,BOB,,,,,,SARAL_AltiKa
GRID_1518,INDIAN_MARINE,13.25,91.25,170.18143254494905,,,,,,,,,141.5893119773029,25.0,D,990.0,3.0995834159888913,BOB,0.200205460190773,4.300000190734863,0.044,0.0045000017,0.044229515,NO_NEARBY_SARAL
GRID_1519,INDIAN_MARINE,5.75,71.75,395.75861535723647,,,,,,,,,636.3107432538221,,,,,,0.1655716001987457,4.300000190734863,-0.1685,0.021000002,0.16980357,NO_NEARBY_SARAL
GRID_1520,INDIAN_MARINE,20.75,76.5,347.2288394876266,,,,,,,,,342.59533152730836,25.0,D,999.0,3.0,ARB,,,,,,NO_NEARBY_SARAL
GRID_1521,INDIAN_MARINE,14.25,75.25,182.89365490169817,,,,,,,,,399.4478440510419,25.0,D,997.0,3.0,BOB,,,,,,NO_NEARBY_SARAL
GRID_1522,INDIAN_MARINE,21.25,73.0,115.09931010075056,,,,,,,,,138.99365830569826,50.0,SCS,990.0,12.0,ARB,,,,,,NO_NEARBY_SARAL
GRID_1523,INDIAN_MARINE,11.5,91.75,182.24988509405188,,,,,,,,,334.68235083325874,25.0,D,990.0,3.0995834159888913,BOB,0.2765229344367981,6.800000190734863,-0.009000003,-0.039499998,0.040512342,NO_NEARBY_SARAL
GRID_1524,INDIAN_MARINE,10.75,93.75,200.4502321340421,,,,,,,,,483.1690487532152,25.0,D,990.0,3.0995834159888913,BOB,0.2441479712724685,5.400000095367432,-0.12100001,-0.0365,0.12638533,NO_NEARBY_SARAL
GRID_1525,INDIAN_MARINE,11.0,96.5,86.32969825463712,4.8100000000000005,1.448,5.36,231.70000000000002,,,302.48,,667.3830836535395,,,,,,0.2475020289421081,5.099999904632568,-0.0515,-0.10650001,0.11829836,SARAL_AltiKa
GRID_1526,INDIAN_MARINE,7.25,73.0,224.3953277439639,,,,,,,,,688.5098051346298,,,,,,0.1392881870269775,3.4000000953674316,-0.038,0.21300001,0.21636313,NO_NEARBY_SARAL
GRID_1527,INDIAN_MARINE,5.25,75.75,23.909664072324805,5.44,1.8,6.23,184.3,,,302.27,,610.8711591714964,,,,,,0.1611910760402679,4.400000095367432,-0.113000005,0.2865,0.30797932,SARAL_AltiKa
GRID_1528,INDIAN_MARINE,14.5,78.5,82.83120589053557,,,,,,,,,77.34185272766494,30.0,DD,996.0,4.0,BOB,,,,,,SARAL_AltiKa
GRID_1529,INDIAN_MARINE,18.5,71.75,78.96585565305625,5.44,1.871,7.66,236.32,,,302.26,,184.53464148214772,80.0,VSCS,970.0,30.0,ARB,0.1526353061199188,6.900000095367432,0.024000004,-0.060500003,0.065086484,SARAL_AltiKa
GRID_1530,INDIAN_MARINE,17.75,74.75,211.94624320134162,,,,,,,,,376.70820388674815,20.0,D,998.0,3.0,BOB,,,,,,NO_NEARBY_SARAL
GRID_1531,INDIAN_MARINE,16.5,83.5,266.16311490105693,,,,,,,,,0.0,45.0,CS,,10.042650267804008,BOB,0.1467808485031128,5.199999809265137,0.184,0.1045,0.211604,NO_NEARBY_SARAL
GRID_1532,INDIAN_MARINE,15.25,91.5,242.80351530415047,,,,,,,,,60.38665138117602,35.0,CS,986.0,6.075183495338227,BOB,0.2247092872858047,4.800000190734863,-0.057500005,-0.181,0.1899138,NO_NEARBY_SARAL
GRID_1533,INDIAN_MARINE,17.75,83.75,320.3330697402767,,,,,,,,,141.50960176808252,50.0,SCS,,12.398333663955563,BOB,,,0.0785,0.032000005,0.08477176,NO_NEARBY_SARAL
GRID_1534,INDIAN_MARINE,9.0,83.75,118.16794473778215,,,,,,,,,52.26186465434859,25.0,D,990.0,3.0,BOB,0.136618822813034,7.300000190734863,-0.19050002,-0.036000006,0.19387175,NO_NEARBY_SARAL
GRID_1535,INDIAN_MARINE,5.5,80.0,295.1239932756822,,,,,,,,,447.34377250194575,25.0,,,3.0,BOB,0.1605066657066345,7.099999904632568,0.1955,0.22050002,0.29468715,NO_NEARBY_SARAL
GRID_1536,INDIAN_MARINE,20.25,72.0,10.466747441439761,4.12,1.702,6.51,234.81,,,,,158.80809758456726,90.0,ESCS,962.0,40.0,ARB,0.1352497935295105,4.800000190734863,-0.13300002,0.094000004,0.162865,SARAL_AltiKa
GRID_1537,INDIAN_MARINE,20.0,72.5,34.50779295013541,4.62,1.686,6.83,235.47,,,302.26,,215.9226145160689,90.0,ESCS,962.0,40.0,ARB,,,-0.1715,0.041,0.17633279,SARAL_AltiKa
GRID_1538,INDIAN_MARINE,13.75,94.5,190.89030283218466,,,,,,,,,334.0708906724436,25.0,D,990.0,3.0995834159888913,BOB,0.2427106648683548,5.300000190734863,0.1815,-0.20650001,0.27492636,NO_NEARBY_SARAL
GRID_1539,INDIAN_MARINE,13.25,75.0,133.16323157019647,,,,,,,,,433.60281875280646,25.0,D,,3.0,ARB,,,,,,NO_NEARBY_SARAL
GRID_1540,INDIAN_MARINE,9.0,83.5,91.42595798098999,4.59,2.242,6.96,174.43,,,302.48,,55.59746332227927,25.0,D,,4.0,BOB,0.1475016325712204,8.199999809265137,-0.19100001,-0.071,0.20376949,SARAL_AltiKa
GRID_1541,INDIAN_MARINE,7.25,93.0,198.9201126747016,,,,,,,,,552.3781315279664,,,,,,0.2503083646297455,5.800000190734863,0.0084999995,-0.13000001,0.1302776,NO_NEARBY_SARAL
GRID_1542,INDIAN_MARINE,11.5,70.5,386.0039204294239,,,,,,,,,228.91739918350143,25.0,D,,3.0,ARB,0.1182067394256591,4.099999904632568,0.0545,0.034500003,0.06450194,NO_NEARBY_SARAL
GRID_1543,INDIAN_MARINE,7.25,82.25,84.57575760141808,8.66,2.63,6.17,194.37,,,302.31,,194.97294674253249,25.0,,,3.0,BOB,0.1895962059497833,10.899999618530272,-0.0705,-0.18450001,0.19751076,SARAL_AltiKa
GRID_1544,INDIAN_MARINE,8.25,71.5,360.875219591672,,,,,,,,,501.6918150172562,,,,,,0.147433266043663,5.0,0.1305,0.25750002,0.28868064,NO_NEARBY_SARAL
GRID_1545,INDIAN_MARINE,18.0,71.75,91.39516420940208,5.1000000000000005,2.383,7.58,236.91,,,302.26,,192.9836407795173,80.0,VSCS,970.0,30.0,ARB,0.1221766769886016,5.400000095367432,0.035,-0.016,0.038483765,SARAL_AltiKa
GRID_1546,INDIAN_MARINE,9.5,77.0,123.49518493921668,,,,,,,,,220.39994262555948,25.0,,,3.0,BOB,,,,,,NO_NEARBY_SARAL
GRID_1547,INDIAN_MARINE,16.5,68.0,430.604066688654,,,,,,,,,53.30793139737343,65.0,VSCS,980.0,22.0,ARB,0.0687200129032135,5.699999809265137,-0.0705,0.0915,0.11550974,NO_NEARBY_SARAL
GRID_1548,INDIAN_MARINE,14.0,80.25,113.16524546443577,,,,,,,,,26.972989274411525,55.0,SCS,982.0,18.0,BOB,,,,,,NO_NEARBY_SARAL
GRID_1549,INDIAN_MARINE,19.0,82.25,194.6353007599601,,,,,,,,,212.91702716959588,25.0,DD,,4.0,BOB,,,,,,NO_NEARBY_SARAL
GRID_1550,INDIAN_MARINE,15.0,86.0,141.6023160304747,,,,,,,,,77.25460981329988,30.0,DD,,5.0,BOB,0.1861739754676818,5.699999809265137,0.028,0.010500003,0.029904015,NO_NEARBY_SARAL
GRID_1551,INDIAN_MARINE,7.75,82.0,99.3786103064771,6.2,2.602,6.34,185.11,,,302.39,,138.99365830569843,25.0,,,3.0,BOB,0.171516865491867,9.699999809265137,,,,SARAL_AltiKa
GRID_1552,INDIAN_MARINE,16.75,94.75,210.41951304171172,,,,,,,,,66.68373700468015,115.0,VSCS,,65.58718508232494,BOB,,,,,,NO_NEARBY_SARAL
GRID_1553,INDIAN_MARINE,12.5,90.0,20.493938068887942,8.040000000000001,2.0460000000000003,6.0,207.04,,,302.26,,275.2410771087284,25.0,D,990.0,3.0995834159888913,BOB,0.2414787262678146,5.599999904632568,0.055,0.019000001,0.058189347,SARAL_AltiKa
GRID_1554,INDIAN_MARINE,7.75,74.5,51.11051969518648,5.11,1.858,6.63,214.73000000000002,,,302.25,,540.0028906731667,,,,,,0.1619440466165542,4.300000190734863,-0.027500002,-0.0045000017,0.027865753,SARAL_AltiKa
GRID_1555,INDIAN_MARINE,7.5,74.5,57.10002116691105,4.83,1.805,6.62,212.8,,,302.25,,551.8939947797573,,,,,,0.1587269902229309,6.0,-0.030000001,0.056500003,0.0639707,SARAL_AltiKa
GRID_1556,INDIAN_MARINE,10.25,95.25,28.959027934757565,4.84,1.5190000000000001,5.26,233.70000000000002,259559.0,-0.014,302.52,2024-06-16 11:37:38.908881152,623.8012585157842,,,,,,0.25092414021492,7.300000190734863,-0.21100001,0.013499999,0.21143144,SARAL_AltiKa
GRID_1557,INDIAN_MARINE,12.0,89.5,44.70076786137199,7.68,2.0220000000000002,5.96,206.55,,,302.25,,352.31682440717975,25.0,D,990.0,3.0995834159888913,BOB,0.2333334386348724,7.0,0.144,0.036500003,0.14855385,SARAL_AltiKa
GRID_1558,INDIAN_MARINE,11.0,95.5,20.08917082440259,4.57,1.323,5.39,232.53,213229.0,0.174,302.49,2024-06-16 11:37:25.482898176,582.7390757861599,,,,,,0.2328543365001678,6.300000190734863,-0.206,-0.078,0.22027256,SARAL_AltiKa
GRID_1559,INDIAN_MARINE,12.75,94.25,193.9727132370968,,,,,,,,,355.20847731828997,25.0,D,990.0,3.0995834159888913,BOB,0.19288170337677,3.900000095367432,0.18450001,0.0465,0.19026956,NO_NEARBY_SARAL
GRID_1560,INDIAN_MARINE,14.25,85.25,202.70915315057357,,,,,,,,,193.298759603555,30.0,DD,,5.0,BOB,0.1583846360445022,5.400000095367432,-0.011500001,-0.056500003,0.05765848,NO_NEARBY_SARAL
GRID_1561,INDIAN_MARINE,16.5,68.75,440.16467054153696,,,,,,,,,133.26964939978987,65.0,VSCS,980.0,22.0,ARB,0.0725530087947845,4.699999809265137,-0.033,0.091000006,0.09679876,NO_NEARBY_SARAL
GRID_1562,INDIAN_MARINE,6.5,80.25,297.6331428650914,,,,,,,,,338.3013369394428,25.0,,,3.0,BOB,,,,,,NO_NEARBY_SARAL
GRID_1563,INDIAN_MARINE,15.0,91.75,263.20196503915804,,,,,,,,,61.75556019272783,25.0,D,990.0,3.0995834159888913,BOB,0.2274471074342727,4.099999904632568,-0.091000006,-0.2125,0.23116499,NO_NEARBY_SARAL
GRID_1564,INDIAN_MARINE,12.25,75.75,189.0380114086783,,,,,,,,,454.13558994699304,25.0,,,3.0,BOB,,,,,,NO_NEARBY_SARAL
GRID_1565,INDIAN_MARINE,6.5,69.25,349.534181940134,,,,,,,,,372.4547974713192,25.0,D,,3.0,ARB,0.1538672894239425,5.300000190734863,0.052000005,0.112500004,0.12393648,NO_NEARBY_SARAL
GRID_1566,INDIAN_MARINE,18.25,75.25,274.8954450470253,,,,,,,,,323.5087504694502,20.0,D,998.0,3.0,BOB,,,,,,NO_NEARBY_SARAL
GRID_1567,INDIAN_MARINE,9.5,69.25,418.38275168257627,,,,,,,,,253.11551246235507,25.0,D,,3.0,ARB,0.15126633644104,5.199999809265137,-0.024500001,0.013499998,0.027973201,NO_NEARBY_SARAL
GRID_1568,INDIAN_MARINE,9.75,84.25,189.25578536943942,,,,,,,,,47.602665109898744,25.0,D,990.0,3.0,BOB,0.1672142595052719,8.600000381469727,-0.2585,-0.041500002,0.26181006,NO_NEARBY_SARAL
GRID_1569,INDIAN_MARINE,11.5,74.5,38.773186590061194,4.72,1.827,7.45,228.6,,,302.53000000000003,,440.23368348511025,25.0,D,,3.0,ARB,0.2740590274333954,5.699999809265137,-0.0145000005,0.046000004,0.048231218,SARAL_AltiKa
GRID_1570,INDIAN_MARINE,14.0,96.0,39.03654337139747,5.0200000000000005,1.1480000000000001,5.21,234.92000000000002,156963.0,0.087,302.27,2024-06-16 11:36:35.903872000,400.54173561900535,115.0,VSCS,,65.58718508232494,BOB,0.264887273311615,5.099999904632568,0.165,0.056500006,0.17440543,SARAL_AltiKa
GRID_1571,INDIAN_MARINE,10.75,73.5,85.63816828204783,4.97,1.795,7.73,223.96,,,302.49,,409.09169239166016,25.0,D,,3.0,ARB,,,-0.035000004,0.014,0.037696157,SARAL_AltiKa
GRID_1572,INDIAN_MARINE,16.75,73.0,7.270955459867037,4.22,1.828,7.46,234.93,,,302.49,,372.7334168365212,80.0,VSCS,970.0,30.0,ARB,,,0.0075000003,-0.023500001,0.024667794,SARAL_AltiKa
GRID_1573,INDIAN_MARINE,19.5,84.25,386.89078046671676,,,,,,,,,78.61265105087942,20.0,D,,3.0,BOB,,,,,,NO_NEARBY_SARAL
GRID_1574,INDIAN_MARINE,12.75,92.5,290.61830053473847,,,,,,,,,222.58216151412583,25.0,D,990.0,3.0995834159888913,BOB,,,-0.072500005,0.034500003,0.08029011,NO_NEARBY_SARAL
GRID_1575,INDIAN_MARINE,10.5,80.5,192.87421490870017,,,,,,,,,156.0623331503608,25.0,,,3.0,BOB,0.128884345293045,8.699999809265137,-0.12850001,0.1985,0.23646249,NO_NEARBY_SARAL
GRID_1576,INDIAN_MARINE,8.25,95.75,72.68827118477968,4.01,1.049,5.45,215.44,,,302.46,,835.0935620700392,,,,,,0.2336070835590362,4.099999904632568,0.19950001,-0.010499999,0.19977613,SARAL_AltiKa
GRID_1577,INDIAN_MARINE,17.0,72.0,90.29555290904807,4.04,1.814,7.4,239.20000000000002,,,302.41,,269.5858071337242,80.0,VSCS,970.0,30.0,ARB,0.1735797375440597,4.900000095367432,-0.008,0.0375,0.03834384,SARAL_AltiKa
GRID_1578,INDIAN_MARINE,20.75,69.75,225.80538335715448,,,,,,,,,82.8534999148912,90.0,ESCS,962.0,40.0,ARB,0.1128011271357536,6.099999904632568,0.10250001,-0.0025,0.10253049,NO_NEARBY_SARAL
GRID_1579,INDIAN_MARINE,6.5,74.5,81.16406617532648,5.2700000000000005,1.725,6.59,189.01,,,302.25,,609.8744941663381,,,,,,0.1685149520635604,5.699999809265137,-0.176,0.18650001,0.25643373,SARAL_AltiKa
GRID_1580,INDIAN_MARINE,10.0,96.5,110.60416954754687,,,,,,,,,738.5036050755389,,,,,,0.2351132035255432,5.199999809265137,-0.194,-0.105000004,0.22059238,NO_NEARBY_SARAL
GRID_1581,INDIAN_MARINE,18.75,77.75,259.54973681543765,,,,,,,,,101.6040716092887,20.0,D,998.0,3.0,BOB,,,,,,NO_NEARBY_SARAL
GRID_1582,INDIAN_MARINE,6.5,75.25,1.6307053111928118,5.5600000000000005,1.858,6.55,187.85,,,302.24,,544.9619697890308,,,,,,0.1993840783834457,6.099999904632568,-0.15100001,0.23300001,0.2776509,SARAL_AltiKa
GRID_1583,INDIAN_MARINE,5.25,77.25,4.543170671122115,5.44,1.859,6.55,186.38,,,302.03000000000003,,531.0832372123649,,,,,,0.1800822615623474,4.199999809265137,-0.0065,0.119,0.11917739,SARAL_AltiKa
GRID_1584,INDIAN_MARINE,17.25,73.5,71.0603251384426,3.92,1.8780000000000001,7.36,237.86,,,302.42,,395.6022329954166,80.0,VSCS,970.0,30.0,ARB,,,,,,SARAL_AltiKa
GRID_1585,INDIAN_MARINE,7.75,91.0,13.691171669233054,6.84,2.077,6.86,206.04,,,302.2,,341.17170598868984,25.0,D,,3.0,BOB,0.2060920298099517,5.199999809265137,-0.055,-0.029000001,0.062177166,SARAL_AltiKa
GRID_1586,INDIAN_MARINE,13.0,71.75,215.8774289994076,,,,,,,,,98.38997770288933,25.0,D,,3.0,ARB,0.1453798860311508,4.599999904632568,-0.031,0.0535,0.061832435,NO_NEARBY_SARAL
GRID_1587,INDIAN_MARINE,15.25,78.75,74.42859427419396,,,,,,,,,38.63839554269861,30.0,DD,996.0,4.0,BOB,,,,,,SARAL_AltiKa
GRID_1588,INDIAN_MARINE,15.5,76.25,316.2950109826176,,,,,,,,,247.12842034455,25.0,D,997.0,3.0,BOB,,,,,,NO_NEARBY_SARAL
GRID_1589,INDIAN_MARINE,10.75,68.5,366.7553639697455,,,,,,,,,99.65377607570277,25.0,D,,3.0,ARB,0.111498937010765,4.699999809265137,0.076000005,-0.052000005,0.09208692,NO_NEARBY_SARAL
GRID_1590,INDIAN_MARINE,11.5,88.75,136.37510382259066,,,,,,,,,447.24477205960295,25.0,D,990.0,3.0995834159888913,BOB,0.2062972337007522,4.800000190734863,0.035500005,0.1215,0.12658001,NO_NEARBY_SARAL
GRID_1591,INDIAN_MARINE,5.75,75.75,35.762563350214734,5.91,1.848,6.2700000000000005,184.81,,,302.25,,566.6553627371158,,,,,,0.2229296118021011,4.0,-0.0895,0.24900001,0.2645964,SARAL_AltiKa
GRID_1592,INDIAN_MARINE,7.75,96.0,111.59384332400055,,,,,,,,,886.1149973911452,,,,,,0.2501028478145599,6.599999904632568,-0.0445,0.0735,0.085921474,NO_NEARBY_SARAL
GRID_1593,INDIAN_MARINE,18.75,71.0,149.6622281582381,,,,,,,,,108.9765177046976,80.0,VSCS,970.0,30.0,ARB,0.1273786425590515,5.800000190734863,0.00049999915,0.021000002,0.021005953,NO_NEARBY_SARAL
GRID_1594,INDIAN_MARINE,14.0,71.0,269.7708173619122,,,,,,,,,55.597463322279445,25.0,D,,3.0,ARB,0.0910335108637809,3.5999999046325684,-0.06650001,-0.16100001,0.17419316,NO_NEARBY_SARAL
GRID_1595,INDIAN_MARINE,19.25,79.75,55.256311297112696,,,,,,,,,64.12085890224107,20.0,D,998.0,3.0,BOB,,,,,,SARAL_AltiKa
GRID_1596,INDIAN_MARINE,10.75,81.0,133.5094332473137,,,,,,,,,166.13885913439992,30.0,DD,992.0,4.0,BOB,0.1375084966421127,6.599999904632568,-0.16600001,0.30550003,0.34768704,NO_NEARBY_SARAL
GRID_1597,INDIAN_MARINE,5.75,80.5,309.4217396237055,,,,,,,,,397.431285100378,25.0,,,3.0,BOB,,,0.062000006,0.21150002,0.22040023,NO_NEARBY_SARAL
GRID_1598,INDIAN_MARINE,13.25,85.5,153.09938548334628,,,,,,,,,272.38711842329616,30.0,DD,,5.0,BOB,0.1966461837291717,6.300000190734863,-0.056,0.0345,0.06577423,NO_NEARBY_SARAL
GRID_1599,INDIAN_MARINE,6.75,78.0,49.313849831248874,5.76,1.966,6.26,215.45000000000002,,,301.92,,345.98964127968276,25.0,,,3.0,BOB,0.1603696644306183,3.4000000953674316,-0.1275,-0.079,0.14999083,SARAL_AltiKa
GRID_1600,INDIAN_MARINE,13.25,73.5,25.118565301068138,4.47,1.9040000000000001,6.96,242.6,,,302.5,,271.87098146567564,25.0,D,,3.0,ARB,0.2004109472036361,5.199999809265137,-0.042500004,0.0465,0.06299604,SARAL_AltiKa
GRID_1601,INDIAN_MARINE,8.25,70.25,494.94279921179884,,,,,,,,,366.896573063606,25.0,D,,3.0,ARB,0.1553730815649032,4.300000190734863,0.09650001,-0.0635,0.115518406,NO_NEARBY_SARAL
GRID_1602,INDIAN_MARINE,13.25,94.0,231.96565453105856,,,,,,,,,303.5592209810106,25.0,D,990.0,3.0995834159888913,BOB,0.1574264466762542,7.099999904632568,0.059500005,-0.0165,0.06174545,NO_NEARBY_SARAL
GRID_1603,INDIAN_MARINE,15.0,85.25,220.05777135313912,,,,,,,,,114.37600411774808,35.0,CS,,7.0,BOB,0.210883155465126,4.699999809265137,0.1315,-0.11400001,0.1740352,NO_NEARBY_SARAL
GRID_1604,INDIAN_MARINE,10.0,95.5,4.755086459408177,4.92,1.337,5.24,233.13,255326.0,0.021,302.53000000000003,2024-06-16 11:37:42.007185024,662.7109714582979,,,,,,0.2335386127233505,5.599999904632568,-0.17650001,0.042500004,0.18154477,SARAL_AltiKa
GRID_1605,INDIAN_MARINE,6.75,78.5,103.14554392563008,,,,,,,,,324.9922557462912,25.0,,,3.0,BOB,0.1456536501646042,4.400000095367432,-0.1365,0.0069999993,0.13667937,NO_NEARBY_SARAL
GRID_1606,INDIAN_MARINE,11.25,82.0,15.060378723053462,7.38,1.756,5.15,188.33,,,302.64,,61.22712948612678,30.0,DD,992.0,4.0,BOB,0.1541410982608795,5.400000095367432,-0.028500002,0.0335,0.043982953,SARAL_AltiKa
GRID_1607,INDIAN_MARINE,9.25,78.75,69.74383457710822,,,,,,,,,57.05784109000688,25.0,,,3.0,BOB,,,,,,SARAL_AltiKa
GRID_1608,INDIAN_MARINE,12.75,78.0,93.88903610584514,,,,,,,,,272.48087384630855,30.0,DD,996.0,4.0,BOB,,,,,,SARAL_AltiKa
GRID_1609,INDIAN_MARINE,9.5,90.0,51.731144275056195,7.88,2.15,6.28,210.79,,,302.27,,354.5526649516163,25.0,D,,3.0,BOB,0.2260782569646835,8.800000190734863,0.041500002,0.0035000003,0.04164733,SARAL_AltiKa
GRID_1610,INDIAN_MARINE,19.5,80.5,4.3706908848030785,,,,,,,,,147.36091916831015,20.0,D,998.0,3.0,BOB,,,,,,SARAL_AltiKa
GRID_1611,INDIAN_MARINE,20.0,70.25,194.4553624263105,,,,,,,,,61.41063199859227,90.0,ESCS,962.0,40.0,ARB,0.0925393477082252,4.300000190734863,0.051000003,-0.014,0.052886676,NO_NEARBY_SARAL
GRID_1612,INDIAN_MARINE,12.75,74.5,68.58434185870915,3.87,1.7730000000000001,6.94,239.53,,,302.53000000000003,,388.0761278958113,25.0,D,,3.0,ARB,,,0.039,0.017,0.042544097,SARAL_AltiKa
GRID_1613,INDIAN_MARINE,12.75,96.0,9.041084063984476,4.61,1.372,5.23,229.19,180861.0,0.103,302.37,2024-06-16 11:36:55.532628992,523.7564742027903,,,,,,0.2733745872974396,5.5,0.105000004,-0.165,0.19557609,SARAL_AltiKa
GRID_1614,INDIAN_MARINE,14.75,93.25,345.05816351548947,,,,,,,,,190.32660448839823,25.0,D,990.0,3.0995834159888913,BOB,0.2380563914775848,4.699999809265137,0.0785,0.076500006,0.10961068,NO_NEARBY_SARAL
GRID_1615,INDIAN_MARINE,16.5,90.75,193.50128058060847,,,,,,,,,26.65397081543464,40.0,CS,984.0,7.934933544931562,BOB,0.2305956482887268,5.800000190734863,0.13250001,0.094500005,0.16274674,NO_NEARBY_SARAL
GRID_1616,INDIAN_MARINE,14.0,80.5,106.79908998117645,,,,,,,,,0.0,55.0,SCS,982.0,18.0,BOB,0.0935659930109977,4.099999904632568,,,,NO_NEARBY_SARAL
GRID_1617,INDIAN_MARINE,8.0,93.75,135.98788168170154,,,,,,,,,643.5667848627114,,,,,,,,0.015000001,-0.08250001,0.08385256,NO_NEARBY_SARAL
GRID_1618,INDIAN_MARINE,12.0,68.5,395.06503864990003,,,,,,,,,77.80711372114195,25.0,D,,3.0,ARB,0.091375708580017,3.799999952316284,0.0,0.036,0.036,NO_NEARBY_SARAL
GRID_1619,INDIAN_MARINE,9.0,78.25,22.17459708988182,,,,,,,,,113.26857533874944,25.0,,,3.0,BOB,,,,,,SARAL_AltiKa
GRID_1620,INDIAN_MARINE,6.0,70.5,472.70329600517147,,,,,,,,,510.02408029640486,,,,,,0.1468172967433929,6.699999809265137,-0.16400002,0.056,0.17329745,NO_NEARBY_SARAL
GRID_1621,INDIAN_MARINE,12.5,77.75,114.42504654363272,,,,,,,,,309.03284700683093,30.0,DD,996.0,4.0,BOB,,,,,,NO_NEARBY_SARAL
GRID_1622,INDIAN_MARINE,8.25,91.25,52.25690468304837,6.41,2.096,6.63,208.38,,,302.2,,384.2030161075594,25.0,D,,3.0,BOB,0.2274472415447235,6.300000190734863,0.0075000003,-0.038000003,0.03873306,SARAL_AltiKa
GRID_1623,INDIAN_MARINE,18.25,71.0,162.2724175966295,,,,,,,,,109.1253851365752,80.0,VSCS,970.0,30.0,ARB,0.1162903010845184,6.900000095367432,-0.0050000004,-0.0040000007,0.006403125,NO_NEARBY_SARAL
GRID_1624,INDIAN_MARINE,5.25,71.5,435.01967223145033,,,,,,,,,648.3088828486142,,,,,,0.1484600305557251,4.0,-0.137,0.0225,0.13883533,NO_NEARBY_SARAL
GRID_1625,INDIAN_MARINE,9.25,70.25,469.7058645485297,,,,,,,,,350.92699137777265,25.0,D,,3.0,ARB,0.1429356038570404,4.900000095367432,-0.1645,-0.098000005,0.19147912,NO_NEARBY_SARAL
GRID_1626,INDIAN_MARINE,8.75,80.25,242.41815379884332,,,,,,,,,117.1956676873066,25.0,,,3.0,BOB,,,,,,NO_NEARBY_SARAL
GRID_1627,INDIAN_MARINE,15.5,95.75,100.87300000699123,,,,,,,,,240.49457922828236,115.0,VSCS,,65.58718508232494,BOB,0.3326491415500641,11.399999618530272,0.11900001,-0.053500004,0.1304732,NO_NEARBY_SARAL
GRID_1628,INDIAN_MARINE,12.75,71.75,222.10867845575208,,,,,,,,,116.40925683077371,25.0,D,,3.0,ARB,0.1362765431404113,5.699999809265137,-0.042000003,0.0575,0.07120569,NO_NEARBY_SARAL
GRID_1629,INDIAN_MARINE,18.25,69.75,290.821485110498,,,,,,,,,38.32420762905208,80.0,VSCS,970.0,30.0,ARB,0.1203971281647682,5.900000095367432,0.080000006,0.1435,0.16429318,NO_NEARBY_SARAL
GRID_1630,INDIAN_MARINE,18.0,78.5,165.18064216633323,,,,,,,,,21.150530887461738,20.0,D,998.0,3.0,BOB,,,,,,NO_NEARBY_SARAL
GRID_1631,INDIAN_MARINE,15.75,69.75,355.8064656480342,,,,,,,,,160.62482906673569,25.0,D,,3.0,ARB,0.0741957426071167,4.900000095367432,0.024,-0.0825,0.08592003,NO_NEARBY_SARAL
GRID_1632,INDIAN_MARINE,8.5,92.5,192.17003427568062,,,,,,,,,523.093526118746,,,,,,0.2312116771936416,4.800000190734863,-0.106000006,-0.071,0.12758136,NO_NEARBY_SARAL
GRID_1633,INDIAN_MARINE,20.75,76.25,372.5224718782074,,,,,,,,,331.7816671865982,25.0,D,999.0,3.0,ARB,,,,,,NO_NEARBY_SARAL
GRID_1634,INDIAN_MARINE,6.5,75.75,53.50025150264111,5.68,1.7910000000000001,6.51,187.24,,,302.24,,504.5590444572523,,,,,,0.1800137460231781,4.699999809265137,-0.1195,0.2315,0.26052353,SARAL_AltiKa
GRID_1635,INDIAN_MARINE,14.75,86.25,109.53614665921336,,,,,,,,,87.60747868737137,30.0,DD,,5.0,BOB,0.1686516106128692,4.800000190734863,0.012499999,-0.035499997,0.037636418,NO_NEARBY_SARAL
GRID_1636,INDIAN_MARINE,9.75,70.75,403.6423090224629,,,,,,,,,358.0274467632138,25.0,D,,3.0,ARB,0.1683094352483749,5.199999809265137,-0.252,0.0075000008,0.25211158,NO_NEARBY_SARAL
GRID_1637,INDIAN_MARINE,6.5,71.5,404.2359946025262,,,,,,,,,568.3816779592513,,,,,,0.1427790224552154,3.200000047683716,-0.12550001,0.0009999992,0.12550399,NO_NEARBY_SARAL
GRID_1638,INDIAN_MARINE,11.75,77.0,176.29751674344973,,,,,,,,,315.752560701151,25.0,,,3.0,BOB,,,,,,NO_NEARBY_SARAL
GRID_1639,INDIAN_MARINE,11.75,73.5,61.44975493317189,4.5600000000000005,1.806,7.7,235.19,,,302.56,,333.8320020868193,25.0,D,,3.0,ARB,0.2345654815435409,4.300000190734863,0.097500004,-0.009,0.09791451,SARAL_AltiKa
GRID_1640,INDIAN_MARINE,21.25,68.5,338.9223153629535,,,,,,,,,58.841617997047805,25.0,D,,3.0,ARB,0.0771389231085777,4.099999904632568,0.0065,-0.029500002,0.030207615,NO_NEARBY_SARAL
GRID_1641,INDIAN_MARINE,15.5,76.0,290.19831060657384,,,,,,,,,273.2633661828097,25.0,D,997.0,3.0,BOB,,,,,,NO_NEARBY_SARAL
GRID_1642,INDIAN_MARINE,10.75,89.5,74.87969227155187,7.3100000000000005,2.095,6.03,208.66,,,302.27,,448.35279169882017,25.0,D,,3.0,BOB,0.241615429520607,6.099999904632568,-0.091000006,0.086500004,0.12555179,SARAL_AltiKa
GRID_1643,INDIAN_MARINE,21.25,76.25,359.02677639525353,,,,,,,,,281.2663665324612,25.0,D,999.0,3.0,ARB,,,,,,NO_NEARBY_SARAL
GRID_1644,INDIAN_MARINE,10.5,95.25,34.83900685872949,5.4,1.5230000000000001,5.3500000000000005,234.19,254453.0,0.033,302.51,2024-06-16 11:37:34.777811968,602.890385189358,,,,,,0.2284737378358841,5.300000190734863,-0.23650001,-0.0055,0.23656395,SARAL_AltiKa
GRID_1645,INDIAN_MARINE,21.0,73.5,159.7446755220378,,,,,,,,,174.60271276347433,50.0,SCS,990.0,12.0,ARB,,,,,,NO_NEARBY_SARAL
GRID_1646,INDIAN_MARINE,11.0,74.25,1.5231983682885615,4.69,1.748,7.69,223.37,,,302.49,,449.41234483542,25.0,D,,3.0,ARB,0.2837784886360168,4.400000095367432,-0.0009999992,0.02,0.020024985,SARAL_AltiKa
GRID_1647,INDIAN_MARINE,12.75,72.25,169.27337256886835,,,,,,,,,158.9894670204888,25.0,D,,3.0,ARB,0.1335387825965881,5.300000190734863,-0.0505,0.1355,0.14460464,NO_NEARBY_SARAL
GRID_1648,INDIAN_MARINE,12.25,92.25,252.6824052185951,,,,,,,,,263.01349231644366,25.0,D,990.0,3.0995834159888913,BOB,0.3689320981502533,10.5,0.016499996,-0.026500002,0.031216983,NO_NEARBY_SARAL
GRID_1649,INDIAN_MARINE,13.75,79.75,66.73672279318882,,,,,,,,,85.60213745276937,55.0,SCS,982.0,18.0,BOB,,,,,,SARAL_AltiKa
GRID_1650,INDIAN_MARINE,13.25,77.25,184.82468960745194,,,,,,,,,271.0587976806777,30.0,DD,996.0,4.0,BOB,,,,,,NO_NEARBY_SARAL
GRID_1651,INDIAN_MARINE,14.5,89.25,10.794778910842213,8.49,1.939,5.8500000000000005,207.4,,,302.36,,218.3854873046578,35.0,CS,986.0,6.075183495338227,BOB,0.2608489096164703,5.400000095367432,0.1535,0.124000005,0.19732778,SARAL_AltiKa
GRID_1652,INDIAN_MARINE,13.75,80.0,92.98910781922636,,,,,,,,,60.71313524105158,55.0,SCS,982.0,18.0,BOB,,,,,,SARAL_AltiKa
GRID_1653,INDIAN_MARINE,16.75,75.0,214.73297644052238,,,,,,,,,373.45498758671954,20.0,D,998.0,3.0,BOB,,,,,,NO_NEARBY_SARAL
GRID_1654,INDIAN_MARINE,11.25,95.75,2.177039677166589,5.13,1.448,5.37,230.93,193630.0,0.126,302.47,2024-06-16 11:37:20.319058944,585.4649421958611,,,,,,0.266461431980133,5.099999904632568,-0.138,-0.13750002,0.19480824,SARAL_AltiKa
GRID_1655,INDIAN_MARINE,18.25,80.25,9.20309121783182,,,,,,,,,138.54924999442136,20.0,D,998.0,3.0,BOB,,,,,,SARAL_AltiKa
GRID_1656,INDIAN_MARINE,19.25,79.25,106.30815772595264,,,,,,,,,28.29067321586238,20.0,D,998.0,3.0,BOB,,,,,,NO_NEARBY_SARAL
GRID_1657,INDIAN_MARINE,6.25,79.25,196.0228289762813,,,,,,,,,362.430807457995,25.0,,,3.0,BOB,0.1811773627996444,4.0,-0.018000003,0.216,0.2167487,NO_NEARBY_SARAL
GRID_1658,INDIAN_MARINE,7.25,72.0,331.9329442087127,,,,,,,,,583.7552649964196,,,,,,0.1284737139940261,3.799999952316284,0.0405,0.034,0.05287958,NO_NEARBY_SARAL
GRID_1659,INDIAN_MARINE,12.75,72.5,142.86866225282884,,,,,,,,,182.5914182017982,25.0,D,,3.0,ARB,0.1266941130161285,3.4000000953674316,-0.0105,0.094000004,0.09458462,NO_NEARBY_SARAL
GRID_1660,INDIAN_MARINE,5.5,74.25,132.17702244071438,,,,,,,,,701.473095625232,,,,,,0.1934293359518051,3.900000095367432,-0.1905,0.29000002,0.346973,NO_NEARBY_SARAL
GRID_1661,INDIAN_MARINE,12.75,77.5,146.73724878039522,,,,,,,,,298.01032188160053,30.0,DD,996.0,4.0,BOB,,,,,,NO_NEARBY_SARAL
GRID_1662,INDIAN_MARINE,7.75,93.0,210.62998397027232,,,,,,,,,557.6394878508213,,,,,,0.1451282054185867,8.899999618530273,0.031000003,-0.11000001,0.11428474,NO_NEARBY_SARAL
GRID_1663,INDIAN_MARINE,10.75,83.25,106.10089660080772,,,,,,,,,86.48767234898443,30.0,DD,992.0,4.0,BOB,0.1467488259077072,6.300000190734863,-0.21700001,-0.0925,0.23589246,NO_NEARBY_SARAL
GRID_1664,INDIAN_MARINE,19.5,84.5,375.5666777748922,,,,,,,,,52.408457196928126,20.0,D,,3.0,BOB,,,,,,NO_NEARBY_SARAL
GRID_1665,INDIAN_MARINE,9.5,72.75,196.15378130257105,,,,,,,,,483.9141509848086,25.0,D,,3.0,ARB,0.1614648848772049,9.300000190734863,-0.042500004,0.18250002,0.18738332,NO_NEARBY_SARAL
GRID_1666,INDIAN_MARINE,14.75,74.5,115.91294220926041,,,,,,,,,402.18451073568485,25.0,D,,3.0,ARB,,,,,,NO_NEARBY_SARAL
GRID_1667,INDIAN_MARINE,13.75,73.25,39.39535470190051,5.17,2.003,7.23,242.42000000000002,,,302.48,,244.73070260220456,25.0,D,,3.0,ARB,0.1822724938392639,4.5,-0.050000004,0.051500004,0.07177918,SARAL_AltiKa
GRID_1668,INDIAN_MARINE,18.0,83.25,274.476392159208,,,,,,,,,127.8180857073662,25.0,DD,,4.0,BOB,,,,,,NO_NEARBY_SARAL
GRID_1669,INDIAN_MARINE,9.0,70.25,476.02301387348706,,,,,,,,,356.9331095015796,25.0,D,,3.0,ARB,0.1569273769855499,4.699999809265137,-0.11450001,-0.119,0.16514009,NO_NEARBY_SARAL
GRID_1670,INDIAN_MARINE,16.0,90.0,103.75603296022923,,,,,,,,,77.07196071574303,40.0,CS,984.0,7.934933544931562,BOB,0.2217660248279571,5.099999904632568,0.16250001,0.1825,0.24436143,NO_NEARBY_SARAL
GRID_1671,INDIAN_MARINE,12.0,77.0,182.15725602853635,,,,,,,,,336.3104484026688,25.0,,,3.0,BOB,,,,,,NO_NEARBY_SARAL
GRID_1672,INDIAN_MARINE,17.5,71.75,103.76871612304579,,,,,,,,,215.89989390622935,80.0,VSCS,970.0,30.0,ARB,0.1442163735628128,5.300000190734863,0.0035000006,0.012,0.0125,NO_NEARBY_SARAL
GRID_1673,INDIAN_MARINE,9.5,91.25,81.91374582841024,7.22,2.263,6.2700000000000005,211.73000000000002,,,302.25,,452.9499728001199,25.0,D,,3.0,BOB,0.2679674327373504,5.400000095367432,0.0855,0.052499995,0.10033195,SARAL_AltiKa
GRID_1674,INDIAN_MARINE,6.75,75.5,32.55286676892053,5.19,1.758,6.58,190.27,,,302.25,,505.8928401561014,,,,,,0.1772074699401855,4.599999904632568,-0.132,0.23200001,0.26692322,SARAL_AltiKa
GRID_1675,INDIAN_MARINE,15.75,95.75,106.7976561667063,,,,,,,,,217.8533798219698,115.0,VSCS,,65.58718508232494,BOB,,,0.139,-0.072500005,0.15677133,NO_NEARBY_SARAL
GRID_1676,INDIAN_MARINE,12.75,74.25,42.23153784005055,3.87,1.7730000000000001,6.94,239.53,,,302.53000000000003,,361.68368568072265,25.0,D,,3.0,ARB,0.2570841908454895,6.099999904632568,0.014000001,0.060000002,0.06161169,SARAL_AltiKa
GRID_1677,INDIAN_MARINE,11.0,72.75,159.36527594369588,,,,,,,,,336.7956165921226,25.0,D,,3.0,ARB,,,0.0225,0.101,0.10347585,NO_NEARBY_SARAL
GRID_1678,INDIAN_MARINE,16.75,78.25,161.8103447545801,,,,,,,,,38.47622469094834,20.0,D,998.0,3.0,BOB,,,,,,NO_NEARBY_SARAL
GRID_1679,INDIAN_MARINE,14.0,93.25,328.1174807288154,,,,,,,,,196.62656950552645,25.0,D,990.0,3.0995834159888913,BOB,,,0.1395,0.09400001,0.1682149,NO_NEARBY_SARAL
GRID_1680,INDIAN_MARINE,8.5,68.25,288.3892837529883,,,,,,,,,148.19950328694648,25.0,D,,3.0,ARB,0.1125941127538681,5.900000095367432,-0.0145,-0.07000001,0.07148602,NO_NEARBY_SARAL
GRID_1681,INDIAN_MARINE,17.75,84.75,334.6022769052771,,,,,,,,,87.51439205066033,55.0,SCS,,15.001983733386234,BOB,0.1561943888664245,5.699999809265137,0.1435,0.328,0.35801712,NO_NEARBY_SARAL
GRID_1682,INDIAN_MARINE,5.0,75.25,36.31878568723743,5.44,1.974,6.24,183.63,,,302.28000000000003,,666.3733475773502,,,,,,0.181451216340065,4.800000190734863,-0.1505,0.3345,0.36679763,SARAL_AltiKa
GRID_1683,INDIAN_MARINE,6.25,72.25,329.58666282647016,,,,,,,,,654.3886413990173,,,,,,0.1433950662612915,4.800000190734863,-0.16400002,0.08400001,0.1842607,NO_NEARBY_SARAL
GRID_1684,INDIAN_MARINE,15.5,91.5,248.5353275191569,,,,,,,,,53.57539663763071,35.0,CS,986.0,6.075183495338227,BOB,0.2239563912153244,5.599999904632568,-0.0355,-0.127,0.1318683,NO_NEARBY_SARAL
GRID_1685,INDIAN_MARINE,7.75,69.0,351.54570960946194,,,,,,,,,260.2405287637594,25.0,D,,3.0,ARB,0.172690063714981,4.800000190734863,0.054,-0.030500002,0.062018145,NO_NEARBY_SARAL
GRID_1686,INDIAN_MARINE,6.25,69.5,370.6839931215976,,,,,,,,,411.5895050538532,25.0,D,,3.0,ARB,0.1466119736433029,4.099999904632568,-0.008500002,0.11750001,0.11780705,NO_NEARBY_SARAL
GRID_1687,INDIAN_MARINE,17.75,75.75,315.1242521793819,,,,,,,,,271.2854517223248,20.0,D,998.0,3.0,BOB,,,,,,NO_NEARBY_SARAL
GRID_1688,INDIAN_MARINE,15.0,84.5,298.57851389358456,,,,,,,,,144.55340463792655,45.0,CS,,10.0,BOB,0.2124573588371276,7.599999904632568,0.12650001,0.036,0.13152282,NO_NEARBY_SARAL
GRID_1689,INDIAN_MARINE,16.5,68.5,466.11890634128486,,,,,,,,,106.615780924642,65.0,VSCS,980.0,22.0,ARB,0.063312754034996,5.0,-0.0335,0.07800001,0.08488964,NO_NEARBY_SARAL
GRID_1690,INDIAN_MARINE,17.25,69.75,316.84198313339317,,,,,,,,,141.48909873712284,80.0,VSCS,970.0,30.0,ARB,0.0768651440739631,2.9000000953674316,0.027000003,-0.058500003,0.0644302,NO_NEARBY_SARAL
GRID_1691,INDIAN_MARINE,16.0,95.25,164.76096104745292,,,,,,,,,165.16441357069007,115.0,VSCS,,65.58718508232494,BOB,,,,,,NO_NEARBY_SARAL
GRID_1692,INDIAN_MARINE,7.5,70.25,480.1224325823671,,,,,,,,,394.6140386107603,25.0,D,,3.0,ARB,0.1876112520694732,4.599999904632568,0.2475,0.060500003,0.25478718,NO_NEARBY_SARAL
GRID_1693,INDIAN_MARINE,18.75,72.25,21.70142379811821,5.18,1.809,7.6000000000000005,234.95000000000002,,,302.26,,238.70836238114651,80.0,VSCS,970.0,30.0,ARB,0.1550994217395782,5.400000095367432,0.061,-0.065000005,0.08914035,SARAL_AltiKa
GRID_1694,INDIAN_MARINE,10.75,84.0,185.9581311530997,,,,,,,,,150.11315097015432,25.0,D,990.0,3.0,BOB,0.1446269899606704,3.799999952316284,-0.16100001,-0.097,0.18796277,NO_NEARBY_SARAL
GRID_1695,INDIAN_MARINE,14.75,85.0,240.48378747284255,,,,,,,,,148.97275248447718,35.0,CS,,7.0,BOB,0.2171117216348648,5.699999809265137,0.1285,-0.10900001,0.16850297,NO_NEARBY_SARAL
GRID_1696,INDIAN_MARINE,17.25,76.0,329.7158432777075,,,,,,,,,257.6117533744155,20.0,D,998.0,3.0,BOB,,,,,,NO_NEARBY_SARAL
GRID_1697,INDIAN_MARINE,18.0,79.75,36.43795671197565,,,,,,,,,125.41063421709234,20.0,D,998.0,3.0,BOB,,,,,,SARAL_AltiKa
GRID_1698,INDIAN_MARINE,8.0,73.25,179.25305850258667,,,,,,,,,659.0791544072507,,,,,,0.1524298936128616,5.400000095367432,-0.17650001,0.23600002,0.2947003,NO_NEARBY_SARAL
GRID_1699,INDIAN_MARINE,11.25,92.0,203.0066240649614,,,,,,,,,365.42404619234327,25.0,D,990.0,3.0995834159888913,BOB,0.017073169350624,1.2000000476837158,-0.030000005,-0.051000003,0.059169255,NO_NEARBY_SARAL
GRID_1700,INDIAN_MARINE,8.5,89.5,129.4421096822029,,,,,,,,,234.80168779105787,25.0,D,,3.0,BOB,0.259890615940094,6.599999904632568,0.063,0.047000006,0.07860026,NO_NEARBY_SARAL
