zone_id,region,coast,latitude,longitude,direction,bearing_deg,pfz_distance_km,pfz_depth_m,pfz_label,chlorophyll_mean,chlorophyll_available,sst_c,sst_available,current_u_ms,current_v_ms,current_speed_ms
PFZ0001,ANDAMAN,"Kalighat,Diglipur",13.170277777777777,92.64027777777778,NW,286.0,20.0,15.0,1,0.12651284,105,28.819183342478784,1,,,
PFZ0002,ANDAMAN,Wrightmyo,11.76,92.94694444444444,SE,101.0,16.0,97.0,1,0.1431897,105,28.923080142433495,1,,,
PFZ0003,ANDAMAN,Neil Island,11.745,93.00444444444445,SW,190.0,8.0,67.0,1,0.1431897,105,28.91519516693769,1,,,
PFZ0004,ANDAMAN,Port Blair,11.694444444444445,93.02194444444444,SE,91.0,27.0,226.0,1,0.1431897,105,28.921776873692213,1,,,
PFZ0005,ANDAMAN,Haddo,11.6325,93.02111111111113,SE,101.0,33.0,254.0,1,0.1325178,105,28.918358940585772,1,,,
PFZ0006,ANDAMAN,Bambooflat,11.58777777777778,93.02583333333334,SE,110.0,34.0,466.0,1,0.1325178,105,28.927053051815925,1,-0.0295,0.051,0.058917314
PFZ0007,ANDAMAN,Junglighat,11.56388888888889,92.99944444444444,SE,109.0,29.0,457.0,1,0.1325178,105,28.923809128258753,1,-0.0295,0.051,0.058917314
PFZ0008,ANDAMAN,Dignabad,11.535555555555556,92.97555555555556,SE,115.0,30.0,456.0,1,0.1325178,105,28.912591407757457,1,-0.0295,0.051,0.058917314
PFZ0009,ANDAMAN,Mt Haughton,11.501944444444444,92.98388888888888,SE,121.0,27.0,560.0,1,0.1325178,105,28.919410817922984,1,-0.0295,0.051,0.058917314
PFZ0010,ANDAMAN,Wandoor,11.3625,92.97833333333334,SE,121.0,45.0,1176.0,1,0.12300304,105,28.9183335579964,1,-0.043500002,0.0555,0.07051596
PFZ0011,ANDAMAN,Chidiyatapu,11.3,92.95277777777778,SE,129.0,33.0,1083.0,1,0.12300304,105,28.916934232358248,1,-0.043500002,0.0555,0.07051596
PFZ0012,ANDAMAN,Cinque Island,11.255,92.89833333333334,SE,112.0,18.0,954.0,1,0.12300304,105,28.91872565732333,1,-0.043500002,0.0555,0.07051596
PFZ0013,ANDAMAN,Rutland,11.17611111111111,92.82166666666666,SE,129.0,27.0,1092.0,1,0.12647395,105,28.89849950453783,1,-0.017,0.026999999,0.031906113
PFZ0014,ANDAMAN,Tambe-e-bul,10.916666666666666,92.68388888888887,NE,41.0,13.0,22.0,1,0.12290446,105,28.884538825539668,1,-0.047500003,-0.019000001,0.05115907
PFZ0015,ANDAMAN,Tochangeou,10.913333333333334,92.3475,NW,349.0,17.0,87.0,1,0.14653148,105,28.89302597943443,1,0.008000001,-0.040999997,0.041773196
PFZ0016,ANDAMAN,"Vivekanandpur,LittleAndaman",10.87527777777778,92.70972222222224,NE,45.0,20.0,242.0,1,0.12290446,105,28.89041942184488,1,-0.047500003,-0.019000001,0.05115907
PFZ0017,ANDAMAN,"RamaKrishnaPur,",10.805277777777778,92.73111111111112,NE,59.0,17.0,448.0,1,0.12290446,105,28.900628589448175,1,-0.019000001,-0.035499997,0.040264748
PFZ0018,ANDAMAN,Tula,10.76888888888889,92.27083333333331,NW,314.0,20.0,33.0,1,0.14653148,105,28.892012532551753,1,-0.009,0.0014999956,0.009124143
PFZ0019,ANDAMAN,Kwate-tu-Kwage,10.727222222222222,92.74361111111112,NE,58.0,22.0,734.0,1,0.12290446,105,28.88088512217954,1,-0.019000001,-0.035499997,0.040264748
PFZ0020,ANDAMAN,"Machidera(Hutbay),",10.649722222222222,92.79833333333332,NE,76.0,26.0,1194.0,1,0.124990724,105,28.88746015216198,1,-0.019000001,-0.035499997,0.040264748
PFZ0021,GOA,Chapora,15.530555555555557,73.04638888888888,SW,265.0,72.0,98.0,1,0.10399104,105,28.53348891314298,1,0.035000004,-0.024,0.042438194
PFZ0022,GOA,Panaji (Malim),15.436944444444444,73.11,SW,265.0,75.0,92.0,1,0.10399104,105,28.54838103108075,1,0.035000004,-0.024,0.042438194
PFZ0023,GOA,Majorde,15.349722222222224,73.17166666666667,NW,273.0,77.0,85.0,1,0.13402303,105,28.553613840300063,1,0.046000004,-0.087000005,0.0984124
PFZ0024,GOA,Santerem Pt (Vasco),15.233333333333333,73.39305555555556,SW,252.0,40.0,67.0,1,0.14074914,105,28.593107664977417,1,0.040000003,-0.1295,0.13553691
PFZ0025,GOA,Aguada,15.193333333333332,73.4238888888889,SW,229.0,48.0,69.0,1,0.14074914,105,28.594986803209068,1,0.040000003,-0.1295,0.13553691
PFZ0026,GOA,Cutbona,15.145555555555555,73.44277777777778,NW,278.0,50.0,67.0,1,0.14074914,105,28.638354366273106,1,0.040000003,-0.1295,0.13553691
PFZ0027,GOA,Betul,15.094444444444443,73.4475,SW,265.0,52.0,70.0,1,0.14074914,105,28.64807330157266,1,0.043500002,-0.1365,0.14326374
PFZ0028,KARNATAKA,Karwar,14.746388888888887,73.52638888888889,SW,262.0,56.0,75.0,1,0.12488202,105,28.646727640875053,1,0.0515,-0.1225,0.13288529
PFZ0029,KARNATAKA,Majali,14.653055555555556,73.53861111111111,SW,246.0,64.0,87.0,1,0.12488202,105,28.658537257913235,1,0.0515,-0.1225,0.13288529
PFZ0030,KARNATAKA,Sadasguvgarg,14.568055555555556,73.50222222222222,SW,245.0,72.0,86.0,1,0.11776866,105,28.698832422034,1,0.047500003,-0.10050001,0.1111598
PFZ0031,KARNATAKA,Belekeri,14.493055555555555,73.4475,SW,255.0,89.0,113.0,1,0.11776866,105,28.71635821071891,1,0.047500003,-0.10050001,0.1111598
PFZ0032,KARNATAKA,Tadri,14.3575,73.97722222222222,SW,246.0,41.0,48.0,1,0.13279931,105,28.7366580882509,1,0.054500002,-0.0355,0.065042295
PFZ0033,KARNATAKA,Kumta Pt,14.252222222222224,73.98666666666666,SW,246.0,44.0,50.0,1,0.1288977,105,28.755271715822097,1,0.054500002,-0.0355,0.065042295
PFZ0034,KARNATAKA,Karki,14.149166666666666,74.01083333333334,SW,247.0,45.0,45.0,1,0.1288977,105,28.769869273669073,1,0.054500002,-0.0355,0.065042295
PFZ0035,KARNATAKA,Dhareshvar,14.126944444444446,73.67555555555556,SW,251.0,82.0,112.0,1,0.11851674,105,28.801217801782023,1,0.049500003,-0.0825,0.09621071
PFZ0036,KARNATAKA,Honavar,14.079444444444444,73.74138888888889,SW,254.0,76.0,58.0,1,0.10466377,105,28.8051328079287,1,0.021000002,-0.065500006,0.06878409
PFZ0037,KARNATAKA,Kasarkod,14.051944444444445,74.05166666666666,SW,242.0,45.0,51.0,1,0.121383704,105,28.801467671367053,1,0.0395,-0.044,0.059129097
PFZ0038,KARNATAKA,Navayatkere,14.043888888888889,73.81555555555555,SW,257.0,70.0,67.0,1,0.10466377,105,28.81544754266171,1,0.021000002,-0.065500006,0.06878409
PFZ0039,KARNATAKA,Mavalli,13.9775,73.86361111111111,SW,258.0,67.0,63.0,1,0.10466377,105,28.84374865292112,1,0.021000002,-0.065500006,0.06878409
PFZ0040,KARNATAKA,Bhatkal,13.630833333333332,73.70694444444445,SW,247.0,94.0,68.0,1,0.08850387,105,28.86971943597121,1,-0.0010000002,-0.041,0.041012194
PFZ0041,KARNATAKA,Shirali,13.575833333333334,73.75277777777778,SW,238.0,94.0,70.0,1,0.07158167,105,28.89483028746758,1,-0.010500001,-0.009500001,0.014159803
PFZ0042,KARNATAKA,Navunda,13.551666666666668,73.81972222222223,SW,256.0,89.0,59.0,1,0.07158167,105,28.88784980092693,1,-0.010500001,-0.009500001,0.014159803
PFZ0043,KARNATAKA,Gangoli,13.4975,73.86527777777778,SW,258.0,86.0,71.0,1,0.07158167,105,28.92726891438582,1,-0.010500001,-0.009500001,0.014159803
PFZ0044,KARNATAKA,Malpe,13.209444444444443,73.52472222222222,SW,263.0,124.0,367.0,1,0.061744876,105,28.932022594229156,1,-0.042500004,0.0465,0.06299604
PFZ0045,KARNATAKA,Udiyavara,13.16388888888889,73.57027777777778,SW,263.0,123.0,676.0,1,0.061744876,105,28.9167592309703,1,-0.042500004,0.0465,0.06299604
PFZ0046,KARNATAKA,Kapu,13.105833333333331,73.59805555555555,SW,264.0,122.0,964.0,1,0.060731225,105,28.923428728722197,1,-0.0255,0.034500003,0.04290105
PFZ0047,KARNATAKA,Hangarkatta,13.054722222222225,73.64444444444445,SW,250.0,120.0,915.0,1,0.064308874,105,28.932031658261543,1,-0.0405,0.0505,0.06473407
PFZ0048,KERALA,Kunzhathur,12.73,74.48555555555555,SW,268.0,40.0,55.0,1,0.11932105,105,28.89636016173789,1,0.039,0.017,0.042544097
PFZ0049,KERALA,Manjeshwara,12.673055555555557,74.45027777777779,SW,265.0,46.0,58.0,1,0.11932105,105,28.922758285925052,1,0.039,0.017,0.042544097
PFZ0050,KERALA,Uppala,12.6075,74.43583333333333,SW,261.0,49.0,67.0,1,0.11388697,105,28.918393420621506,1,0.044,0.0435,0.06187285
PFZ0051,KERALA,Arikkadi,12.54,74.43055555555556,SW,261.0,53.0,77.0,1,0.11388697,105,28.93605586256904,1,0.044,0.0435,0.06187285
PFZ0052,KERALA,Koipadi,12.473888888888888,74.435,SW,256.0,54.0,83.0,1,0.11388697,105,28.928070300672783,1,0.044,0.0435,0.06187285
PFZ0053,KERALA,Kasaragod,12.470277777777778,74.69583333333334,SW,263.0,28.0,41.0,1,0.14554872,105,28.614405107075974,1,0.0595,-0.017,0.06188094
PFZ0054,KERALA,ThalangarJetty,12.459722222222222,74.76027777777777,SW,264.0,23.0,38.0,1,0.14554872,105,28.66899741261256,1,0.0595,-0.017,0.06188094
PFZ0055,KERALA,Adakathbail,12.4575,74.62972222222221,SW,260.0,35.0,55.0,1,0.14554872,105,28.666186705089466,1,0.0595,-0.017,0.06188094
PFZ0056,KERALA,Kumbla,12.450833333333332,74.49666666666667,SW,250.0,48.0,75.0,1,0.11388697,105,28.93620681231614,1,0.044,0.0435,0.06187285
PFZ0057,KERALA,Mogral,12.445833333333333,74.56333333333333,SW,252.0,42.0,67.0,1,0.11388697,105,28.850394810064525,1,0.044,0.0435,0.06187285
PFZ0058,KERALA,Hosdrug,12.1975,74.85305555555556,SW,243.0,25.0,43.0,1,0.14483865,105,28.60515847677687,1,0.032,-0.0145,0.035131898
PFZ0059,KERALA,Thaikadappuram,12.138333333333334,74.85527777777777,SW,250.0,27.0,53.0,1,0.13069187,105,28.66066567167451,1,0.032,-0.0145,0.035131898
PFZ0060,KERALA,BadagaraAzhithala,12.080833333333333,74.8425,SW,245.0,31.0,59.0,1,0.13069187,105,28.81734338728482,1,-0.0075000003,-0.0034999996,0.008276473
PFZ0061,KERALA,Maniyat,12.024444444444445,74.82388888888889,SW,244.0,35.0,58.0,1,0.13069187,105,28.870045016104395,1,-0.0075000003,-0.0034999996,0.008276473
PFZ0062,KERALA,Kavvayi,11.966944444444444,74.81,SW,251.0,38.0,59.0,1,0.13069187,105,28.89375002832225,1,-0.0075000003,-0.0034999996,0.008276473
PFZ0063,KERALA,Kunnariyam,11.910555555555556,74.82194444444444,SW,250.0,40.0,62.0,1,0.11928597,105,28.933808528908624,1,-0.0075000003,-0.0034999996,0.008276473
PFZ0064,KERALA,Kotte Kunnu,11.875833333333334,74.86916666666666,SW,248.0,37.0,56.0,1,0.11928597,105,28.91943398409079,1,-0.0075000003,-0.0034999996,0.008276473
PFZ0065,KERALA,Ettikulam,11.845277777777778,74.92,SW,240.0,34.0,61.0,1,0.15890802,105,28.94688166426233,1,0.011499997,-0.050500005,0.05179286
PFZ0066,KERALA,Azhikal,11.808611111111112,74.96638888888889,SW,246.0,37.0,62.0,1,0.15890802,105,28.898271663889854,1,0.011499997,-0.050500005,0.05179286
PFZ0067,KERALA,AzheecodeSouth,11.766666666666667,75.00805555555556,SW,245.0,35.0,52.0,1,0.15890802,105,28.89753137690727,1,0.011499997,-0.050500005,0.05179286
PFZ0068,KERALA,Edakkad,11.693888888888887,75.29333333333334,SW,230.0,17.0,32.0,1,0.17942452,105,28.551660229963687,1,-0.015000002,-0.0675,0.06914659
PFZ0069,KERALA,Muzhuppilangad,11.692222222222222,75.3175,SW,229.0,16.0,31.0,1,0.17942452,105,28.51936658365257,1,-0.015000002,-0.0675,0.06914659
PFZ0070,KERALA,Kannur,11.689444444444444,75.26944444444445,SW,204.0,19.0,36.0,1,0.17942452,105,28.610124711496606,1,-0.015000002,-0.0675,0.06914659
PFZ0071,KERALA,AyikkaraFH,11.675,75.25027777777778,SW,214.0,22.0,38.0,1,0.17942452,105,28.686147153576403,1,-0.015000002,-0.0675,0.06914659
PFZ0072,KERALA,Tellicherry,11.655833333333334,75.23555555555555,SW,250.0,27.0,43.0,1,0.17126194,105,28.716270529744456,1,-0.015000002,-0.0675,0.06914659
PFZ0073,KERALA,Azheecode,11.636388888888888,75.2213888888889,SW,198.0,31.0,46.0,1,0.17126194,105,28.76878045986136,1,-0.015000002,-0.0675,0.06914659
PFZ0074,KERALA,NewMahe,11.61888888888889,75.20444444444445,SW,249.0,33.0,45.0,1,0.17126194,105,28.76878045986136,1,0.025500003,-0.1295,0.13198674
PFZ0075,KERALA,Valapattanam,11.6075,75.18305555555555,SW,207.0,37.0,30.0,1,0.17126194,105,28.85563386012659,1,0.025500003,-0.1295,0.13198674
PFZ0076,KERALA,Koloth,11.599166666666669,75.16027777777778,SW,202.0,40.0,27.0,1,0.17126194,105,28.873348639992795,1,0.025500003,-0.1295,0.13198674
PFZ0077,KERALA,ChombalaFH,11.59388888888889,75.13666666666667,SW,260.0,43.0,42.0,1,0.17126194,105,28.873348639992795,1,0.025500003,-0.1295,0.13198674
PFZ0078,KERALA,Uralungal,11.48,75.19805555555556,SW,247.0,41.0,53.0,1,0.17126194,105,28.940401867489424,1,0.025500003,-0.1295,0.13198674
PFZ0079,KERALA,Badagara,11.443055555555556,75.23027777777779,SW,247.0,39.0,48.0,1,0.17126194,105,28.949942016601263,1,0.025500003,-0.1295,0.13198674
PFZ0080,KERALA,Kizhur,11.393055555555556,75.22472222222223,SW,251.0,41.0,48.0,1,0.15774639,105,28.930050150553072,1,0.025500003,-0.1295,0.13198674
PFZ0081,KERALA,Kottakkal,11.3675,75.43583333333333,SW,221.0,26.0,38.0,1,0.17340472,105,28.899311595077968,1,0.0045000017,-0.16200002,0.16206251
PFZ0082,KERALA,Kollam,11.358611111111111,75.48555555555555,SW,244.0,21.0,33.0,1,0.17340472,105,28.90061451465375,1,0.0045000017,-0.16200002,0.16206251
PFZ0083,KERALA,Quilandy/Koloth(Defunct),11.35,75.39277777777778,SW,248.0,30.0,42.0,1,0.17340472,105,28.91736317881305,1,0.0045000017,-0.16200002,0.16206251
PFZ0084,KERALA,Moodady,11.345833333333331,75.23666666666666,SW,250.0,42.0,52.0,1,0.15774639,105,28.933615976550712,1,0.014500001,-0.109000005,0.10996023
PFZ0085,KERALA,Thikkodi(Kodikkal),11.311944444444444,75.27333333333333,SW,244.0,40.0,43.0,1,0.15774639,105,28.93298871649449,1,0.014500001,-0.109000005,0.10996023
PFZ0086,KERALA,Kadalur Pt,11.305833333333334,75.36972222222222,SW,239.0,32.0,41.0,1,0.15774639,105,28.947747911855338,1,0.014500001,-0.109000005,0.10996023
PFZ0087,KERALA,Tikkoti,11.296944444444444,75.32083333333333,SW,237.0,36.0,57.0,1,0.15774639,105,28.94510824764445,1,0.014500001,-0.109000005,0.10996023
PFZ0088,KERALA,Paravannangadi,10.8175,75.415,SW,260.0,50.0,73.0,1,0.14826998,105,28.94633629344302,1,0.054,-0.16100001,0.16981462
PFZ0089,KERALA,Vakkad,10.801111111111112,75.45916666666668,SW,260.0,45.0,57.0,1,0.14826998,105,28.96765800332092,1,0.054,-0.16100001,0.16981462
PFZ0090,KERALA,Attupuram,10.781111111111112,75.67694444444444,NW,294.0,33.0,39.0,1,0.17666283,105,28.621784094718127,1,0.068,-0.1365,0.1525
PFZ0091,KERALA,Koottayi,10.763333333333334,75.48833333333333,SW,259.0,44.0,64.0,1,0.14826998,105,28.930317977440403,1,0.054,-0.16100001,0.16981462
PFZ0092,KERALA,Thanur,10.756666666666666,75.63583333333334,SW,224.0,33.0,30.0,1,0.17666283,105,28.70255231687979,1,0.068,-0.1365,0.1525
PFZ0093,KERALA,Ponnani,10.721388888888889,75.51166666666667,SW,261.0,42.0,66.0,1,0.14826998,105,28.896465780568352,1,0.054,-0.16100001,0.16981462
PFZ0094,KERALA,Mannalamkunnu,10.71111111111111,75.63222222222221,NW,278.0,35.0,50.0,1,0.17666283,105,28.803409525064037,1,0.068,-0.1365,0.1525
PFZ0095,KERALA,Purattur,10.680833333333332,75.53777777777778,SW,251.0,41.0,53.0,1,0.12660928,105,28.886546089279506,1,0.054,-0.16100001,0.16981462
PFZ0096,KERALA,Palappetty,10.668055555555554,75.62472222222222,SW,264.0,33.0,58.0,1,0.12660928,105,28.847458464646753,1,0.054,-0.16100001,0.16981462
PFZ0097,KERALA,Veliyangod,10.658055555555556,75.57805555555555,SW,259.0,38.0,55.0,1,0.12660928,105,28.89301996174618,1,0.054,-0.16100001,0.16981462
PFZ0098,KERALA,Vadanappally,10.344166666666668,75.78222222222222,SW,243.0,31.0,59.0,1,0.13546681,105,29.00876933956903,1,0.0245,-0.089,0.092310615
PFZ0099,KERALA,Thalikulam,10.33,75.82694444444444,SW,245.0,27.0,37.0,1,0.13546681,105,29.039945253003253,1,0.0245,-0.089,0.092310615
PFZ0100,KERALA,Edamuttam,10.299722222222222,75.86361111111111,SW,255.0,25.0,34.0,1,0.13546681,105,29.023190919433887,1,0.0245,-0.089,0.092310615
PFZ0101,KERALA,Palapetty,10.262222222222222,75.89277777777778,SW,246.0,23.0,30.0,1,0.16018476,105,29.030415295825826,1,0.08050001,-0.072500005,0.10833514
PFZ0102,KERALA,Kulimuttam,10.21861111111111,75.9113888888889,SW,252.0,23.0,30.0,1,0.16018476,105,29.048775932963572,1,0.08050001,-0.072500005,0.10833514
PFZ0103,KERALA,Pullut,10.171666666666669,75.91777777777779,SW,254.0,24.0,35.0,1,0.13494551,105,29.015680039730903,1,0.08050001,-0.072500005,0.10833514
PFZ0104,KERALA,Kodungallur,10.124166666666667,75.91527777777779,SW,252.0,25.0,36.0,1,0.13494551,105,29.012007914899907,1,0.041500002,-0.056500003,0.070103504
PFZ0105,KERALA,Kuzhuppilly,10.078055555555554,75.90444444444445,SW,251.0,28.0,36.0,1,0.13494551,105,29.05609437126338,1,0.041500002,-0.056500003,0.070103504
PFZ0106,KERALA,Edavanakad,10.034166666666666,75.88555555555556,SW,260.0,32.0,39.0,1,0.13494551,105,29.04529177243193,1,0.041500002,-0.056500003,0.070103504
PFZ0107,KERALA,Vadakkal,9.995555555555557,75.85833333333333,SW,255.0,36.0,45.0,1,0.11394895,105,29.03987523013943,1,-0.0019999994,-0.054,0.054037027
PFZ0108,KERALA,Thazhampally,9.44888888888889,75.96833333333333,SW,261.0,36.0,54.0,1,0.105801806,105,29.010710566876593,1,-0.0605,-0.020499999,0.06387879
PFZ0109,KERALA,Thumpolly,9.428888888888888,76.00111111111111,SW,252.0,33.0,60.0,1,0.105801806,105,28.95397498531062,1,-0.0605,-0.020499999,0.06387879
PFZ0110,KERALA,Kalarkod,9.398333333333332,76.02472222222222,SW,258.0,31.0,59.0,1,0.105801806,105,28.981881459553733,1,-0.0605,-0.020499999,0.06387879
PFZ0111,KERALA,Punnappra,9.361944444444443,76.03722222222223,SW,254.0,31.0,58.0,1,0.105801806,105,28.873847437074705,1,-0.1275,0.026,0.13012397
PFZ0112,KERALA,Valanjavazhy,9.323333333333332,76.03944444444444,SW,256.0,32.0,61.0,1,0.105801806,105,28.87157028307464,1,-0.1275,0.026,0.13012397
PFZ0113,KERALA,Ambalapuzha,9.299444444444443,76.17027777777778,SW,246.0,19.0,42.0,1,0.12623498,105,28.61527384139783,1,-0.08400001,0.029,0.08886507
PFZ0114,KERALA,Thottappally,9.28888888888889,76.02388888888889,SW,265.0,37.0,60.0,1,0.105801806,105,28.965969104926835,1,-0.1275,0.026,0.13012397
PFZ0115,KERALA,AlleppeyBeach,9.260277777777778,75.99805555555555,SW,234.0,41.0,63.0,1,0.105801806,105,28.96656276575086,1,-0.1275,0.026,0.13012397
PFZ0116,KERALA,Purakkad,9.251944444444444,76.18583333333333,SW,240.0,20.0,42.0,1,0.12623498,105,28.58739170134401,1,-0.08400001,0.029,0.08886507
PFZ0117,KERALA,Pollethai,9.222777777777775,75.98861111111111,SW,222.0,49.0,73.0,1,0.105801806,105,28.974794344416345,1,-0.1275,0.026,0.13012397
PFZ0118,KERALA,Thrikunnapuzha,9.2175,76.22277777777778,SW,249.0,18.0,40.0,1,0.12623498,105,28.551731931173283,1,-0.08400001,0.029,0.08886507
PFZ0119,KERALA,Kottamkulangara,9.186388888888889,75.9775,SW,218.0,54.0,78.0,1,0.09729409,105,28.962666875336044,1,-0.1275,0.026,0.13012397
PFZ0120,KERALA,Padiyamkara Tekku,9.171388888888888,76.2388888888889,SW,249.0,19.0,40.0,1,0.11187396,105,28.574875474767683,1,-0.08400001,0.029,0.08886507
PFZ0121,KERALA,Chethy,9.158611111111112,75.95055555555555,SW,217.0,60.0,100.0,1,0.09729409,105,28.97025407108919,1,-0.1275,0.026,0.13012397
PFZ0122,KERALA,Ramancheri Tura,9.12138888888889,76.23194444444445,SW,256.0,22.0,47.0,1,0.11187396,105,28.59757939118578,1,-0.0635,0.056500003,0.08499706
PFZ0123,KERALA,AzheekalJetty,9.078888888888889,76.205,SW,261.0,27.0,44.0,1,0.11187396,105,28.64470944517567,1,-0.0635,0.056500003,0.08499706
PFZ0124,KERALA,Alappattu,9.04,76.1725,SW,264.0,33.0,57.0,1,0.11187396,105,28.723610168095576,1,-0.0635,0.056500003,0.08499706
PFZ0125,KERALA,Cheriazheekal,8.99472222222222,76.15083333333334,SW,262.0,37.0,58.0,1,0.11187396,105,28.797988760499504,1,-0.0635,0.056500003,0.08499706
PFZ0126,KERALA,Kovilthottam,8.945277777777777,76.14083333333333,SW,264.0,40.0,57.0,1,0.10879503,105,28.85466545113936,1,-0.0635,0.056500003,0.08499706
PFZ0127,KERALA,Chavara,8.89472222222222,76.13972222222223,SW,260.0,41.0,51.0,1,0.10879503,105,28.8306402482046,1,-0.0635,0.056500003,0.08499706
PFZ0128,KERALA,Thankassery F.H.,8.684166666666666,76.33277777777778,SW,228.0,31.0,55.0,1,0.098532856,105,28.81497092429737,1,-0.06600001,0.1575,0.17076959
PFZ0129,KERALA,QuilonPort,8.642222222222221,76.36222222222221,SW,221.0,32.0,59.0,1,0.098532856,105,28.801340158643526,1,-0.06600001,0.1575,0.17076959
PFZ0130,KERALA,Paravoor,8.596111111111112,76.38444444444445,SW,232.0,35.0,64.0,1,0.10896186,105,28.80116771033017,1,0.0010000002,0.22150001,0.22150226
PFZ0131,KERALA,Edaval,8.546111111111111,76.39527777777778,SW,236.0,37.0,78.0,1,0.10896186,105,28.802345581761607,1,0.0010000002,0.22150001,0.22150226
PFZ0132,KERALA,Vettoor,8.495555555555555,76.38694444444445,SW,235.0,41.0,138.0,1,0.10896186,105,28.824213676763176,1,0.0010000002,0.22150001,0.22150226
PFZ0133,KERALA,Chilakkoor,8.446388888888889,76.37249999999999,SW,231.0,46.0,351.0,1,0.08740368,105,28.88600335777319,1,-0.065000005,0.24900001,0.25734413
PFZ0134,KERALA,Arivalam&Rathikkal,8.395833333333332,76.36361111111111,SW,230.0,50.0,581.0,1,0.08740368,105,28.868176739032116,1,-0.065000005,0.24900001,0.25734413
PFZ0135,KERALA,Poothura,8.348333333333334,76.37944444444443,SW,232.0,52.0,557.0,1,0.10189785,105,28.867928988537265,1,0.071,0.23500001,0.24549136
PFZ0136,KERALA,Perumathura,8.31638888888889,76.41944444444445,SW,230.0,50.0,573.0,1,0.10189785,105,28.86754796145378,1,0.071,0.23500001,0.24549136
PFZ0137,KERALA,Puthenthoppu,8.283333333333333,76.45833333333334,SW,232.0,49.0,586.0,1,0.10189785,105,28.826576218582343,1,0.071,0.23500001,0.24549136
PFZ0138,KERALA,Mariyanadu,8.222222222222223,76.91833333333334,SW,212.0,16.0,52.0,1,0.1419977,105,28.29330323141701,1,0.026000002,0.17850001,0.18038362
PFZ0139,KERALA,Kochuthura,8.196388888888889,76.92722222222223,SW,222.0,18.0,53.0,1,0.13676314,105,28.30901293632282,1,0.026000002,0.17850001,0.18038362
PFZ0140,KERALA,Poovar,8.171111111111111,76.9375,SW,219.0,19.0,55.0,1,0.13676314,105,28.38115195871484,1,0.026000002,0.17850001,0.18038362
PFZ0141,KERALA,Kovalad,8.154166666666667,76.60916666666667,SW,235.0,46.0,304.0,1,0.08993121,105,28.710496529501185,1,0.071,0.23500001,0.24549136
PFZ0142,KERALA,Puthiathura(Chinnamarthandanthura),8.1525,76.9575,SW,205.0,20.0,54.0,1,0.13676314,105,28.33538273169873,1,0.026000002,0.17850001,0.18038362
PFZ0143,KERALA,Karichal,8.135555555555555,76.97916666666667,SW,194.0,21.0,51.0,1,0.13676314,105,28.373339254205547,1,0.026000002,0.17850001,0.18038362
PFZ0144,KERALA,PanathuraSouth,8.125277777777779,76.65055555555556,SW,227.0,44.0,209.0,1,0.109632656,105,28.70508428331675,1,0.0925,0.186,0.2077312
PFZ0145,KERALA,Puthiathura(Kochupally),8.113333333333333,76.99472222222222,SW,189.0,23.0,52.0,1,0.13676314,105,28.373339254205547,1,0.0010000002,0.161,0.16100311
PFZ0146,KERALA,Adimalathura,8.086944444444445,77.00277777777778,SW,184.0,27.0,58.0,1,0.13676314,105,28.41748276014842,1,0.0010000002,0.161,0.16100311
PFZ0147,KERALA,Tiruvallam,8.086388888888889,76.68416666666667,SW,217.0,45.0,189.0,1,0.109632656,105,28.685000551993635,1,0.058000002,0.23900001,0.24593699
PFZ0148,KERALA,VizhinjamNorth,8.061944444444444,77.01361111111112,SE,175.0,32.0,52.0,1,0.13676314,105,28.464595574272643,1,0.0010000002,0.161,0.16100311
PFZ0149,KERALA,Vilinjam,8.055555555555557,77.03888888888889,SE,170.0,34.0,49.0,1,0.13676314,105,28.464595574272643,1,0.0010000002,0.161,0.16100311
PFZ0150,KERALA,Poonthura,8.045277777777777,76.715,SW,210.0,47.0,172.0,1,0.109632656,105,28.702265520793265,1,0.058000002,0.23900001,0.24593699
PFZ0151,KERALA,Vizhinjam&Kottapuram,8.036388888888888,77.05777777777777,SE,167.0,37.0,50.0,1,0.13676314,105,28.44336834521609,1,0.0010000002,0.161,0.16100311
PFZ0152,KERALA,Bheemapally,7.998333333333333,76.735,SW,204.0,51.0,136.0,1,0.109632656,105,28.74069915771447,1,0.058000002,0.23900001,0.24593699
PFZ0153,KERALA,Cheriathura,7.947777777777778,76.74194444444444,SW,200.0,57.0,122.0,1,0.096504584,105,28.735123339952132,1,0.058000002,0.23900001,0.24593699
PFZ0154,KERALA,Valiathura/ValiathuraPier,7.916388888888889,76.70472222222223,SW,202.0,62.0,180.0,1,0.096504584,105,28.76979990743993,1,0.058000002,0.23900001,0.24593699
PFZ0155,KERALA,Trivandrum,7.904166666666667,76.65472222222223,SW,205.0,66.0,717.0,1,0.096504584,105,28.777101143778005,1,0.058000002,0.23900001,0.24593699
PFZ0156,KERALA,Kochuthoppu,7.895555555555555,76.60416666666666,SW,208.0,69.0,940.0,1,0.082936354,105,28.80468708447011,1,0.08800001,0.28100002,0.29445714
PFZ0157,KERALA,Kannanthura,7.895277777777777,76.55277777777778,SW,211.0,72.0,1080.0,1,0.082936354,105,28.844453464542063,1,0.08800001,0.28100002,0.29445714
PFZ0158,LAKSHADWEEP,Valiyapani reef,12.21888888888889,71.78472222222221,SW,247.0,12.0,1385.0,1,0.06272018,105,28.833936016375773,1,0.068500005,0.055,0.08784788
PFZ0159,LAKSHADWEEP,Bitra I,11.857777777777777,72.41527777777779,NE,41.0,36.0,1785.0,1,0.062057782,105,28.934687444089537,1,0.0885,0.098000005,0.1320464
PFZ0160,LAKSHADWEEP,Chetlat I,11.688611111111111,72.53555555555555,SW,268.0,18.0,1529.0,1,0.062057782,105,28.955637155547276,1,0.0885,0.098000005,0.1320464
PFZ0161,LAKSHADWEEP,Byramgore,11.676666666666666,71.76222222222222,SW,200.0,19.0,1358.0,1,0.061793286,105,28.870626043503876,1,0.19350001,0.0375,0.19710024
PFZ0162,LAKSHADWEEP,Cheriyapani reef,11.634444444444444,71.88861111111112,SE,159.0,21.0,1549.0,1,0.06194059,105,28.90250074152322,1,0.165,0.0675,0.17827298
PFZ0163,LAKSHADWEEP,Kiltani,11.494166666666668,72.67277777777778,W,270.0,33.0,1822.0,1,0.06147289,105,29.00589198982099,1,0.08400001,0.12300001,0.14894632
PFZ0164,LAKSHADWEEP,Kadmath I,11.388055555555557,72.66166666666668,NW,326.0,20.0,1849.0,1,0.06130338,105,29.00390787626528,1,0.08400001,0.12300001,0.14894632
PFZ0165,LAKSHADWEEP,Amini I,11.13277777777778,73.22805555555556,NE,87.0,53.0,2116.0,1,0.059924796,105,29.063050393496862,1,0.012000002,0.045,0.046572525
PFZ0166,LAKSHADWEEP,Agatti I,11.085277777777778,72.34444444444443,NE,33.0,26.0,1711.0,1,0.062253106,105,28.98942281948716,1,0.064500004,0.0535,0.08380036
PFZ0167,LAKSHADWEEP,Tinnakara,11.081944444444444,72.52361111111111,NE,55.0,25.0,1596.0,1,0.061990596,105,29.01585732562427,1,0.0485,0.09200001,0.10400121
PFZ0168,LAKSHADWEEP,Perumalpar reef,11.058055555555557,72.20944444444444,SE,144.0,18.0,1538.0,1,0.062253106,105,28.994632873534776,1,0.064500004,0.0535,0.08380036
PFZ0169,LAKSHADWEEP,Androth I,10.998888888888889,73.80333333333333,NE,28.0,21.0,2384.0,1,0.058624644,105,29.032856049597395,1,-0.0195,-0.029500004,0.03536241
PFZ0170,LAKSHADWEEP,Kavaratti I,10.747777777777776,72.7825,NE,35.0,23.0,1574.0,1,0.06344302,105,29.051182126469875,1,0.0395,0.07700001,0.08654046
PFZ0171,LAKSHADWEEP,Kalpeni I,10.25388888888889,73.44222222222223,NW,310.0,27.0,2166.0,1,0.06279956,105,29.088092194125124,1,0.014,-0.011000001,0.017804494
PFZ0172,LAKSHADWEEP,Suheli,9.96361111111111,72.4675,SE,114.0,19.0,1653.0,1,0.067090146,105,29.091960123515076,1,-0.021000002,0.1445,0.14601798
PFZ0173,LAKSHADWEEP,Cheriyakara,9.959444444444443,72.6,SE,104.0,33.0,1635.0,1,0.067090146,105,29.07205756792352,1,-0.021000002,0.1445,0.14601798
PFZ0174,LAKSHADWEEP,Minicoy,8.477222222222222,73.19861111111112,NE,39.0,27.0,1927.0,1,0.07391822,105,29.05525617287652,1,-0.16100001,0.20650001,0.26184586
PFZ0175,MAHARASHTRA,Ghivali,19.905277777777776,72.48,NW,289.0,19.0,21.0,1,0.122005515,105,27.309261460737353,1,-0.1715,0.041,0.17633279
PFZ0176,MAHARASHTRA,Kambode,19.90361111111111,72.43194444444445,NW,282.0,25.0,22.0,1,0.122005515,105,27.28963559863444,1,-0.1715,0.041,0.17633279
PFZ0177,MAHARASHTRA,Tarapur Pt,19.90138888888889,72.5275,NW,296.0,14.0,20.0,1,0.122005515,105,27.30581148684107,1,-0.1715,0.041,0.17633279
PFZ0178,MAHARASHTRA,Varor,19.898888888888887,72.38444444444445,SW,269.0,30.0,29.0,1,0.122005515,105,27.29069785061735,1,-0.1715,0.041,0.17633279
PFZ0179,MAHARASHTRA,PokharanDandi/Uchheli,19.891666666666666,72.33749999999999,NW,285.0,36.0,26.0,1,0.11703135,105,27.28627803301529,1,-0.11750001,0.0034999996,0.117552124
PFZ0180,MAHARASHTRA,Navapur (Ucheli Cr),19.868055555555557,72.2961111111111,NW,282.0,41.0,26.0,1,0.11703135,105,27.269466696494472,1,-0.065500006,-0.0405,0.077009745
PFZ0181,MAHARASHTRA,Satpati(N),19.834444444444443,72.26222222222222,NW,285.0,46.0,27.0,1,0.11110261,105,27.28186642393733,1,-0.065500006,-0.0405,0.077009745
PFZ0182,MAHARASHTRA,Murbe,19.793333333333337,72.23805555555556,NW,278.0,48.0,27.0,1,0.11110261,105,27.29264547392428,1,-0.065500006,-0.0405,0.077009745
PFZ0183,MAHARASHTRA,Satpati(M/S),19.746944444444445,72.22777777777777,NW,273.0,49.0,25.0,1,0.11110261,105,27.29817625713791,1,-0.065500006,-0.0405,0.077009745
PFZ0184,MAHARASHTRA,Satpati,19.699166666666667,72.22527777777778,SW,268.0,50.0,22.0,1,0.11110261,105,27.333484010647588,1,-0.065500006,-0.0405,0.077009745
PFZ0185,MAHARASHTRA,Arnala,19.478055555555553,72.38944444444445,NW,272.0,35.0,20.0,1,0.12872103,105,27.426059278894236,1,0.027,0.068500005,0.07362915
PFZ0186,MAHARASHTRA,Edavan/Kore,19.46638888888889,72.42611111111111,SW,257.0,32.0,18.0,1,0.12872103,105,27.42398419703261,1,0.027,0.068500005,0.07362915
PFZ0187,MAHARASHTRA,Tembhi,19.44472222222222,72.45722222222223,SW,268.0,29.0,18.0,1,0.12872103,105,27.44684252170661,1,0.027,0.068500005,0.07362915
PFZ0188,MAHARASHTRA,Arnalapada,19.409444444444443,72.47222222222223,SW,260.0,28.0,17.0,1,0.12872103,105,27.47271175206225,1,0.027,0.068500005,0.07362915
PFZ0189,MAHARASHTRA,Rangaon,19.371944444444445,72.48083333333334,W,270.0,29.0,17.0,1,0.12872103,105,27.47271175206225,1,0.025,0.016,0.029681645
PFZ0190,MAHARASHTRA,Uttan,19.336388888888887,72.495,NW,283.0,29.0,17.0,1,0.12964742,105,27.499561237002407,1,0.025,0.016,0.029681645
PFZ0191,MAHARASHTRA,Uttan(Bhatye),19.309722222222224,72.5225,NW,279.0,26.0,15.0,1,0.12964742,105,27.574407607702486,1,0.025,0.016,0.029681645
PFZ0192,MAHARASHTRA,Dongri,19.289166666666667,72.55499999999999,NW,272.0,23.0,14.0,1,0.12964742,105,27.55949402171019,1,0.025,0.016,0.029681645
PFZ0193,MAHARASHTRA,Gorai,19.26638888888889,72.58583333333333,NW,278.0,19.0,13.0,1,0.12964742,105,27.55949402171019,1,0.025,0.016,0.029681645
PFZ0194,MAHARASHTRA,Manori,19.23611111111111,72.60944444444443,NW,280.0,17.0,12.0,1,0.12964742,105,27.48362569808921,1,0.025,0.016,0.029681645
PFZ0195,MAHARASHTRA,Madh,19.104444444444447,72.34166666666667,SW,263.0,46.0,31.0,1,0.1163514,105,27.63231063574481,1,0.102000006,-0.10100001,0.14354444
PFZ0196,MAHARASHTRA,YerangalBhati,19.09,72.3863888888889,SW,259.0,42.0,31.0,1,0.14001332,105,27.657619984682334,1,0.0925,-0.08050001,0.122623414
PFZ0197,MAHARASHTRA,Patwadi,19.05138888888889,72.41388888888889,SW,257.0,39.0,28.0,1,0.14001332,105,27.663793492734204,1,0.0925,-0.08050001,0.122623414
PFZ0198,MAHARASHTRA,Malabar Port (Mumbai),19.00888888888889,72.43472222222222,NW,282.0,37.0,31.0,1,0.14001332,105,27.67605040245408,1,0.0925,-0.08050001,0.122623414
PFZ0199,MAHARASHTRA,Worli-Lotus,18.96361111111111,72.44944444444445,SW,266.0,37.0,35.0,1,0.14001332,105,27.677812801081163,1,0.0925,-0.08050001,0.122623414
PFZ0200,MAHARASHTRA,Colaba Pt.(Mumbai),18.916944444444447,72.4588888888889,NW,275.0,36.0,35.0,1,0.14001332,105,27.70180729658071,1,0.0925,-0.08050001,0.122623414
PFZ0201,MAHARASHTRA,CuffPared,18.869722222222222,72.46194444444444,SW,262.0,37.0,35.0,1,0.15137593,105,27.72163609363952,1,0.079,-0.020000001,0.081492335
PFZ0202,MAHARASHTRA,SasoonDock,18.822222222222223,72.45944444444444,SW,256.0,39.0,36.0,1,0.15137593,105,27.72458790246629,1,0.079,-0.020000001,0.081492335
PFZ0203,MAHARASHTRA,Sasawane,18.775277777777777,72.4525,SW,268.0,42.0,38.0,1,0.15137593,105,27.73341219563088,1,0.079,-0.020000001,0.081492335
PFZ0204,MAHARASHTRA,Navgaon,18.729166666666664,72.4413888888889,NW,273.0,43.0,40.0,1,0.15137593,105,27.75758284112469,1,0.079,-0.020000001,0.081492335
PFZ0205,MAHARASHTRA,VarsoliChalmala,18.455555555555556,72.37055555555555,SW,247.0,55.0,48.0,1,0.12560165,105,27.850658673696152,1,0.07000001,-0.060500003,0.09252163
PFZ0206,MAHARASHTRA,Alibag,18.439166666666665,72.28444444444445,SW,250.0,65.0,39.0,1,0.12560165,105,27.86091957480704,1,0.07000001,-0.060500003,0.09252163
PFZ0207,MAHARASHTRA,Mazgaon,18.35611111111111,72.26222222222222,SW,269.0,70.0,49.0,1,0.128226,105,27.87696326825216,1,0.0785,-0.07000001,0.10517724
PFZ0208,MAHARASHTRA,Nanwell Pt,18.274166666666662,72.29527777777777,W,270.0,67.0,45.0,1,0.128226,105,27.91559517457271,1,0.0785,-0.07000001,0.10517724
PFZ0209,MAHARASHTRA,Ekdara,18.190277777777776,72.32222222222222,SW,258.0,68.0,44.0,1,0.128226,105,27.937331219363298,1,0.0785,-0.07000001,0.10517724
PFZ0210,MAHARASHTRA,Shekhadi(Khalchi),18.101944444444445,72.30916666666667,SW,268.0,70.0,55.0,1,0.13114084,105,27.98080433493706,1,0.050500005,-0.0555,0.07503666
PFZ0211,MAHARASHTRA,Srivardhan,18.036944444444448,72.25083333333333,SW,269.0,79.0,63.0,1,0.13114084,105,28.020700199087443,1,0.050500005,-0.0555,0.07503666
PFZ0212,MAHARASHTRA,Bhardkhol-Diveagar,18.010833333333334,72.16527777777779,SW,257.0,88.0,65.0,1,0.13114084,105,28.015645701614428,1,0.050500005,-0.0555,0.07503666
PFZ0213,MAHARASHTRA,Diveagar,17.999722222222225,72.0761111111111,SW,259.0,98.0,57.0,1,0.12238568,105,28.02718848435647,1,0.047000002,-0.0515,0.06972267
PFZ0214,MAHARASHTRA,Dighi(Savari),17.995,71.98666666666666,SW,254.0,108.0,53.0,1,0.12238568,105,28.023736728445225,1,0.047000002,-0.0515,0.06972267
PFZ0215,MAHARASHTRA,Kolthare,17.60666666666667,72.69416666666667,SW,265.0,46.0,35.0,1,0.13908786,105,28.071820692075885,1,0.089,-0.0135,0.09001805
PFZ0216,MAHARASHTRA,Tolkeshwar Pt,17.569166666666668,72.71888888888888,NW,271.0,43.0,37.0,1,0.13908786,105,28.065560500685812,1,0.089,-0.0135,0.09001805
PFZ0217,MAHARASHTRA,Anjanvel,17.52861111111111,72.73777777777778,SW,267.0,42.0,39.0,1,0.13908786,105,28.06901736610774,1,0.089,-0.0135,0.09001805
PFZ0218,MAHARASHTRA,Kondkarul,17.485555555555557,72.75055555555555,NW,282.0,44.0,41.0,1,0.13908786,105,28.080454904964167,1,0.089,-0.0135,0.09001805
PFZ0219,MAHARASHTRA,Budhal,17.441388888888888,72.75916666666667,NW,275.0,43.0,46.0,1,0.13461879,105,28.083485740950945,1,0.089,-0.0135,0.09001805
PFZ0220,MAHARASHTRA,Palshet,17.396944444444443,72.76527777777778,SW,264.0,44.0,54.0,1,0.13461879,105,28.112860275883698,1,0.089,-0.0135,0.09001805
PFZ0221,MAHARASHTRA,Jaigarh Head,17.352222222222224,72.7675,NW,278.0,44.0,56.0,1,0.13461879,105,28.137871436014983,1,0.036,0.0225,0.042452913
PFZ0222,MAHARASHTRA,Welneshwar,17.3075,72.76333333333334,SW,261.0,47.0,59.0,1,0.13461879,105,28.14654326322315,1,0.036,0.0225,0.042452913
PFZ0223,MAHARASHTRA,SakharJaigad,17.264166666666668,72.75138888888888,SW,265.0,49.0,61.0,1,0.13461879,105,28.17507916253185,1,0.036,0.0225,0.042452913
PFZ0224,MAHARASHTRA,Jaigad,17.223611111111108,72.7325,SW,261.0,51.0,66.0,1,0.13995352,105,28.19130160897772,1,0.036,0.0225,0.042452913
PFZ0225,MAHARASHTRA,JakiMirya,17.02,72.86305555555555,SW,269.0,41.0,59.0,1,0.13995352,105,28.22160582461559,1,-0.014000001,0.0435,0.045697372
PFZ0226,MAHARASHTRA,Ratnagiri,16.980277777777776,72.875,SW,269.0,41.0,58.0,1,0.1648,105,28.246685140059487,1,-0.016,0.031000001,0.03488553
PFZ0227,MAHARASHTRA,Mirkarwada,16.938333333333333,72.87305555555555,SW,261.0,42.0,60.0,1,0.14283301,105,28.25855359325409,1,-0.014000001,0.0435,0.045697372
PFZ0228,MAHARASHTRA,Purnagad,16.897222222222222,72.86305555555555,NW,276.0,44.0,60.0,1,0.14283301,105,28.26518207117164,1,-0.014000001,0.0435,0.045697372
PFZ0229,MAHARASHTRA,Phansop,16.859166666666667,72.84555555555555,SW,257.0,47.0,61.0,1,0.14283301,105,28.27005942991833,1,-0.015500002,0.007500002,0.017219178
PFZ0230,MAHARASHTRA,Purangad,16.824166666666667,72.82222222222222,NW,272.0,50.0,62.0,1,0.14283301,105,28.262120592795792,1,-0.015500002,0.007500002,0.017219178
PFZ0231,MAHARASHTRA,Bokarwadi,16.791666666666668,72.79555555555555,NW,276.0,53.0,67.0,1,0.14283301,105,28.260879409350892,1,-0.015500002,0.007500002,0.017219178
PFZ0232,MAHARASHTRA,Sakhri-Natye,16.764444444444443,72.76361111111112,SW,264.0,59.0,72.0,1,0.14283301,105,28.275370799665335,1,-0.015500002,0.007500002,0.017219178
PFZ0233,MAHARASHTRA,Wada Vetye,16.741944444444446,72.72916666666667,NW,276.0,63.0,72.0,1,0.13979645,105,28.2868690275918,1,-0.015500002,0.007500002,0.017219178
PFZ0234,MAHARASHTRA,Sakharinate,16.704722222222223,72.70944444444444,NW,276.0,65.0,37.0,1,0.13979645,105,28.301951509738647,1,-0.015500002,0.007500002,0.017219178
PFZ0235,MAHARASHTRA,Wagapur Pt,16.60388888888889,72.80722222222222,W,270.0,53.0,63.0,1,0.13979645,105,28.283756962528532,1,0.0035000015,-0.0205,0.020796634
PFZ0236,MAHARASHTRA,Vijaydurg,16.56138888888889,72.83,NW,271.0,52.0,65.0,1,0.13979645,105,28.299656918517147,1,0.0035000015,-0.0205,0.020796634
PFZ0237,MAHARASHTRA,Vijayadurg Hr,16.5125,72.83888888888889,SW,264.0,52.0,64.0,1,0.13021691,105,28.31294745752326,1,0.0035000015,-0.0205,0.020796634
PFZ0238,MAHARASHTRA,Ambolgad,16.4625,72.83722222222222,SW,249.0,54.0,59.0,1,0.13021691,105,28.330014989158,1,0.0035000015,-0.0205,0.020796634
PFZ0239,MAHARASHTRA,Kalamaiwadi,16.41333333333333,72.8286111111111,SW,267.0,55.0,59.0,1,0.13021691,105,28.357248362622887,1,0.0035000015,-0.0205,0.020796634
PFZ0240,MAHARASHTRA,Devgarh,16.366666666666667,72.81166666666667,SW,268.0,59.0,80.0,1,0.13021691,105,28.388814544677334,1,-0.0005000001,0.006500002,0.0065192045
PFZ0241,MAHARASHTRA,Anandwadi(Devgad),16.32472222222222,72.785,SW,264.0,62.0,102.0,1,0.13021691,105,28.398030644026072,1,-0.0005000001,0.006500002,0.0065192045
PFZ0242,MAHARASHTRA,Mithmumbri/Taramumbari,16.2875,72.75166666666667,SW,263.0,67.0,88.0,1,0.13021691,105,28.40181003288091,1,-0.0005000001,0.006500002,0.0065192045
PFZ0243,MAHARASHTRA,Kunkeshwar,16.255555555555556,72.71333333333334,SW,263.0,71.0,85.0,1,0.117871866,105,28.434752663890905,1,-0.0005000001,0.006500002,0.0065192045
PFZ0244,MAHARASHTRA,Kunkeshwar/Katvan,16.22972222222222,72.67083333333333,SW,262.0,77.0,95.0,1,0.117871866,105,28.44652690807603,1,-0.0005000001,0.006500002,0.0065192045
PFZ0245,MAHARASHTRA,Sindhudurg (Malvan),15.9675,73.2713888888889,SW,248.0,20.0,42.0,1,0.15302409,105,28.421862482171793,1,-0.008,-0.056,0.056568544
PFZ0246,MAHARASHTRA,Dhurivada,15.951666666666666,73.25027777777778,SW,241.0,23.0,39.0,1,0.15302409,105,28.455570057812952,1,-0.008,-0.056,0.056568544
PFZ0247,MAHARASHTRA,Wayri,15.933055555555557,73.23138888888889,SW,245.0,27.0,49.0,1,0.15302409,105,28.455570057812952,1,-0.008,-0.056,0.056568544
PFZ0248,MAHARASHTRA,Deobag,15.911666666666669,73.21583333333334,SW,249.0,30.0,52.0,1,0.15302409,105,28.47539721810204,1,-0.008,-0.056,0.056568544
PFZ0249,MAHARASHTRA,Tarkarli/Kalethar,15.887777777777778,73.20444444444445,SW,241.0,32.0,56.0,1,0.15302409,105,28.47539721810204,1,-0.008,-0.056,0.056568544
PFZ0250,MAHARASHTRA,Sarjekot,15.861944444444443,73.19777777777779,SW,230.0,35.0,58.0,1,0.15302409,105,28.48264203939459,1,0.0225,-0.090500005,0.093255036
PFZ0251,MAHARASHTRA,Kochara-Nivati,15.835833333333332,73.19500000000001,SW,253.0,36.0,59.0,1,0.15302409,105,28.475243617839535,1,0.0225,-0.090500005,0.093255036
PFZ0252,MAHARASHTRA,Khavana,15.809444444444445,73.19861111111112,SW,249.0,37.0,59.0,1,0.15302409,105,28.475243617839535,1,0.0225,-0.090500005,0.093255036
PFZ0253,MAHARASHTRA,Kelus,15.7875,73.21305555555556,SW,251.0,40.0,58.0,1,0.15584105,105,28.480013258913324,1,0.0225,-0.090500005,0.093255036
PFZ0254,MAHARASHTRA,Mobar-Bhogave,15.771666666666668,73.23416666666667,SW,249.0,39.0,58.0,1,0.15584105,105,28.462079685569428,1,0.0225,-0.090500005,0.093255036
PFZ0255,NORTH TAMILNADU,Kathivakkam Chinnakuppam,13.208333333333332,80.63944444444445,E,90.0,32.0,194.0,1,0.08310556,105,28.54430572374695,1,0.09,0.29,0.3036445
PFZ0256,NORTH TAMILNADU,Ernavoorkuppam,13.203055555555554,80.69694444444445,E,90.0,39.0,564.0,1,0.08310556,105,28.588517119820825,1,0.09,0.29,0.3036445
PFZ0257,NORTH TAMILNADU,Ennore Mugathuvarakuppan,13.201944444444443,80.58222222222221,SE,96.0,26.0,209.0,1,0.08490936,105,28.5234838389814,1,,,
PFZ0258,NORTH TAMILNADU,Thazankuppam,13.189722222222224,80.75333333333333,SE,95.0,45.0,1780.0,1,0.08310556,105,28.625554911295204,1,0.09,0.29,0.3036445
PFZ0259,NORTH TAMILNADU,Ennorekuppam,13.163333333333334,80.80472222222222,SE,98.0,51.0,2430.0,1,0.08310556,105,28.62216482533725,1,0.09,0.29,0.3036445
PFZ0260,NORTH TAMILNADU,Kathivakkam Periakuppam,13.160555555555556,80.54638888888888,SE,102.0,23.0,133.0,1,0.08490936,105,28.50687554146278,1,,,
PFZ0261,NORTH TAMILNADU,Kasiviswanathar koil Kuppam,13.145833333333332,80.91694444444445,SE,92.0,64.0,2550.0,1,0.084057145,105,28.701835099345452,1,0.007,0.30100003,0.30108142
PFZ0262,NORTH TAMILNADU,Palagaithottikuppam,13.145833333333332,80.85944444444443,SE,92.0,57.0,2581.0,1,0.08310556,105,28.651138684202248,1,0.09,0.29,0.3036445
PFZ0263,NORTH TAMILNADU,Kasikoilkuppam,13.103333333333332,80.54805555555555,SE,105.0,25.0,136.0,1,0.08521104,105,28.51973263210684,1,,,
PFZ0264,NORTH TAMILNADU,Chennai,13.048055555555557,80.56444444444445,SE,106.0,28.0,135.0,1,0.08521104,105,28.510732921192,1,,,
PFZ0265,NORTH TAMILNADU,Chemacherry,12.778055555555556,80.5125,NE,89.0,26.0,78.0,1,0.08656748,105,28.574328002929324,1,,,
PFZ0266,NORTH TAMILNADU,Covelong (Kovalam),12.735277777777776,80.5363888888889,SE,101.0,29.0,83.0,1,0.08656748,105,28.551752049962545,1,,,
PFZ0267,NORTH TAMILNADU,Pudhukalpakkam,12.697222222222225,80.5675,SE,96.0,34.0,102.0,1,0.08656748,105,28.567400942548225,1,,,
PFZ0268,NORTH TAMILNADU,Nemmelikuppam,12.666944444444445,80.60583333333332,SE,98.0,39.0,119.0,1,0.08656748,105,28.61381896572824,1,,,
PFZ0269,NORTH TAMILNADU,Soolerikattukuppam,12.6525,80.6525,SE,97.0,44.0,105.0,1,0.08426024,105,28.63840615527839,1,0.1675,0.213,0.27097094
PFZ0270,NORTH TAMILNADU,Pattipulam,12.645555555555555,80.70111111111112,SE,95.0,50.0,382.0,1,0.08482998,105,28.654944027956656,1,0.1675,0.213,0.27097094
PFZ0271,NORTH TAMILNADU,Egattur Karikattukuppam,12.635277777777777,80.74916666666667,SE,111.0,56.0,1179.0,1,0.08482998,105,28.672503675493896,1,0.1675,0.213,0.27097094
PFZ0272,NORTH TAMILNADU,Pudu Nemeli Kuppam,12.609444444444444,80.78999999999999,SE,95.0,61.0,2227.0,1,0.08482998,105,28.67993525331822,1,0.18,0.236,0.2968097
PFZ0273,NORTH TAMILNADU,Salavankuppam,12.570833333333333,80.82027777777778,SE,98.0,65.0,3084.0,1,0.08482998,105,28.704795890941572,1,0.18,0.236,0.2968097
PFZ0274,NORTH TAMILNADU,Devaneri,12.536388888888888,80.85472222222222,SE,100.0,69.0,3426.0,1,0.08482998,105,28.71362343292031,1,0.18,0.236,0.2968097
PFZ0275,NORTH TAMILNADU,Uyyalikuppam,12.409444444444444,80.49916666666667,SE,103.0,36.0,71.0,1,0.08641014,105,28.662792995519425,1,0.116500005,0.19750002,0.22930004
PFZ0276,NORTH TAMILNADU,Kadalore Chinna Kuppam,12.35,80.48222222222222,SE,107.0,36.0,87.0,1,0.08502434,105,28.717587193651102,1,0.105000004,0.213,0.2374742
PFZ0277,NORTH TAMILNADU,Padalore Periya Kuppam,12.300277777777778,80.44666666666667,SE,116.0,34.0,142.0,1,0.08502434,105,28.74718046012665,1,0.105000004,0.213,0.2374742
PFZ0278,NORTH TAMILNADU,Kadalore Ali Kuppam,12.259722222222225,80.40027777777779,SE,125.0,32.0,275.0,1,0.08502434,105,28.735261669493173,1,0.105000004,0.213,0.2374742
PFZ0279,NORTH TAMILNADU,Pudhunadukuppam,12.219166666666666,80.35388888888889,SE,131.0,31.0,569.0,1,0.08618151,105,28.722897372038076,1,,,
PFZ0280,NORTH TAMILNADU,Perun Thuravu Kuppam,12.16972222222222,80.3175,SE,133.0,31.0,796.0,1,0.08618151,105,28.6948437030495,1,,,
PFZ0281,NORTH TAMILNADU,Kadappakam,12.110277777777778,80.30194444444444,SE,120.0,33.0,1101.0,1,0.085116014,105,28.770232385558355,1,0.054,0.11950001,0.13113448
PFZ0282,NORTH TAMILNADU,Vasavankuppam,12.053611111111111,80.27888888888889,SE,121.0,34.0,1291.0,1,0.085116014,105,28.740320356115145,1,0.054,0.11950001,0.13113448
PFZ0283,NORTH TAMILNADU,Ekkiyarkuppam,12.007777777777775,80.23777777777778,SE,123.0,33.0,974.0,1,0.085116014,105,28.70388646984268,1,0.054,0.11950001,0.13113448
PFZ0284,NORTH TAMILNADU,Anumandhaikuppam,11.95,80.21722222222222,SE,121.0,35.0,907.0,1,0.085116014,105,28.66417046931714,1,0.054,0.11950001,0.13113448
PFZ0285,NORTH TAMILNADU,Veerampattinam,11.79888888888889,80.12138888888889,SE,108.0,31.0,886.0,1,0.09021069,105,28.65195530290608,1,,,
PFZ0286,NORTH TAMILNADU,Narambai,11.748055555555554,80.10388888888889,SE,103.0,31.0,852.0,1,0.09021069,105,28.668563289414134,1,,,
PFZ0287,NORTH TAMILNADU,Thazhanguda,11.7075,80.06833333333333,SE,102.0,28.0,1044.0,1,0.09021069,105,28.655884802957456,1,,,
PFZ0288,NORTH TAMILNADU,Sonaankuppam,11.654166666666669,80.06055555555555,SE,104.0,29.0,788.0,1,0.09022625,105,28.67056241970089,1,,,
PFZ0289,NORTH TAMILNADU,Rajappettai,11.600833333333332,80.07027777777778,SE,106.0,31.0,739.0,1,0.09022625,105,28.66836219510585,1,,,
PFZ0290,NORTH TAMILNADU,Killai,11.55,80.08916666666666,NE,68.0,31.0,809.0,1,0.09022625,105,28.660568053146488,1,,,
PFZ0291,NORTH TAMILNADU,Pazhayar,11.533055555555556,80.39305555555556,NE,72.0,61.0,2180.0,1,0.089753054,105,28.784111212053457,1,0.0245,0.22850001,0.2298097
PFZ0292,NORTH TAMILNADU,M.G.R. Thittu,11.504444444444443,80.11861111111111,NE,84.0,34.0,962.0,1,0.09022625,105,28.677710743607744,1,,,
PFZ0293,NORTH TAMILNADU,Madavamedu,11.489722222222222,80.42916666666667,NE,75.0,64.0,2296.0,1,0.089753054,105,28.7973415268561,1,0.0245,0.22850001,0.2298097
PFZ0294,NORTH TAMILNADU,Koozhayar,11.473611111111111,80.16250000000001,NE,60.0,38.0,1104.0,1,0.087784424,105,28.705850432791955,1,0.0009999997,0.1645,0.16450304
PFZ0295,NORTH TAMILNADU,Thoduvai,11.450555555555557,80.21027777777778,NE,63.0,43.0,1372.0,1,0.087784424,105,28.739979415411653,1,0.0009999997,0.1645,0.16450304
PFZ0296,NORTH TAMILNADU,Kottaimedu,11.436666666666667,80.44722222222222,NE,79.0,65.0,2297.0,1,0.089753054,105,28.778600614674733,1,0.0245,0.22850001,0.2298097
PFZ0297,NORTH TAMILNADU,Tirumullaivasal,11.400277777777776,80.2275,NE,67.0,43.0,1355.0,1,0.089735895,105,28.7362593975601,1,0.0009999997,0.1645,0.16450304
PFZ0298,NORTH TAMILNADU,Mudasalodai Village,11.380277777777778,80.44083333333333,NE,80.0,64.0,2053.0,1,0.0913614,105,28.799516737486204,1,0.0245,0.22850001,0.2298097
PFZ0299,NORTH TAMILNADU,Keezhamoovarkarai,11.324166666666668,80.43166666666667,NE,79.0,62.0,1692.0,1,0.0913614,105,28.78576432911582,1,-0.040999997,0.25050002,0.25383314
PFZ0300,NORTH TAMILNADU,Chavadikuppam,11.26888888888889,80.44055555555556,NE,84.0,62.0,1540.0,1,0.0913614,105,28.789413831980543,1,-0.040999997,0.25050002,0.25383314
PFZ0301,NORTH TAMILNADU,Madathukuppam,11.223888888888888,80.47472222222223,NE,86.0,65.0,1546.0,1,0.0913614,105,28.789853060671323,1,-0.040999997,0.25050002,0.25383314
PFZ0302,NORTH TAMILNADU,Poombuhar,11.187222222222225,80.51805555555555,NE,86.0,70.0,1597.0,1,0.0913614,105,28.79940879570395,1,-0.040999997,0.25050002,0.25383314
PFZ0303,NORTH TAMILNADU,Kaverippattinam,11.155555555555557,80.56527777777778,NE,88.0,75.0,1751.0,1,0.0933325,105,28.81620400375016,1,-0.040999997,0.25050002,0.25383314
PFZ0304,NORTH TAMILNADU,Vanagiri,11.126944444444446,80.61444444444444,E,90.0,80.0,2016.0,1,0.0933325,105,28.79807815951159,1,-0.040999997,0.25050002,0.25383314
PFZ0305,NORTH TAMILNADU,Thalampettai,11.061666666666667,80.35388888888889,SE,92.0,52.0,819.0,1,0.09299346,105,28.740748832220213,1,-0.08250001,0.23450002,0.24858904
PFZ0306,NORTH TAMILNADU,Tharangampadi,11.011944444444444,80.34638888888888,SE,92.0,51.0,755.0,1,0.09299346,105,28.726546656831367,1,-0.08250001,0.23450002,0.24858904
PFZ0307,NORTH TAMILNADU,Chinnorpettai,10.961666666666666,80.34388888888888,SE,93.0,51.0,672.0,1,0.09299346,105,28.742916601721156,1,-0.08250001,0.23450002,0.24858904
PFZ0308,NORTH TAMILNADU,Karikal,10.911388888888888,80.34777777777778,E,90.0,51.0,568.0,1,0.09309345,105,28.737123165645713,1,-0.08250001,0.23450002,0.24858904
PFZ0309,NORTH TAMILNADU,Nagore,10.862222222222222,80.3586111111111,NE,86.0,53.0,519.0,1,0.09309345,105,28.736756330311085,1,-0.101500005,0.20850001,0.2318933
PFZ0310,NORTH TAMILNADU,Samanthanpettai,10.816111111111113,80.3786111111111,NE,88.0,55.0,455.0,1,0.094300255,105,28.75347359472299,1,-0.155,0.22950003,0.2769391
PFZ0311,NORTH TAMILNADU,Nagapattinam Harbour,10.778333333333334,80.41166666666668,NE,89.0,59.0,603.0,1,0.094300255,105,28.762766827647297,1,-0.155,0.22950003,0.2769391
PFZ0312,NORTH TAMILNADU,Seruthur,10.744166666666668,80.44888888888889,NE,83.0,63.0,686.0,1,0.094300255,105,28.7720773519755,1,-0.155,0.22950003,0.2769391
PFZ0313,NORTH TAMILNADU,Velanganni,10.706944444444444,80.48277777777778,NE,87.0,66.0,664.0,1,0.094300255,105,28.77903033057077,1,-0.155,0.22950003,0.2769391
PFZ0314,NORTH TAMILNADU,Kameshwaram,10.661111111111111,80.50194444444445,NE,86.0,68.0,673.0,1,0.09455784,105,28.802924497567503,1,-0.155,0.22950003,0.2769391
PFZ0315,SOUTH ANDHRAPRADESH,Etimoga,16.050833333333333,81.34138888888889,NE,51.0,46.0,22.0,1,0.08409883,105,28.298420450567335,1,,,
PFZ0316,SOUTH ANDHRAPRADESH,Nachugunta,15.968333333333334,81.485,NE,69.0,66.0,252.0,1,0.08845707,105,28.501458806576547,1,0.42350003,0.045500003,0.42593724
PFZ0317,SOUTH ANDHRAPRADESH,Sorlagondi,15.932777777777778,81.2213888888889,NE,67.0,22.0,6.0,1,0.091492824,105,28.345407735020373,1,,,
PFZ0318,SOUTH ANDHRAPRADESH,Giripuram,15.932222222222222,81.92083333333333,SE,114.0,79.0,1030.0,1,0.08655883,105,28.433449192697218,1,0.3925,0.073,0.39923084
PFZ0319,SOUTH ANDHRAPRADESH,Machilipatnam,15.796111111111111,82.01916666666666,SE,114.0,94.0,1316.0,1,0.08655883,105,28.436569746071825,1,0.5325,0.015000004,0.53271127
PFZ0320,SOUTH ANDHRAPRADESH,Pedda Gollapalem,15.715,81.8425,SE,149.0,79.0,1496.0,1,0.08396401,105,28.44609621258943,1,0.6305,0.0435,0.63199884
PFZ0321,SOUTH ANDHRAPRADESH,Palakayatippa,15.640833333333331,81.98222222222222,SE,113.0,96.0,1898.0,1,0.08278705,105,28.464739404509487,1,0.5325,0.015000004,0.53271127
PFZ0322,SOUTH ANDHRAPRADESH,Bestapalam Bapatla,15.561388888888889,81.21472222222222,SE,110.0,83.0,1427.0,1,0.0887523,105,28.5479431085342,1,0.6085,0.2475,0.6569083
PFZ0323,SOUTH ANDHRAPRADESH,Suryalanka,15.551388888888887,81.11277777777777,SE,115.0,72.0,1098.0,1,0.086076945,105,28.53898741473738,1,0.4795,0.26200002,0.5464103
PFZ0324,SOUTH ANDHRAPRADESH,Nizampatnam,15.528055555555556,81.01472222222222,SE,134.0,53.0,745.0,1,0.086076945,105,28.518833615486702,1,0.4795,0.26200002,0.5464103
PFZ0325,SOUTH ANDHRAPRADESH,Adavipallipalem,15.266944444444444,80.53833333333333,SE,124.0,41.0,205.0,1,0.09090323,105,28.47255893283384,1,0.197,0.15,0.24760655
PFZ0326,SOUTH ANDHRAPRADESH,Allurukottapatnam,15.23,80.40916666666668,SE,133.0,32.0,55.0,1,0.09090323,105,28.50927940976267,1,0.197,0.15,0.24760655
PFZ0327,SOUTH ANDHRAPRADESH,Chakicherla,15.15388888888889,80.29944444444445,NE,79.0,26.0,36.0,1,0.09955082,105,28.38213307827302,1,,,
PFZ0328,SOUTH ANDHRAPRADESH,Utukuru,14.799722222222222,80.50194444444445,NE,68.0,38.0,1497.0,1,0.085924946,105,28.509979077557254,1,,,
PFZ0329,SOUTH ANDHRAPRADESH,Pattapupalem,14.678055555555554,80.54805555555555,NE,85.0,40.0,2071.0,1,0.085924946,105,28.4661511980618,1,,,
PFZ0330,SOUTH ANDHRAPRADESH,Maipadu,14.59388888888889,80.63777777777779,NE,79.0,48.0,2359.0,1,0.08325864,105,28.515628133867533,1,0.0425,0.46150005,0.46345285
PFZ0331,SOUTH ANDHRAPRADESH,Pathapalem,14.256666666666666,80.52194444444444,SE,111.0,38.0,1309.0,1,0.08572873,105,28.52915333951422,1,0.067,0.55300003,0.557044
PFZ0332,SOUTH ANDHRAPRADESH,Tammenapatnam,14.142777777777775,80.5261111111111,SE,102.0,42.0,1760.0,1,0.08572873,105,28.51910076781372,1,0.067,0.55300003,0.557044
PFZ0333,SOUTH ANDHRAPRADESH,Kottapatnam,14.03472222222222,80.49027777777778,SE,104.0,39.0,860.0,1,0.08522283,105,28.546133538913583,1,,,
PFZ0334,SOUTH ANDHRAPRADESH,Durgarajupatnam,13.826944444444443,80.62222222222222,SE,108.0,51.0,1966.0,1,0.08492253,105,28.54940281773438,1,,,
PFZ0335,SOUTH ANDHRAPRADESH,Kondur,13.799444444444443,80.73583333333333,SE,111.0,67.0,3036.0,1,0.082907215,105,28.565482995144972,1,-0.0125,0.41500002,0.41518822
PFZ0336,SOUTH ANDHRAPRADESH,Pulinjerikuppam,13.790555555555557,80.51694444444445,NE,55.0,34.0,944.0,1,0.08492253,105,28.517059436021075,1,,,
PFZ0337,SOUTH ANDHRAPRADESH,Arkatapalem,13.734166666666663,80.83333333333333,SE,116.0,81.0,3014.0,1,0.082907215,105,28.61040666274566,1,-0.0125,0.41500002,0.41518822
GRID_0001,INDIAN_MARINE,GRID_SAMPLE,18.5,78.25,,,423.1247061689748,,0,,5,,0,,,
GRID_0002,INDIAN_MARINE,GRID_SAMPLE,14.0,68.25,,,428.97409181593525,,0,0.06677761,105,28.208881369054563,1,0.06250001,0.1495,0.16203858
GRID_0003,INDIAN_MARINE,GRID_SAMPLE,16.0,82.5,,,56.07485346225201,,0,0.08422235,105,28.461962618324137,1,0.3405,-0.011500001,0.34069413
GRID_0004,INDIAN_MARINE,GRID_SAMPLE,20.0,83.25,,,472.3286381613167,,0,,5,,0,,,
GRID_0005,INDIAN_MARINE,GRID_SAMPLE,7.75,72.25,,,131.91505425685008,,0,0.07443474,105,29.13179194892853,1,-0.0025000013,0.132,0.13202368
GRID_0006,INDIAN_MARINE,GRID_SAMPLE,19.5,78.75,,,469.1477946345151,,0,,5,,0,,,
GRID_0007,INDIAN_MARINE,GRID_SAMPLE,10.0,79.0,,,175.83243642292155,,0,,5,,0,,,
GRID_0008,INDIAN_MARINE,GRID_SAMPLE,13.25,72.5,,,110.80769258583356,,0,0.062162094,105,28.82559303308288,1,-0.018000001,0.065500006,0.06792828
GRID_0009,INDIAN_MARINE,GRID_SAMPLE,6.25,74.75,,,270.03878700462417,,0,0.07608329,105,29.07518556559294,1,-0.16100001,0.22850001,0.27952325
GRID_0010,INDIAN_MARINE,GRID_SAMPLE,8.0,74.75,,,178.5662183214664,,0,0.070690475,105,29.108495047432683,1,-0.001500003,-0.074,0.0740152
GRID_0011,INDIAN_MARINE,GRID_SAMPLE,12.5,79.25,,,120.18177024381592,,0,,5,,0,,,
GRID_0012,INDIAN_MARINE,GRID_SAMPLE,11.0,74.5,,,75.9093302887061,,0,0.062300835,105,29.007357032145585,1,-0.027500002,0.07,0.075208046
GRID_0013,INDIAN_MARINE,GRID_SAMPLE,17.75,77.75,,,394.5634901123709,,0,,5,,0,,,
GRID_0014,INDIAN_MARINE,GRID_SAMPLE,14.75,93.5,,,198.15079745940747,,0,0.18587933,105,28.574242631778848,1,0.1115,-0.0345,0.11671547
GRID_0015,INDIAN_MARINE,GRID_SAMPLE,21.25,70.75,,,221.6171656663759,,0,,5,,0,,,
GRID_0016,INDIAN_MARINE,GRID_SAMPLE,12.25,88.25,,,466.1069385901744,,0,0.08476638,105,28.8612970812564,1,-0.024999999,-0.07700001,0.08095679
GRID_0017,INDIAN_MARINE,GRID_SAMPLE,13.0,78.75,,,192.2086776528451,,0,,5,,0,,,
GRID_0018,INDIAN_MARINE,GRID_SAMPLE,21.5,68.5,,,430.02817008323944,,0,0.17192844,105,27.042054137018336,1,0.02,-0.027,0.033600595
GRID_0019,INDIAN_MARINE,GRID_SAMPLE,14.0,79.25,,,133.63701094693474,,0,,5,,0,,,
GRID_0020,INDIAN_MARINE,GRID_SAMPLE,10.25,91.0,,,150.2861823806995,,0,0.10684891,105,29.00979085239275,1,-0.026500002,-0.008000001,0.027681224
GRID_0021,INDIAN_MARINE,GRID_SAMPLE,13.0,71.0,,,121.32877730362137,,0,0.06356042,105,28.65843698204931,1,-0.034,-0.0575,0.06680007
GRID_0022,INDIAN_MARINE,GRID_SAMPLE,13.25,85.0,,,420.4051001892118,,0,0.08378892,105,28.782938314153217,1,-0.015500002,0.072500005,0.07413839
GRID_0023,INDIAN_MARINE,GRID_SAMPLE,20.75,77.0,,,473.7053658674533,,0,,5,,0,,,
GRID_0024,INDIAN_MARINE,GRID_SAMPLE,14.75,70.75,,,261.2826744246212,,0,0.063178815,105,28.38696160238253,1,0.0025000004,-0.0024999995,0.0035355338
GRID_0025,INDIAN_MARINE,GRID_SAMPLE,13.75,70.5,,,219.25148330505647,,0,0.06243978,105,28.507992114104475,1,-0.064500004,-0.094000004,0.1140011
GRID_0026,INDIAN_MARINE,GRID_SAMPLE,16.0,92.0,,,321.44298173253486,,0,0.0869908,105,28.410864610736535,1,-0.049999997,-0.064500004,0.08161035
GRID_0027,INDIAN_MARINE,GRID_SAMPLE,5.75,77.5,,,256.0074672080994,,0,0.08183116,105,28.945705841399423,1,0.021500003,-0.009500001,0.02350532
GRID_0028,INDIAN_MARINE,GRID_SAMPLE,20.25,73.0,,,62.59854068443135,,0,,5,,0,,,
GRID_0029,INDIAN_MARINE,GRID_SAMPLE,7.75,72.75,,,94.60719353071762,,0,0.074098125,105,29.117826971128288,1,-0.103,0.21900001,0.24201241
GRID_0030,INDIAN_MARINE,GRID_SAMPLE,14.0,86.25,,,494.4208294156887,,0,0.083959095,105,28.713514885663077,1,-0.0029999986,-0.064500004,0.064569734
GRID_0031,INDIAN_MARINE,GRID_SAMPLE,10.5,92.75,,,17.436285181487396,,0,0.124990724,105,28.88243701627648,1,0.054500006,-0.031,0.06269968
GRID_0032,INDIAN_MARINE,GRID_SAMPLE,6.25,70.25,,,408.6214614495954,,0,0.073510624,105,29.22400844179309,1,-0.117000006,0.09600001,0.15134399
GRID_0033,INDIAN_MARINE,GRID_SAMPLE,12.25,71.25,,,58.10544830330926,,0,0.06281707,105,28.78870485067074,1,0.1075,-0.030500002,0.11174301
GRID_0034,INDIAN_MARINE,GRID_SAMPLE,10.75,90.75,,,165.8631602168294,,0,0.0986464,105,28.980462015810776,1,-0.110500015,-0.034,0.115612514
GRID_0035,INDIAN_MARINE,GRID_SAMPLE,21.75,71.75,,,214.98395212894664,,0,,5,,0,,,
GRID_0036,INDIAN_MARINE,GRID_SAMPLE,8.5,81.5,,,263.72145619063286,,0,0.08804268,105,28.993306515622468,1,,,
GRID_0037,INDIAN_MARINE,GRID_SAMPLE,6.5,77.75,,,186.84705715139984,,0,0.08093124,105,28.707597453253246,1,-0.0925,-0.10650001,0.14106205
GRID_0038,INDIAN_MARINE,GRID_SAMPLE,12.75,78.5,,,204.83838490591128,,0,,5,,0,,,
GRID_0039,INDIAN_MARINE,GRID_SAMPLE,12.75,81.0,,,27.57358632439177,,0,0.08510987,105,28.73387661021559,1,0.11100001,0.2585,0.28132412
GRID_0040,INDIAN_MARINE,GRID_SAMPLE,11.75,90.25,,,245.1314483474939,,0,0.090042114,105,28.913805773939455,1,0.16300002,0.009500001,0.16327663
GRID_0041,INDIAN_MARINE,GRID_SAMPLE,7.0,74.75,,,222.0904592249633,,0,0.07257876,105,29.074956140496205,1,-0.11900001,0.14100002,0.18450476
GRID_0042,INDIAN_MARINE,GRID_SAMPLE,8.75,90.0,,,335.088811345732,,0,0.10414562,105,29.0306315367143,1,0.124000005,0.042000003,0.13091983
GRID_0043,INDIAN_MARINE,GRID_SAMPLE,18.5,77.0,,,461.26848309283423,,0,,5,,0,,,
GRID_0044,INDIAN_MARINE,GRID_SAMPLE,14.5,75.25,,,137.68984192143378,,0,,5,,0,,,
GRID_0045,INDIAN_MARINE,GRID_SAMPLE,15.25,77.5,,,299.98616268694695,,0,,5,,0,,,
GRID_0046,INDIAN_MARINE,GRID_SAMPLE,17.5,80.25,,,198.05047422960996,,0,,5,,0,,,
GRID_0047,INDIAN_MARINE,GRID_SAMPLE,20.0,80.0,,,460.1450151728148,,0,,5,,0,,,
GRID_0048,INDIAN_MARINE,GRID_SAMPLE,9.5,73.75,,,90.21064868972007,,0,0.06633018,105,29.117112688535087,1,0.098500006,-0.047500007,0.109354936
GRID_0049,INDIAN_MARINE,GRID_SAMPLE,11.25,80.25,,,16.859724374929023,,0,0.089735895,105,28.7478840812304,1,-0.052500002,0.20150001,0.20822705
GRID_0050,INDIAN_MARINE,GRID_SAMPLE,19.0,72.5,,,6.668419180307336,,0,0.14001332,105,27.70128516372327,1,0.0925,-0.08050001,0.122623414
GRID_0051,INDIAN_MARINE,GRID_SAMPLE,19.5,72.5,,,7.594920142318141,,0,0.12872103,105,27.405088118320524,1,0.027,0.068500005,0.07362915
GRID_0052,INDIAN_MARINE,GRID_SAMPLE,8.25,71.75,,,161.11818156842884,,0,0.07349318,105,29.10434863553995,1,0.088,0.24600002,0.26126617
GRID_0053,INDIAN_MARINE,GRID_SAMPLE,11.25,85.25,,,499.3519504010284,,0,0.083233766,105,28.947260558813944,1,-0.089,-0.0455,0.09995624
GRID_0054,INDIAN_MARINE,GRID_SAMPLE,12.75,90.25,,,262.9499635941705,,0,0.078870125,105,28.840190497350555,1,-0.017500002,0.053500004,0.056289434
GRID_0055,INDIAN_MARINE,GRID_SAMPLE,7.75,94.75,,,386.8811950826154,,0,0.12510292,105,29.00966032990119,1,-0.07000001,-0.09150001,0.11520526
GRID_0056,INDIAN_MARINE,GRID_SAMPLE,10.0,79.25,,,153.05896743075365,,0,0.10756638,105,28.738310322394454,1,,,
GRID_0057,INDIAN_MARINE,GRID_SAMPLE,13.25,75.5,,,118.67050196434388,,0,,5,,0,,,
GRID_0058,INDIAN_MARINE,GRID_SAMPLE,13.0,76.25,,,171.91999465154169,,0,,5,,0,,,
GRID_0059,INDIAN_MARINE,GRID_SAMPLE,13.25,84.0,,,333.309650411142,,0,0.084120795,105,28.76768912075624,1,-0.0375,-0.0055,0.03790119
GRID_0060,INDIAN_MARINE,GRID_SAMPLE,15.0,91.5,,,237.05758594894093,,0,0.09352372,105,28.556857577236876,1,-0.069000006,-0.21050002,0.22152033
GRID_0061,INDIAN_MARINE,GRID_SAMPLE,14.5,70.75,,,272.0033731443328,,0,0.06263363,105,28.441097946483133,1,-0.024500001,-0.052,0.057482608
GRID_0062,INDIAN_MARINE,GRID_SAMPLE,8.5,69.0,,,413.88307930423736,,0,0.06538456,105,29.053222508168492,1,-0.032500003,-0.064,0.07177918
GRID_0063,INDIAN_MARINE,GRID_SAMPLE,18.25,82.5,,,264.41847970829434,,0,,5,,0,,,
GRID_0064,INDIAN_MARINE,GRID_SAMPLE,13.5,77.5,,,309.44486932256433,,0,,5,,0,,,
GRID_0065,INDIAN_MARINE,GRID_SAMPLE,10.5,82.5,,,217.24000761584344,,0,0.09973203,105,28.972783903679133,1,-0.22500001,0.044500005,0.22935835
GRID_0066,INDIAN_MARINE,GRID_SAMPLE,10.25,76.0,,,10.286872895898806,,0,0.16018476,105,28.99264248805887,1,0.08050001,-0.072500005,0.10833514
GRID_0067,INDIAN_MARINE,GRID_SAMPLE,14.25,77.25,,,333.52169961263087,,0,,5,,0,,,
GRID_0068,INDIAN_MARINE,GRID_SAMPLE,17.75,80.5,,,208.52955062092855,,0,,5,,0,,,
GRID_0069,INDIAN_MARINE,GRID_SAMPLE,14.75,82.0,,,98.90091218160434,,0,0.07462082,105,28.563122291773013,1,0.20300001,-0.096499994,0.22476934
GRID_0070,INDIAN_MARINE,GRID_SAMPLE,10.5,76.75,,,96.7097908703938,,0,,5,,0,,,
GRID_0071,INDIAN_MARINE,GRID_SAMPLE,8.75,70.0,,,302.3707989713698,,0,0.06414909,105,29.08010642371604,1,-0.0615,-0.126,0.14020789
GRID_0072,INDIAN_MARINE,GRID_SAMPLE,19.25,78.0,,,498.70967363222866,,0,,5,,0,,,
GRID_0073,INDIAN_MARINE,GRID_SAMPLE,10.0,92.0,,,90.3357952452448,,0,0.1155503,105,28.972749337372292,1,0.06600001,0.019000001,0.06868043
GRID_0074,INDIAN_MARINE,GRID_SAMPLE,11.5,95.0,,,214.95428418777135,,0,0.14100522,105,28.962454338863346,1,-0.19450001,-0.082,0.2110788
GRID_0075,INDIAN_MARINE,GRID_SAMPLE,19.75,82.75,,,432.53608708618464,,0,,5,,0,,,
GRID_0076,INDIAN_MARINE,GRID_SAMPLE,22.0,74.5,,,308.989682043742,,0,,5,,0,,,
GRID_0077,INDIAN_MARINE,GRID_SAMPLE,15.0,79.25,,,113.80829876082528,,0,,5,,0,,,
GRID_0078,INDIAN_MARINE,GRID_SAMPLE,15.75,91.25,,,322.5772520377866,,0,0.11380847,105,28.443274347906144,1,0.0295,-0.075,0.08059312
GRID_0079,INDIAN_MARINE,GRID_SAMPLE,9.0,71.75,,,132.771703241873,,0,0.07205038,105,29.08378060467362,1,-0.08850001,0.2775,0.2912705
GRID_0080,INDIAN_MARINE,GRID_SAMPLE,14.5,93.25,,,161.48942160835728,,0,0.14775255,105,28.63422205930468,1,0.12950002,0.08850001,0.15685186
GRID_0081,INDIAN_MARINE,GRID_SAMPLE,11.25,77.0,,,153.15221801608857,,0,,5,,0,,,
GRID_0082,INDIAN_MARINE,GRID_SAMPLE,16.75,90.5,,,457.8630005090796,,0,0.13472919,105,28.29287167798258,1,0.102,0.108,0.14855303
GRID_0083,INDIAN_MARINE,GRID_SAMPLE,8.75,79.75,,,227.60905070918025,,0,0.105938315,105,28.490497974425303,1,-0.026,0.08400001,0.0879318
GRID_0084,INDIAN_MARINE,GRID_SAMPLE,8.0,81.75,,,325.6858942188031,,0,0.08581354,105,29.131258088996212,1,,,
GRID_0085,INDIAN_MARINE,GRID_SAMPLE,14.0,75.25,,,129.19261399688466,,0,,5,,0,,,
GRID_0086,INDIAN_MARINE,GRID_SAMPLE,13.0,83.0,,,225.8738287351513,,0,0.07880151,105,28.75476856920075,1,-0.060999997,-0.0405,0.07322056
GRID_0087,INDIAN_MARINE,GRID_SAMPLE,13.5,71.5,,,145.48600876870765,,0,0.062167045,105,28.668017253537187,1,0.052000005,0.0695,0.08680006
GRID_0088,INDIAN_MARINE,GRID_SAMPLE,16.5,79.25,,,186.5496923326184,,0,,5,,0,,,
GRID_0089,INDIAN_MARINE,GRID_SAMPLE,18.25,68.5,,,368.64082019868937,,0,0.09465863,105,27.696012055873403,1,0.09,-0.13250001,0.1601757
GRID_0090,INDIAN_MARINE,GRID_SAMPLE,10.25,81.75,,,143.75824076136587,,0,0.0931773,105,28.963876147147516,1,-0.177,0.053499997,0.18490876
GRID_0091,INDIAN_MARINE,GRID_SAMPLE,12.0,90.75,,,211.2658199760953,,0,0.08430792,105,28.890881814436952,1,0.101500005,0.0445,0.11082645
GRID_0092,INDIAN_MARINE,GRID_SAMPLE,13.0,91.25,,,151.54885442041643,,0,0.0824934,105,28.848719922538976,1,0.032,0.029500002,0.043522984
GRID_0093,INDIAN_MARINE,GRID_SAMPLE,12.5,72.5,,,71.875477060992,,0,0.061033227,105,28.868828150237206,1,-0.015000001,0.143,0.14378457
GRID_0094,INDIAN_MARINE,GRID_SAMPLE,11.75,89.0,,,371.7633353716204,,0,0.0912976,105,28.87811023016623,1,0.11550001,0.088,0.14520417
GRID_0095,INDIAN_MARINE,GRID_SAMPLE,18.5,75.25,,,285.58349974761063,,0,,5,,0,,,
GRID_0096,INDIAN_MARINE,GRID_SAMPLE,12.0,74.25,,,56.306244913958864,,0,0.069664985,105,28.97669974190814,1,0.036,0.118,0.12336936
GRID_0097,INDIAN_MARINE,GRID_SAMPLE,16.25,69.75,,,307.1306358041601,,0,0.0690554,105,28.120747307164883,1,0.054500002,-0.14400001,0.15396835
GRID_0098,INDIAN_MARINE,GRID_SAMPLE,18.75,69.75,,,249.58491190981695,,0,0.09766715,105,27.703319548055276,1,0.04,0.1315,0.13744909
GRID_0099,INDIAN_MARINE,GRID_SAMPLE,10.75,91.25,,,111.34365317759053,,0,0.0977703,105,28.99495874420381,1,-0.094000004,-0.040500004,0.10235356
GRID_0100,INDIAN_MARINE,GRID_SAMPLE,13.75,92.75,,,65.42757363034102,,0,0.10886094,105,28.691676716461217,1,0.134,0.082,0.1570987
GRID_0101,INDIAN_MARINE,GRID_SAMPLE,9.25,94.25,,,222.33576242417712,,0,0.13078885,105,28.925907122263464,1,0.019500002,-0.24850002,0.24926394
GRID_0102,INDIAN_MARINE,GRID_SAMPLE,13.5,72.0,,,144.08914127419146,,0,0.063236326,105,28.73634828608045,1,-0.0024999995,0.09600001,0.09603255
GRID_0103,INDIAN_MARINE,GRID_SAMPLE,21.5,73.0,,,184.0333554815179,,0,,5,,0,,,
GRID_0104,INDIAN_MARINE,GRID_SAMPLE,17.0,74.75,,,194.3438603382972,,0,,5,,0,,,
GRID_0105,INDIAN_MARINE,GRID_SAMPLE,18.0,84.5,,,356.1108798759649,,0,0.10013782,105,28.210656642010875,1,0.22900003,0.21900001,0.3168628
GRID_0106,INDIAN_MARINE,GRID_SAMPLE,6.75,93.25,,,435.7229731393277,,0,0.10478139,105,29.02458950865483,1,-0.18650001,-0.14700001,0.23746844
GRID_0107,INDIAN_MARINE,GRID_SAMPLE,8.25,75.75,,,69.32244503596998,,0,0.07279822,105,29.072804794662765,1,-0.016500004,0.1305,0.13153897
GRID_0108,INDIAN_MARINE,GRID_SAMPLE,13.0,81.25,,,39.49170008985466,,0,0.08430122,105,28.755188014789063,1,0.021000005,0.19600001,0.1971218
GRID_0109,INDIAN_MARINE,GRID_SAMPLE,15.25,81.0,,,30.904409475197134,,0,0.08330988,105,28.535558594550956,1,0.448,0.38350004,0.5897256
GRID_0110,INDIAN_MARINE,GRID_SAMPLE,16.0,77.0,,,364.3631107055662,,0,,5,,0,,,
GRID_0111,INDIAN_MARINE,GRID_SAMPLE,22.0,73.0,,,237.96741346000144,,0,,5,,0,,,
GRID_0112,INDIAN_MARINE,GRID_SAMPLE,17.0,68.0,,,437.3588680578882,,0,0.07851365,105,27.795634201109657,1,0.050499998,0.0435,0.066652074
GRID_0113,INDIAN_MARINE,GRID_SAMPLE,15.0,83.5,,,177.600051888724,,0,0.07576431,105,28.5830605526314,1,0.15,0.032500006,0.15348046
GRID_0114,INDIAN_MARINE,GRID_SAMPLE,12.0,72.75,,,39.622955876339,,0,0.06173347,105,28.94682738453798,1,0.045500003,0.131,0.13867678
GRID_0115,INDIAN_MARINE,GRID_SAMPLE,10.5,97.0,,,449.2495210626397,,0,0.22974157,105,29.02184884207564,1,-0.16,-0.12450001,0.20273197
GRID_0116,INDIAN_MARINE,GRID_SAMPLE,17.25,74.25,,,148.80291561061998,,0,,5,,0,,,
GRID_0117,INDIAN_MARINE,GRID_SAMPLE,14.75,71.0,,,236.13324700615956,,0,0.0638251,105,28.43079522554947,1,-0.035000004,-0.0395,0.052775472
GRID_0118,INDIAN_MARINE,GRID_SAMPLE,12.5,73.75,,,62.62768742306904,,0,0.06192487,105,28.941297084855517,1,0.019000001,0.0185,0.026518863
GRID_0119,INDIAN_MARINE,GRID_SAMPLE,19.75,81.75,,,412.8205048744386,,0,,5,,0,,,
GRID_0120,INDIAN_MARINE,GRID_SAMPLE,20.25,80.5,,,474.2718060258125,,0,,5,,0,,,
GRID_0121,INDIAN_MARINE,GRID_SAMPLE,13.5,73.75,,,8.422837688086387,,0,0.07158167,105,28.900174972050515,1,-0.010500001,-0.009500001,0.014159803
GRID_0122,INDIAN_MARINE,GRID_SAMPLE,8.75,80.0,,,219.16424896138605,,0,,5,,0,,,
GRID_0123,INDIAN_MARINE,GRID_SAMPLE,7.25,91.5,,,399.7125251829614,,0,0.108499065,105,29.02112816278635,1,-0.14950001,0.0435,0.15570004
GRID_0124,INDIAN_MARINE,GRID_SAMPLE,15.0,70.75,,,247.075654160899,,0,0.06288577,105,28.40593228944001,1,0.025000002,0.021,0.032649655
GRID_0125,INDIAN_MARINE,GRID_SAMPLE,12.75,82.5,,,176.9287465833242,,0,0.07812356,105,28.772803917377612,1,0.033000007,-0.079500005,0.086077005
GRID_0126,INDIAN_MARINE,GRID_SAMPLE,13.5,96.5,,,418.1962327573887,,0,0.27462485,105,29.00591442022937,1,0.153,0.066,0.16662833
GRID_0127,INDIAN_MARINE,GRID_SAMPLE,6.0,71.0,,,366.7656467144002,,0,0.07600734,105,29.26149612327847,1,-0.17700002,0.0165,0.17776743
GRID_0128,INDIAN_MARINE,GRID_SAMPLE,19.0,71.75,,,63.16988521270487,,0,0.11046008,105,27.704922907902223,1,0.0335,-0.11500001,0.11978002
GRID_0129,INDIAN_MARINE,GRID_SAMPLE,17.0,70.0,,,238.05523826417271,,0,0.079572886,105,28.07414601846474,1,0.0004999973,-0.142,0.14200088
GRID_0130,INDIAN_MARINE,GRID_SAMPLE,9.75,91.75,,,126.63841013257898,,0,0.112275876,105,28.98016990898089,1,0.097,0.021500006,0.09935416
GRID_0131,INDIAN_MARINE,GRID_SAMPLE,11.5,76.25,,,84.6180182509322,,0,,5,,0,,,
GRID_0132,INDIAN_MARINE,GRID_SAMPLE,11.25,82.5,,,205.72903385078067,,0,0.091390245,105,28.922295074624277,1,-0.0135,0.061000004,0.062476
GRID_0133,INDIAN_MARINE,GRID_SAMPLE,11.0,90.0,,,248.7576977121615,,0,0.09363614,105,28.9410085100443,1,-0.0555,-0.0365,0.06642665
GRID_0134,INDIAN_MARINE,GRID_SAMPLE,5.5,74.75,,,332.21295775990956,,0,0.078118704,105,29.1547848107676,1,-0.1585,0.2915,0.33180493
GRID_0135,INDIAN_MARINE,GRID_SAMPLE,9.5,71.75,,,93.906119623449,,0,0.06804004,105,29.066719846495513,1,-0.15,0.20600002,0.25482544
GRID_0136,INDIAN_MARINE,GRID_SAMPLE,15.25,78.0,,,246.48169262654363,,0,,5,,0,,,
GRID_0137,INDIAN_MARINE,GRID_SAMPLE,11.25,68.5,,,358.2927611264611,,0,0.06608048,105,28.660520650886347,1,0.096,-0.013,0.09687621
GRID_0138,INDIAN_MARINE,GRID_SAMPLE,9.25,79.0,,,227.17838731428063,,0,0.10138301,105,28.953398562215348,1,,,
GRID_0139,INDIAN_MARINE,GRID_SAMPLE,13.25,68.25,,,398.69080912432753,,0,0.06441428,105,28.340273768207947,1,-0.0019999994,0.043000005,0.043046493
GRID_0140,INDIAN_MARINE,GRID_SAMPLE,15.25,73.0,,,21.45923419744779,,0,0.08820678,105,28.60772519207059,1,0.019000001,0.0115,0.022209233
GRID_0141,INDIAN_MARINE,GRID_SAMPLE,16.75,81.0,,,85.67160914036089,,0,,5,,0,,,
GRID_0142,INDIAN_MARINE,GRID_SAMPLE,17.0,93.5,,,434.78451372218126,,0,0.22158298,105,28.279180193886393,1,0.083500005,-0.076500006,0.113245316
GRID_0143,INDIAN_MARINE,GRID_SAMPLE,13.5,89.5,,,340.91007992177856,,0,0.07696674,105,28.761128053826447,1,-0.0955,0.038,0.10278254
GRID_0144,INDIAN_MARINE,GRID_SAMPLE,17.0,82.75,,,147.62987169663432,,0,0.103052445,105,28.225741019299846,1,-0.04,-0.0555,0.06841235
GRID_0145,INDIAN_MARINE,GRID_SAMPLE,8.75,95.75,,,386.4277148626518,,0,0.1355822,105,28.981329330834356,1,0.19100001,-0.053500004,0.19835134
GRID_0146,INDIAN_MARINE,GRID_SAMPLE,8.0,79.0,,,213.52679878958875,,0,0.09008461,105,28.47522853288191,1,-0.042000003,0.0925,0.10158864
GRID_0147,INDIAN_MARINE,GRID_SAMPLE,9.75,70.5,,,216.54011749768313,,0,0.06406817,105,29.021434353559023,1,-0.22,-0.004,0.22003636
GRID_0148,INDIAN_MARINE,GRID_SAMPLE,7.5,70.5,,,316.1725952890088,,0,0.07233138,105,29.14889220536481,1,0.264,0.063,0.27141297
GRID_0149,INDIAN_MARINE,GRID_SAMPLE,8.75,68.5,,,455.6362220657366,,0,0.06418965,105,28.9848369184355,1,0.0040000007,-0.0625,0.06262787
GRID_0150,INDIAN_MARINE,GRID_SAMPLE,17.25,91.5,,,468.704361947364,,0,0.15535103,105,28.217724806701245,1,0.1525,0.0029999986,0.15252951
GRID_0151,INDIAN_MARINE,GRID_SAMPLE,13.25,93.0,,,39.86089578860221,,0,0.11550838,105,,0,,,
GRID_0152,INDIAN_MARINE,GRID_SAMPLE,6.0,76.5,,,210.45649510577883,,0,0.080953315,105,28.9883467142557,1,-0.105500005,0.127,0.16510376
GRID_0153,INDIAN_MARINE,GRID_SAMPLE,20.0,80.75,,,442.67638163285824,,0,,5,,0,,,
GRID_0154,INDIAN_MARINE,GRID_SAMPLE,11.25,74.25,,,56.04944551681411,,0,0.06349867,105,29.042889933503098,1,-0.0095,0.020500002,0.022594249
GRID_0155,INDIAN_MARINE,GRID_SAMPLE,16.0,79.0,,,167.46549941660743,,0,,5,,0,,,
GRID_0156,INDIAN_MARINE,GRID_SAMPLE,6.25,80.75,,,453.0937578707539,,0,,5,,0,,,
GRID_0157,INDIAN_MARINE,GRID_SAMPLE,5.75,77.25,,,247.89518941558185,,0,0.08221124,105,28.97097096202852,1,-0.029000003,0.025500003,0.03861671
GRID_0158,INDIAN_MARINE,GRID_SAMPLE,6.5,80.5,,,416.1766070560547,,0,,5,,0,,,
GRID_0159,INDIAN_MARINE,GRID_SAMPLE,9.5,95.5,,,322.13022223403397,,0,0.14123832,105,28.95928690066904,1,-0.09900001,-0.0135,0.09991622
GRID_0160,INDIAN_MARINE,GRID_SAMPLE,6.75,71.75,,,249.51013103278,,0,0.07591069,105,29.239791191948395,1,-0.0745,0.008,0.0749283
GRID_0161,INDIAN_MARINE,GRID_SAMPLE,18.75,72.0,,,45.65410606447087,,0,0.10753958,105,27.807046693743644,1,0.054500002,-0.08950001,0.104787886
GRID_0162,INDIAN_MARINE,GRID_SAMPLE,12.25,75.5,,,65.00117476130372,,0,,5,,0,,,
GRID_0163,INDIAN_MARINE,GRID_SAMPLE,12.25,82.0,,,128.23405039332536,,0,0.08491569,105,28.80968529273683,1,0.072000004,-0.064,0.096332766
GRID_0164,INDIAN_MARINE,GRID_SAMPLE,17.75,73.75,,,109.6588466893024,,0,,5,,0,,,
GRID_0165,INDIAN_MARINE,GRID_SAMPLE,19.75,79.5,,,453.4369607194036,,0,,5,,0,,,
GRID_0166,INDIAN_MARINE,GRID_SAMPLE,7.25,70.5,,,326.886875161375,,0,0.07327759,105,29.15264513670776,1,0.23600002,0.086500004,0.25135285
GRID_0167,INDIAN_MARINE,GRID_SAMPLE,14.75,82.75,,,128.7243605074568,,0,0.0741481,105,28.576561682272423,1,0.29700002,-0.1075,0.3158564
GRID_0168,INDIAN_MARINE,GRID_SAMPLE,16.25,78.75,,,205.10224439498575,,0,,5,,0,,,
GRID_0169,INDIAN_MARINE,GRID_SAMPLE,11.5,71.75,,,19.6550117595811,,0,0.061492782,105,28.91425076086503,1,0.16950001,0.019000001,0.17056158
GRID_0170,INDIAN_MARINE,GRID_SAMPLE,7.0,81.25,,,414.6561054905488,,0,,5,,0,,,
GRID_0171,INDIAN_MARINE,GRID_SAMPLE,16.25,85.75,,,400.7577496290682,,0,0.09003843,105,28.427152685961584,1,-0.050499998,0.055000003,0.074667595
GRID_0172,INDIAN_MARINE,GRID_SAMPLE,5.75,71.25,,,371.42252867368927,,0,0.0770718,105,29.270563209043473,1,-0.186,0.0015000002,0.18600605
GRID_0173,INDIAN_MARINE,GRID_SAMPLE,21.75,70.0,,,315.60490900883224,,0,,5,,0,,,
GRID_0174,INDIAN_MARINE,GRID_SAMPLE,6.75,77.25,,,142.74113606767924,,0,0.080100186,105,28.78228693525883,1,-0.11900001,-0.0165,0.120138474
GRID_0175,INDIAN_MARINE,GRID_SAMPLE,5.75,80.0,,,412.30715248956494,,0,0.09507532,105,28.799542008995925,1,0.15100001,0.30200002,0.33764628
GRID_0176,INDIAN_MARINE,GRID_SAMPLE,9.5,91.0,,,197.97565404398597,,0,0.113756955,105,28.99615410462456,1,0.08100001,0.063,0.102615796
GRID_0177,INDIAN_MARINE,GRID_SAMPLE,12.25,79.5,,,83.96783698407562,,0,,5,,0,,,
GRID_0178,INDIAN_MARINE,GRID_SAMPLE,9.75,82.75,,,265.91252639674775,,0,0.1018523,105,29.072226389980507,1,-0.22900002,-0.0635,0.23764104
GRID_0179,INDIAN_MARINE,GRID_SAMPLE,11.25,72.75,,,18.09168519858063,,0,0.06130338,105,29.00573183417801,1,0.060000002,0.119500004,0.13371706
GRID_0180,INDIAN_MARINE,GRID_SAMPLE,10.75,95.0,,,230.7117290081302,,0,0.1406989,105,28.95463862688568,1,-0.2745,-0.0435,0.27792534
GRID_0181,INDIAN_MARINE,GRID_SAMPLE,18.25,84.0,,,337.97761008416256,,0,0.150983,105,,0,,,
GRID_0182,INDIAN_MARINE,GRID_SAMPLE,15.75,71.0,,,186.2726314650692,,0,0.06814457,105,28.320646804196272,1,0.0915,0.056,0.107276514
GRID_0183,INDIAN_MARINE,GRID_SAMPLE,13.75,69.0,,,345.0097456468982,,0,0.06471771,105,28.313535801056435,1,-0.064,0.09400001,0.113718964
GRID_0184,INDIAN_MARINE,GRID_SAMPLE,17.75,80.25,,,221.09881567784532,,0,,5,,0,,,
GRID_0185,INDIAN_MARINE,GRID_SAMPLE,14.0,71.25,,,205.9207181135693,,0,0.061543245,105,28.594103669380136,1,-0.033,-0.07800001,0.08469357
GRID_0186,INDIAN_MARINE,GRID_SAMPLE,16.25,92.0,,,348.5920197554143,,0,0.09136757,105,28.35867514654005,1,0.009000003,-0.0695,0.07008031
GRID_0187,INDIAN_MARINE,GRID_SAMPLE,9.0,89.25,,,385.01301117910634,,0,0.10713544,105,29.02312152836445,1,0.079,0.018500004,0.08113723
GRID_0188,INDIAN_MARINE,GRID_SAMPLE,17.0,92.5,,,425.3598798175535,,0,0.21931829,105,28.217933993481072,1,0.141,0.040000003,0.14656399
GRID_0189,INDIAN_MARINE,GRID_SAMPLE,9.75,94.25,,,187.5998307865032,,0,0.12891969,105,28.943304285571347,1,-0.0045000017,-0.23550001,0.235543
GRID_0190,INDIAN_MARINE,GRID_SAMPLE,21.25,74.25,,,232.72992524838943,,0,,5,,0,,,
GRID_0191,INDIAN_MARINE,GRID_SAMPLE,10.5,74.25,,,73.77747689552584,,0,0.06096308,105,29.073606593171995,1,-0.006000001,0.041500002,0.041931495
GRID_0192,INDIAN_MARINE,GRID_SAMPLE,14.75,71.25,,,211.3988540933135,,0,0.06584958,105,28.47299121615798,1,-0.072500005,-0.07350001,0.10324002
GRID_0193,INDIAN_MARINE,GRID_SAMPLE,16.25,93.75,,,361.7261957179848,,0,0.18944673,105,28.40043452836862,1,-0.16950001,-0.1055,0.19965094
GRID_0194,INDIAN_MARINE,GRID_SAMPLE,11.0,95.25,,,250.77140408768656,,0,0.1318058,105,28.96538891241623,1,-0.24450001,-0.0695,0.25418597
GRID_0195,INDIAN_MARINE,GRID_SAMPLE,5.75,80.25,,,434.39975010642326,,0,0.093463905,105,28.55285571903571,1,0.074,0.279,0.28864685
GRID_0196,INDIAN_MARINE,GRID_SAMPLE,20.0,72.75,,,25.659798260836936,,0,,5,,0,,,
GRID_0197,INDIAN_MARINE,GRID_SAMPLE,14.5,72.0,,,155.55661162464256,,0,0.06396176,105,28.61140864176304,1,-0.045,0.094000004,0.10421613
GRID_0198,INDIAN_MARINE,GRID_SAMPLE,11.25,83.5,,,314.439071772174,,0,0.08936077,105,28.917098263738087,1,-0.094000004,-0.1145,0.14814267
GRID_0199,INDIAN_MARINE,GRID_SAMPLE,17.0,74.0,,,119.43862048586116,,0,,5,,0,,,
GRID_0200,INDIAN_MARINE,GRID_SAMPLE,10.0,82.0,,,179.44853131136466,,0,0.09538854,105,28.97865528476849,1,-0.18900001,0.0034999996,0.1890324
GRID_0201,INDIAN_MARINE,GRID_SAMPLE,10.25,75.25,,,57.22813070810062,,0,0.0784701,105,29.037988498973203,1,0.0015,-0.0505,0.050522275
GRID_0202,INDIAN_MARINE,GRID_SAMPLE,10.25,94.5,,,191.0928460800603,,0,0.13172923,105,28.974592675606768,1,-0.15900001,-0.13700001,0.20988093
GRID_0203,INDIAN_MARINE,GRID_SAMPLE,12.25,76.25,,,118.59483470021934,,0,,5,,0,,,
GRID_0204,INDIAN_MARINE,GRID_SAMPLE,16.75,92.0,,,403.1350852794822,,0,0.098486856,105,28.266100832836443,1,0.132,-0.07450001,0.1515726
GRID_0205,INDIAN_MARINE,GRID_SAMPLE,5.25,80.25,,,469.2153570918689,,0,0.09439314,105,28.910549865586347,1,0.108500004,0.169,0.2008314
GRID_0206,INDIAN_MARINE,GRID_SAMPLE,11.0,88.75,,,384.4889311229425,,0,0.089246884,105,28.931574185470467,1,-0.046500005,0.20950001,0.21459848
GRID_0207,INDIAN_MARINE,GRID_SAMPLE,7.75,80.0,,,325.16124450579156,,0,,5,,0,,,
GRID_0208,INDIAN_MARINE,GRID_SAMPLE,12.5,71.75,,,31.429392797183834,,0,0.061343532,105,28.80200022793388,1,-0.0020000003,0.054500002,0.05453669
GRID_0209,INDIAN_MARINE,GRID_SAMPLE,19.5,81.0,,,384.52025636418864,,0,,5,,0,,,
GRID_0210,INDIAN_MARINE,GRID_SAMPLE,6.25,73.25,,,247.28668454299276,,0,0.07696486,105,29.039804245939965,1,-0.1825,0.16600001,0.24670276
GRID_0211,INDIAN_MARINE,GRID_SAMPLE,9.0,95.0,,,302.97707244045085,,0,0.12870471,105,28.955030861688577,1,0.092,-0.15300001,0.17853011
GRID_0212,INDIAN_MARINE,GRID_SAMPLE,15.5,84.75,,,293.94150954404796,,0,0.08869801,105,28.552769818336063,1,0.089,0.0059999973,0.08920202
GRID_0213,INDIAN_MARINE,GRID_SAMPLE,9.75,74.75,,,124.27393800312744,,0,0.06563533,105,29.10531313179216,1,-0.0029999996,0.064500004,0.064569734
GRID_0214,INDIAN_MARINE,GRID_SAMPLE,11.75,92.75,,,21.43151425519918,,0,0.14948821,105,,0,,,
GRID_0215,INDIAN_MARINE,GRID_SAMPLE,20.75,71.25,,,146.17594143038644,,0,0.09462307,105,26.553354357136243,1,,,
GRID_0216,INDIAN_MARINE,GRID_SAMPLE,6.5,74.75,,,252.02522621789808,,0,0.07478508,105,29.06826280261477,1,-0.1755,0.2125,0.27560207
GRID_0217,INDIAN_MARINE,GRID_SAMPLE,10.75,79.0,,,147.96526114010086,,0,,5,,0,,,
GRID_0218,INDIAN_MARINE,GRID_SAMPLE,16.75,68.5,,,395.5270856852014,,0,0.07385245,105,27.865085347493014,1,0.018000007,0.075500004,0.07761604
GRID_0219,INDIAN_MARINE,GRID_SAMPLE,8.25,82.25,,,329.395895140374,,0,0.09079639,105,29.214449160658237,1,-0.033,-0.3445,0.34607694
GRID_0220,INDIAN_MARINE,GRID_SAMPLE,20.75,75.0,,,273.3857680818445,,0,,5,,0,,,
GRID_0221,INDIAN_MARINE,GRID_SAMPLE,9.0,78.0,,,146.68426542817548,,0,,5,,0,,,
GRID_0222,INDIAN_MARINE,GRID_SAMPLE,16.25,82.75,,,92.7570097454519,,0,0.08647924,105,28.419256466019053,1,0.2175,0.0034999996,0.21752816
GRID_0223,INDIAN_MARINE,GRID_SAMPLE,10.0,80.5,,,73.3836411638083,,0,0.099353835,105,28.72690678716182,1,0.12900001,0.119,0.175505
GRID_0224,INDIAN_MARINE,GRID_SAMPLE,17.0,94.25,,,458.15548884993257,,0,0.20578083,105,27.942023571806217,1,-0.057000004,-0.032,0.06536819
GRID_0225,INDIAN_MARINE,GRID_SAMPLE,12.5,92.5,,,75.93798109655462,,0,0.15279154,105,28.94853723115978,1,-0.021000005,-0.0010000002,0.0210238
GRID_0226,INDIAN_MARINE,GRID_SAMPLE,16.5,81.75,,,65.40808766219628,,0,0.088581614,105,,0,,,
GRID_0227,INDIAN_MARINE,GRID_SAMPLE,6.75,70.5,,,353.9001439720752,,0,0.07424661,105,29.20341436059396,1,0.061000004,0.095,0.112898186
GRID_0228,INDIAN_MARINE,GRID_SAMPLE,8.5,72.0,,,131.60872784926002,,0,0.073380575,105,29.11207126889872,1,0.009500001,0.266,0.2661696
GRID_0229,INDIAN_MARINE,GRID_SAMPLE,7.75,93.5,,,330.99172725114505,,0,0.10930432,105,28.88753194723023,1,0.0045000017,-0.08300001,0.08312191
GRID_0230,INDIAN_MARINE,GRID_SAMPLE,12.75,94.0,,,154.42272767568804,,0,0.10930278,105,28.946403242553107,1,0.13900001,0.106000006,0.17480563
GRID_0231,INDIAN_MARINE,GRID_SAMPLE,9.25,95.75,,,358.7627077697117,,0,0.14936964,105,28.94365279308831,1,-0.05,-0.015999999,0.052497618
GRID_0232,INDIAN_MARINE,GRID_SAMPLE,5.25,80.0,,,448.8046716596761,,0,0.092699125,105,28.954381514498913,1,0.18600002,0.1395,0.23250002
GRID_0233,INDIAN_MARINE,GRID_SAMPLE,19.75,76.5,,,410.4315760857275,,0,,5,,0,,,
GRID_0234,INDIAN_MARINE,GRID_SAMPLE,17.25,81.75,,,139.97806480248002,,0,,5,,0,,,
GRID_0235,INDIAN_MARINE,GRID_SAMPLE,17.25,72.5,,,24.820127219241822,,0,0.11900756,105,28.207279893634546,1,0.021000002,0.037,0.042544097
GRID_0236,INDIAN_MARINE,GRID_SAMPLE,8.75,91.75,,,231.2666331166492,,0,0.10597919,105,28.97555271134815,1,-0.0055000037,-0.024500005,0.025109766
GRID_0237,INDIAN_MARINE,GRID_SAMPLE,7.75,76.0,,,62.90011697668897,,0,0.075680956,105,29.056198771065183,1,0.19900002,0.2125,0.291131
GRID_0238,INDIAN_MARINE,GRID_SAMPLE,8.5,95.5,,,380.66434183019624,,0,0.12858294,105,28.97042939410535,1,0.20900002,-0.0635,0.21843365
GRID_0239,INDIAN_MARINE,GRID_SAMPLE,16.0,83.5,,,159.61756985222164,,0,0.082977675,105,28.48467059306252,1,0.313,0.194,0.36824584
GRID_0240,INDIAN_MARINE,GRID_SAMPLE,11.75,70.25,,,164.54077991670854,,0,0.0633517,105,28.72674365914598,1,0.029500002,0.010499999,0.03131294
GRID_0241,INDIAN_MARINE,GRID_SAMPLE,11.0,82.5,,,205.9339388964801,,0,0.09463974,105,28.902034608876964,1,-0.09900001,0.0705,0.12153704
GRID_0242,INDIAN_MARINE,GRID_SAMPLE,14.0,89.25,,,376.5784102932817,,0,0.07843491,105,28.719157052330804,1,-0.036500007,0.0535,0.06476496
GRID_0243,INDIAN_MARINE,GRID_SAMPLE,14.25,72.75,,,79.74283085350395,,0,0.06907956,105,28.749965919323223,1,-0.034500003,0.1365,0.1407924
GRID_0244,INDIAN_MARINE,GRID_SAMPLE,7.25,71.75,,,209.76145100962523,,0,0.07248755,105,29.193167924044022,1,0.09150001,0.055500004,0.10701636
GRID_0245,INDIAN_MARINE,GRID_SAMPLE,12.5,70.25,,,169.21787939340277,,0,0.064500004,105,28.61922080930555,1,0.016,-0.079,0.08060397
GRID_0246,INDIAN_MARINE,GRID_SAMPLE,11.25,74.75,,,54.0393462147947,,0,0.07609535,105,29.001438921759792,1,-0.0355,0.048,0.059701342
GRID_0247,INDIAN_MARINE,GRID_SAMPLE,7.0,71.5,,,248.81368980231585,,0,0.074287966,105,29.200937378603715,1,0.0485,0.053500004,0.0722115
GRID_0248,INDIAN_MARINE,GRID_SAMPLE,7.75,95.75,,,457.15688199366446,,0,0.11079918,105,29.021796547863424,1,-0.030500002,0.031499997,0.04384632
GRID_0249,INDIAN_MARINE,GRID_SAMPLE,13.75,70.25,,,237.20281232622088,,0,0.061638422,105,28.46730978851741,1,-0.069000006,-0.048,0.08405356
GRID_0250,INDIAN_MARINE,GRID_SAMPLE,11.25,97.0,,,434.2777817301345,,0,0.25174552,105,29.034332962035887,1,-0.0445,-0.128,0.13551477
GRID_0251,INDIAN_MARINE,GRID_SAMPLE,18.75,81.75,,,302.6702065259976,,0,,5,,0,,,
GRID_0252,INDIAN_MARINE,GRID_SAMPLE,8.0,70.0,,,347.9525955912028,,0,0.06796942,105,29.08296296011876,1,0.132,-0.024,0.13416408
GRID_0253,INDIAN_MARINE,GRID_SAMPLE,5.0,76.25,,,323.1150976760488,,0,0.08289885,105,29.098993796669586,1,-0.094,0.224,0.24292386
GRID_0254,INDIAN_MARINE,GRID_SAMPLE,7.25,89.5,,,495.63486091361966,,0,0.10999194,105,29.063386044012603,1,-0.2315,0.056500003,0.23829499
GRID_0255,INDIAN_MARINE,GRID_SAMPLE,17.25,77.0,,,420.0833816432011,,0,,5,,0,,,
GRID_0256,INDIAN_MARINE,GRID_SAMPLE,10.25,96.75,,,430.0829866112532,,0,0.19569375,105,28.98881645202612,1,-0.127,-0.1965,0.23396848
GRID_0257,INDIAN_MARINE,GRID_SAMPLE,8.25,75.25,,,121.1362031282972,,0,0.0698884,105,29.123817717270704,1,-0.031500004,-0.03850001,0.04974436
GRID_0258,INDIAN_MARINE,GRID_SAMPLE,18.5,77.25,,,486.830685490576,,0,,5,,0,,,
GRID_0259,INDIAN_MARINE,GRID_SAMPLE,13.5,89.25,,,367.7488054737216,,0,0.07815988,105,28.747558152940165,1,-0.062000003,-0.042,0.07488658
GRID_0260,INDIAN_MARINE,GRID_SAMPLE,5.0,74.0,,,396.0137173108535,,0,0.08077577,105,29.197282819131235,1,-0.24850002,0.333,0.4155012
GRID_0261,INDIAN_MARINE,GRID_SAMPLE,11.5,88.5,,,418.1110750171046,,0,0.09607903,105,28.9050247977507,1,0.001500003,0.106000006,0.10601062
GRID_0262,INDIAN_MARINE,GRID_SAMPLE,16.0,79.75,,,110.68815648006074,,0,,5,,0,,,
GRID_0263,INDIAN_MARINE,GRID_SAMPLE,9.25,92.0,,,171.18772902321876,,0,0.11018898,105,28.934034380996117,1,0.055,0.024500005,0.06021005
GRID_0264,INDIAN_MARINE,GRID_SAMPLE,16.0,72.75,,,26.861883442264375,,0,0.101950064,105,28.48024813839456,1,-0.007,0.0435,0.04405962
GRID_0265,INDIAN_MARINE,GRID_SAMPLE,9.5,83.75,,,378.2260145645194,,0,0.09391908,105,29.097444752896397,1,-0.2175,-0.058,0.22510053
GRID_0266,INDIAN_MARINE,GRID_SAMPLE,16.25,82.0,,,36.26818898404267,,0,0.08719903,105,28.212131001907657,1,0.18200001,0.106000006,0.21061815
GRID_0267,INDIAN_MARINE,GRID_SAMPLE,5.25,76.5,,,293.6837801509835,,0,0.08236181,105,29.05499323311749,1,-0.0605,0.16600001,0.17668122
GRID_0268,INDIAN_MARINE,GRID_SAMPLE,17.75,73.0,,,35.86168204974136,,0,0.16007566,105,27.682322827455767,1,0.0635,0.005500002,0.06373774
GRID_0269,INDIAN_MARINE,GRID_SAMPLE,10.5,68.0,,,430.8859112220403,,0,0.06794709,105,28.718968095236217,1,0.068,0.037000004,0.077414475
GRID_0270,INDIAN_MARINE,GRID_SAMPLE,13.5,69.25,,,308.3309654133654,,0,0.06466137,105,28.40233569531008,1,-0.09,0.051500004,0.10369306
GRID_0271,INDIAN_MARINE,GRID_SAMPLE,12.25,78.75,,,155.16455107308633,,0,,5,,0,,,
GRID_0272,INDIAN_MARINE,GRID_SAMPLE,9.25,88.75,,,420.9665879221336,,0,0.103495196,105,29.039791220205466,1,0.079,0.079500005,0.11207699
GRID_0273,INDIAN_MARINE,GRID_SAMPLE,20.25,76.75,,,441.4272569356753,,0,,5,,0,,,
GRID_0274,INDIAN_MARINE,GRID_SAMPLE,14.0,94.25,,,196.31601873165047,,0,0.20102204,105,28.822314346045463,1,0.1965,-0.172,0.26114413
GRID_0275,INDIAN_MARINE,GRID_SAMPLE,9.5,71.5,,,117.75905582759306,,0,0.06693086,105,29.05831833810988,1,-0.20750001,0.192,0.2827017
GRID_0276,INDIAN_MARINE,GRID_SAMPLE,13.25,76.5,,,207.42971242699795,,0,,5,,0,,,
GRID_0277,INDIAN_MARINE,GRID_SAMPLE,8.5,90.0,,,354.3644278751221,,0,0.1029868,105,29.03591705212065,1,0.094500005,0.043500006,0.10403125
GRID_0278,INDIAN_MARINE,GRID_SAMPLE,12.0,83.25,,,266.79418490950707,,0,0.08385398,105,28.847556576596233,1,0.18450001,-0.078,0.2003104
GRID_0279,INDIAN_MARINE,GRID_SAMPLE,9.25,68.5,,,441.8242993683048,,0,0.06297505,105,28.88943569727128,1,0.015999999,-0.0505,0.05297405
GRID_0280,INDIAN_MARINE,GRID_SAMPLE,16.75,93.25,,,402.59953971689544,,0,0.2179602,105,28.239078039410156,1,-0.0185,-0.08400001,0.086013086
GRID_0281,INDIAN_MARINE,GRID_SAMPLE,7.75,71.0,,,254.93391456798116,,0,0.07239128,105,29.165775159972416,1,0.269,0.13250001,0.29986206
GRID_0282,INDIAN_MARINE,GRID_SAMPLE,16.75,83.25,,,167.92612132429875,,0,0.08805006,105,28.349100241717267,1,0.128,0.043500006,0.13518968
GRID_0283,INDIAN_MARINE,GRID_SAMPLE,12.5,68.0,,,411.331260829769,,0,0.062085383,105,28.408821844380896,1,-0.0585,0.023000002,0.06285897
GRID_0284,INDIAN_MARINE,GRID_SAMPLE,9.0,74.75,,,132.79326616263094,,0,0.066524886,105,29.091362133360416,1,-0.0925,-0.0595,0.10998409
GRID_0285,INDIAN_MARINE,GRID_SAMPLE,9.5,94.0,,,183.2854473450962,,0,0.12471936,105,28.97325669258588,1,0.008499995,-0.229,0.2291577
GRID_0286,INDIAN_MARINE,GRID_SAMPLE,12.75,77.0,,,216.71507032144916,,0,,5,,0,,,
GRID_0287,INDIAN_MARINE,GRID_SAMPLE,12.5,80.25,,,28.81213241895485,,0,0.1014279,105,28.329738932809818,1,,,
GRID_0288,INDIAN_MARINE,GRID_SAMPLE,13.5,90.0,,,287.3138694123909,,0,0.0765485,105,28.7782868930268,1,-0.11400001,0.0885,0.14431997
GRID_0289,INDIAN_MARINE,GRID_SAMPLE,19.5,69.75,,,259.9380661843912,,0,0.12002282,105,27.533375686955836,1,-0.0195,0.108,0.1097463
GRID_0290,INDIAN_MARINE,GRID_SAMPLE,14.0,69.25,,,337.0665083590954,,0,0.06216802,105,28.35035606895912,1,-0.025,0.05,0.055901702
GRID_0291,INDIAN_MARINE,GRID_SAMPLE,9.75,72.0,,,56.372038921861815,,0,0.06667825,105,29.044482788752592,1,-0.11900001,0.19100001,0.22503778
GRID_0292,INDIAN_MARINE,GRID_SAMPLE,16.0,90.5,,,388.34277662637993,,0,0.1169699,105,28.46219365256138,1,0.136,0.09150001,0.16391538
GRID_0293,INDIAN_MARINE,GRID_SAMPLE,21.5,70.0,,,297.933303131561,,0,,5,,0,,,
GRID_0294,INDIAN_MARINE,GRID_SAMPLE,11.0,69.25,,,283.85105782044076,,0,0.065999866,105,28.728036622826533,1,0.026500002,-0.030000001,0.040028118
GRID_0295,INDIAN_MARINE,GRID_SAMPLE,8.25,74.75,,,166.02685780778145,,0,0.06895458,105,29.114057442800984,1,-0.058500003,-0.103,0.11845358
GRID_0296,INDIAN_MARINE,GRID_SAMPLE,14.0,69.75,,,295.1462092688818,,0,0.060827896,105,28.40485765677477,1,-0.045500003,-0.0145,0.047754582
GRID_0297,INDIAN_MARINE,GRID_SAMPLE,18.25,80.0,,,282.1059187969622,,0,,5,,0,,,
GRID_0298,INDIAN_MARINE,GRID_SAMPLE,6.0,72.0,,,305.15111741555114,,0,0.077214204,105,29.238555874850174,1,-0.187,0.0465,0.19269471
GRID_0299,INDIAN_MARINE,GRID_SAMPLE,15.25,76.0,,,238.2005444222929,,0,,5,,0,,,
GRID_0300,INDIAN_MARINE,GRID_SAMPLE,12.0,90.5,,,234.06410110718784,,0,0.08657982,105,28.901320347535776,1,0.13450001,0.05,0.14349304
GRID_0301,INDIAN_MARINE,GRID_SAMPLE,15.5,82.75,,,83.59840591572531,,0,0.07596736,105,28.51197143554648,1,0.347,-0.0225,0.3477287
GRID_0302,INDIAN_MARINE,GRID_SAMPLE,12.75,71.0,,,103.40735960780653,,0,0.06328298,105,28.657708297032592,1,-0.0335,-0.060500003,0.069155626
GRID_0303,INDIAN_MARINE,GRID_SAMPLE,11.75,78.25,,,197.04773926952208,,0,,5,,0,,,
GRID_0304,INDIAN_MARINE,GRID_SAMPLE,19.75,73.5,,,102.97791956439276,,0,,5,,0,,,
GRID_0305,INDIAN_MARINE,GRID_SAMPLE,16.25,73.75,,,59.8719013464068,,0,,5,,0,,,
GRID_0306,INDIAN_MARINE,GRID_SAMPLE,7.5,93.0,,,350.32286942488196,,0,0.110366285,105,28.934879047421507,1,0.041,-0.124000005,0.13060245
GRID_0307,INDIAN_MARINE,GRID_SAMPLE,6.25,79.75,,,357.1603616526958,,0,0.09387626,105,28.58791305973815,1,-0.043000005,0.33850002,0.34122026
GRID_0308,INDIAN_MARINE,GRID_SAMPLE,6.5,70.5,,,369.7913750853381,,0,0.074996255,105,29.223611879554763,1,-0.053000003,0.087000005,0.101872474
GRID_0309,INDIAN_MARINE,GRID_SAMPLE,18.5,77.5,,,474.118321240024,,0,,5,,0,,,
GRID_0310,INDIAN_MARINE,GRID_SAMPLE,11.75,72.0,,,17.63679033675435,,0,0.062771715,105,28.910290707250475,1,0.165,0.0675,0.17827298
GRID_0311,INDIAN_MARINE,GRID_SAMPLE,11.0,76.75,,,119.41859361549008,,0,,5,,0,,,
GRID_0312,INDIAN_MARINE,GRID_SAMPLE,15.75,68.5,,,448.1590345156215,,0,0.06581681,105,28.020340825343386,1,-0.0995,0.2055,0.22832105
GRID_0313,INDIAN_MARINE,GRID_SAMPLE,9.0,75.0,,,105.68935765148656,,0,0.06658793,105,29.099427651459,1,-0.12900001,-0.0485,0.13781601
GRID_0314,INDIAN_MARINE,GRID_SAMPLE,19.75,68.5,,,389.2226738693355,,0,0.10780761,105,27.45447573707169,1,0.09150001,-0.0335,0.09743973
GRID_0315,INDIAN_MARINE,GRID_SAMPLE,12.25,78.0,,,232.2982599787805,,0,,5,,0,,,
GRID_0316,INDIAN_MARINE,GRID_SAMPLE,10.25,79.5,,,114.71172466203564,,0,0.109224886,105,28.926308608054924,1,,,
GRID_0317,INDIAN_MARINE,GRID_SAMPLE,12.5,84.75,,,421.52442314592207,,0,0.08234098,105,28.84156765922267,1,-0.089,0.039,0.09716995
GRID_0318,INDIAN_MARINE,GRID_SAMPLE,12.0,83.5,,,293.3157928522389,,0,0.084183164,105,28.839292169176023,1,0.178,-0.125,0.21750632
GRID_0319,INDIAN_MARINE,GRID_SAMPLE,7.75,78.25,,,134.92618221218882,,0,0.101806864,105,28.3144839036907,1,-0.11650001,-0.0455,0.12506999
GRID_0320,INDIAN_MARINE,GRID_SAMPLE,13.0,73.5,,,15.826375275883994,,0,0.060731225,105,28.898515119050288,1,-0.0255,0.034500003,0.04290105
GRID_0321,INDIAN_MARINE,GRID_SAMPLE,12.75,74.0,,,49.49095349693314,,0,0.066812746,105,28.90043600481073,1,-0.007999999,0.064,0.06449807
GRID_0322,INDIAN_MARINE,GRID_SAMPLE,7.5,76.75,,,46.07153772756784,,0,0.08643877,105,28.774978028704258,1,-0.020000001,0.17500001,0.17613916
GRID_0323,INDIAN_MARINE,GRID_SAMPLE,9.75,94.0,,,165.09136879385468,,0,0.1266495,105,28.96609336917577,1,0.022500008,-0.2045,0.20573406
GRID_0324,INDIAN_MARINE,GRID_SAMPLE,5.0,74.25,,,403.1011434232773,,0,0.07898398,105,29.21060011047723,1,-0.236,0.33350003,0.4085563
GRID_0325,INDIAN_MARINE,GRID_SAMPLE,15.75,81.0,,,24.685988383099193,,0,0.09442689,105,,0,,,
GRID_0326,INDIAN_MARINE,GRID_SAMPLE,14.25,71.25,,,232.67716686161555,,0,0.06276581,105,28.566593382400026,1,-0.0985,-0.09200001,0.13478224
GRID_0327,INDIAN_MARINE,GRID_SAMPLE,12.0,77.75,,,253.7871643730343,,0,,5,,0,,,
GRID_0328,INDIAN_MARINE,GRID_SAMPLE,10.5,93.5,,,78.36336470235362,,0,0.11546446,105,28.97479300650934,1,-0.064,-0.054000005,0.083737694
GRID_0329,INDIAN_MARINE,GRID_SAMPLE,16.75,72.5,,,22.82220174548216,,0,0.11838046,105,28.328510096452806,1,-0.016,0.028,0.03224903
GRID_0330,INDIAN_MARINE,GRID_SAMPLE,13.0,91.75,,,98.12559473191044,,0,0.07856173,105,28.8669187550178,1,0.046499997,0.0045000017,0.04671723
GRID_0331,INDIAN_MARINE,GRID_SAMPLE,10.25,79.0,,,163.16890364964289,,0,,5,,0,,,
GRID_0332,INDIAN_MARINE,GRID_SAMPLE,14.75,73.75,,,24.006232676382528,,0,0.1346028,105,28.601513645707325,1,0.049000002,-0.093,0.10511898
GRID_0333,INDIAN_MARINE,GRID_SAMPLE,11.75,70.75,,,110.3030483802962,,0,0.06427798,105,28.76268321276899,1,0.13400002,-0.0195,0.13541143
GRID_0334,INDIAN_MARINE,GRID_SAMPLE,15.75,93.5,,,300.7184535226821,,0,0.162546,105,28.422682545862035,1,-0.0185,-0.120500006,0.12191186
GRID_0335,INDIAN_MARINE,GRID_SAMPLE,15.0,76.5,,,279.7305599771652,,0,,5,,0,,,
GRID_0336,INDIAN_MARINE,GRID_SAMPLE,17.25,74.5,,,174.84408692596878,,0,,5,,0,,,
GRID_0337,INDIAN_MARINE,GRID_SAMPLE,11.5,91.5,,,112.8649552804408,,0,0.086296126,105,28.94653306200292,1,0.009999998,-0.038500004,0.03977751
GRID_0338,INDIAN_MARINE,GRID_SAMPLE,10.25,84.75,,,462.0895370084278,,0,0.09310374,105,28.989707921486147,1,-0.20500001,-0.072000004,0.21727633
GRID_0339,INDIAN_MARINE,GRID_SAMPLE,20.5,77.25,,,495.476787280456,,0,,5,,0,,,
GRID_0340,INDIAN_MARINE,GRID_SAMPLE,9.0,71.25,,,171.04729062792438,,0,0.06794159,105,29.06173517896159,1,-0.13400002,0.1945,0.23619114
GRID_0341,INDIAN_MARINE,GRID_SAMPLE,10.5,69.75,,,255.51985469421416,,0,0.06579898,105,28.880302849368324,1,0.07350001,0.1035,0.1269429
GRID_0342,INDIAN_MARINE,GRID_SAMPLE,16.25,77.5,,,322.18095278243595,,0,,5,,0,,,
GRID_0343,INDIAN_MARINE,GRID_SAMPLE,6.75,82.25,,,474.9746129528162,,0,0.09480623,105,29.098385736850695,1,-0.0325,-0.12600002,0.130124
GRID_0344,INDIAN_MARINE,GRID_SAMPLE,7.75,94.0,,,347.947960507052,,0,0.119502,105,28.93254508535903,1,-0.0014999993,-0.081,0.08101389
GRID_0345,INDIAN_MARINE,GRID_SAMPLE,16.25,79.25,,,165.25786746952286,,0,,5,,0,,,
GRID_0346,INDIAN_MARINE,GRID_SAMPLE,20.5,72.75,,,70.35769896341867,,0,0.101123184,105,26.740870448520905,1,,,
GRID_0347,INDIAN_MARINE,GRID_SAMPLE,14.75,90.5,,,289.01327870512193,,0,0.08578866,105,28.615693690412787,1,-0.015500002,0.000500001,0.015508064
GRID_0348,INDIAN_MARINE,GRID_SAMPLE,11.75,91.5,,,130.79555845407685,,0,0.08417506,105,28.931293363349056,1,0.022,-0.0145000005,0.026348624
GRID_0349,INDIAN_MARINE,GRID_SAMPLE,15.25,80.5,,,4.515523809375112,,0,0.09090323,105,28.51103468883279,1,0.197,0.15,0.24760655
GRID_0350,INDIAN_MARINE,GRID_SAMPLE,14.5,72.75,,,74.96037411280815,,0,0.06879628,105,28.686152252097255,1,-0.043,0.13450001,0.14120641
GRID_0351,INDIAN_MARINE,GRID_SAMPLE,21.5,74.25,,,251.26306079199637,,0,,5,,0,,,
GRID_0352,INDIAN_MARINE,GRID_SAMPLE,13.5,80.5,,,32.30347895723957,,0,0.084810086,105,28.517759393220743,1,,,
GRID_0353,INDIAN_MARINE,GRID_SAMPLE,11.75,80.5,,,26.73872488377024,,0,0.08754254,105,28.730883496872504,1,0.041,0.22150001,0.22526264
GRID_0354,INDIAN_MARINE,GRID_SAMPLE,12.5,82.75,,,205.4287992158366,,0,0.079434544,105,28.796556607583003,1,0.074,-0.072000004,0.103247285
GRID_0355,INDIAN_MARINE,GRID_SAMPLE,7.5,75.0,,,176.42663163505418,,0,0.0722891,105,29.114688773160417,1,0.065000005,0.07,0.09552487
GRID_0356,INDIAN_MARINE,GRID_SAMPLE,10.5,93.25,,,52.02154862599348,,0,0.11440209,105,28.97516304696638,1,-0.0235,-0.015500002,0.028151376
GRID_0357,INDIAN_MARINE,GRID_SAMPLE,7.25,95.25,,,463.9886785037564,,0,0.11175223,105,29.049658718356635,1,-0.21000002,-0.07350001,0.22249104
GRID_0358,INDIAN_MARINE,GRID_SAMPLE,20.0,69.0,,,337.8459233877478,,0,0.11031052,105,27.476739472665145,1,-0.024500001,0.0385,0.04563442
GRID_0359,INDIAN_MARINE,GRID_SAMPLE,5.0,72.5,,,393.6264797240984,,0,0.07586754,105,29.233320991566245,1,-0.1665,0.11450001,0.20207055
GRID_0360,INDIAN_MARINE,GRID_SAMPLE,13.0,69.25,,,287.52720742311243,,0,0.064113796,105,28.459444758836593,1,-0.067,0.060000002,0.08993887
GRID_0361,INDIAN_MARINE,GRID_SAMPLE,13.75,78.25,,,243.6032446185571,,0,,5,,0,,,
GRID_0362,INDIAN_MARINE,GRID_SAMPLE,17.25,94.25,,,483.9329676628095,,0,0.20904638,105,27.995048312055093,1,-0.071,0.021,0.07404053
GRID_0363,INDIAN_MARINE,GRID_SAMPLE,18.5,84.75,,,412.2239853727003,,0,0.113592796,105,28.036558214822993,1,0.42150003,0.1225,0.43894023
GRID_0364,INDIAN_MARINE,GRID_SAMPLE,20.0,83.0,,,465.3427191603772,,0,,5,,0,,,
GRID_0365,INDIAN_MARINE,GRID_SAMPLE,13.25,78.75,,,194.3447790020161,,0,,5,,0,,,
GRID_0366,INDIAN_MARINE,GRID_SAMPLE,6.25,72.5,,,258.96068902389857,,0,0.0771309,105,29.15110398747075,1,-0.1685,0.125,0.20980288
GRID_0367,INDIAN_MARINE,GRID_SAMPLE,11.75,88.25,,,450.3267488653337,,0,0.09400702,105,28.888727250905113,1,0.001000002,0.047500007,0.047510535
GRID_0368,INDIAN_MARINE,GRID_SAMPLE,17.5,92.5,,,480.82854166639777,,0,0.23900138,105,28.133987733326773,1,0.17,-0.012,0.170423
GRID_0369,INDIAN_MARINE,GRID_SAMPLE,6.75,91.5,,,454.11676727517073,,0,0.10513239,105,29.074034212073276,1,-0.39000002,0.17250001,0.4264461
GRID_0370,INDIAN_MARINE,GRID_SAMPLE,18.5,78.0,,,442.78588447632393,,0,,5,,0,,,
GRID_0371,INDIAN_MARINE,GRID_SAMPLE,18.75,84.75,,,431.5750328861196,,0,0.14514913,105,27.71093750653444,1,0.425,0.068,0.43040562
GRID_0372,INDIAN_MARINE,GRID_SAMPLE,14.0,77.5,,,322.08442697476,,0,,5,,0,,,
GRID_0373,INDIAN_MARINE,GRID_SAMPLE,13.25,91.75,,,96.59633847015542,,0,0.08294715,105,28.837665457588944,1,0.063999996,0.020999998,0.06735725
GRID_0374,INDIAN_MARINE,GRID_SAMPLE,19.75,70.25,,,206.43545916715604,,0,0.124462575,105,27.41566086490552,1,0.024,-0.006,0.024738634
GRID_0375,INDIAN_MARINE,GRID_SAMPLE,5.0,78.75,,,385.4996785000656,,0,0.08888506,105,29.042362034574097,1,0.23250002,0.054000005,0.23868862
GRID_0376,INDIAN_MARINE,GRID_SAMPLE,17.0,76.25,,,336.309492958054,,0,,5,,0,,,
GRID_0377,INDIAN_MARINE,GRID_SAMPLE,5.25,71.25,,,417.989174173576,,0,0.07588371,105,29.272588750367103,1,-0.14150001,0.0125,0.14205106
GRID_0378,INDIAN_MARINE,GRID_SAMPLE,9.75,96.25,,,390.5846659492965,,0,0.16724457,105,28.97326921735464,1,-0.179,-0.059000004,0.18847282
GRID_0379,INDIAN_MARINE,GRID_SAMPLE,11.25,95.5,,,271.95246405989843,,0,0.12905669,105,28.96387806340491,1,-0.18,-0.120500006,0.21661083
GRID_0380,INDIAN_MARINE,GRID_SAMPLE,20.5,70.0,,,245.55733385941676,,0,0.1418153,105,27.19522506653512,1,0.0935,-0.0030000005,0.09354812
GRID_0381,INDIAN_MARINE,GRID_SAMPLE,7.25,78.75,,,205.76708851874744,,0,0.0918498,105,28.48383020792428,1,-0.112500004,0.094500005,0.14692345
GRID_0382,INDIAN_MARINE,GRID_SAMPLE,10.75,69.0,,,318.3036086110762,,0,0.06640808,105,28.750792305657654,1,0.0515,-0.061000004,0.07983264
GRID_0383,INDIAN_MARINE,GRID_SAMPLE,16.25,77.0,,,372.0627729086347,,0,,5,,0,,,
GRID_0384,INDIAN_MARINE,GRID_SAMPLE,9.75,96.0,,,364.21175421443235,,0,0.16095778,105,28.98409747778262,1,-0.18850002,-0.009500001,0.18873926
GRID_0385,INDIAN_MARINE,GRID_SAMPLE,6.5,82.0,,,490.54286092672027,,0,0.094710104,105,28.961916538898457,1,-0.0295,-0.10250001,0.10666068
GRID_0386,INDIAN_MARINE,GRID_SAMPLE,20.5,77.0,,,469.73185525958314,,0,,5,,0,,,
GRID_0387,INDIAN_MARINE,GRID_SAMPLE,16.25,85.25,,,347.96219497267595,,0,0.09028239,105,28.44945912196679,1,0.03549999,0.1365,0.14104077
GRID_0388,INDIAN_MARINE,GRID_SAMPLE,12.5,95.5,,,283.0393007853715,,0,0.12166381,105,28.977337252469084,1,0.090500005,-0.21900001,0.23696256
GRID_0389,INDIAN_MARINE,GRID_SAMPLE,10.5,77.0,,,122.84936211208442,,0,,5,,0,,,
GRID_0390,INDIAN_MARINE,GRID_SAMPLE,11.0,85.0,,,478.06054957071126,,0,0.08698558,105,28.9257855630619,1,-0.10400001,-0.065000005,0.122641765
GRID_0391,INDIAN_MARINE,GRID_SAMPLE,12.0,91.5,,,151.71115342385153,,0,0.08104182,105,28.91542460711672,1,0.009500004,0.0085,0.012747552
GRID_0392,INDIAN_MARINE,GRID_SAMPLE,11.25,88.75,,,387.0054506282905,,0,0.08996562,105,28.92911966731003,1,-0.020500004,0.16200002,0.16329193
GRID_0393,INDIAN_MARINE,GRID_SAMPLE,9.75,77.25,,,126.9715706204782,,0,,5,,0,,,
GRID_0394,INDIAN_MARINE,GRID_SAMPLE,7.5,80.5,,,350.883398583465,,0,,5,,0,,,
GRID_0395,INDIAN_MARINE,GRID_SAMPLE,9.75,96.75,,,443.6852556688862,,0,0.18610667,105,28.993613523538503,1,-0.0935,-0.056500003,0.109245144
GRID_0396,INDIAN_MARINE,GRID_SAMPLE,10.75,69.75,,,242.34832160137373,,0,0.06722903,105,28.811686774394424,1,0.0685,0.0985,0.11997708
GRID_0397,INDIAN_MARINE,GRID_SAMPLE,9.75,79.0,,,191.701036531664,,0,0.10304323,105,,0,,,
GRID_0398,INDIAN_MARINE,GRID_SAMPLE,16.25,89.5,,,478.38100048335826,,0,0.10571932,105,28.43071999144672,1,0.18450001,0.2265,0.2921344
GRID_0399,INDIAN_MARINE,GRID_SAMPLE,13.0,95.0,,,255.914862929841,,0,0.14051975,105,28.96788822058447,1,0.307,-0.0915,0.32034552
GRID_0400,INDIAN_MARINE,GRID_SAMPLE,10.75,88.5,,,411.2222396878829,,0,0.09097736,105,28.94312142074342,1,-0.044500005,0.2,0.20489083
GRID_0401,INDIAN_MARINE,GRID_SAMPLE,12.0,80.75,,,46.85731466619959,,0,0.08732062,105,28.755017206843632,1,0.07800001,0.259,0.27049032
GRID_0402,INDIAN_MARINE,GRID_SAMPLE,14.0,90.75,,,223.4511920800947,,0,0.08499842,105,28.731307619111675,1,-0.0845,-0.076000005,0.11364968
GRID_0403,INDIAN_MARINE,GRID_SAMPLE,9.5,72.5,,,51.583688424251235,,0,0.0689983,105,29.082087760727536,1,-0.08,0.213,0.22752802
GRID_0404,INDIAN_MARINE,GRID_SAMPLE,9.75,72.75,,,28.456228986988837,,0,0.06808274,105,29.111447433386054,1,-0.036,0.1305,0.13537449
GRID_0405,INDIAN_MARINE,GRID_SAMPLE,14.5,68.25,,,456.51186909353106,,0,0.065731086,105,28.17871459356582,1,0.094500005,0.17400001,0.19800569
GRID_0406,INDIAN_MARINE,GRID_SAMPLE,15.5,74.25,,,94.69316520800557,,0,,5,,0,,,
GRID_0407,INDIAN_MARINE,GRID_SAMPLE,12.5,76.5,,,156.39998413874318,,0,,5,,0,,,
GRID_0408,INDIAN_MARINE,GRID_SAMPLE,13.5,93.0,,,53.35682816807862,,0,0.118941724,105,,0,,,
GRID_0409,INDIAN_MARINE,GRID_SAMPLE,15.0,82.5,,,90.23161988130536,,0,0.073860526,105,28.581859325596408,1,0.342,-0.133,0.36695096
GRID_0410,INDIAN_MARINE,GRID_SAMPLE,19.5,79.25,,,440.9828517047984,,0,,5,,0,,,
GRID_0411,INDIAN_MARINE,GRID_SAMPLE,9.5,80.5,,,128.8835091319165,,0,0.110230975,105,,0,,,
GRID_0412,INDIAN_MARINE,GRID_SAMPLE,9.75,69.75,,,298.2296560478568,,0,0.063905336,105,28.962038204229337,1,-0.0615,0.030500002,0.06864765
GRID_0413,INDIAN_MARINE,GRID_SAMPLE,17.5,69.0,,,320.9148952392089,,0,0.08379102,105,27.82631959820692,1,0.19600001,-0.067,0.20713523
GRID_0414,INDIAN_MARINE,GRID_SAMPLE,17.0,84.5,,,295.3055950704029,,0,0.08736963,105,28.442531465143663,1,0.19500002,0.39800003,0.44320315
GRID_0415,INDIAN_MARINE,GRID_SAMPLE,12.75,82.25,,,150.86065329962756,,0,0.079746366,105,28.761777911155303,1,0.048499994,-0.075,0.089315444
GRID_0416,INDIAN_MARINE,GRID_SAMPLE,6.5,81.75,,,481.9564168416093,,0,0.09815793,105,28.24304196909708,1,,,
GRID_0417,INDIAN_MARINE,GRID_SAMPLE,15.0,90.25,,,326.99974856975376,,0,0.089448944,105,28.60527461992764,1,0.057500005,0.0885,0.1055391
GRID_0418,INDIAN_MARINE,GRID_SAMPLE,9.25,89.0,,,396.0219340778862,,0,0.10304641,105,29.013295838890674,1,0.051000003,0.043500006,0.06703171
GRID_0419,INDIAN_MARINE,GRID_SAMPLE,7.25,77.75,,,115.88462285109686,,0,0.10527572,105,28.41410316762309,1,-0.141,-0.020500004,0.14248246
GRID_0420,INDIAN_MARINE,GRID_SAMPLE,12.5,75.0,,,26.360326649451306,,0,,5,,0,,,
GRID_0421,INDIAN_MARINE,GRID_SAMPLE,13.5,88.75,,,421.48163214083127,,0,0.079837516,105,28.75618334229291,1,-0.012500003,-0.1375,0.138067
GRID_0422,INDIAN_MARINE,GRID_SAMPLE,19.75,69.25,,,310.88007937819594,,0,0.105536945,105,27.513244780909034,1,-0.058,0.045500003,0.07371736
GRID_0423,INDIAN_MARINE,GRID_SAMPLE,10.0,76.0,,,13.072554917981,,0,0.13494551,105,29.041835915830404,1,0.041500002,-0.056500003,0.070103504
GRID_0424,INDIAN_MARINE,GRID_SAMPLE,12.5,81.0,,,16.253473148169405,,0,0.086087726,105,28.766380990034065,1,0.133,0.27100003,0.3018775
GRID_0425,INDIAN_MARINE,GRID_SAMPLE,16.5,82.75,,,108.44140857746233,,0,0.08884401,105,28.353757685326677,1,0.1145,-0.0024999976,0.11452729
GRID_0426,INDIAN_MARINE,GRID_SAMPLE,14.5,96.25,,,415.0479425432616,,0,0.35277537,105,28.87961367108229,1,0.0635,0.0815,0.10331748
GRID_0427,INDIAN_MARINE,GRID_SAMPLE,12.75,96.75,,,420.2730528229323,,0,0.30209872,105,29.07016904814072,1,0.016000003,-0.1145,0.1156125
GRID_0428,INDIAN_MARINE,GRID_SAMPLE,21.5,69.75,,,318.58329298939844,,0,,5,,0,0.014,-0.052,0.05385165
GRID_0429,INDIAN_MARINE,GRID_SAMPLE,18.75,84.5,,,413.9073030885198,,0,0.1451082,105,,0,,,
GRID_0430,INDIAN_MARINE,GRID_SAMPLE,7.75,93.75,,,338.46062441134825,,0,0.11126692,105,28.913935370499416,1,0.013,-0.07300001,0.074148506
GRID_0431,INDIAN_MARINE,GRID_SAMPLE,8.5,96.0,,,424.8273567874059,,0,0.14313912,105,28.99738679616763,1,0.2655,-0.014000002,0.26586887
GRID_0432,INDIAN_MARINE,GRID_SAMPLE,15.0,76.75,,,305.72561035799424,,0,,5,,0,,,
GRID_0433,INDIAN_MARINE,GRID_SAMPLE,19.25,80.75,,,360.4748332739488,,0,,5,,0,,,
GRID_0434,INDIAN_MARINE,GRID_SAMPLE,15.5,90.75,,,328.25938199793677,,0,0.11507773,105,28.509153642621815,1,0.076000005,0.007999999,0.0764199
GRID_0435,INDIAN_MARINE,GRID_SAMPLE,16.75,80.75,,,99.8707898690738,,0,,5,,0,,,
GRID_0436,INDIAN_MARINE,GRID_SAMPLE,6.75,93.75,,,445.3990458631002,,0,0.10839695,105,28.99966717172159,1,-0.12400001,-0.24900001,0.27816722
GRID_0437,INDIAN_MARINE,GRID_SAMPLE,9.25,94.5,,,242.68349483050892,,0,0.13484783,105,28.95306841795658,1,0.034,-0.25,0.25230142
GRID_0438,INDIAN_MARINE,GRID_SAMPLE,14.5,90.75,,,251.09833943085815,,0,0.08811958,105,28.64600352681213,1,-0.091,-0.086500004,0.12555179
GRID_0439,INDIAN_MARINE,GRID_SAMPLE,16.75,69.25,,,322.04017963707673,,0,0.07260537,105,27.958915270378625,1,0.066,-0.101,0.12065239
GRID_0440,INDIAN_MARINE,GRID_SAMPLE,17.5,85.5,,,414.1927924500844,,0,0.08954168,105,28.31624117416276,1,0.12150001,0.125,0.1743194
GRID_0441,INDIAN_MARINE,GRID_SAMPLE,9.25,84.0,,,414.0085912415911,,0,0.09164325,105,29.080438787286507,1,-0.18850002,-0.020000003,0.18955804
GRID_0442,INDIAN_MARINE,GRID_SAMPLE,12.75,84.0,,,336.66028943135467,,0,0.08135924,105,28.79383443635045,1,-0.024500001,0.0030000005,0.024682991
GRID_0443,INDIAN_MARINE,GRID_SAMPLE,19.5,69.5,,,286.01024252011774,,0,0.10416237,105,27.556350693264548,1,-0.0295,0.11950001,0.123087384
GRID_0444,INDIAN_MARINE,GRID_SAMPLE,16.5,84.75,,,300.9585869732626,,0,0.09017285,105,28.45976100873302,1,0.18700002,0.24700001,0.3098032
GRID_0445,INDIAN_MARINE,GRID_SAMPLE,15.25,89.75,,,386.1299856834833,,0,0.0963987,105,28.57377945891487,1,0.141,0.2035,0.24757475
GRID_0446,INDIAN_MARINE,GRID_SAMPLE,20.0,82.75,,,459.73178563462704,,0,,5,,0,,,
GRID_0447,INDIAN_MARINE,GRID_SAMPLE,16.25,75.5,,,239.55433813497143,,0,,5,,0,,,
GRID_0448,INDIAN_MARINE,GRID_SAMPLE,8.25,77.75,,,79.65246654681341,,0,0.14328615,105,,0,,,
GRID_0449,INDIAN_MARINE,GRID_SAMPLE,12.5,71.5,,,43.88257486477387,,0,0.061878204,105,28.78687296984626,1,0.0165,0.009500001,0.019039433
GRID_0450,INDIAN_MARINE,GRID_SAMPLE,10.0,81.25,,,109.8721375989356,,0,0.091246426,105,28.946028558702075,1,-0.113000005,0.21350001,0.24156004
GRID_0451,INDIAN_MARINE,GRID_SAMPLE,19.25,69.25,,,315.75202212650515,,0,0.10535165,105,27.628105399564618,1,-0.0020000003,0.064500004,0.064531006
GRID_0452,INDIAN_MARINE,GRID_SAMPLE,18.75,75.5,,,308.57833967189896,,0,,5,,0,,,
GRID_0453,INDIAN_MARINE,GRID_SAMPLE,17.75,68.25,,,395.9602016069124,,0,0.08271657,105,27.72076527973558,1,0.025500003,-0.10100001,0.10416935
GRID_0454,INDIAN_MARINE,GRID_SAMPLE,11.5,74.75,,,40.79259572322071,,0,0.09840704,105,28.994287073555927,1,-0.016,0.020500002,0.026004808
GRID_0455,INDIAN_MARINE,GRID_SAMPLE,18.75,76.5,,,412.47786640339785,,0,,5,,0,,,
GRID_0456,INDIAN_MARINE,GRID_SAMPLE,6.25,75.0,,,250.4146523858641,,0,0.07642094,105,29.056737594774035,1,-0.15150002,0.24150002,0.28508684
GRID_0457,INDIAN_MARINE,GRID_SAMPLE,11.5,81.5,,,104.84704755481728,,0,0.09041637,105,28.863868763646543,1,-0.0225,0.067,0.07067709
GRID_0458,INDIAN_MARINE,GRID_SAMPLE,9.0,80.75,,,186.37808662853595,,0,0.11216647,105,,0,,,
GRID_0459,INDIAN_MARINE,GRID_SAMPLE,9.25,70.5,,,229.64599104196577,,0,0.06282256,105,29.018395262337375,1,-0.19500001,-0.07000001,0.20718351
GRID_0460,INDIAN_MARINE,GRID_SAMPLE,6.5,75.0,,,230.8965558743227,,0,0.07534662,105,29.051388549804308,1,-0.164,0.21050002,0.26684502
GRID_0461,INDIAN_MARINE,GRID_SAMPLE,9.75,79.5,,,149.13812422898442,,0,0.10527183,105,29.14608236955496,1,0.13000001,0.048500005,0.13875249
GRID_0462,INDIAN_MARINE,GRID_SAMPLE,18.0,77.0,,,449.9350572746528,,0,,5,,0,,,
GRID_0463,INDIAN_MARINE,GRID_SAMPLE,19.25,71.25,,,113.71566680478983,,0,0.11038941,105,27.605539986394636,1,0.044500005,-0.038,0.058517095
GRID_0464,INDIAN_MARINE,GRID_SAMPLE,5.25,76.0,,,299.91574438630465,,0,0.081364065,105,29.083022441778112,1,-0.099,0.24500002,0.2642461
GRID_0465,INDIAN_MARINE,GRID_SAMPLE,14.25,78.25,,,242.20113540143564,,0,,5,,0,,,
GRID_0466,INDIAN_MARINE,GRID_SAMPLE,11.75,90.0,,,269.74177454264674,,0,0.09145698,105,28.906893294106062,1,0.179,-0.017500002,0.17985341
GRID_0467,INDIAN_MARINE,GRID_SAMPLE,18.75,80.25,,,320.81801597629305,,0,,5,,0,,,
GRID_0468,INDIAN_MARINE,GRID_SAMPLE,20.5,74.5,,,215.57757188702092,,0,,5,,0,,,
GRID_0469,INDIAN_MARINE,GRID_SAMPLE,7.25,81.25,,,387.4894426250172,,0,,5,,0,,,
GRID_0470,INDIAN_MARINE,GRID_SAMPLE,19.0,73.5,,,97.07103670429176,,0,,5,,0,,,
GRID_0471,INDIAN_MARINE,GRID_SAMPLE,13.0,69.0,,,313.4134217187232,,0,0.06508536,105,28.44418202595492,1,-0.0675,0.0705,0.09760379
GRID_0472,INDIAN_MARINE,GRID_SAMPLE,5.5,70.5,,,445.1010597531195,,0,0.075062454,105,29.258196916926934,1,-0.18400002,0.017,0.18478367
GRID_0473,INDIAN_MARINE,GRID_SAMPLE,16.75,73.25,,,44.25610227135077,,0,0.16835359,105,27.869116452801475,1,,,
GRID_0474,INDIAN_MARINE,GRID_SAMPLE,9.0,76.25,,,9.586742083979674,,0,0.11187396,105,28.653273650369663,1,-0.0635,0.056500003,0.08499706
GRID_0475,INDIAN_MARINE,GRID_SAMPLE,11.0,73.75,,,5.812541546642777,,0,0.058624644,105,29.038903355189383,1,-0.0195,-0.029500004,0.03536241
GRID_0476,INDIAN_MARINE,GRID_SAMPLE,10.0,91.5,,,119.93432170386156,,0,0.1080611,105,28.99920036856411,1,0.0615,0.009499997,0.062229417
GRID_0477,INDIAN_MARINE,GRID_SAMPLE,10.5,90.5,,,195.5620604405563,,0,0.10473864,105,29.002748788466157,1,-0.0975,-0.046500005,0.10802083
GRID_0478,INDIAN_MARINE,GRID_SAMPLE,22.0,75.5,,,384.5153159540265,,0,,5,,0,,,
GRID_0479,INDIAN_MARINE,GRID_SAMPLE,9.25,88.5,,,446.19804460301543,,0,0.10484576,105,29.028972645695216,1,0.11500001,0.090500005,0.1463395
GRID_0480,INDIAN_MARINE,GRID_SAMPLE,7.5,79.5,,,275.28325793503365,,0,0.08767179,105,28.594945143418396,1,-0.043500002,0.29950002,0.30264255
GRID_0481,INDIAN_MARINE,GRID_SAMPLE,6.5,92.75,,,460.6500093016372,,0,0.104544714,105,29.055427704249464,1,-0.35150003,-0.060000006,0.3565842
GRID_0482,INDIAN_MARINE,GRID_SAMPLE,19.75,73.25,,,77.32790508500142,,0,,5,,0,,,
GRID_0483,INDIAN_MARINE,GRID_SAMPLE,10.0,94.5,,,199.50666119542592,,0,0.12883608,105,28.94961018292597,1,-0.08250001,-0.18100001,0.1989152
GRID_0484,INDIAN_MARINE,GRID_SAMPLE,8.25,84.25,,,491.06842459166774,,0,0.09488076,105,29.04996523649756,1,-0.123,0.088,0.15123823
GRID_0485,INDIAN_MARINE,GRID_SAMPLE,7.75,92.5,,,323.5373582672373,,0,0.109871544,105,28.989535851346876,1,0.043000005,-0.1225,0.12982777
GRID_0486,INDIAN_MARINE,GRID_SAMPLE,9.75,91.5,,,141.07387524247278,,0,0.11018026,105,29.0000402459513,1,0.098000005,0.019500002,0.09992123
GRID_0487,INDIAN_MARINE,GRID_SAMPLE,21.5,76.0,,,400.1255289739449,,0,,5,,0,,,
GRID_0488,INDIAN_MARINE,GRID_SAMPLE,8.25,92.5,,,268.3776387293087,,0,0.09912054,105,28.9181035365848,1,-0.068,-0.112500004,0.13145436
GRID_0489,INDIAN_MARINE,GRID_SAMPLE,11.5,79.5,,,63.031731767998025,,0,,5,,0,,,
GRID_0490,INDIAN_MARINE,GRID_SAMPLE,15.0,92.25,,,207.36501971334263,,0,0.09370747,105,28.55859350861768,1,-0.132,-0.086500004,0.15781714
GRID_0491,INDIAN_MARINE,GRID_SAMPLE,13.75,71.0,,,189.84899073378975,,0,0.061432783,105,28.56939629518439,1,-0.0040000007,-0.1465,0.1465546
GRID_0492,INDIAN_MARINE,GRID_SAMPLE,6.25,76.75,,,183.3640842539475,,0,0.081270516,105,28.93584427598494,1,-0.12450001,0.0705,0.14307517
GRID_0493,INDIAN_MARINE,GRID_SAMPLE,9.75,78.0,,,203.0831107911364,,0,,5,,0,,,
GRID_0494,INDIAN_MARINE,GRID_SAMPLE,12.5,83.75,,,313.7839409215038,,0,0.080493234,105,28.822295873787017,1,0.028,-0.049500003,0.05687047
GRID_0495,INDIAN_MARINE,GRID_SAMPLE,15.75,94.75,,,364.410660306184,,0,0.23901519,105,27.883539203682144,1,-0.027,0.0705,0.07549338
GRID_0496,INDIAN_MARINE,GRID_SAMPLE,19.25,76.75,,,433.9076260210381,,0,,5,,0,,,
GRID_0497,INDIAN_MARINE,GRID_SAMPLE,7.5,93.25,,,353.1348990079888,,0,0.11113105,105,28.940861386472836,1,0.034,-0.117000006,0.12184007
GRID_0498,INDIAN_MARINE,GRID_SAMPLE,10.25,82.0,,,169.87437942003308,,0,0.09525043,105,28.978118519151657,1,-0.17450002,0.008500002,0.17470692
GRID_0499,INDIAN_MARINE,GRID_SAMPLE,11.5,73.5,,,50.363485080363375,,0,0.060888574,105,29.046630260720907,1,0.040500004,0.017500002,0.04411916
GRID_0500,INDIAN_MARINE,GRID_SAMPLE,6.75,76.75,,,128.16876767728908,,0,0.08183048,105,28.859959050094353,1,-0.11400001,0.078,0.13813038
GRID_0501,INDIAN_MARINE,GRID_SAMPLE,16.75,90.75,,,445.25787147194234,,0,0.111635536,105,28.28271661794781,1,0.105000004,0.0925,0.13993302
GRID_0502,INDIAN_MARINE,GRID_SAMPLE,12.5,72.0,,,38.96035455038581,,0,0.061561447,105,28.840703413313015,1,0.007000001,0.093,0.09326307
GRID_0503,INDIAN_MARINE,GRID_SAMPLE,12.0,74.75,,,7.476697966234003,,0,0.13069187,105,28.925034612341435,1,-0.0075000003,-0.0034999996,0.008276473
GRID_0504,INDIAN_MARINE,GRID_SAMPLE,16.25,74.5,,,134.63034193198067,,0,,5,,0,,,
GRID_0505,INDIAN_MARINE,GRID_SAMPLE,14.0,78.25,,,241.3150272369657,,0,,5,,0,,,
GRID_0506,INDIAN_MARINE,GRID_SAMPLE,10.5,94.0,,,132.20023097963002,,0,0.12444748,105,28.99707180152164,1,-0.14450002,-0.101,0.17629877
GRID_0507,INDIAN_MARINE,GRID_SAMPLE,12.25,94.0,,,121.67219228774754,,0,0.114071734,105,28.95955669529599,1,-0.042000003,0.18750001,0.19214645
GRID_0508,INDIAN_MARINE,GRID_SAMPLE,11.5,70.25,,,165.65171463918588,,0,0.064712994,105,28.792767662537564,1,0.012000002,0.06300001,0.06413268
GRID_0509,INDIAN_MARINE,GRID_SAMPLE,11.0,84.0,,,369.1612440454577,,0,0.08988896,105,28.917744002803268,1,-0.109000005,-0.132,0.17118704
GRID_0510,INDIAN_MARINE,GRID_SAMPLE,9.5,69.5,,,328.9255766510042,,0,0.06359373,105,28.966734483506514,1,-0.052500002,0.0020000003,0.052538086
GRID_0511,INDIAN_MARINE,GRID_SAMPLE,20.0,81.0,,,439.80142035079336,,0,,5,,0,,,
GRID_0512,INDIAN_MARINE,GRID_SAMPLE,15.0,92.5,,,203.65530001445333,,0,0.09553183,105,28.56245168983357,1,-0.1005,0.013999999,0.10147044
GRID_0513,INDIAN_MARINE,GRID_SAMPLE,11.25,82.75,,,232.89278169870704,,0,0.09158105,105,28.91747265003603,1,-0.0205,0.011000004,0.023264783
GRID_0514,INDIAN_MARINE,GRID_SAMPLE,13.25,76.25,,,183.30891786689185,,0,,5,,0,,,
GRID_0515,INDIAN_MARINE,GRID_SAMPLE,15.5,72.75,,,31.883549285834828,,0,0.083567746,105,28.54028953623953,1,-0.0009999997,0.086,0.086005814
GRID_0516,INDIAN_MARINE,GRID_SAMPLE,6.5,79.5,,,318.79435709835326,,0,0.090404384,105,28.736644288479052,1,-0.19600001,0.32650003,0.38081264
GRID_0517,INDIAN_MARINE,GRID_SAMPLE,13.75,89.25,,,371.15706992060944,,0,0.07689671,105,28.720876057942338,1,-0.082,0.002500005,0.082038105
GRID_0518,INDIAN_MARINE,GRID_SAMPLE,18.75,83.75,,,367.1402458294782,,0,,5,,0,,,
GRID_0519,INDIAN_MARINE,GRID_SAMPLE,5.75,75.5,,,264.99567875247897,,0,0.079641625,105,29.087206585638956,1,-0.0895,0.2565,0.27166617
GRID_0520,INDIAN_MARINE,GRID_SAMPLE,10.5,94.75,,,213.6547696994008,,0,0.13860494,105,28.972523894676502,1,-0.24950002,-0.071,0.25940558
GRID_0521,INDIAN_MARINE,GRID_SAMPLE,6.5,73.25,,,219.5448314572095,,0,0.07690762,105,29.063206870882716,1,-0.16950001,0.171,0.2407722
GRID_0522,INDIAN_MARINE,GRID_SAMPLE,7.0,78.25,,,174.60497655505318,,0,0.09570963,105,28.57157813065852,1,-0.147,-0.027000003,0.14945903
GRID_0523,INDIAN_MARINE,GRID_SAMPLE,17.75,73.5,,,84.24292480978252,,0,,5,,0,,,
GRID_0524,INDIAN_MARINE,GRID_SAMPLE,8.0,82.0,,,338.1806801509188,,0,0.08707418,105,29.21868110133681,1,-0.0715,-0.29150003,0.30014083
GRID_0525,INDIAN_MARINE,GRID_SAMPLE,18.25,78.5,,,385.3021286935665,,0,,5,,0,,,
GRID_0526,INDIAN_MARINE,GRID_SAMPLE,17.25,92.25,,,454.7351225002096,,0,0.21363144,105,28.186304868500496,1,0.16350001,-0.0034999996,0.16353747
GRID_0527,INDIAN_MARINE,GRID_SAMPLE,10.25,93.25,,,66.35173978470989,,0,0.11229879,105,28.964021892342704,1,0.011500001,-0.060000006,0.06109215
GRID_0528,INDIAN_MARINE,GRID_SAMPLE,14.75,73.5,,,2.8608581811092533,,0,0.12488202,105,28.651555641748168,1,0.0515,-0.1225,0.13288529
GRID_0529,INDIAN_MARINE,GRID_SAMPLE,13.0,75.0,,,63.19798938729144,,0,,5,,0,,,
GRID_0530,INDIAN_MARINE,GRID_SAMPLE,17.5,92.75,,,480.7395119217896,,0,0.24056391,105,28.14823698300593,1,0.1805,-0.0125,0.1809323
GRID_0531,INDIAN_MARINE,GRID_SAMPLE,16.75,70.5,,,209.92303581998632,,0,0.07534308,105,28.15271190296475,1,0.0405,-0.011,0.04196725
GRID_0532,INDIAN_MARINE,GRID_SAMPLE,7.25,79.75,,,309.0315367381164,,0,,5,28.38314586521406,1,,,
GRID_0533,INDIAN_MARINE,GRID_SAMPLE,14.5,71.5,,,201.7469273044685,,0,0.06342738,105,28.557486179221453,1,-0.0725,-0.052500002,0.089512564
GRID_0534,INDIAN_MARINE,GRID_SAMPLE,13.0,71.5,,,92.00949911238864,,0,0.062664874,105,28.710530107870436,1,-0.02,0.029500002,0.035640568
GRID_0535,INDIAN_MARINE,GRID_SAMPLE,8.5,96.5,,,471.25060502187824,,0,0.1487709,105,29.049667575312327,1,0.273,0.108500004,0.29377076
GRID_0536,INDIAN_MARINE,GRID_SAMPLE,8.0,81.0,,,300.4138046075156,,0,,5,,0,,,
GRID_0537,INDIAN_MARINE,GRID_SAMPLE,7.5,73.75,,,124.29091845747791,,0,0.07366215,105,29.14325083887014,1,-0.1065,0.15850002,0.19095682
GRID_0538,INDIAN_MARINE,GRID_SAMPLE,12.0,84.5,,,400.23707882495586,,0,0.08178588,105,28.87008891649237,1,-0.015500002,-0.034,0.03736643
GRID_0539,INDIAN_MARINE,GRID_SAMPLE,17.0,71.5,,,121.92953100939545,,0,0.078294106,105,28.23522426238533,1,-0.024,0.086,0.08928606
GRID_0540,INDIAN_MARINE,GRID_SAMPLE,12.25,69.0,,,302.0859460550948,,0,0.062298197,105,28.57998741708477,1,-0.0455,0.08900001,0.09995625
GRID_0541,INDIAN_MARINE,GRID_SAMPLE,18.0,75.75,,,321.75097311129485,,0,,5,,0,,,
GRID_0542,INDIAN_MARINE,GRID_SAMPLE,8.0,69.75,,,369.7739288231252,,0,0.06698411,105,29.076861775497196,1,0.091000006,-0.025000002,0.09437161
GRID_0543,INDIAN_MARINE,GRID_SAMPLE,17.5,78.0,,,356.47370142549556,,0,,5,,0,,,
GRID_0544,INDIAN_MARINE,GRID_SAMPLE,19.5,75.75,,,329.90932766678696,,0,,5,,0,,,
GRID_0545,INDIAN_MARINE,GRID_SAMPLE,14.25,82.25,,,157.0474505728087,,0,0.07558558,105,28.663886322845887,1,0.087000005,-0.044000007,0.0974936
GRID_0546,INDIAN_MARINE,GRID_SAMPLE,6.75,79.25,,,280.68390262698847,,0,0.08858118,105,28.712544418872756,1,-0.18400002,0.27400002,0.3300485
GRID_0547,INDIAN_MARINE,GRID_SAMPLE,9.25,90.75,,,237.03621814257627,,0,0.10578906,105,28.996650158719532,1,0.10250001,0.06100001,0.11927804
GRID_0548,INDIAN_MARINE,GRID_SAMPLE,7.0,70.5,,,339.5316856539457,,0,0.07396942,105,29.187537416032477,1,0.16300002,0.0945,0.18841246
GRID_0549,INDIAN_MARINE,GRID_SAMPLE,13.75,81.5,,,71.90079601431437,,0,0.07637711,105,28.6716522646618,1,-0.061500005,0.18800001,0.19780357
GRID_0550,INDIAN_MARINE,GRID_SAMPLE,17.0,80.25,,,156.5937335903906,,0,,5,,0,,,
GRID_0551,INDIAN_MARINE,GRID_SAMPLE,12.25,70.0,,,193.62435191950337,,0,0.06404686,105,28.65649283141121,1,0.026000002,-0.045,0.05197115
GRID_0552,INDIAN_MARINE,GRID_SAMPLE,10.25,97.0,,,456.307665050006,,0,0.22091834,105,28.997087507760924,1,-0.1035,-0.10650001,0.14850758
GRID_0553,INDIAN_MARINE,GRID_SAMPLE,5.5,80.5,,,473.19488314942816,,0,0.09569868,105,28.803692801723013,1,0.056499988,0.22850001,0.23538162
GRID_0554,INDIAN_MARINE,GRID_SAMPLE,5.5,75.0,,,316.42447686645465,,0,0.078622445,105,29.11307922700453,1,-0.14400001,0.301,0.333672
GRID_0555,INDIAN_MARINE,GRID_SAMPLE,10.75,88.25,,,438.4849058914951,,0,0.0909075,105,28.94387066286478,1,-0.053500004,0.1455,0.1550242
GRID_0556,INDIAN_MARINE,GRID_SAMPLE,13.25,95.25,,,282.1065177046518,,0,0.16891812,105,28.943574762918573,1,0.3555,-0.11,0.37212935
GRID_0557,INDIAN_MARINE,GRID_SAMPLE,11.75,72.5,,,7.8334603864291585,,0,0.062057782,105,28.9443309975082,1,0.0885,0.098000005,0.1320464
GRID_0558,INDIAN_MARINE,GRID_SAMPLE,13.75,94.25,,,185.10375458860452,,0,0.17978394,105,28.856641891767083,1,0.156,-0.157,0.22132556
GRID_0559,INDIAN_MARINE,GRID_SAMPLE,15.25,93.0,,,234.04138765040247,,0,0.121577054,105,28.473344956936533,1,-0.046,0.050500005,0.06830996
GRID_0560,INDIAN_MARINE,GRID_SAMPLE,14.5,82.25,,,129.86100772270115,,0,0.0752716,105,28.61936276549271,1,0.21650001,-0.067499995,0.22677854
GRID_0561,INDIAN_MARINE,GRID_SAMPLE,5.75,72.0,,,330.399641177293,,0,0.078043774,105,29.251544087159186,1,-0.16950001,0.05,0.17672083
GRID_0562,INDIAN_MARINE,GRID_SAMPLE,11.5,70.75,,,111.8337983922767,,0,0.06459132,105,28.827370990002713,1,0.1005,0.0345,0.10625676
GRID_0563,INDIAN_MARINE,GRID_SAMPLE,19.5,80.75,,,387.8258184367879,,0,,5,,0,,,
GRID_0564,INDIAN_MARINE,GRID_SAMPLE,16.75,79.0,,,224.64491444415404,,0,,5,,0,,,
GRID_0565,INDIAN_MARINE,GRID_SAMPLE,15.25,94.5,,,304.88709426520575,,0,0.27609572,105,28.63752392665393,1,0.012000001,0.0535,0.05482928
GRID_0566,INDIAN_MARINE,GRID_SAMPLE,15.75,78.5,,,203.30804266567168,,0,,5,,0,,,
GRID_0567,INDIAN_MARINE,GRID_SAMPLE,7.5,73.5,,,113.42934430008157,,0,0.07288621,105,29.129905371902662,1,-0.101,0.21300001,0.23573291
GRID_0568,INDIAN_MARINE,GRID_SAMPLE,18.5,74.0,,,165.73696435352127,,0,,5,,0,,,
GRID_0569,INDIAN_MARINE,GRID_SAMPLE,9.0,79.5,,,214.6240554091552,,0,0.09802026,105,28.85329666976052,1,0.0055000037,0.085,0.08517776
GRID_0570,INDIAN_MARINE,GRID_SAMPLE,17.25,74.0,,,122.95874035054436,,0,,5,,0,,,
GRID_0571,INDIAN_MARINE,GRID_SAMPLE,11.25,92.5,,,35.96655926484004,,0,0.14435495,105,28.921959081685458,1,0.018000001,-0.034500003,0.03891337
GRID_0572,INDIAN_MARINE,GRID_SAMPLE,10.25,81.5,,,118.18171355162104,,0,0.09206093,105,28.97111947664609,1,-0.17450002,0.143,0.22560865
GRID_0573,INDIAN_MARINE,GRID_SAMPLE,21.0,74.0,,,195.3328379476191,,0,,5,,0,,,
GRID_0574,INDIAN_MARINE,GRID_SAMPLE,14.25,81.75,,,114.0358575316535,,0,0.07452891,105,28.656207275390233,1,0.052500002,0.09600001,0.10941778
GRID_0575,INDIAN_MARINE,GRID_SAMPLE,10.25,81.0,,,71.00679237640465,,0,0.09189577,105,28.910563629117803,1,-0.13550001,0.32950002,0.35627308
GRID_0576,INDIAN_MARINE,GRID_SAMPLE,11.75,81.0,,,68.43239572452579,,0,0.08878391,105,28.82340169965607,1,0.0475,0.29650003,0.30028075
GRID_0577,INDIAN_MARINE,GRID_SAMPLE,17.0,69.75,,,261.8533950142529,,0,0.07803876,105,28.013711928179845,1,0.0635,-0.15450001,0.16704042
GRID_0578,INDIAN_MARINE,GRID_SAMPLE,12.0,95.25,,,244.2758106269656,,0,0.13221817,105,28.966536761990575,1,-0.045500003,-0.17450002,0.18033443
GRID_0579,INDIAN_MARINE,GRID_SAMPLE,9.75,81.25,,,130.09569504236217,,0,0.09107387,105,28.98873412299191,1,-0.061500005,0.12900001,0.14290994
GRID_0580,INDIAN_MARINE,GRID_SAMPLE,5.75,74.25,,,324.2276339322043,,0,0.07788603,105,29.168921524956925,1,-0.16700001,0.2585,0.30775195
GRID_0581,INDIAN_MARINE,GRID_SAMPLE,6.75,79.0,,,257.34076031232763,,0,0.0892022,105,28.673810594498487,1,-0.13350001,0.16550002,0.21263233
GRID_0582,INDIAN_MARINE,GRID_SAMPLE,9.25,77.25,,,111.11703452682892,,0,,5,,0,,,
GRID_0583,INDIAN_MARINE,GRID_SAMPLE,15.25,78.25,,,219.73698939025485,,0,,5,,0,,,
GRID_0584,INDIAN_MARINE,GRID_SAMPLE,22.0,73.75,,,264.7518852939026,,0,,5,,0,,,
GRID_0585,INDIAN_MARINE,GRID_SAMPLE,5.5,79.75,,,409.5696261291271,,0,0.09253667,105,28.92196874129974,1,0.259,0.20650002,0.331245
GRID_0586,INDIAN_MARINE,GRID_SAMPLE,9.25,80.75,,,158.9734026271972,,0,0.10635858,105,,0,,,
GRID_0587,INDIAN_MARINE,GRID_SAMPLE,9.25,72.25,,,82.71732816366169,,0,0.07003464,105,29.071849104435017,1,-0.089,0.25500003,0.2700852
GRID_0588,INDIAN_MARINE,GRID_SAMPLE,7.0,69.5,,,439.23944783730786,,0,0.07019097,105,29.14632024096792,1,0.17050001,0.11250001,0.20427068
GRID_0589,INDIAN_MARINE,GRID_SAMPLE,15.25,73.75,,,34.88368794982118,,0,0.16050181,105,28.290858649992632,1,0.030500002,-0.075500004,0.08142789
GRID_0590,INDIAN_MARINE,GRID_SAMPLE,9.0,88.25,,,482.5683539947298,,0,0.10685988,105,29.01701422991037,1,0.1395,0.076000005,0.15885922
GRID_0591,INDIAN_MARINE,GRID_SAMPLE,16.5,74.5,,,143.49854496470007,,0,,5,,0,,,
GRID_0592,INDIAN_MARINE,GRID_SAMPLE,15.75,84.75,,,291.7867321051368,,0,0.08963097,105,28.50822995544855,1,0.0855,0.0635,0.10650118
GRID_0593,INDIAN_MARINE,GRID_SAMPLE,9.25,77.0,,,83.84005926975962,,0,,5,,0,,,
GRID_0594,INDIAN_MARINE,GRID_SAMPLE,13.75,80.75,,,5.696916858578541,,0,0.082907215,105,28.575071741881622,1,-0.0125,0.41500002,0.41518822
GRID_0595,INDIAN_MARINE,GRID_SAMPLE,9.75,95.0,,,260.73940644486004,,0,0.13256432,105,28.95401054050583,1,-0.0905,-0.08850001,0.12658001
GRID_0596,INDIAN_MARINE,GRID_SAMPLE,9.0,74.0,,,105.2924031771142,,0,0.06828917,105,29.06675594019555,1,0.036500003,-0.075,0.08341014
GRID_0597,INDIAN_MARINE,GRID_SAMPLE,14.5,95.25,,,316.9210491984808,,0,0.30255088,105,28.818863225696756,1,0.0255,-0.0715,0.075911134
GRID_0598,INDIAN_MARINE,GRID_SAMPLE,6.25,77.0,,,187.5233602004061,,0,0.08114014,105,28.910375949644735,1,-0.112500004,0.008499999,0.11282066
GRID_0599,INDIAN_MARINE,GRID_SAMPLE,12.25,90.75,,,228.1257765265578,,0,0.08390693,105,28.89208512417073,1,0.069000006,0.065500006,0.095138066
GRID_0600,INDIAN_MARINE,GRID_SAMPLE,15.0,85.5,,,383.52647730146526,,0,0.090348504,105,28.577924780881418,1,0.087000005,-0.036000002,0.094154134
GRID_0601,INDIAN_MARINE,GRID_SAMPLE,7.0,76.75,,,100.6967166893962,,0,0.08253909,105,28.85801569341265,1,-0.09150001,0.1045,0.13889745
GRID_0602,INDIAN_MARINE,GRID_SAMPLE,18.0,76.0,,,347.69941183374925,,0,,5,,0,,,
GRID_0603,INDIAN_MARINE,GRID_SAMPLE,8.0,80.25,,,296.67870342675457,,0,,5,,0,,,
GRID_0604,INDIAN_MARINE,GRID_SAMPLE,10.5,92.25,,,29.933151735783305,,0,0.13707262,105,28.910874183222624,1,0.0335,-0.011,0.035259753
GRID_0605,INDIAN_MARINE,GRID_SAMPLE,10.25,70.5,,,207.14592120553067,,0,0.06522459,105,28.97946534893087,1,-0.0625,0.068,0.09235935
GRID_0606,INDIAN_MARINE,GRID_SAMPLE,17.25,75.25,,,253.49454288592185,,0,,5,,0,,,
GRID_0607,INDIAN_MARINE,GRID_SAMPLE,17.0,78.25,,,298.86239613291286,,0,,5,,0,,,
GRID_0608,INDIAN_MARINE,GRID_SAMPLE,8.0,80.75,,,296.63910666572593,,0,,5,,0,,,
GRID_0609,INDIAN_MARINE,GRID_SAMPLE,11.5,96.0,,,323.6516842966808,,0,0.13406196,105,29.0222600257203,1,-0.076000005,-0.154,0.17173235
GRID_0610,INDIAN_MARINE,GRID_SAMPLE,8.0,75.75,,,79.25915773635536,,0,0.072767146,105,29.06317908369267,1,0.11850001,0.1435,0.18610346
GRID_0611,INDIAN_MARINE,GRID_SAMPLE,17.0,92.75,,,425.2586906735564,,0,0.23460987,105,28.23218456615069,1,0.15850002,0.016000003,0.15930554
GRID_0612,INDIAN_MARINE,GRID_SAMPLE,9.5,74.75,,,133.22384066109703,,0,0.06613901,105,29.130287394591104,1,-0.013000001,0.035,0.03733631
GRID_0613,INDIAN_MARINE,GRID_SAMPLE,6.75,94.75,,,483.38192856833666,,0,0.11361415,105,29.072187873259427,1,-0.1325,-0.19800001,0.2382441
GRID_0614,INDIAN_MARINE,GRID_SAMPLE,16.75,84.5,,,284.1526366118813,,0,0.08888072,105,28.45050075197329,1,0.2945,0.3585,0.4639531
GRID_0615,INDIAN_MARINE,GRID_SAMPLE,19.25,78.75,,,447.0426078215468,,0,,5,,0,,,
GRID_0616,INDIAN_MARINE,GRID_SAMPLE,12.75,85.5,,,498.00463858921984,,0,0.08049505,105,28.82102710620737,1,-0.15100001,0.010000002,0.15133077
GRID_0617,INDIAN_MARINE,GRID_SAMPLE,13.5,94.0,,,151.25375278987332,,0,0.14336659,105,28.90199718923045,1,0.064500004,-0.064500004,0.09121678
GRID_0618,INDIAN_MARINE,GRID_SAMPLE,14.75,89.0,,,428.2952788936413,,0,0.083751194,105,28.637357149470752,1,0.22150001,0.0735,0.23337631
GRID_0619,INDIAN_MARINE,GRID_SAMPLE,13.5,97.25,,,497.9247365391669,,0,0.53394836,105,29.04625368640172,1,0.052500002,-0.020000003,0.056180514
GRID_0620,INDIAN_MARINE,GRID_SAMPLE,8.75,74.5,,,145.94824218674444,,0,0.06736049,105,29.123887195806045,1,-0.064,-0.0935,0.11330601
GRID_0621,INDIAN_MARINE,GRID_SAMPLE,17.25,84.25,,,286.302158862849,,0,0.08844509,105,28.37775514113195,1,0.056,0.23150001,0.23817694
GRID_0622,INDIAN_MARINE,GRID_SAMPLE,11.75,73.0,,,45.50792973409502,,0,0.061539207,105,28.95685605181173,1,0.0735,0.1045,0.12775955
GRID_0623,INDIAN_MARINE,GRID_SAMPLE,7.5,71.25,,,240.3183905400008,,0,0.071859874,105,29.16953880545287,1,0.22350001,0.13650002,0.26188645
GRID_0624,INDIAN_MARINE,GRID_SAMPLE,10.75,75.0,,,45.8725993345747,,0,0.07316526,105,28.97029333596473,1,0.021000002,0.00049999985,0.021005953
GRID_0625,INDIAN_MARINE,GRID_SAMPLE,19.75,73.75,,,128.81599507254953,,0,,5,,0,,,
GRID_0626,INDIAN_MARINE,GRID_SAMPLE,8.75,82.0,,,268.34884427789524,,0,0.09298093,105,29.167360896528255,1,0.0945,-0.18100001,0.20418435
GRID_0627,INDIAN_MARINE,GRID_SAMPLE,9.75,78.75,,,213.8846133569568,,0,,5,,0,,,
GRID_0628,INDIAN_MARINE,GRID_SAMPLE,16.25,92.5,,,342.175859263617,,0,0.11806978,105,28.334994781737397,1,-0.030000001,-0.0775,0.08310385
GRID_0629,INDIAN_MARINE,GRID_SAMPLE,10.25,73.0,,,48.30520648764694,,0,0.065130204,105,29.110540943899704,1,0.041500002,0.018,0.045235496
GRID_0630,INDIAN_MARINE,GRID_SAMPLE,19.0,72.25,,,15.065268440741422,,0,0.1163514,105,27.713372645101845,1,0.102000006,-0.10100001,0.14354444
GRID_0631,INDIAN_MARINE,GRID_SAMPLE,14.75,70.25,,,307.41441357279797,,0,0.05996654,105,28.33276554559819,1,0.029000001,-0.0395,0.049002554
GRID_0632,INDIAN_MARINE,GRID_SAMPLE,6.0,78.75,,,293.2419024198741,,0,0.08517503,105,28.845336833309982,1,0.1815,-0.0045,0.18155578
GRID_0633,INDIAN_MARINE,GRID_SAMPLE,11.75,68.0,,,408.93693875296987,,0,0.06346393,105,28.508440859954657,1,0.0505,-0.009,0.051295713
GRID_0634,INDIAN_MARINE,GRID_SAMPLE,9.75,89.0,,,375.2664344222957,,0,0.10536263,105,29.015729213169298,1,0.0034999996,0.097500004,0.097562805
GRID_0635,INDIAN_MARINE,GRID_SAMPLE,7.0,71.25,,,270.1402492899968,,0,0.07456366,105,29.18704289616724,1,0.0925,0.075,0.11908506
GRID_0636,INDIAN_MARINE,GRID_SAMPLE,16.25,91.75,,,354.7699606254782,,0,0.09209601,105,28.369785854794245,1,-0.011500001,-0.030000001,0.032128647
GRID_0637,INDIAN_MARINE,GRID_SAMPLE,8.75,77.75,,,108.4290216041156,,0,,5,,0,,,
GRID_0638,INDIAN_MARINE,GRID_SAMPLE,18.5,85.75,,,493.66611901537,,0,0.102546535,105,28.126228298753627,1,0.49400002,0.043000005,0.49586794
GRID_0639,INDIAN_MARINE,GRID_SAMPLE,8.75,74.75,,,139.3013305007953,,0,0.0671801,105,29.118300197126914,1,-0.10650001,-0.088,0.138153
GRID_0640,INDIAN_MARINE,GRID_SAMPLE,13.0,78.25,,,241.5575228592577,,0,,5,,0,,,
GRID_0641,INDIAN_MARINE,GRID_SAMPLE,10.25,74.5,,,112.69704391982776,,0,0.06318158,105,29.07209041065731,1,0.0,0.076000005,0.076000005
GRID_0642,INDIAN_MARINE,GRID_SAMPLE,14.0,95.75,,,347.358021414156,,0,0.2009117,105,28.896961367708688,1,0.1375,-0.0065000057,0.13765356
GRID_0643,INDIAN_MARINE,GRID_SAMPLE,14.5,86.25,,,475.7951794988506,,0,0.087143816,105,28.59979402304179,1,0.012000002,-0.043000005,0.044643033
GRID_0644,INDIAN_MARINE,GRID_SAMPLE,9.75,73.5,,,56.28767696931389,,0,0.06652144,105,29.08894575804232,1,0.087500006,-0.024500001,0.09086529
GRID_0645,INDIAN_MARINE,GRID_SAMPLE,15.5,82.0,,,15.747730066738058,,0,0.07921199,105,28.469033763665117,1,0.5525,-0.095000006,0.5606079
GRID_0646,INDIAN_MARINE,GRID_SAMPLE,19.5,71.5,,,79.0427173304177,,0,0.1028927,105,27.484332281549143,1,0.0855,-0.104,0.13463376
GRID_0647,INDIAN_MARINE,GRID_SAMPLE,13.0,81.5,,,65.10492725215123,,0,0.08112901,105,28.771706301971157,1,-0.0014999956,0.148,0.1480076
GRID_0648,INDIAN_MARINE,GRID_SAMPLE,9.5,91.5,,,164.19286604319194,,0,0.11118633,105,28.97908230485553,1,0.091000006,0.031000003,0.096135326
GRID_0649,INDIAN_MARINE,GRID_SAMPLE,10.25,73.25,,,21.00058527125074,,0,0.06361442,105,29.09641501498024,1,0.0435,-0.0295,0.05255949
GRID_0650,INDIAN_MARINE,GRID_SAMPLE,11.25,88.5,,,413.9789080003911,,0,0.092730366,105,28.917463818467873,1,-0.058500003,0.1435,0.15496613
GRID_0651,INDIAN_MARINE,GRID_SAMPLE,17.0,71.0,,,152.20845200006283,,0,0.07700003,105,28.192060543149115,1,-0.044,0.179,0.18432851
GRID_0652,INDIAN_MARINE,GRID_SAMPLE,7.0,74.25,,,200.75927357075147,,0,0.074002326,105,29.114931412506568,1,-0.1535,0.13350001,0.20343181
GRID_0653,INDIAN_MARINE,GRID_SAMPLE,9.75,89.75,,,298.0611479740961,,0,0.10480285,105,29.026793428060305,1,-0.0395,-0.037,0.05412255
GRID_0654,INDIAN_MARINE,GRID_SAMPLE,13.0,91.0,,,178.40838511371228,,0,0.080238976,105,28.851597155321464,1,0.004499998,0.0335,0.03380089
GRID_0655,INDIAN_MARINE,GRID_SAMPLE,5.5,76.25,,,267.97220487883595,,0,0.08167346,105,29.029686998065756,1,-0.083000004,0.18300001,0.20094278
GRID_0656,INDIAN_MARINE,GRID_SAMPLE,5.0,77.75,,,343.735121713147,,0,0.08370113,105,29.04034018063641,1,0.0445,0.109500006,0.118196875
GRID_0657,INDIAN_MARINE,GRID_SAMPLE,8.0,81.5,,,315.09796102734987,,0,0.08388348,105,,0,,,
GRID_0658,INDIAN_MARINE,GRID_SAMPLE,9.5,77.25,,,116.54902303452069,,0,,5,,0,,,
GRID_0659,INDIAN_MARINE,GRID_SAMPLE,13.75,82.75,,,206.6604986292818,,0,0.07720544,105,28.6853031680284,1,-0.083000004,-0.12850001,0.15297468
GRID_0660,INDIAN_MARINE,GRID_SAMPLE,16.0,77.75,,,287.7824070536969,,0,,5,,0,,,
GRID_0661,INDIAN_MARINE,GRID_SAMPLE,7.5,70.0,,,368.342222552418,,0,0.07058801,105,29.122559618667168,1,0.22950001,0.068500005,0.23950471
GRID_0662,INDIAN_MARINE,GRID_SAMPLE,10.25,87.75,,,497.1515764573603,,0,0.09600104,105,28.963531412030186,1,0.033000004,0.0605,0.0689148
GRID_0663,INDIAN_MARINE,GRID_SAMPLE,8.5,90.5,,,318.15002334829256,,0,0.10022599,105,29.02131809105591,1,0.076000005,0.026,0.080324344
GRID_0664,INDIAN_MARINE,GRID_SAMPLE,13.0,68.25,,,392.00682031033824,,0,0.063407294,105,28.35016412280807,1,-0.026500003,0.028500002,0.03891658
GRID_0665,INDIAN_MARINE,GRID_SAMPLE,12.25,74.5,,,22.2954321128563,,0,0.104256876,105,28.942451108734844,1,0.04,0.0775,0.08721382
GRID_0666,INDIAN_MARINE,GRID_SAMPLE,19.0,81.0,,,329.3124592246514,,0,,5,,0,,,
GRID_0667,INDIAN_MARINE,GRID_SAMPLE,18.25,77.0,,,455.927669521781,,0,,5,,0,,,
GRID_0668,INDIAN_MARINE,GRID_SAMPLE,9.0,83.25,,,353.2223982123207,,0,0.09579607,105,29.14565148087488,1,-0.16550002,-0.08,0.18382125
GRID_0669,INDIAN_MARINE,GRID_SAMPLE,16.0,94.75,,,386.4345434294272,,0,,5,,0,,,
GRID_0670,INDIAN_MARINE,GRID_SAMPLE,15.5,79.25,,,118.64406310932416,,0,,5,,0,,,
GRID_0671,INDIAN_MARINE,GRID_SAMPLE,15.25,90.0,,,365.01983491334727,,0,0.10058088,105,28.57271520750827,1,0.11000001,0.155,0.19006579
GRID_0672,INDIAN_MARINE,GRID_SAMPLE,12.25,73.75,,,78.34957021729228,,0,0.061346795,105,29.00148056806108,1,0.050000004,0.01,0.0509902
GRID_0673,INDIAN_MARINE,GRID_SAMPLE,15.75,74.5,,,130.51685874675545,,0,,5,,0,,,
GRID_0674,INDIAN_MARINE,GRID_SAMPLE,19.5,70.75,,,155.93809852689293,,0,0.113602266,105,27.484104269801534,1,0.0555,-0.000500001,0.055502255
GRID_0675,INDIAN_MARINE,GRID_SAMPLE,13.75,97.0,,,474.44486700954263,,0,0.4627666,105,29.004051430860116,1,0.08600001,0.0050000027,0.08614524
GRID_0676,INDIAN_MARINE,GRID_SAMPLE,10.25,83.75,,,356.0562678883367,,0,0.096330255,105,29.02259715872474,1,-0.2515,-0.0445,0.25540656
GRID_0677,INDIAN_MARINE,GRID_SAMPLE,16.25,85.0,,,321.6246829602608,,0,0.09070943,105,28.46982740120368,1,0.0915,0.1555,0.18042311
GRID_0678,INDIAN_MARINE,GRID_SAMPLE,12.0,92.75,,,34.160320440089805,,0,0.16671562,105,,0,,,
GRID_0679,INDIAN_MARINE,GRID_SAMPLE,15.5,83.25,,,135.69450301559723,,0,0.076809086,105,28.50747047416099,1,0.315,0.094500005,0.32886967
GRID_0680,INDIAN_MARINE,GRID_SAMPLE,14.0,68.0,,,453.0397056264493,,0,0.0663902,105,28.18187423311646,1,0.09150001,0.10350001,0.13814667
GRID_0681,INDIAN_MARINE,GRID_SAMPLE,9.75,77.5,,,151.71180507038596,,0,,5,,0,,,
GRID_0682,INDIAN_MARINE,GRID_SAMPLE,10.25,74.25,,,88.23342501994058,,0,0.06332473,105,29.090273369682844,1,0.008000001,0.028,0.02912044
GRID_0683,INDIAN_MARINE,GRID_SAMPLE,5.5,72.0,,,356.0198110272563,,0,0.07854884,105,29.2250353325734,1,-0.1525,0.054000005,0.1617784
GRID_0684,INDIAN_MARINE,GRID_SAMPLE,14.25,95.25,,,305.27589285712077,,0,0.24999948,105,28.848134005426356,1,0.056500003,-0.103,0.11747872
GRID_0685,INDIAN_MARINE,GRID_SAMPLE,18.0,84.75,,,376.6738413803305,,0,0.09427187,105,28.253228120653628,1,0.282,0.26900002,0.38972428
GRID_0686,INDIAN_MARINE,GRID_SAMPLE,11.5,90.5,,,209.01425842795345,,0,0.08950847,105,28.95036098332468,1,0.0785,-0.0015000002,0.07851433
GRID_0687,INDIAN_MARINE,GRID_SAMPLE,11.25,75.5,,,12.157958485773324,,0,0.17340472,105,28.891983519361297,1,0.0045000017,-0.16200002,0.16206251
GRID_0688,INDIAN_MARINE,GRID_SAMPLE,7.5,80.0,,,329.22121302562647,,0,,5,,0,,,
GRID_0689,INDIAN_MARINE,GRID_SAMPLE,5.25,77.5,,,308.74767411903787,,0,0.08253733,105,29.025545202434007,1,0.032,0.08850001,0.09410766
GRID_0690,INDIAN_MARINE,GRID_SAMPLE,17.75,70.75,,,133.53391091610203,,0,0.093778014,105,27.98818793568141,1,-0.0965,0.0145000005,0.0975833
GRID_0691,INDIAN_MARINE,GRID_SAMPLE,14.0,68.75,,,381.98995614007634,,0,0.06409469,105,28.27597757975215,1,-0.007000001,0.14450002,0.14466947
GRID_0692,INDIAN_MARINE,GRID_SAMPLE,8.75,77.25,,,68.96366026890551,,0,,5,,0,,,
GRID_0693,INDIAN_MARINE,GRID_SAMPLE,19.75,80.75,,,415.2296026955958,,0,,5,,0,,,
GRID_0694,INDIAN_MARINE,GRID_SAMPLE,6.5,74.0,,,236.5993520706352,,0,0.07580766,105,29.11423094197736,1,-0.19000001,0.181,0.2624138
GRID_0695,INDIAN_MARINE,GRID_SAMPLE,17.75,82.75,,,219.991079119624,,0,,5,,0,,,
GRID_0696,INDIAN_MARINE,GRID_SAMPLE,7.0,76.25,,,104.82509496050604,,0,0.078712456,105,28.935442587435528,1,-0.057000004,0.17900002,0.18785635
GRID_0697,INDIAN_MARINE,GRID_SAMPLE,7.0,82.0,,,438.6196185903572,,0,0.087474406,105,29.09335333178216,1,,,
GRID_0698,INDIAN_MARINE,GRID_SAMPLE,14.75,90.75,,,268.175933358995,,0,0.08983997,105,28.61744736493609,1,-0.060500003,-0.061500005,0.08626993
GRID_0699,INDIAN_MARINE,GRID_SAMPLE,15.5,95.0,,,361.35960458331454,,0,0.26667106,105,28.568018986628314,1,0.032,0.0175,0.036472596
GRID_0700,INDIAN_MARINE,GRID_SAMPLE,8.0,77.5,,,48.776487405625346,,0,0.14833522,105,28.09238550462272,1,-0.231,0.046000004,0.23553556
GRID_0701,INDIAN_MARINE,GRID_SAMPLE,14.0,81.5,,,77.62862272060376,,0,0.07631579,105,28.66554999973424,1,-0.012,0.17650001,0.17690746
GRID_0702,INDIAN_MARINE,GRID_SAMPLE,13.0,74.75,,,41.427269196434175,,0,,5,28.48976813556319,1,0.08400001,-0.037,0.09178781
GRID_0703,INDIAN_MARINE,GRID_SAMPLE,7.25,95.5,,,480.5270478219654,,0,0.11043349,105,29.01610412210845,1,-0.26500002,-0.041,0.26815295
GRID_0704,INDIAN_MARINE,GRID_SAMPLE,11.25,72.0,,,31.20661069812779,,0,0.061921366,105,28.97896860340975,1,0.091,0.0045000003,0.09111119
GRID_0705,INDIAN_MARINE,GRID_SAMPLE,6.25,76.25,,,185.65647848189104,,0,0.08051233,105,28.984129013333632,1,-0.11950001,0.16750002,0.20575838
GRID_0706,INDIAN_MARINE,GRID_SAMPLE,15.5,93.25,,,266.6962282875956,,0,0.14187549,105,28.430589924383277,1,0.0165,-0.065,0.067061536
GRID_0707,INDIAN_MARINE,GRID_SAMPLE,6.75,75.75,,,154.89214659795223,,0,0.07617194,105,29.017448974339516,1,-0.116500005,0.2255,0.2538159
GRID_0708,INDIAN_MARINE,GRID_SAMPLE,10.5,81.25,,,83.57939836227652,,0,0.09153693,105,28.925659645703114,1,-0.176,0.256,0.31066382
GRID_0709,INDIAN_MARINE,GRID_SAMPLE,11.25,76.5,,,103.62279288679264,,0,,5,,0,,,
GRID_0710,INDIAN_MARINE,GRID_SAMPLE,14.5,94.75,,,270.5318389067646,,0,0.35821694,105,28.794512585939508,1,0.14400001,-0.10300001,0.17704521
GRID_0711,INDIAN_MARINE,GRID_SAMPLE,17.25,75.5,,,275.82454406888894,,0,,5,,0,,,
GRID_0712,INDIAN_MARINE,GRID_SAMPLE,18.0,74.25,,,167.99739193029257,,0,,5,,0,,,
GRID_0713,INDIAN_MARINE,GRID_SAMPLE,15.5,93.75,,,284.5400291337315,,0,0.18427096,105,28.477645190686975,1,0.017,-0.134,0.13507406
GRID_0714,INDIAN_MARINE,GRID_SAMPLE,8.75,89.0,,,423.0641904272385,,0,0.10666641,105,29.043439566665427,1,0.08100001,0.021499999,0.08380484
GRID_0715,INDIAN_MARINE,GRID_SAMPLE,9.0,77.5,,,107.33158811111618,,0,,5,,0,,,
GRID_0716,INDIAN_MARINE,GRID_SAMPLE,13.0,80.25,,,34.21600333511107,,0,0.102723606,105,,0,,,
GRID_0717,INDIAN_MARINE,GRID_SAMPLE,16.25,89.75,,,460.13836318138385,,0,0.117210045,105,28.422666727478852,1,0.182,0.23250002,0.29526302
GRID_0718,INDIAN_MARINE,GRID_SAMPLE,17.5,73.5,,,78.61627906568592,,0,,5,,0,,,
GRID_0719,INDIAN_MARINE,GRID_SAMPLE,7.25,90.0,,,463.77729791115274,,0,0.10880759,105,29.06838801514841,1,-0.26900002,0.08450001,0.28195968
GRID_0720,INDIAN_MARINE,GRID_SAMPLE,20.75,68.5,,,402.27879578881857,,0,0.12717327,105,27.248839393028376,1,-0.048500005,-0.017,0.0513931
GRID_0721,INDIAN_MARINE,GRID_SAMPLE,21.25,68.25,,,443.1280317328728,,0,0.14479302,105,27.143110430355016,1,0.024500001,-0.10650001,0.109281756
GRID_0722,INDIAN_MARINE,GRID_SAMPLE,11.0,68.75,,,336.69819528514586,,0,0.066957206,105,28.680199945167963,1,0.0665,-0.0505,0.083501495
GRID_0723,INDIAN_MARINE,GRID_SAMPLE,16.5,76.5,,,348.66445733475865,,0,,5,,0,,,
GRID_0724,INDIAN_MARINE,GRID_SAMPLE,16.75,81.75,,,88.9337655151887,,0,,5,,0,,,
GRID_0725,INDIAN_MARINE,GRID_SAMPLE,14.75,77.0,,,325.8275150064876,,0,,5,,0,,,
GRID_0726,INDIAN_MARINE,GRID_SAMPLE,16.0,69.5,,,339.28762166975224,,0,0.06709308,105,28.107672277514823,1,0.012499999,-0.076500006,0.07751452
GRID_0727,INDIAN_MARINE,GRID_SAMPLE,9.75,74.0,,,82.77485800295557,,0,0.06548447,105,29.093031433806676,1,0.056500003,-0.020000003,0.059935383
GRID_0728,INDIAN_MARINE,GRID_SAMPLE,9.0,93.25,,,189.6961709064024,,0,0.11709365,105,28.9040933004237,1,-0.050500005,-0.12100001,0.1311154
GRID_0729,INDIAN_MARINE,GRID_SAMPLE,20.0,73.25,,,76.1517657768262,,0,,5,,0,,,
GRID_0730,INDIAN_MARINE,GRID_SAMPLE,5.75,76.0,,,245.82710872018552,,0,0.080234945,105,29.068930114881653,1,-0.0815,0.22500001,0.23930578
GRID_0731,INDIAN_MARINE,GRID_SAMPLE,9.0,92.25,,,192.73432667237088,,0,0.109523244,105,28.897874856110075,1,-0.021499991,0.002000004,0.021592814
GRID_0732,INDIAN_MARINE,GRID_SAMPLE,10.75,68.25,,,396.58611313642945,,0,0.06828434,105,28.690716862557043,1,0.08950001,0.0,0.08950001
GRID_0733,INDIAN_MARINE,GRID_SAMPLE,10.75,79.75,,,67.52909992452902,,0,0.114903934,105,,0,,,
GRID_0734,INDIAN_MARINE,GRID_SAMPLE,17.5,74.75,,,206.70570659280503,,0,,5,,0,,,
GRID_0735,INDIAN_MARINE,GRID_SAMPLE,11.0,75.5,,,22.27430162391198,,0,0.1673709,105,28.922441733926885,1,0.031,-0.16600001,0.16886978
GRID_0736,INDIAN_MARINE,GRID_SAMPLE,11.75,83.25,,,274.5502639004467,,0,0.08542615,105,28.875209741367357,1,0.1315,-0.0645,0.14646673
GRID_0737,INDIAN_MARINE,GRID_SAMPLE,16.0,94.0,,,345.9872787295214,,0,0.20178369,105,28.440734906415344,1,-0.12100001,-0.037000004,0.12653063
GRID_0738,INDIAN_MARINE,GRID_SAMPLE,11.0,94.5,,,170.61439916086476,,0,0.1358558,105,28.958516633149937,1,-0.27400002,-0.049500003,0.27843538
GRID_0739,INDIAN_MARINE,GRID_SAMPLE,11.75,77.5,,,223.18694497013527,,0,,5,,0,,,
GRID_0740,INDIAN_MARINE,GRID_SAMPLE,11.75,75.25,,,7.045993312913411,,0,0.17942452,105,28.557027462878587,1,-0.015000002,-0.0675,0.06914659
GRID_0741,INDIAN_MARINE,GRID_SAMPLE,16.25,71.75,,,98.15490655959884,,0,0.07061032,105,28.36644463740422,1,-0.0695,0.038500004,0.07945124
GRID_0742,INDIAN_MARINE,GRID_SAMPLE,10.5,69.5,,,279.3197123693289,,0,0.06614923,105,28.83358317057246,1,0.07,0.053500004,0.08810364
GRID_0743,INDIAN_MARINE,GRID_SAMPLE,14.5,69.75,,,334.5507460535137,,0,0.059197534,105,28.350113761221696,1,0.015999999,-0.014500001,0.021592824
GRID_0744,INDIAN_MARINE,GRID_SAMPLE,11.0,79.5,,,87.62754192384368,,0,,5,,0,,,
GRID_0745,INDIAN_MARINE,GRID_SAMPLE,14.75,94.5,,,265.7029632536836,,0,0.36067417,105,28.69719743773806,1,0.15750001,-0.0675,0.1713549
GRID_0746,INDIAN_MARINE,GRID_SAMPLE,12.25,68.75,,,329.2024832361172,,0,0.062361214,105,28.573458249537797,1,-0.046,0.0635,0.078410774
GRID_0747,INDIAN_MARINE,GRID_SAMPLE,12.0,80.25,,,1.5831383941625314,,0,0.085116014,105,28.69250636672516,1,0.054,0.11950001,0.13113448
GRID_0748,INDIAN_MARINE,GRID_SAMPLE,12.25,93.5,,,77.66388999256354,,0,0.12498067,105,28.95372456412076,1,-0.0825,0.19900002,0.21542343
GRID_0749,INDIAN_MARINE,GRID_SAMPLE,18.0,70.75,,,130.55270769311147,,0,0.10832106,105,27.986668525726248,1,-0.026500002,-0.012499999,0.029300172
GRID_0750,INDIAN_MARINE,GRID_SAMPLE,7.0,94.5,,,446.3957825414767,,0,0.10986445,105,29.060637371053172,1,-0.15850002,-0.17500001,0.23610857
GRID_0751,INDIAN_MARINE,GRID_SAMPLE,13.5,78.25,,,246.79468729868273,,0,,5,,0,,,
GRID_0752,INDIAN_MARINE,GRID_SAMPLE,12.0,79.75,,,46.09014345964548,,0,0.11697509,105,,0,,,
GRID_0753,INDIAN_MARINE,GRID_SAMPLE,7.0,82.75,,,475.90956228946527,,0,0.097646765,105,29.149756181650737,1,0.093499996,-0.22200002,0.2408864
GRID_0754,INDIAN_MARINE,GRID_SAMPLE,14.5,68.0,,,479.09853993041486,,0,0.06671951,105,28.120242163959137,1,0.0995,0.104,0.1439314
GRID_0755,INDIAN_MARINE,GRID_SAMPLE,10.75,68.75,,,344.2166435579947,,0,0.0670397,105,28.74081084862138,1,0.062000006,-0.075500004,0.09769469
GRID_0756,INDIAN_MARINE,GRID_SAMPLE,14.25,97.0,,,484.1089816586456,,0,0.48217487,105,28.98253301523072,1,0.094000004,0.097,0.13507405
GRID_0757,INDIAN_MARINE,GRID_SAMPLE,14.25,74.0,,,1.4555153541727373,,0,0.1288977,105,28.755271715822097,1,0.054500002,-0.0355,0.065042295
GRID_0758,INDIAN_MARINE,GRID_SAMPLE,11.75,79.25,,,88.72633190776355,,0,,5,,0,,,
GRID_0759,INDIAN_MARINE,GRID_SAMPLE,18.0,72.5,,,23.106265702283423,,0,0.13851364,105,28.008815494253195,1,0.063,-0.038000003,0.0735731
GRID_0760,INDIAN_MARINE,GRID_SAMPLE,6.75,72.5,,,206.60948424656976,,0,0.07588926,105,29.15722657609319,1,-0.0705,0.10800001,0.12897384
GRID_0761,INDIAN_MARINE,GRID_SAMPLE,6.25,77.75,,,212.49116281846844,,0,0.081909485,105,28.810174250898037,1,0.000500001,-0.09250001,0.09250136
GRID_0762,INDIAN_MARINE,GRID_SAMPLE,6.0,73.0,,,275.8443871075284,,0,0.086806625,105,29.069328090122376,1,-0.2095,0.18150002,0.27718675
GRID_0763,INDIAN_MARINE,GRID_SAMPLE,17.75,83.5,,,261.8825492091555,,0,0.12890795,105,27.87741778959408,1,,,
GRID_0764,INDIAN_MARINE,GRID_SAMPLE,14.25,91.25,,,191.6657559187906,,0,0.09224609,105,28.689899005050908,1,-0.055,-0.09950001,0.11368927
GRID_0765,INDIAN_MARINE,GRID_SAMPLE,15.25,81.75,,,50.00508503592766,,0,0.078882396,105,28.52681312976541,1,0.4605,-0.0625,0.46472198
GRID_0766,INDIAN_MARINE,GRID_SAMPLE,12.25,94.25,,,146.27552080407358,,0,0.12291035,105,28.977723730005614,1,-0.008,0.09,0.09035485
GRID_0767,INDIAN_MARINE,GRID_SAMPLE,6.25,71.75,,,294.3933008121009,,0,0.07632775,105,29.219148960050852,1,-0.18400002,-0.0014999998,0.18400612
GRID_0768,INDIAN_MARINE,GRID_SAMPLE,19.75,74.0,,,154.7479593112512,,0,,5,,0,,,
GRID_0769,INDIAN_MARINE,GRID_SAMPLE,15.5,90.0,,,382.9230411171529,,0,0.10388869,105,28.52575682920036,1,0.14050001,0.16750002,0.21862413
GRID_0770,INDIAN_MARINE,GRID_SAMPLE,17.75,77.0,,,441.0446931712992,,0,,5,,0,,,
GRID_0771,INDIAN_MARINE,GRID_SAMPLE,13.25,70.75,,,159.99393581937704,,0,0.0627342,105,28.61290930999523,1,-0.023500001,-0.082,0.08530094
GRID_0772,INDIAN_MARINE,GRID_SAMPLE,21.0,75.0,,,283.7584658943769,,0,,5,,0,,,
GRID_0773,INDIAN_MARINE,GRID_SAMPLE,15.75,72.25,,,69.69044108159311,,0,0.07102894,105,28.487907374626477,1,-0.0515,0.14850001,0.15717666
GRID_0774,INDIAN_MARINE,GRID_SAMPLE,19.25,78.25,,,480.6771651449161,,0,,5,,0,,,
GRID_0775,INDIAN_MARINE,GRID_SAMPLE,14.75,91.5,,,213.84350312049975,,0,0.09064481,105,28.571055486454732,1,-0.065000005,-0.21100001,0.22078498
GRID_0776,INDIAN_MARINE,GRID_SAMPLE,11.25,79.5,,,72.26995047975618,,0,,5,,0,,,
GRID_0777,INDIAN_MARINE,GRID_SAMPLE,12.5,95.75,,,308.86265487806423,,0,0.1220703,105,29.017121697420848,1,0.09,-0.23200001,0.24884534
GRID_0778,INDIAN_MARINE,GRID_SAMPLE,20.25,80.75,,,470.158626491319,,0,,5,,0,,,
GRID_0779,INDIAN_MARINE,GRID_SAMPLE,16.5,95.75,,,496.12610142112896,,0,,5,,0,,,
GRID_0780,INDIAN_MARINE,GRID_SAMPLE,18.5,83.75,,,343.9650844034895,,0,,5,,0,,,
GRID_0781,INDIAN_MARINE,GRID_SAMPLE,11.75,71.5,,,29.63653780472325,,0,0.06265933,105,28.843050270891787,1,0.20500001,0.0055000004,0.20507377
GRID_0782,INDIAN_MARINE,GRID_SAMPLE,6.5,73.75,,,227.74055031696503,,0,0.07543457,105,29.11563174383943,1,-0.19550002,0.164,0.25517887
GRID_0783,INDIAN_MARINE,GRID_SAMPLE,11.25,90.0,,,252.92141820657,,0,0.09016181,105,28.947195887592713,1,0.051,-0.0185,0.05425173
GRID_0784,INDIAN_MARINE,GRID_SAMPLE,7.25,82.5,,,437.91327601848496,,0,0.09291876,105,29.1743769199664,1,0.001500003,-0.2475,0.24750455
GRID_0785,INDIAN_MARINE,GRID_SAMPLE,15.75,85.75,,,398.6072311028167,,0,0.09372342,105,28.46371354411379,1,-0.13250001,0.033000004,0.13654763
GRID_0786,INDIAN_MARINE,GRID_SAMPLE,8.5,91.25,,,275.6554892614054,,0,0.09922961,105,29.01323201796561,1,0.011,-0.013499998,0.017414073
GRID_0787,INDIAN_MARINE,GRID_SAMPLE,9.5,80.75,,,131.71329445010204,,0,0.09387008,105,,0,,,
GRID_0788,INDIAN_MARINE,GRID_SAMPLE,20.75,70.0,,,255.42971291839717,,0,0.14577441,105,27.09698621627689,1,0.10700001,-0.009,0.10737784
GRID_0789,INDIAN_MARINE,GRID_SAMPLE,17.5,82.0,,,174.22502158701457,,0,,5,,0,,,
GRID_0790,INDIAN_MARINE,GRID_SAMPLE,11.0,96.75,,,410.9990109723285,,0,0.2002414,105,29.015075269157244,1,-0.086,-0.11850001,0.14641808
GRID_0791,INDIAN_MARINE,GRID_SAMPLE,17.25,80.5,,,160.22811822380427,,0,,5,,0,,,
GRID_0792,INDIAN_MARINE,GRID_SAMPLE,15.5,86.5,,,480.4089894014868,,0,0.09537876,105,28.493024219221624,1,-0.0325,-0.083,0.08913613
GRID_0793,INDIAN_MARINE,GRID_SAMPLE,9.5,90.25,,,262.2655807231708,,0,0.10629072,105,29.02415526498939,1,0.056500003,0.038000003,0.068090014
GRID_0794,INDIAN_MARINE,GRID_SAMPLE,18.5,80.5,,,285.9209204925121,,0,,5,,0,,,
GRID_0795,INDIAN_MARINE,GRID_SAMPLE,14.5,70.0,,,317.64272022569594,,0,0.058948543,105,28.3627864915493,1,0.022499999,-0.047000002,0.052108064
GRID_0796,INDIAN_MARINE,GRID_SAMPLE,11.5,87.75,,,498.38999016369365,,0,0.09382892,105,28.938358377495057,1,-0.09700001,0.075,0.12261322
GRID_0797,INDIAN_MARINE,GRID_SAMPLE,15.0,74.5,,,90.70781546352086,,0,,5,,0,,,
GRID_0798,INDIAN_MARINE,GRID_SAMPLE,8.75,80.5,,,212.13344059132564,,0,,5,,0,,,
GRID_0799,INDIAN_MARINE,GRID_SAMPLE,15.75,93.25,,,293.66447900217554,,0,0.14556828,105,28.394708668101583,1,-0.010000002,-0.114999995,0.11543395
GRID_0800,INDIAN_MARINE,GRID_SAMPLE,19.0,85.25,,,487.89311792845695,,0,0.1616367,105,27.99468406064626,1,0.3175,0.0405,0.32007265
GRID_0801,INDIAN_MARINE,GRID_SAMPLE,12.0,97.0,,,433.2445581921934,,0,0.2945402,105,29.09527733587429,1,0.012,-0.20050001,0.2008588
GRID_0802,INDIAN_MARINE,GRID_SAMPLE,8.5,93.25,,,243.71645518835655,,0,0.10801087,105,28.836381137107193,1,-0.132,-0.131,0.18597043
GRID_0803,INDIAN_MARINE,GRID_SAMPLE,11.25,69.75,,,224.1258877743431,,0,0.06455879,105,28.770324506092013,1,-0.012,0.096,0.09674709
GRID_0804,INDIAN_MARINE,GRID_SAMPLE,7.5,77.25,,,63.18551670307865,,0,0.11566421,105,28.494754468092893,1,-0.105000004,0.040000003,0.11236103
GRID_0805,INDIAN_MARINE,GRID_SAMPLE,13.25,82.75,,,198.38989425261823,,0,0.07681954,105,28.75349373294354,1,-0.0985,-0.033500005,0.10404085
GRID_0806,INDIAN_MARINE,GRID_SAMPLE,8.5,73.25,,,6.182161387801135,,0,0.07391822,105,29.069410841742897,1,-0.16100001,0.20650001,0.26184586
GRID_0807,INDIAN_MARINE,GRID_SAMPLE,8.5,96.75,,,495.1123841709585,,0,0.15061656,105,29.072321818924596,1,0.26900002,0.092500016,0.28445962
GRID_0808,INDIAN_MARINE,GRID_SAMPLE,10.5,90.0,,,249.6323834791689,,0,0.09971626,105,29.01226266525111,1,-0.13850002,-0.042000003,0.14472821
GRID_0809,INDIAN_MARINE,GRID_SAMPLE,14.75,75.0,,,118.11577960286692,,0,,5,,0,,,
GRID_0810,INDIAN_MARINE,GRID_SAMPLE,17.25,68.5,,,378.7497322750082,,0,0.07978513,105,27.808660305953875,1,0.09300001,0.0275,0.096980676
GRID_0811,INDIAN_MARINE,GRID_SAMPLE,15.25,83.5,,,168.23078586594875,,0,0.07638292,105,28.579677181996654,1,0.20650001,0.0825,0.22237019
GRID_0812,INDIAN_MARINE,GRID_SAMPLE,7.25,71.5,,,231.38648514908357,,0,0.07254851,105,29.188520963898988,1,0.12650001,0.093,0.15700717
GRID_0813,INDIAN_MARINE,GRID_SAMPLE,20.5,72.5,,,66.04690875462718,,0,0.101396754,105,27.0988275283219,1,-0.315,0.025500001,0.31603044
GRID_0814,INDIAN_MARINE,GRID_SAMPLE,12.75,88.75,,,423.7488746180866,,0,0.08331318,105,28.806176414918003,1,-0.042000003,-0.07150001,0.08292317
GRID_0815,INDIAN_MARINE,GRID_SAMPLE,15.5,83.5,,,161.76865083550103,,0,0.077774584,105,28.51400738420118,1,0.2625,0.1315,0.2935958
GRID_0816,INDIAN_MARINE,GRID_SAMPLE,9.0,70.5,,,240.76693553021065,,0,0.064082116,105,29.034290686318656,1,-0.12550001,-0.082,0.14991415
GRID_0817,INDIAN_MARINE,GRID_SAMPLE,15.5,89.25,,,445.3954456633144,,0,0.09125118,105,28.52025121053022,1,0.15750001,0.17950001,0.23880224
GRID_0818,INDIAN_MARINE,GRID_SAMPLE,10.0,90.75,,,186.8753704169755,,0,0.11130844,105,28.99731744888691,1,-0.015000001,0.0225,0.027041635
GRID_0819,INDIAN_MARINE,GRID_SAMPLE,15.75,68.75,,,422.24363412013656,,0,0.064936355,105,28.053029912060563,1,-0.0615,0.19350001,0.20303819
GRID_0820,INDIAN_MARINE,GRID_SAMPLE,14.5,95.5,,,340.92528611677443,,0,0.28987417,105,28.835121116131727,1,0.017499998,-0.072000004,0.074096225
GRID_0821,INDIAN_MARINE,GRID_SAMPLE,14.0,92.75,,,92.8542260032768,,0,0.11670813,105,28.73900577113447,1,0.19500001,0.1115,0.22462693
GRID_0822,INDIAN_MARINE,GRID_SAMPLE,5.5,76.0,,,272.8006935772606,,0,0.08085986,105,29.04521819732962,1,-0.086,0.21850002,0.23481537
GRID_0823,INDIAN_MARINE,GRID_SAMPLE,17.75,85.75,,,450.1063713260013,,0,0.09014921,105,28.265591248897504,1,0.24350001,-0.013500001,0.24387395
GRID_0824,INDIAN_MARINE,GRID_SAMPLE,12.25,74.0,,,53.329978048454265,,0,0.06336742,105,28.983842166533893,1,0.048,0.048,0.067882255
GRID_0825,INDIAN_MARINE,GRID_SAMPLE,18.5,68.0,,,423.37940252046945,,0,0.10264117,105,27.617773324581524,1,0.12650001,-0.1065,0.16536173
GRID_0826,INDIAN_MARINE,GRID_SAMPLE,18.75,70.25,,,200.858228088058,,0,0.12147472,105,27.751790864285898,1,0.0555,0.030000001,0.06308922
GRID_0827,INDIAN_MARINE,GRID_SAMPLE,18.75,78.5,,,423.0368816070895,,0,,5,,0,,,
GRID_0828,INDIAN_MARINE,GRID_SAMPLE,9.75,92.0,,,116.91317688404484,,0,0.11627648,105,28.93183751883257,1,0.10250001,0.027499996,0.10612493
GRID_0829,INDIAN_MARINE,GRID_SAMPLE,11.0,93.5,,,68.29429450711451,,0,0.11259189,105,28.945111456936836,1,-0.064500004,0.047,0.07980759
GRID_0830,INDIAN_MARINE,GRID_SAMPLE,9.75,74.5,,,128.52576826906645,,0,0.06637874,105,29.11907533697762,1,0.025500001,0.055500004,0.061077826
GRID_0831,INDIAN_MARINE,GRID_SAMPLE,8.75,70.5,,,254.43771552795545,,0,0.06571025,105,29.0766433285525,1,-0.046,-0.0855,0.09708888
GRID_0832,INDIAN_MARINE,GRID_SAMPLE,15.5,81.0,,,3.4896729518521754,,0,0.086076945,105,28.525622429884397,1,0.4795,0.26200002,0.5464103
GRID_0833,INDIAN_MARINE,GRID_SAMPLE,12.5,96.75,,,413.7819185729266,,0,0.29065713,105,29.101800998913596,1,0.035,-0.13800001,0.14236924
GRID_0834,INDIAN_MARINE,GRID_SAMPLE,14.75,95.25,,,330.48731067225526,,0,0.33234674,105,28.76834817548659,1,0.0045000017,-0.039000005,0.039258763
GRID_0835,INDIAN_MARINE,GRID_SAMPLE,16.0,89.75,,,440.1867697175886,,0,0.1105392,105,28.451549929983972,1,0.18050002,0.21600002,0.28148937
GRID_0836,INDIAN_MARINE,GRID_SAMPLE,16.75,77.5,,,346.304891454104,,0,,5,,0,,,
GRID_0837,INDIAN_MARINE,GRID_SAMPLE,12.5,92.25,,,85.5819067694288,,0,0.10268008,105,28.915379968247244,1,0.009999998,-0.027500002,0.029261751
GRID_0838,INDIAN_MARINE,GRID_SAMPLE,20.25,82.75,,,486.9897747686604,,0,,5,,0,,,
GRID_0839,INDIAN_MARINE,GRID_SAMPLE,16.25,75.0,,,186.86024642368577,,0,,5,,0,,,
GRID_0840,INDIAN_MARINE,GRID_SAMPLE,20.0,76.25,,,388.4328961996408,,0,,5,,0,,,
GRID_0841,INDIAN_MARINE,GRID_SAMPLE,11.25,70.25,,,171.3080567462442,,0,0.064973,105,28.82017970521324,1,0.0145,0.097500004,0.098572314
GRID_0842,INDIAN_MARINE,GRID_SAMPLE,8.75,92.0,,,226.05785912921456,,0,0.10716251,105,28.949126259390187,1,-0.025000006,-0.027500004,0.037165176
GRID_0843,INDIAN_MARINE,GRID_SAMPLE,21.25,72.5,,,149.2785063212647,,0,0.0857196,105,26.84820170126633,1,0.6075001,-0.25200003,0.6576932
GRID_0844,INDIAN_MARINE,GRID_SAMPLE,7.0,69.0,,,490.77445037351134,,0,0.06855495,105,29.13449935009671,1,0.15900001,0.07,0.1737268
GRID_0845,INDIAN_MARINE,GRID_SAMPLE,7.75,74.75,,,188.7617710644851,,0,0.07218251,105,29.111281144728004,1,0.023999996,0.00049999356,0.024005204
GRID_0846,INDIAN_MARINE,GRID_SAMPLE,11.75,91.0,,,173.40417075986866,,0,0.08507734,105,28.92576420954853,1,0.076000005,-0.004,0.07610519
GRID_0847,INDIAN_MARINE,GRID_SAMPLE,18.25,79.75,,,296.1950204417053,,0,,5,,0,,,
GRID_0848,INDIAN_MARINE,GRID_SAMPLE,7.25,92.25,,,382.1688591114463,,0,0.10747308,105,28.985321986822175,1,-0.0335,-0.041,0.05294573
GRID_0849,INDIAN_MARINE,GRID_SAMPLE,7.0,91.25,,,433.20082969588134,,0,0.10677344,105,29.0679234918556,1,-0.30900002,0.112500004,0.3288423
GRID_0850,INDIAN_MARINE,GRID_SAMPLE,13.25,81.5,,,64.04861061499592,,0,0.07955817,105,28.765805451194595,1,-0.079500005,0.16550002,0.18360421
GRID_0851,INDIAN_MARINE,GRID_SAMPLE,12.25,91.25,,,182.1471377866727,,0,0.07894401,105,28.894918378193843,1,0.0255,0.042500004,0.04956309
GRID_0852,INDIAN_MARINE,GRID_SAMPLE,6.0,71.5,,,332.8220657668534,,0,0.076285355,105,29.24582829623892,1,-0.19250001,-0.0034999996,0.19253182
GRID_0853,INDIAN_MARINE,GRID_SAMPLE,8.5,79.5,,,263.89911481035705,,0,0.08573315,105,28.57260666302378,1,-0.08850001,0.1525,0.17631932
GRID_0854,INDIAN_MARINE,GRID_SAMPLE,5.75,73.75,,,308.7859403539422,,0,0.080976985,105,29.157925903994343,1,-0.1975,0.26000002,0.32650614
GRID_0855,INDIAN_MARINE,GRID_SAMPLE,12.25,97.25,,,462.75564744094737,,0,0.45743027,105,29.10875107908285,1,-0.0315,-0.024500001,0.03990614
GRID_0856,INDIAN_MARINE,GRID_SAMPLE,22.0,75.0,,,344.9859818838473,,0,,5,,0,,,
GRID_0857,INDIAN_MARINE,GRID_SAMPLE,14.75,85.5,,,390.33802872043026,,0,0.090088196,105,28.579011871632503,1,0.116000004,-0.0705,0.13574332
GRID_0858,INDIAN_MARINE,GRID_SAMPLE,10.0,92.5,,,79.14992604182008,,0,0.11466313,105,28.93060082807196,1,0.0775,0.009999998,0.0781425
GRID_0859,INDIAN_MARINE,GRID_SAMPLE,20.75,74.5,,,225.37431413455587,,0,,5,,0,,,
GRID_0860,INDIAN_MARINE,GRID_SAMPLE,10.75,72.25,,,34.478993499180056,,0,0.06438945,105,29.02837672877915,1,0.034500003,0.065000005,0.073588386
GRID_0861,INDIAN_MARINE,GRID_SAMPLE,7.5,75.25,,,149.93460769476,,0,0.07277025,105,29.087514681615932,1,0.109,0.11050001,0.15521356
GRID_0862,INDIAN_MARINE,GRID_SAMPLE,16.5,95.5,,,478.7869465099744,,0,,5,,0,,,
GRID_0863,INDIAN_MARINE,GRID_SAMPLE,13.0,77.5,,,277.112372351233,,0,,5,,0,,,
GRID_0864,INDIAN_MARINE,GRID_SAMPLE,10.0,68.5,,,402.24915292833185,,0,0.06414017,105,28.792220498884323,1,-0.017,-0.040500008,0.043923236
GRID_0865,INDIAN_MARINE,GRID_SAMPLE,5.5,72.75,,,334.1681741863285,,0,0.08641292,105,29.115848136759087,1,-0.20650001,0.1535,0.25730234
GRID_0866,INDIAN_MARINE,GRID_SAMPLE,15.0,78.75,,,167.00385248522588,,0,,5,,0,,,
GRID_0867,INDIAN_MARINE,GRID_SAMPLE,16.5,84.25,,,249.950693765834,,0,0.087997176,105,28.461950456334783,1,0.36100003,0.275,0.45381278
GRID_0868,INDIAN_MARINE,GRID_SAMPLE,7.25,69.5,,,429.4413811837284,,0,0.06891561,105,29.12268654728095,1,0.183,0.08250001,0.20073678
GRID_0869,INDIAN_MARINE,GRID_SAMPLE,13.75,69.25,,,321.8263226473481,,0,0.06364716,105,28.34533934201364,1,-0.063,0.046499997,0.0783023
GRID_0870,INDIAN_MARINE,GRID_SAMPLE,11.5,76.5,,,111.45329858464656,,0,,5,,0,,,
GRID_0871,INDIAN_MARINE,GRID_SAMPLE,16.75,76.0,,,302.75213590135303,,0,,5,,0,,,
GRID_0872,INDIAN_MARINE,GRID_SAMPLE,12.5,97.0,,,440.27292743072536,,0,0.34014723,105,29.14763369554189,1,0.015000001,-0.1105,0.11151345
GRID_0873,INDIAN_MARINE,GRID_SAMPLE,18.75,68.0,,,427.33364693694824,,0,0.107381545,105,27.56701358211348,1,0.0855,-0.097,0.12930293
GRID_0874,INDIAN_MARINE,GRID_SAMPLE,7.75,82.25,,,376.00500757690867,,0,0.08967891,105,29.264318695728495,1,-0.10500001,-0.3025,0.32020503
GRID_0875,INDIAN_MARINE,GRID_SAMPLE,10.0,72.75,,,17.00377080416899,,0,0.066826366,105,29.089281187665847,1,-0.009000001,0.09900001,0.099408254
GRID_0876,INDIAN_MARINE,GRID_SAMPLE,15.25,74.5,,,113.79231005917556,,0,,5,,0,,,
GRID_0877,INDIAN_MARINE,GRID_SAMPLE,10.75,71.75,,,60.659582906382184,,0,0.064414024,105,28.99148751620547,1,-0.0039999997,0.034500003,0.034731112
GRID_0878,INDIAN_MARINE,GRID_SAMPLE,15.0,91.0,,,268.6604643354346,,0,0.10083774,105,28.58287383070902,1,-0.038000003,-0.1115,0.117797494
GRID_0879,INDIAN_MARINE,GRID_SAMPLE,7.0,83.0,,,490.8074915273616,,0,0.099429965,105,29.133210525257716,1,0.12150001,-0.21550001,0.2473914
GRID_0880,INDIAN_MARINE,GRID_SAMPLE,10.25,96.25,,,378.09368102864187,,0,0.1633213,105,28.96141521264709,1,-0.19150001,-0.06400001,0.20191151
GRID_0881,INDIAN_MARINE,GRID_SAMPLE,14.25,81.0,,,51.43675384860496,,0,0.08367544,105,28.62317698082776,1,-0.038500004,0.43350002,0.4352063
GRID_0882,INDIAN_MARINE,GRID_SAMPLE,17.25,72.0,,,77.70551231054802,,0,0.10143501,105,28.230421075044028,1,-0.0065,0.011,0.012776932
GRID_0883,INDIAN_MARINE,GRID_SAMPLE,13.25,84.25,,,360.30588576349646,,0,0.083730236,105,28.77142806726969,1,-0.043000005,0.024,0.049244296
GRID_0884,INDIAN_MARINE,GRID_SAMPLE,8.25,91.0,,,312.5111350181001,,0,0.09900162,105,28.98848072897145,1,0.031500004,-0.033,0.04562072
GRID_0885,INDIAN_MARINE,GRID_SAMPLE,5.5,77.0,,,269.4793589256259,,0,0.08204175,105,28.993016183612763,1,-0.049500003,0.1005,0.112029016
GRID_0886,INDIAN_MARINE,GRID_SAMPLE,7.0,90.0,,,487.4482530666699,,0,0.10787243,105,29.098483407424,1,-0.3425,0.062,0.34806645
GRID_0887,INDIAN_MARINE,GRID_SAMPLE,14.0,94.0,,,172.99903341686013,,0,0.16952474,105,28.798845550571897,1,0.1805,-0.1225,0.2181433
GRID_0888,INDIAN_MARINE,GRID_SAMPLE,14.0,89.75,,,324.6296276637601,,0,0.07842432,105,28.74102169422585,1,-0.0925,0.0725,0.11752659
GRID_0889,INDIAN_MARINE,GRID_SAMPLE,8.25,78.75,,,187.3988881391033,,0,0.08740417,105,28.530926983172677,1,-0.092,-0.026,0.09560335
GRID_0890,INDIAN_MARINE,GRID_SAMPLE,11.25,73.75,,,28.47165672972345,,0,0.059750043,105,29.05781407264215,1,0.0040000007,-0.0355,0.035724644
GRID_0891,INDIAN_MARINE,GRID_SAMPLE,10.75,89.0,,,356.69705968474386,,0,0.09230299,105,28.956465240929507,1,-0.045,0.21350001,0.21819086
GRID_0892,INDIAN_MARINE,GRID_SAMPLE,12.75,68.25,,,387.19399486526635,,0,0.06273269,105,28.383787421318672,1,-0.057500005,0.029000003,0.06439915
GRID_0893,INDIAN_MARINE,GRID_SAMPLE,16.0,72.25,,,51.637982622897205,,0,0.07453328,105,28.460233539781655,1,-0.072500005,0.119500004,0.13977304
GRID_0894,INDIAN_MARINE,GRID_SAMPLE,17.25,76.5,,,370.6816345511873,,0,,5,,0,,,
GRID_0895,INDIAN_MARINE,GRID_SAMPLE,19.5,74.0,,,148.4174947162486,,0,,5,,0,,,
GRID_0896,INDIAN_MARINE,GRID_SAMPLE,6.25,93.5,,,494.4680182756282,,0,0.100726806,105,29.079866842036004,1,-0.3675,-0.17050001,0.40512532
GRID_0897,INDIAN_MARINE,GRID_SAMPLE,8.25,79.5,,,269.3270450478715,,0,0.08612562,105,28.552170525168563,1,-0.048000004,0.188,0.19403091
GRID_0898,INDIAN_MARINE,GRID_SAMPLE,10.0,95.25,,,277.5347308307412,,0,0.1335985,105,28.92849014208484,1,-0.17150001,0.0024999995,0.17151824
GRID_0899,INDIAN_MARINE,GRID_SAMPLE,6.5,93.5,,,467.074248266603,,0,0.10310296,105,29.02968061542745,1,-0.23700002,-0.21150002,0.3176496
GRID_0900,INDIAN_MARINE,GRID_SAMPLE,18.5,82.0,,,280.5581413075238,,0,,5,,0,,,
GRID_0901,INDIAN_MARINE,GRID_SAMPLE,10.25,94.25,,,164.65410434425092,,0,0.13161269,105,28.963777498713213,1,-0.11750001,-0.1525,0.19251624
GRID_0902,INDIAN_MARINE,GRID_SAMPLE,13.5,94.5,,,204.03487523619108,,0,0.16998293,105,28.91764186962687,1,0.17500001,-0.16100001,0.23779406
GRID_0903,INDIAN_MARINE,GRID_SAMPLE,7.5,80.25,,,351.97709719068655,,0,,5,,0,,,
GRID_0904,INDIAN_MARINE,GRID_SAMPLE,14.25,91.5,,,171.50309915206765,,0,0.09232264,105,28.67249386600109,1,-0.010000002,-0.108500004,0.10895986
GRID_0905,INDIAN_MARINE,GRID_SAMPLE,12.5,70.0,,,195.90921671297775,,0,0.063762136,105,28.592589663580267,1,0.0185,-0.061000004,0.06374363
GRID_0906,INDIAN_MARINE,GRID_SAMPLE,13.5,70.75,,,180.81585938577507,,0,0.061970994,105,28.575655366549988,1,-0.0145000005,-0.11900001,0.11988016
GRID_0907,INDIAN_MARINE,GRID_SAMPLE,9.0,90.25,,,296.03511382012636,,0,0.103933804,105,29.017115592505323,1,0.119500004,0.0535,0.13092937
GRID_0908,INDIAN_MARINE,GRID_SAMPLE,10.0,84.25,,,416.2335970731078,,0,0.09249406,105,29.012816415588315,1,-0.26450002,-0.048,0.26882014
GRID_0909,INDIAN_MARINE,GRID_SAMPLE,8.5,94.75,,,320.69378731684424,,0,0.11798537,105,28.96580394876388,1,0.105000004,-0.1185,0.1583264
GRID_0910,INDIAN_MARINE,GRID_SAMPLE,7.0,93.25,,,408.1638473811855,,0,0.106442325,105,28.99828201512192,1,-0.11,-0.13350001,0.1729805
GRID_0911,INDIAN_MARINE,GRID_SAMPLE,13.75,70.75,,,203.29871609823533,,0,0.062092155,105,28.536624909239084,1,-0.0395,-0.1575,0.16237764
GRID_0912,INDIAN_MARINE,GRID_SAMPLE,12.0,74.5,,,33.857461743616746,,0,0.09423289,105,28.967786552666457,1,-0.0145,0.079,0.08031968
GRID_0913,INDIAN_MARINE,GRID_SAMPLE,7.75,83.0,,,424.15032294018135,,0,0.09640991,105,29.211078616143876,1,-0.0405,-0.21750002,0.22123857
GRID_0914,INDIAN_MARINE,GRID_SAMPLE,8.0,70.25,,,326.98555503989627,,0,0.069786265,105,29.099073467931753,1,0.17750001,-0.014,0.17805126
GRID_0915,INDIAN_MARINE,GRID_SAMPLE,6.5,72.25,,,243.1315337786105,,0,0.07753107,105,29.169373387875357,1,-0.13250001,0.064500004,0.1473652
GRID_0916,INDIAN_MARINE,GRID_SAMPLE,17.5,77.75,,,375.04497898755943,,0,,5,,0,,,
GRID_0917,INDIAN_MARINE,GRID_SAMPLE,8.5,75.25,,,106.10951791125736,,0,0.06905303,105,29.124503275907493,1,-0.109500006,-0.067,0.12837154
GRID_0918,INDIAN_MARINE,GRID_SAMPLE,15.75,71.5,,,135.94577161987397,,0,0.06992072,105,28.386509978465103,1,0.0010000002,-0.032500003,0.032515384
GRID_0919,INDIAN_MARINE,GRID_SAMPLE,10.75,77.0,,,132.32839895499515,,0,,5,,0,,,
GRID_0920,INDIAN_MARINE,GRID_SAMPLE,19.25,80.5,,,365.89029772410015,,0,,5,,0,,,
GRID_0921,INDIAN_MARINE,GRID_SAMPLE,6.25,78.5,,,254.2490797791631,,0,0.085779205,105,28.73867235077479,1,0.034999996,-0.056,0.06603787
GRID_0922,INDIAN_MARINE,GRID_SAMPLE,15.25,70.75,,,232.681782618882,,0,0.063748226,105,28.38294157250483,1,0.049500003,0.035000004,0.060623843
GRID_0923,INDIAN_MARINE,GRID_SAMPLE,9.0,79.25,,,229.8611109626905,,0,0.10277323,105,28.86164727032462,1,-0.011500001,0.07000001,0.07093836
GRID_0924,INDIAN_MARINE,GRID_SAMPLE,16.75,84.25,,,259.68254930925684,,0,0.08775642,105,28.44433535651639,1,0.328,0.27550003,0.42835063
GRID_0925,INDIAN_MARINE,GRID_SAMPLE,15.25,71.0,,,209.38718922333015,,0,0.065041095,105,28.411021205356697,1,0.0485,0.0165,0.051229876
GRID_0926,INDIAN_MARINE,GRID_SAMPLE,18.0,83.5,,,283.67697157439613,,0,0.14682378,105,,0,,,
GRID_0927,INDIAN_MARINE,GRID_SAMPLE,19.25,71.75,,,64.07351748133664,,0,0.11217286,105,27.600827156097356,1,0.066,-0.12850001,0.14445849
GRID_0928,INDIAN_MARINE,GRID_SAMPLE,16.5,70.5,,,229.28740504389984,,0,0.07135763,105,28.169034480375856,1,0.087000005,-0.025000002,0.090520725
GRID_0929,INDIAN_MARINE,GRID_SAMPLE,9.75,95.25,,,286.19468196849976,,0,0.13719599,105,28.95645533759784,1,-0.112500004,-0.016,0.11363208
GRID_0930,INDIAN_MARINE,GRID_SAMPLE,20.0,80.25,,,452.897838014786,,0,,5,,0,,,
GRID_0931,INDIAN_MARINE,GRID_SAMPLE,16.25,84.75,,,295.34168495763566,,0,0.09071881,105,28.48381278401047,1,0.16800001,0.1645,0.23512603
GRID_0932,INDIAN_MARINE,GRID_SAMPLE,15.0,70.5,,,269.8248883012071,,0,0.06219719,105,28.382002992754657,1,0.026500002,0.005000001,0.026967576
GRID_0933,INDIAN_MARINE,GRID_SAMPLE,12.0,68.75,,,329.0135356492114,,0,0.06229442,105,28.594781341856827,1,-0.0065,0.065500006,0.06582173
GRID_0934,INDIAN_MARINE,GRID_SAMPLE,18.0,76.5,,,399.0548639060714,,0,,5,,0,,,
GRID_0935,INDIAN_MARINE,GRID_SAMPLE,16.5,77.0,,,381.6238397825791,,0,,5,,0,,,
GRID_0936,INDIAN_MARINE,GRID_SAMPLE,13.75,90.0,,,291.8543812086677,,0,0.07671635,105,28.734089243251283,1,-0.1245,0.060500003,0.13842146
GRID_0937,INDIAN_MARINE,GRID_SAMPLE,8.5,71.0,,,228.79638295139,,0,0.06929345,105,29.11210854875949,1,0.07000001,0.11500001,0.13462913
GRID_0938,INDIAN_MARINE,GRID_SAMPLE,9.5,81.5,,,168.96661312182772,,0,0.092422895,105,29.080567186398195,1,-0.0375,0.023500003,0.044254944
GRID_0939,INDIAN_MARINE,GRID_SAMPLE,7.75,79.75,,,297.80856807311983,,0,,5,28.34638768046998,1,,,
GRID_0940,INDIAN_MARINE,GRID_SAMPLE,19.0,82.0,,,334.57571840436475,,0,,5,,0,,,
GRID_0941,INDIAN_MARINE,GRID_SAMPLE,9.75,90.5,,,224.320300749523,,0,0.11037187,105,29.02948745620302,1,0.0009999946,0.051500008,0.051509716
GRID_0942,INDIAN_MARINE,GRID_SAMPLE,12.0,91.0,,,189.61550451427703,,0,0.082770094,105,28.90909987390689,1,0.076000005,0.026500002,0.08048758
GRID_0943,INDIAN_MARINE,GRID_SAMPLE,12.0,70.5,,,141.5881661996292,,0,0.06387397,105,28.717950596597777,1,0.09650001,-0.0715,0.12010205
GRID_0944,INDIAN_MARINE,GRID_SAMPLE,7.75,91.25,,,353.40629765242346,,0,0.101082504,105,29.00623767488352,1,-0.029,-0.0275,0.039965607
GRID_0945,INDIAN_MARINE,GRID_SAMPLE,10.5,96.5,,,396.1031549713387,,0,0.17309734,105,28.98363643707211,1,-0.12150001,-0.16750002,0.20692633
GRID_0946,INDIAN_MARINE,GRID_SAMPLE,14.75,81.25,,,67.9634015216734,,0,0.08219383,105,28.559122174636535,1,0.11050001,0.23700002,0.26149428
GRID_0947,INDIAN_MARINE,GRID_SAMPLE,8.75,83.5,,,391.3860467253919,,0,0.094339944,105,29.15949243083801,1,-0.199,-0.072500005,0.21179532
GRID_0948,INDIAN_MARINE,GRID_SAMPLE,16.75,81.5,,,79.4175333444555,,0,,5,,0,,,
GRID_0949,INDIAN_MARINE,GRID_SAMPLE,15.5,70.5,,,245.9210221861377,,0,0.06509939,105,28.30064805663032,1,0.0715,-0.013500001,0.07276332
GRID_0950,INDIAN_MARINE,GRID_SAMPLE,17.75,69.75,,,238.01005807552173,,0,0.085931204,105,27.87615960123005,1,-0.0225,0.117000006,0.11914383
GRID_0951,INDIAN_MARINE,GRID_SAMPLE,22.0,70.25,,,316.7733844410267,,0,,5,,0,,,
GRID_0952,INDIAN_MARINE,GRID_SAMPLE,18.5,83.0,,,306.82674528322343,,0,,5,,0,,,
GRID_0953,INDIAN_MARINE,GRID_SAMPLE,19.75,72.0,,,23.798483877011815,,0,0.1066618,105,27.266838411424576,1,-0.0025000013,-0.0625,0.06254998
GRID_0954,INDIAN_MARINE,GRID_SAMPLE,14.25,93.5,,,151.38942808200736,,0,0.14839858,105,28.72915795034436,1,0.17400001,0.020500004,0.17520347
GRID_0955,INDIAN_MARINE,GRID_SAMPLE,20.0,76.0,,,362.3675265124191,,0,,5,,0,,,
GRID_0956,INDIAN_MARINE,GRID_SAMPLE,8.5,93.0,,,239.64400125927787,,0,0.10749979,105,28.841502078849825,1,-0.13,-0.09950001,0.16370782
GRID_0957,INDIAN_MARINE,GRID_SAMPLE,8.5,75.5,,,82.77572499614081,,0,0.06991468,105,29.107611232677577,1,-0.123,0.00049999356,0.12300102
GRID_0958,INDIAN_MARINE,GRID_SAMPLE,12.75,94.75,,,219.4484211008746,,0,0.11563264,105,28.944089191715623,1,0.23250002,-0.07350001,0.24384116
GRID_0959,INDIAN_MARINE,GRID_SAMPLE,8.5,80.0,,,246.13095523574796,,0,,5,,0,,,
GRID_0960,INDIAN_MARINE,GRID_SAMPLE,11.5,77.0,,,164.55352470908267,,0,,5,,0,,,
GRID_0961,INDIAN_MARINE,GRID_SAMPLE,5.25,78.0,,,326.3534547792633,,0,0.08288955,105,28.99271284315283,1,0.1395,0.0375,0.14445242
GRID_0962,INDIAN_MARINE,GRID_SAMPLE,13.5,85.25,,,425.2850608555823,,0,0.085444756,105,28.74863591472752,1,-0.027999999,0.072000004,0.077252835
GRID_0963,INDIAN_MARINE,GRID_SAMPLE,20.25,75.75,,,337.8122851303244,,0,,5,,0,,,
GRID_0964,INDIAN_MARINE,GRID_SAMPLE,17.75,81.75,,,193.4909413708645,,0,,5,,0,,,
GRID_0965,INDIAN_MARINE,GRID_SAMPLE,8.75,75.0,,,113.71998723092594,,0,0.0675113,105,29.119942617028375,1,-0.1395,-0.08500001,0.16335621
GRID_0966,INDIAN_MARINE,GRID_SAMPLE,12.75,73.25,,,54.47644889435184,,0,0.060503528,105,28.896928264629977,1,0.018,0.033999998,0.038470767
GRID_0967,INDIAN_MARINE,GRID_SAMPLE,19.0,79.5,,,380.14704182888534,,0,,5,,0,,,
GRID_0968,INDIAN_MARINE,GRID_SAMPLE,15.25,69.75,,,331.1612716241765,,0,0.06267996,105,28.25422312418574,1,0.0315,-0.045500003,0.05533986
GRID_0969,INDIAN_MARINE,GRID_SAMPLE,13.0,72.5,,,113.24103728756612,,0,0.06209413,105,28.842039233770368,1,-0.0145,0.072000004,0.073445566
GRID_0970,INDIAN_MARINE,GRID_SAMPLE,14.75,81.5,,,94.16093369047876,,0,0.07772341,105,28.551086191030272,1,0.08850001,0.055000003,0.10419814
GRID_0971,INDIAN_MARINE,GRID_SAMPLE,6.25,72.0,,,280.3746631764195,,0,0.076593965,105,29.207903992435796,1,-0.17600001,0.0345,0.17934953
GRID_0972,INDIAN_MARINE,GRID_SAMPLE,16.0,93.25,,,320.765881233069,,0,0.15408652,105,28.384282353571763,1,-0.0605,-0.14400001,0.156193
GRID_0973,INDIAN_MARINE,GRID_SAMPLE,15.25,96.25,,,450.2530871953993,,0,0.3589917,105,28.813743562875825,1,0.079500005,0.120000005,0.1439453
GRID_0974,INDIAN_MARINE,GRID_SAMPLE,21.75,68.5,,,442.333261346985,,0,0.17680135,105,26.94409569099912,1,0.041,-0.041500002,0.058337383
GRID_0975,INDIAN_MARINE,GRID_SAMPLE,10.5,77.5,,,176.1739576248034,,0,,5,,0,,,
GRID_0976,INDIAN_MARINE,GRID_SAMPLE,8.75,78.75,,,201.84270112201153,,0,0.09195112,105,28.798293697858465,1,-0.059000004,-0.0040000044,0.05913544
GRID_0977,INDIAN_MARINE,GRID_SAMPLE,18.75,70.0,,,225.0062908977185,,0,0.109543025,105,27.745279230443344,1,0.0325,0.098500006,0.1037232
GRID_0978,INDIAN_MARINE,GRID_SAMPLE,15.5,84.25,,,240.8696753300106,,0,0.08477502,105,28.533470399917697,1,0.1485,0.11250001,0.18630217
GRID_0979,INDIAN_MARINE,GRID_SAMPLE,13.25,70.0,,,224.23907368948568,,0,0.062795565,105,28.52933723574734,1,-0.0825,-0.034,0.08923145
GRID_0980,INDIAN_MARINE,GRID_SAMPLE,21.0,69.0,,,361.2957837674073,,0,0.14023194,105,27.228933227187483,1,0.011000001,-0.0014999993,0.011101803
GRID_0981,INDIAN_MARINE,GRID_SAMPLE,9.25,75.5,,,50.392909631170184,,0,0.07218247,105,29.08648561486846,1,-0.165,-0.034500003,0.16856824
GRID_0982,INDIAN_MARINE,GRID_SAMPLE,14.25,81.25,,,72.7177758273507,,0,0.08066492,105,28.63626533822266,1,-0.012499999,0.24900001,0.24931356
GRID_0983,INDIAN_MARINE,GRID_SAMPLE,8.25,83.25,,,403.43229631064474,,0,0.095217034,105,29.175915773882735,1,-0.13700001,-0.1525,0.20500062
GRID_0984,INDIAN_MARINE,GRID_SAMPLE,5.0,74.75,,,378.1819629832743,,0,0.07838535,105,29.208382294868105,1,-0.21450001,0.3445,0.4058208
GRID_0985,INDIAN_MARINE,GRID_SAMPLE,5.25,72.0,,,381.9368431742013,,0,0.07763866,105,29.22566726900377,1,-0.1745,0.043000005,0.17971992
GRID_0986,INDIAN_MARINE,GRID_SAMPLE,21.0,72.25,,,123.01482638420887,,0,0.07952957,105,26.93187785328428,1,0.120000005,0.0575,0.13306484
GRID_0987,INDIAN_MARINE,GRID_SAMPLE,18.25,84.75,,,393.87478370926794,,0,0.10156468,105,28.145643751533456,1,0.40800002,0.20400001,0.4561579
GRID_0988,INDIAN_MARINE,GRID_SAMPLE,16.75,80.5,,,118.41001404569728,,0,,5,,0,,,
GRID_0989,INDIAN_MARINE,GRID_SAMPLE,7.0,75.75,,,133.03353325775723,,0,0.07586653,105,29.011045784668138,1,-0.032,0.20750001,0.20995298
GRID_0990,INDIAN_MARINE,GRID_SAMPLE,14.75,92.0,,,188.33739088390513,,0,0.091000505,105,28.575443268685955,1,-0.050000004,-0.16500002,0.17240942
GRID_0991,INDIAN_MARINE,GRID_SAMPLE,5.0,79.75,,,449.6892192518989,,0,0.092377484,105,29.03431548902119,1,0.15050001,0.08250001,0.17162898
GRID_0992,INDIAN_MARINE,GRID_SAMPLE,10.5,69.0,,,328.5493055842421,,0,0.06544472,105,28.809048067936676,1,0.0555,-0.058000002,0.08027609
GRID_0993,INDIAN_MARINE,GRID_SAMPLE,15.25,68.5,,,459.7084410479093,,0,0.06579971,105,28.16378892249939,1,-0.019500002,0.22250001,0.22335288
GRID_0994,INDIAN_MARINE,GRID_SAMPLE,13.0,94.0,,,148.2704913472067,,0,0.122968495,105,28.936448934957436,1,0.12100001,0.040999997,0.1277576
GRID_0995,INDIAN_MARINE,GRID_SAMPLE,17.0,70.25,,,214.8996642511323,,0,0.0802422,105,28.08323400196631,1,-0.0215,-0.1125,0.11453602
GRID_0996,INDIAN_MARINE,GRID_SAMPLE,11.25,84.25,,,396.0282556700612,,0,0.08390319,105,28.941495697154355,1,-0.041,-0.1535,0.15888125
GRID_0997,INDIAN_MARINE,GRID_SAMPLE,12.75,79.0,,,156.5053557717451,,0,,5,,0,,,
GRID_0998,INDIAN_MARINE,GRID_SAMPLE,13.25,72.25,,,125.00694875937482,,0,0.06298125,105,28.806399913464727,1,-0.025500001,0.0915,0.09498684
GRID_0999,INDIAN_MARINE,GRID_SAMPLE,12.75,94.5,,,196.6225918931157,,0,0.11762043,105,28.938485281807736,1,0.22100002,-0.031,0.22316363
GRID_1000,INDIAN_MARINE,GRID_SAMPLE,7.75,89.5,,,452.9506423328067,,0,0.10624492,105,29.065046010893383,1,-0.11800001,0.055,0.13018833
GRID_1001,INDIAN_MARINE,GRID_SAMPLE,19.25,73.25,,,67.14400396129668,,0,,5,,0,,,
GRID_1002,INDIAN_MARINE,GRID_SAMPLE,8.75,81.5,,,238.72507978499095,,0,0.090112306,105,29.045326610635502,1,,,
GRID_1003,INDIAN_MARINE,GRID_SAMPLE,16.75,91.25,,,423.9378279363452,,0,0.10503072,105,28.274911533007028,1,0.12550001,0.116500005,0.17123815
GRID_1004,INDIAN_MARINE,GRID_SAMPLE,11.25,79.25,,,97.2374350959245,,0,,5,,0,,,
GRID_1005,INDIAN_MARINE,GRID_SAMPLE,18.0,82.5,,,237.52723638543284,,0,,5,,0,,,
GRID_1006,INDIAN_MARINE,GRID_SAMPLE,8.0,95.5,,,417.9655607322843,,0,0.11673364,105,28.950194358352142,1,0.07700001,-0.0064999983,0.07727387
GRID_1007,INDIAN_MARINE,GRID_SAMPLE,11.5,85.25,,,491.72757578913047,,0,0.07746712,105,28.92117364936936,1,-0.08850001,-0.030000003,0.093446516
GRID_1008,INDIAN_MARINE,GRID_SAMPLE,12.0,94.75,,,190.66349386375344,,0,0.13763222,105,28.951630720031655,1,-0.063,-0.064500004,0.09016235
GRID_1009,INDIAN_MARINE,GRID_SAMPLE,21.25,72.25,,,150.61690359395277,,0,0.0826754,105,26.880083170065504,1,0.666,-0.3,0.73044914
GRID_1010,INDIAN_MARINE,GRID_SAMPLE,13.75,85.5,,,433.4817080989756,,0,0.08528182,105,28.681485756674583,1,-0.0335,0.023000002,0.04063558
GRID_1011,INDIAN_MARINE,GRID_SAMPLE,19.5,80.0,,,407.7732947278184,,0,,5,,0,,,
GRID_1012,INDIAN_MARINE,GRID_SAMPLE,14.5,88.75,,,443.3564735472472,,0,0.087302566,105,28.687282339555072,1,0.19900002,-0.026500002,0.20075671
GRID_1013,INDIAN_MARINE,GRID_SAMPLE,11.75,89.5,,,320.20585422968395,,0,0.09146787,105,28.895642304123104,1,0.16,0.05,0.16763054
GRID_1014,INDIAN_MARINE,GRID_SAMPLE,11.75,90.75,,,196.8861465670361,,0,0.08574594,105,28.93794211236207,1,0.09900001,0.0195,0.100902185
GRID_1015,INDIAN_MARINE,GRID_SAMPLE,14.25,69.5,,,333.5376076513828,,0,0.06002714,105,28.38185162791171,1,-0.007000001,0.028500002,0.029347064
GRID_1016,INDIAN_MARINE,GRID_SAMPLE,12.25,81.0,,,35.4807929719059,,0,0.08683685,105,28.782312566583393,1,0.106000006,0.28250003,0.30173212
GRID_1017,INDIAN_MARINE,GRID_SAMPLE,19.75,82.25,,,421.4367239862687,,0,,5,,0,,,
GRID_1018,INDIAN_MARINE,GRID_SAMPLE,9.0,95.5,,,348.2281922612332,,0,0.13542622,105,28.952135223092107,1,0.086500004,-0.078999996,0.117146276
GRID_1019,INDIAN_MARINE,GRID_SAMPLE,16.25,68.25,,,442.810225657406,,0,0.06957742,105,27.926432418451324,1,-0.120500006,0.0935,0.1525205
GRID_1020,INDIAN_MARINE,GRID_SAMPLE,9.0,80.25,,,186.4407744930241,,0,,5,,0,,,
GRID_1021,INDIAN_MARINE,GRID_SAMPLE,5.5,71.5,,,380.045367329425,,0,0.07756185,105,29.247033791245247,1,-0.16000001,0.0225,0.16157429
GRID_1022,INDIAN_MARINE,GRID_SAMPLE,12.0,71.25,,,62.93615033471353,,0,0.062593915,105,28.795282812397417,1,0.1715,-0.023000002,0.1730354
GRID_1023,INDIAN_MARINE,GRID_SAMPLE,8.5,94.5,,,303.04649881951644,,0,0.11523917,105,28.974338328614863,1,0.054500002,-0.1395,0.14976816
GRID_1024,INDIAN_MARINE,GRID_SAMPLE,8.0,73.0,,,57.29400025666509,,0,0.07418988,105,29.102041746068544,1,-0.16300002,0.24200001,0.2917756
GRID_1025,INDIAN_MARINE,GRID_SAMPLE,20.25,68.5,,,392.20328387144417,,0,0.11919893,105,27.370459072406003,1,0.028500002,0.054000005,0.061059404
GRID_1026,INDIAN_MARINE,GRID_SAMPLE,6.0,72.5,,,285.581985786505,,0,0.07714959,105,29.179212836341417,1,-0.20750001,0.14250001,0.25171912
GRID_1027,INDIAN_MARINE,GRID_SAMPLE,20.5,73.5,,,120.98995104598367,,0,,5,,0,,,
GRID_1028,INDIAN_MARINE,GRID_SAMPLE,18.75,69.25,,,299.60842001155436,,0,0.09900812,105,27.670662857263405,1,0.066,0.034500003,0.07447315
GRID_1029,INDIAN_MARINE,GRID_SAMPLE,11.5,95.25,,,242.12238279836893,,0,0.13363564,105,28.9602205974297,1,-0.164,-0.123500004,0.2053004
GRID_1030,INDIAN_MARINE,GRID_SAMPLE,15.75,95.0,,,381.5072524941314,,0,0.2510126,105,27.973923393648768,1,,,
GRID_1031,INDIAN_MARINE,GRID_SAMPLE,7.75,90.5,,,387.5873974554409,,0,0.102090806,105,29.011171328042153,1,-0.091500014,0.036000002,0.09832728
GRID_1032,INDIAN_MARINE,GRID_SAMPLE,14.5,84.0,,,251.10765063436577,,0,0.08018271,105,28.64829326772394,1,0.036500003,0.109500006,0.11542314
GRID_1033,INDIAN_MARINE,GRID_SAMPLE,7.0,93.0,,,405.7279694509571,,0,0.10707415,105,28.997483244765,1,-0.083000004,-0.136,0.15932672
GRID_1034,INDIAN_MARINE,GRID_SAMPLE,11.5,96.5,,,378.0164012169965,,0,0.19451512,105,29.02385163229776,1,-0.09,-0.079500005,0.120084345
GRID_1035,INDIAN_MARINE,GRID_SAMPLE,7.0,78.0,,,154.95135536992453,,0,0.09407986,105,28.538159018360723,1,-0.14400001,-0.062,0.15678011
GRID_1036,INDIAN_MARINE,GRID_SAMPLE,12.75,71.25,,,82.62457641642631,,0,0.06260444,105,28.70386256672282,1,-0.014500001,-0.027,0.030647187
GRID_1037,INDIAN_MARINE,GRID_SAMPLE,16.5,94.25,,,407.3750939206471,,0,,5,27.814016952719086,1,,,
GRID_1038,INDIAN_MARINE,GRID_SAMPLE,5.0,78.0,,,352.77568155422676,,0,0.08452524,105,29.058372461103794,1,0.078,0.09300001,0.12137958
GRID_1039,INDIAN_MARINE,GRID_SAMPLE,8.0,76.25,,,35.25285058249801,,0,0.079575166,105,28.9059370636397,1,0.128,0.2675,0.29654723
GRID_1040,INDIAN_MARINE,GRID_SAMPLE,17.0,77.25,,,383.1082359925472,,0,,5,,0,,,
GRID_1041,INDIAN_MARINE,GRID_SAMPLE,17.0,94.0,,,448.9339437534687,,0,0.20938993,105,28.32916183740607,1,-0.030500002,-0.057000004,0.06464712
GRID_1042,INDIAN_MARINE,GRID_SAMPLE,5.5,74.5,,,349.4744995416963,,0,0.077532984,105,29.15503135152343,1,-0.1835,0.291,0.34402508
GRID_1043,INDIAN_MARINE,GRID_SAMPLE,15.0,71.5,,,175.94882443929356,,0,0.06602628,105,28.493053635816864,1,-0.014000001,-0.083500005,0.08466552
GRID_1044,INDIAN_MARINE,GRID_SAMPLE,11.5,71.5,,,34.613235591251396,,0,0.06316053,105,28.908832669232357,1,0.1885,0.009500001,0.18873924
GRID_1045,INDIAN_MARINE,GRID_SAMPLE,13.25,73.0,,,56.87210663646705,,0,0.06182658,105,28.89873730843488,1,-0.045500003,0.07300001,0.0860189
GRID_1046,INDIAN_MARINE,GRID_SAMPLE,21.75,74.0,,,255.2490778193567,,0,,5,,0,,,
GRID_1047,INDIAN_MARINE,GRID_SAMPLE,15.75,85.25,,,345.1960507116192,,0,0.090546355,105,28.50125547486618,1,-0.043000005,0.019500002,0.04721494
GRID_1048,INDIAN_MARINE,GRID_SAMPLE,14.5,74.0,,,16.0057811695937,,0,0.13279931,105,28.67321819506155,1,0.053500004,-0.0040000007,0.05364933
GRID_1049,INDIAN_MARINE,GRID_SAMPLE,8.25,70.75,,,267.9111504909428,,0,0.07074855,105,29.10380771051946,1,0.1525,0.041,0.15791532
GRID_1050,INDIAN_MARINE,GRID_SAMPLE,8.25,81.25,,,279.96484014512913,,0,0.10458238,105,,0,,,
GRID_1051,INDIAN_MARINE,GRID_SAMPLE,17.0,84.0,,,249.1361915793831,,0,0.08811813,105,28.43532511393188,1,0.16600001,0.08500001,0.18649666
GRID_1052,INDIAN_MARINE,GRID_SAMPLE,5.5,76.75,,,266.3944131773408,,0,0.08196832,105,29.00677447571659,1,-0.066,0.12250001,0.13914831
GRID_1053,INDIAN_MARINE,GRID_SAMPLE,14.25,83.25,,,206.0027113064471,,0,0.075947165,105,28.660386747472018,1,0.079,-0.1365,0.15771256
GRID_1054,INDIAN_MARINE,GRID_SAMPLE,13.5,70.25,,,218.31354798788604,,0,0.06190472,105,28.51167896228019,1,-0.075500004,-0.047000002,0.088933975
GRID_1055,INDIAN_MARINE,GRID_SAMPLE,17.75,82.5,,,210.85834421613205,,0,,5,,0,,,
GRID_1056,INDIAN_MARINE,GRID_SAMPLE,12.25,89.5,,,342.5851055129771,,0,0.08774297,105,28.8601055702463,1,0.11750001,0.037,0.12318788
GRID_1057,INDIAN_MARINE,GRID_SAMPLE,15.75,82.0,,,5.512721485125489,,0,0.08278705,105,28.444312571852823,1,0.5325,0.015000004,0.53271127
GRID_1058,INDIAN_MARINE,GRID_SAMPLE,14.0,76.25,,,234.466116082862,,0,,5,,0,,,
GRID_1059,INDIAN_MARINE,GRID_SAMPLE,21.25,70.0,,,281.8872411344182,,0,,5,,0,,,
GRID_1060,INDIAN_MARINE,GRID_SAMPLE,13.75,90.75,,,213.72514037158857,,0,0.08162247,105,28.746087373090255,1,-0.053500004,-0.042500004,0.06832643
GRID_1061,INDIAN_MARINE,GRID_SAMPLE,11.5,79.25,,,89.81083340124027,,0,,5,,0,,,
GRID_1062,INDIAN_MARINE,GRID_SAMPLE,10.5,75.75,,,17.65137991833576,,0,0.15599845,105,28.952765609360796,1,0.071,-0.1375,0.15474899
GRID_1063,INDIAN_MARINE,GRID_SAMPLE,10.25,88.75,,,388.8645242967572,,0,0.10242465,105,28.989260631643383,1,0.0060000047,0.19750002,0.19759114
GRID_1064,INDIAN_MARINE,GRID_SAMPLE,9.25,88.0,,,497.3462995572283,,0,0.106644765,105,28.991568989865744,1,0.171,0.0775,0.18774252
GRID_1065,INDIAN_MARINE,GRID_SAMPLE,12.75,68.0,,,413.9646917541932,,0,0.062800184,105,28.359550854902235,1,-0.0505,0.0375,0.06290072
GRID_1066,INDIAN_MARINE,GRID_SAMPLE,20.0,73.5,,,102.02632709976596,,0,,5,,0,,,
GRID_1067,INDIAN_MARINE,GRID_SAMPLE,14.75,79.0,,,146.51269542193336,,0,,5,,0,,,
GRID_1068,INDIAN_MARINE,GRID_SAMPLE,11.25,77.5,,,205.1817498971431,,0,,5,,0,,,
GRID_1069,INDIAN_MARINE,GRID_SAMPLE,9.25,73.25,,,85.9628947675833,,0,0.06942394,105,29.072393673126083,1,0.0425,0.103,0.11142374
GRID_1070,INDIAN_MARINE,GRID_SAMPLE,8.0,81.25,,,306.6144851092552,,0,0.10656971,105,,0,,,
GRID_1071,INDIAN_MARINE,GRID_SAMPLE,10.5,93.0,,,27.57977325139984,,0,0.11670446,105,28.968222527754616,1,0.028,-0.008500002,0.029261751
GRID_1072,INDIAN_MARINE,GRID_SAMPLE,21.5,71.75,,,188.55400747105415,,0,,5,,0,,,
GRID_1073,INDIAN_MARINE,GRID_SAMPLE,15.75,73.25,,,2.9402803028503532,,0,0.15584105,105,28.474769030800143,1,0.0225,-0.090500005,0.093255036
GRID_1074,INDIAN_MARINE,GRID_SAMPLE,16.0,70.0,,,286.1165740323305,,0,0.06749128,105,28.166570879464672,1,0.079500005,-0.124000005,0.14729647
GRID_1075,INDIAN_MARINE,GRID_SAMPLE,16.5,93.75,,,388.0112327315534,,0,0.18877587,105,28.332903554929626,1,-0.1515,-0.1225,0.19482942
GRID_1076,INDIAN_MARINE,GRID_SAMPLE,20.0,77.25,,,491.4078466201752,,0,,5,,0,,,
GRID_1077,INDIAN_MARINE,GRID_SAMPLE,13.0,85.5,,,480.2922858691124,,0,0.08085635,105,28.808112259985297,1,-0.10250001,0.0195,0.10433839
GRID_1078,INDIAN_MARINE,GRID_SAMPLE,18.75,68.25,,,401.59966309584206,,0,0.10134195,105,27.585714352850793,1,0.061500005,-0.111,0.12689859
GRID_1079,INDIAN_MARINE,GRID_SAMPLE,9.5,94.75,,,248.87536760589435,,0,0.13493685,105,28.950481943546436,1,-0.0034999996,-0.20200002,0.20203035
GRID_1080,INDIAN_MARINE,GRID_SAMPLE,10.0,75.0,,,93.6534906097275,,0,0.066105515,105,29.060883053454617,1,-0.017,0.026000002,0.03106445
GRID_1081,INDIAN_MARINE,GRID_SAMPLE,14.25,77.0,,,312.332421008002,,0,,5,,0,,,
GRID_1082,INDIAN_MARINE,GRID_SAMPLE,15.75,75.5,,,224.40278903255947,,0,,5,,0,,,
GRID_1083,INDIAN_MARINE,GRID_SAMPLE,19.5,77.25,,,486.43892539027513,,0,,5,,0,,,
GRID_1084,INDIAN_MARINE,GRID_SAMPLE,20.0,71.0,,,131.10874402671183,,0,0.10956369,105,27.311216066123233,1,0.056500003,-0.093,0.10881751
GRID_1085,INDIAN_MARINE,GRID_SAMPLE,10.0,71.25,,,133.15066055039586,,0,0.06554215,105,29.013240817482984,1,-0.18800001,0.0785,0.20373084
GRID_1086,INDIAN_MARINE,GRID_SAMPLE,11.5,69.75,,,219.7494430887301,,0,0.063186966,105,28.740280356474685,1,-0.0545,0.081,0.097628124
GRID_1087,INDIAN_MARINE,GRID_SAMPLE,14.0,70.25,,,257.698831889267,,0,0.060669754,105,28.46918694688014,1,-0.042000003,-0.048,0.063780874
GRID_1088,INDIAN_MARINE,GRID_SAMPLE,10.0,97.0,,,464.9099437971918,,0,0.21175821,105,28.973576868718354,1,-0.058000006,-0.0635,0.086001456
GRID_1089,INDIAN_MARINE,GRID_SAMPLE,22.0,68.5,,,455.7448366440831,,0,0.17680135,105,26.84767562177248,1,0.053000003,-0.069000006,0.08700576
GRID_1090,INDIAN_MARINE,GRID_SAMPLE,14.5,94.25,,,227.39898340230448,,0,0.28908363,105,28.73830066579678,1,0.22950003,-0.12900001,0.26327032
GRID_1091,INDIAN_MARINE,GRID_SAMPLE,8.0,90.75,,,349.86805820947825,,0,0.09919974,105,29.00455868760427,1,-0.0064999983,-0.0030000005,0.007158909
GRID_1092,INDIAN_MARINE,GRID_SAMPLE,19.75,71.0,,,128.12972907330283,,0,0.11006887,105,27.404206615128093,1,0.071,-0.034,0.07872103
GRID_1093,INDIAN_MARINE,GRID_SAMPLE,7.0,74.5,,,217.81596384062897,,0,0.07393385,105,29.103296899579405,1,-0.14050001,0.133,0.19346641
GRID_1094,INDIAN_MARINE,GRID_SAMPLE,10.75,89.25,,,329.43457110983286,,0,0.09349675,105,28.98093397743949,1,-0.06400001,0.162,0.17418382
GRID_1095,INDIAN_MARINE,GRID_SAMPLE,9.0,89.5,,,361.7067984551251,,0,0.10690271,105,29.03007469846459,1,0.08850001,0.008499999,0.088907264
GRID_1096,INDIAN_MARINE,GRID_SAMPLE,16.25,90.0,,,442.7479774592636,,0,0.1287617,105,28.38949233232885,1,0.16,0.19800001,0.2545663
GRID_1097,INDIAN_MARINE,GRID_SAMPLE,8.25,90.75,,,325.70720834351397,,0,0.099269114,105,29.00462620590644,1,0.042000003,-0.0075000003,0.04266439
GRID_1098,INDIAN_MARINE,GRID_SAMPLE,12.75,95.75,,,317.4860136329846,,0,0.12665106,105,29.00232311248755,1,0.15450001,-0.20700002,0.25830072
GRID_1099,INDIAN_MARINE,GRID_SAMPLE,11.25,70.75,,,119.94380755891189,,0,0.064199194,105,28.84418581449027,1,0.06700001,0.0745,0.10019606
GRID_1100,INDIAN_MARINE,GRID_SAMPLE,19.0,79.25,,,394.13411396124906,,0,,5,,0,,,
GRID_1101,INDIAN_MARINE,GRID_SAMPLE,12.5,83.0,,,232.5163861862653,,0,0.07949,105,28.811021777238,1,0.0685,-0.06050001,0.09139202
GRID_1102,INDIAN_MARINE,GRID_SAMPLE,18.5,83.25,,,317.5122555422202,,0,,5,,0,,,
GRID_1103,INDIAN_MARINE,GRID_SAMPLE,19.5,72.25,,,14.79244857795385,,0,0.10928283,105,27.390771893373067,1,0.0050000004,-0.048000004,0.048259716
GRID_1104,INDIAN_MARINE,GRID_SAMPLE,17.5,84.5,,,323.64169942651637,,0,0.09176534,105,28.33881178635776,1,0.05700001,0.317,0.32208383
GRID_1105,INDIAN_MARINE,GRID_SAMPLE,8.25,95.5,,,398.78798213036293,,0,0.12626165,105,28.97574076921733,1,0.16250001,-0.041500002,0.16771553
GRID_1106,INDIAN_MARINE,GRID_SAMPLE,17.0,85.0,,,343.4761126890093,,0,0.08887373,105,28.41480094796718,1,0.1385,0.3125,0.34181648
GRID_1107,INDIAN_MARINE,GRID_SAMPLE,19.25,68.75,,,366.675465693246,,0,0.10475598,105,27.579457610787227,1,-0.0069999993,-0.097,0.09725225
GRID_1108,INDIAN_MARINE,GRID_SAMPLE,5.0,73.5,,,387.4078049003228,,0,0.08036725,105,29.174873628869133,1,-0.2115,0.284,0.35410205
GRID_1109,INDIAN_MARINE,GRID_SAMPLE,16.0,89.25,,,479.078429526228,,0,0.09689981,105,28.48065771963044,1,0.18650001,0.1805,0.25954288
GRID_1110,INDIAN_MARINE,GRID_SAMPLE,7.5,90.0,,,440.5800126184841,,0,0.10721049,105,29.052622799756776,1,-0.18650001,0.087500006,0.20600608
GRID_1111,INDIAN_MARINE,GRID_SAMPLE,9.0,74.25,,,129.04978972169994,,0,0.067597486,105,29.099190821791808,1,0.031000003,-0.060500003,0.06797978
GRID_1112,INDIAN_MARINE,GRID_SAMPLE,9.5,79.0,,,208.92091741679045,,0,0.10326555,105,,0,,,
GRID_1113,INDIAN_MARINE,GRID_SAMPLE,18.25,81.25,,,244.2975311076512,,0,,5,,0,,,
GRID_1114,INDIAN_MARINE,GRID_SAMPLE,9.0,73.0,,,61.97912964051128,,0,0.072112195,105,29.03860041386046,1,-0.0425,0.22250001,0.22652264
GRID_1115,INDIAN_MARINE,GRID_SAMPLE,19.25,85.0,,,489.6388745531116,,0,0.20815673,105,27.35071470554036,1,,,
GRID_1116,INDIAN_MARINE,GRID_SAMPLE,9.25,79.5,,,191.26780004318613,,0,0.10515649,105,28.973912885111737,1,0.051,0.062000006,0.080280766
GRID_1117,INDIAN_MARINE,GRID_SAMPLE,11.75,71.25,,,56.257275107296,,0,0.06378544,105,28.81733323766788,1,0.185,0.0075,0.18515196
GRID_1118,INDIAN_MARINE,GRID_SAMPLE,15.25,96.0,,,427.4873780109595,,0,0.362832,105,28.756718071176874,1,0.0785,0.034,0.08554678
GRID_1119,INDIAN_MARINE,GRID_SAMPLE,7.5,92.75,,,349.6596266991516,,0,0.11140917,105,28.94846726037482,1,0.0555,-0.11600001,0.12859336
GRID_1120,INDIAN_MARINE,GRID_SAMPLE,7.0,72.25,,,194.4460109878313,,0,0.074788205,105,29.190833748335994,1,-0.016500004,0.052,0.054555018
GRID_1121,INDIAN_MARINE,GRID_SAMPLE,13.0,68.5,,,365.6866130911581,,0,0.063749425,105,28.380615021814283,1,-0.0395,0.032500006,0.05115174
GRID_1122,INDIAN_MARINE,GRID_SAMPLE,9.5,88.25,,,462.17574757938627,,0,0.108354315,105,29.01044939515185,1,0.128,0.123500004,0.17786583
GRID_1123,INDIAN_MARINE,GRID_SAMPLE,11.75,82.75,,,223.70072109172415,,0,0.08666126,105,28.851900436255924,1,0.12450001,-0.0029999986,0.12453614
GRID_1124,INDIAN_MARINE,GRID_SAMPLE,12.5,79.75,,,71.59737304715983,,0,,5,,0,,,
GRID_1125,INDIAN_MARINE,GRID_SAMPLE,11.5,72.5,,,18.80447371251055,,0,0.061485272,105,28.96838367591078,1,0.0805,0.099,0.127598
GRID_1126,INDIAN_MARINE,GRID_SAMPLE,14.25,84.25,,,288.7199993850514,,0,0.08285574,105,28.67568165560416,1,-0.040500004,0.085,0.09415546
GRID_1127,INDIAN_MARINE,GRID_SAMPLE,8.0,93.0,,,294.9533298196235,,0,0.10803489,105,28.87684123235745,1,-0.034500003,-0.117000006,0.12198053
GRID_1128,INDIAN_MARINE,GRID_SAMPLE,8.75,78.0,,,130.22901513695746,,0,,5,,0,,,
GRID_1129,INDIAN_MARINE,GRID_SAMPLE,12.75,90.0,,,289.62616186014344,,0,0.08020489,105,28.81351807189837,1,0.0195,0.058500003,0.061664417
GRID_1130,INDIAN_MARINE,GRID_SAMPLE,10.0,96.25,,,384.144854330153,,0,0.16482426,105,28.96840212213131,1,-0.21300001,-0.061499998,0.22170083
GRID_1131,INDIAN_MARINE,GRID_SAMPLE,10.0,80.75,,,78.2328800336848,,0,0.09437258,105,28.841195907919808,1,0.0705,0.2195,0.23054393
GRID_1132,INDIAN_MARINE,GRID_SAMPLE,15.5,73.75,,,48.31004350224325,,0,0.18164094,105,,0,0.013,-0.0665,0.06775877
GRID_1133,INDIAN_MARINE,GRID_SAMPLE,8.25,69.5,,,377.4196109795031,,0,0.0656305,105,29.068013613114424,1,-0.0185,-0.068,0.07047163
GRID_1134,INDIAN_MARINE,GRID_SAMPLE,13.0,93.25,,,68.59975003030868,,0,0.119272225,105,28.778747911397794,1,,,
GRID_1135,INDIAN_MARINE,GRID_SAMPLE,19.0,75.0,,,252.26006934396585,,0,,5,,0,,,
GRID_1136,INDIAN_MARINE,GRID_SAMPLE,11.5,70.0,,,192.68030456172417,,0,0.06397368,105,28.752338464480864,1,-0.026000002,0.092,0.095603354
GRID_1137,INDIAN_MARINE,GRID_SAMPLE,13.25,91.5,,,123.5188188086678,,0,0.08339499,105,28.8246272235832,1,0.057000004,0.0064999983,0.057369422
GRID_1138,INDIAN_MARINE,GRID_SAMPLE,16.25,83.75,,,191.20427260742977,,0,0.08587484,105,28.472916609848724,1,0.29450002,0.222,0.36880112
GRID_1139,INDIAN_MARINE,GRID_SAMPLE,17.0,82.5,,,133.5192097604895,,0,0.11690492,105,28.163365414610904,1,,,
GRID_1140,INDIAN_MARINE,GRID_SAMPLE,7.75,75.25,,,140.86290200688578,,0,0.07208792,105,29.130330561049472,1,0.11850001,0.06750001,0.13637632
GRID_1141,INDIAN_MARINE,GRID_SAMPLE,15.5,92.5,,,259.03409987232004,,0,0.1148689,105,28.43389120123922,1,-0.1655,-0.07100001,0.18008679
GRID_1142,INDIAN_MARINE,GRID_SAMPLE,16.0,71.0,,,180.09234246885052,,0,0.06936453,105,28.32547429763718,1,0.080000006,0.0815,0.11420267
GRID_1143,INDIAN_MARINE,GRID_SAMPLE,6.5,72.5,,,232.60289716817337,,0,0.076561995,105,29.13942658566506,1,-0.127,0.124000005,0.1774965
GRID_1144,INDIAN_MARINE,GRID_SAMPLE,16.25,77.25,,,346.99549470779823,,0,,5,,0,,,
GRID_1145,INDIAN_MARINE,GRID_SAMPLE,13.5,79.0,,,166.8747368527906,,0,,5,,0,,,
GRID_1146,INDIAN_MARINE,GRID_SAMPLE,12.25,80.5,,,8.038304176644521,,0,0.08502434,105,28.731430268158384,1,0.105000004,0.213,0.2374742
GRID_1147,INDIAN_MARINE,GRID_SAMPLE,13.0,95.5,,,303.7361909554276,,0,0.14566398,105,28.9590162314618,1,0.2965,-0.15600002,0.3350347
GRID_1148,INDIAN_MARINE,GRID_SAMPLE,15.5,89.0,,,467.4252760313896,,0,0.09191386,105,28.528845867839586,1,0.16250002,0.0625,0.17410488
GRID_1149,INDIAN_MARINE,GRID_SAMPLE,11.25,96.5,,,380.0764994607837,,0,0.19025645,105,29.03278697892704,1,-0.042000003,-0.1115,0.119148016
GRID_1150,INDIAN_MARINE,GRID_SAMPLE,20.5,74.75,,,240.43826635469856,,0,,5,,0,,,
GRID_1151,INDIAN_MARINE,GRID_SAMPLE,18.0,82.75,,,245.64804669533785,,0,,5,,0,,,
GRID_1152,INDIAN_MARINE,GRID_SAMPLE,19.75,77.25,,,488.1455574589907,,0,,5,,0,,,
GRID_1153,INDIAN_MARINE,GRID_SAMPLE,12.75,83.75,,,309.8461688374891,,0,0.08131301,105,28.771974041912607,1,-0.018000001,-0.033500005,0.0380296
GRID_1154,INDIAN_MARINE,GRID_SAMPLE,6.0,79.25,,,331.14870989702354,,0,0.08966505,105,28.87008016219954,1,0.153,0.183,0.238533
GRID_1155,INDIAN_MARINE,GRID_SAMPLE,15.25,72.75,,,43.78268259286559,,0,0.073638745,105,28.62519274463571,1,0.0045,0.08450001,0.084619746
GRID_1156,INDIAN_MARINE,GRID_SAMPLE,16.5,95.25,,,462.3296043296279,,0,,5,,0,,,
GRID_1157,INDIAN_MARINE,GRID_SAMPLE,15.0,72.25,,,103.72644156266564,,0,0.06607788,105,28.60423235853137,1,-0.0015000002,0.13250001,0.1325085
GRID_1158,INDIAN_MARINE,GRID_SAMPLE,5.25,78.5,,,347.95539946539424,,0,0.08706025,105,28.985077241849865,1,0.26700002,0.0335,0.2690934
GRID_1159,INDIAN_MARINE,GRID_SAMPLE,12.5,94.75,,,206.89669877136768,,0,0.123190805,105,28.979314606006035,1,0.1435,-0.08850001,0.16859567
GRID_1160,INDIAN_MARINE,GRID_SAMPLE,12.75,70.0,,,202.01292879073915,,0,0.06407847,105,28.549732758096752,1,-0.013,-0.037,0.039217345
GRID_1161,INDIAN_MARINE,GRID_SAMPLE,13.25,96.5,,,412.9743017394253,,0,0.25228164,105,29.008883552551023,1,0.1345,0.0325,0.13837089
GRID_1162,INDIAN_MARINE,GRID_SAMPLE,15.25,84.5,,,272.5036967800067,,0,0.0873821,105,28.57850394223638,1,0.1465,0.028500006,0.14924645
GRID_1163,INDIAN_MARINE,GRID_SAMPLE,19.75,81.5,,,410.9417114246957,,0,,5,,0,,,
GRID_1164,INDIAN_MARINE,GRID_SAMPLE,14.0,88.25,,,481.7312061217682,,0,0.08219537,105,28.718049368952695,1,0.0985,-0.1615,0.18916792
GRID_1165,INDIAN_MARINE,GRID_SAMPLE,13.5,78.75,,,193.4195729871828,,0,,5,,0,,,
GRID_1166,INDIAN_MARINE,GRID_SAMPLE,19.75,79.25,,,465.1190742079135,,0,,5,,0,,,
GRID_1167,INDIAN_MARINE,GRID_SAMPLE,13.5,77.0,,,267.9025522511093,,0,,5,,0,,,
GRID_1168,INDIAN_MARINE,GRID_SAMPLE,13.75,84.0,,,302.2924420412331,,0,0.08282658,105,28.695363911658426,1,-0.052500002,0.007000003,0.052964617
GRID_1169,INDIAN_MARINE,GRID_SAMPLE,21.25,71.25,,,187.7299730899417,,0,,5,,0,,,
GRID_1170,INDIAN_MARINE,GRID_SAMPLE,14.0,85.75,,,444.7989900578664,,0,0.085498445,105,28.694179892513425,1,0.001500003,-0.049000002,0.049022958
GRID_1171,INDIAN_MARINE,GRID_SAMPLE,5.5,77.75,,,291.74293534009144,,0,0.081374615,105,28.971243384576237,1,0.104,0.008499999,0.10434678
GRID_1172,INDIAN_MARINE,GRID_SAMPLE,18.0,76.75,,,424.4439390273482,,0,,5,,0,,,
GRID_1173,INDIAN_MARINE,GRID_SAMPLE,11.0,70.25,,,181.08435566025375,,0,0.06545267,105,28.823547751512773,1,0.027000003,0.118,0.121049576
GRID_1174,INDIAN_MARINE,GRID_SAMPLE,17.25,93.75,,,467.8794703374643,,0,0.21344294,105,28.28230838621608,1,0.09,-0.008000001,0.09035485
GRID_1175,INDIAN_MARINE,GRID_SAMPLE,13.25,79.5,,,113.49229026829276,,0,,5,,0,,,
GRID_1176,INDIAN_MARINE,GRID_SAMPLE,9.0,76.75,,,57.630829478964635,,0,,5,,0,,,
GRID_1177,INDIAN_MARINE,GRID_SAMPLE,12.75,76.0,,,138.02944813181807,,0,,5,,0,,,
GRID_1178,INDIAN_MARINE,GRID_SAMPLE,10.0,93.25,,,87.40080421435663,,0,0.11430057,105,28.94480318577141,1,0.049500003,-0.08850001,0.10140267
GRID_1179,INDIAN_MARINE,GRID_SAMPLE,15.25,94.75,,,323.01253781797425,,0,0.2817133,105,28.644726981935612,1,0.023000002,0.0675,0.071310945
GRID_1180,INDIAN_MARINE,GRID_SAMPLE,13.5,74.75,,,90.10984240230675,,0,,5,,0,,,
GRID_1181,INDIAN_MARINE,GRID_SAMPLE,10.0,89.75,,,288.4756566497175,,0,0.103790395,105,29.007424143809335,1,-0.0915,-0.0295,0.096137926
GRID_1182,INDIAN_MARINE,GRID_SAMPLE,18.0,72.75,,,44.05606510483678,,0,0.15285033,105,27.739221893343625,1,0.0375,0.0055,0.03790119
GRID_1183,INDIAN_MARINE,GRID_SAMPLE,19.25,76.25,,,381.5110615331759,,0,,5,,0,,,
GRID_1184,INDIAN_MARINE,GRID_SAMPLE,17.5,79.0,,,292.5129228146402,,0,,5,,0,,,
GRID_1185,INDIAN_MARINE,GRID_SAMPLE,14.75,81.0,,,42.56826567332028,,0,0.083587445,105,28.5544661373744,1,0.13000001,0.44250003,0.4612009
GRID_1186,INDIAN_MARINE,GRID_SAMPLE,6.25,78.0,,,223.89131945990565,,0,0.08149855,105,28.787365174557465,1,0.022500005,-0.116000004,0.11816197
GRID_1187,INDIAN_MARINE,GRID_SAMPLE,6.75,71.5,,,267.9843475791724,,0,0.075444445,105,29.23885884558012,1,-0.040000007,0.017,0.043462634
GRID_1188,INDIAN_MARINE,GRID_SAMPLE,13.75,77.5,,,323.95396797596055,,0,,5,,0,,,
GRID_1189,INDIAN_MARINE,GRID_SAMPLE,16.0,79.5,,,126.87345320543838,,0,,5,,0,,,
GRID_1190,INDIAN_MARINE,GRID_SAMPLE,7.0,79.25,,,267.5206675982267,,0,0.08914634,105,28.668207457825,1,-0.14850001,0.29250002,0.32803735
GRID_1191,INDIAN_MARINE,GRID_SAMPLE,15.25,89.25,,,430.2451047804425,,0,0.0920058,105,28.575460869323493,1,0.17650001,0.19250001,0.2611676
GRID_1192,INDIAN_MARINE,GRID_SAMPLE,7.0,91.5,,,426.8795419010339,,0,0.10635998,105,29.05597639653378,1,-0.268,0.10650001,0.2883856
GRID_1193,INDIAN_MARINE,GRID_SAMPLE,8.75,88.25,,,494.7772136982184,,0,0.106381565,105,29.041097473633585,1,0.14,0.060500003,0.15251312
GRID_1194,INDIAN_MARINE,GRID_SAMPLE,8.0,78.5,,,158.58016301915794,,0,0.093104064,105,28.424925515218717,1,-0.089,-0.064500004,0.10991474
GRID_1195,INDIAN_MARINE,GRID_SAMPLE,15.75,77.5,,,306.3040183545381,,0,,5,,0,,,
GRID_1196,INDIAN_MARINE,GRID_SAMPLE,10.75,96.0,,,336.45939377813147,,0,0.14569835,105,28.977678611061524,1,-0.1115,-0.042000003,0.119148016
GRID_1197,INDIAN_MARINE,GRID_SAMPLE,5.0,77.0,,,324.3733727326436,,0,0.08281836,105,29.07833781199376,1,-0.008499999,0.12150001,0.12179697
GRID_1198,INDIAN_MARINE,GRID_SAMPLE,15.25,95.25,,,362.49100772288335,,0,0.32009444,105,28.662849741715373,1,0.079,-0.044000003,0.09042677
GRID_1199,INDIAN_MARINE,GRID_SAMPLE,9.0,84.0,,,425.5259515801933,,0,0.090614736,105,29.08212971650956,1,-0.1835,-0.0050000027,0.1835681
GRID_1200,INDIAN_MARINE,GRID_SAMPLE,19.25,76.0,,,355.31282089073125,,0,,5,,0,,,
GRID_1201,INDIAN_MARINE,GRID_SAMPLE,12.75,75.25,,,62.04171825697625,,0,,5,,0,,,
GRID_1202,INDIAN_MARINE,GRID_SAMPLE,12.0,79.0,,,120.45190536826657,,0,,5,,0,,,
GRID_1203,INDIAN_MARINE,GRID_SAMPLE,10.5,91.75,,,64.2036766085826,,0,0.10647963,105,29.003199677073283,1,-0.030000001,-0.013000004,0.032695565
GRID_1204,INDIAN_MARINE,GRID_SAMPLE,15.5,69.0,,,400.9109692404399,,0,0.06430604,105,28.11500399150499,1,-0.042000003,0.135,0.14138246
GRID_1205,INDIAN_MARINE,GRID_SAMPLE,14.0,92.25,,,101.23791429671488,,0,0.10943766,105,28.73786914766194,1,0.17400001,0.07,0.18755268
GRID_1206,INDIAN_MARINE,GRID_SAMPLE,18.25,75.0,,,251.56027255548497,,0,,5,,0,,,
GRID_1207,INDIAN_MARINE,GRID_SAMPLE,13.0,73.25,,,37.72696368330146,,0,0.061025668,105,28.91369700473984,1,-0.018000001,0.051000003,0.054083273
GRID_1208,INDIAN_MARINE,GRID_SAMPLE,14.0,82.5,,,181.91380716990284,,0,0.076794595,105,28.698611574356352,1,-0.04,-0.11750001,0.12412193
GRID_1209,INDIAN_MARINE,GRID_SAMPLE,18.25,75.75,,,327.3789717062934,,0,,5,,0,,,
GRID_1210,INDIAN_MARINE,GRID_SAMPLE,17.5,79.25,,,271.6924993294106,,0,,5,,0,,,
GRID_1211,INDIAN_MARINE,GRID_SAMPLE,7.5,75.75,,,98.6412911684692,,0,0.07503509,105,29.06186308544281,1,0.141,0.1975,0.24266696
GRID_1212,INDIAN_MARINE,GRID_SAMPLE,14.25,83.75,,,244.95829104077535,,0,0.07844393,105,28.671887488027817,1,0.04,0.026500002,0.04798177
GRID_1213,INDIAN_MARINE,GRID_SAMPLE,16.5,84.5,,,275.3502579740358,,0,0.08940664,105,28.44215903636462,1,0.291,0.2815,0.40487438
GRID_1214,INDIAN_MARINE,GRID_SAMPLE,13.75,75.0,,,107.60125759499228,,0,,5,,0,,,
GRID_1215,INDIAN_MARINE,GRID_SAMPLE,9.25,90.25,,,278.2819750932115,,0,0.10603445,105,29.021709977705857,1,0.097500004,0.052500002,0.11073618
GRID_1216,INDIAN_MARINE,GRID_SAMPLE,13.0,75.5,,,99.98627465822804,,0,,5,,0,,,
GRID_1217,INDIAN_MARINE,GRID_SAMPLE,17.25,81.5,,,134.16525082276198,,0,,5,,0,,,
GRID_1218,INDIAN_MARINE,GRID_SAMPLE,21.5,68.25,,,453.34965643958753,,0,0.15276545,105,27.041439654765743,1,0.0365,-0.072500005,0.08116958
GRID_1219,INDIAN_MARINE,GRID_SAMPLE,16.75,92.75,,,397.5202791291345,,0,0.20259881,105,28.237448733255423,1,0.043500006,0.014499996,0.04585303
GRID_1220,INDIAN_MARINE,GRID_SAMPLE,6.0,77.5,,,230.12371209029268,,0,0.081634305,105,28.897983468499547,1,0.015000001,-0.045000006,0.04743417
GRID_1221,INDIAN_MARINE,GRID_SAMPLE,6.5,94.25,,,487.6492293136014,,0,0.10573209,105,29.052597244485423,1,-0.16900001,-0.27500004,0.32277858
GRID_1222,INDIAN_MARINE,GRID_SAMPLE,8.0,92.75,,,294.1671462264837,,0,0.10652546,105,28.945251290023005,1,-0.016499996,-0.1365,0.13749364
GRID_1223,INDIAN_MARINE,GRID_SAMPLE,16.0,85.5,,,372.0939790069042,,0,0.09172289,105,28.46012812788729,1,-0.046000004,0.0485,0.06684497
GRID_1224,INDIAN_MARINE,GRID_SAMPLE,6.75,80.75,,,431.31703096099375,,0,,5,,0,,,
GRID_1225,INDIAN_MARINE,GRID_SAMPLE,16.75,85.5,,,384.83186694056013,,0,0.08905921,105,28.387700300388556,1,0.06250001,0.12900001,0.14334312
GRID_1226,INDIAN_MARINE,GRID_SAMPLE,12.0,69.0,,,302.04643028772153,,0,0.062131733,105,28.59055935935077,1,-0.018000001,0.076500006,0.07858913
GRID_1227,INDIAN_MARINE,GRID_SAMPLE,14.0,77.75,,,295.1608242848401,,0,,5,,0,,,
GRID_1228,INDIAN_MARINE,GRID_SAMPLE,14.0,82.25,,,155.4060639086262,,0,0.07557621,105,28.688117818698828,1,-0.040500004,-0.044999998,0.06054131
GRID_1229,INDIAN_MARINE,GRID_SAMPLE,15.75,69.0,,,395.76306490352624,,0,0.06486436,105,28.07535794437885,1,-0.023500001,0.1005,0.10321095
GRID_1230,INDIAN_MARINE,GRID_SAMPLE,12.75,88.5,,,450.65995662243535,,0,0.082651496,105,28.810332108404697,1,-0.074,-0.10350001,0.12723306
GRID_1231,INDIAN_MARINE,GRID_SAMPLE,16.75,94.0,,,422.816704055906,,0,0.21306546,105,28.319455848989406,1,-0.14050001,-0.0375,0.14541838
GRID_1232,INDIAN_MARINE,GRID_SAMPLE,11.25,70.5,,,145.34692944021765,,0,0.06446895,105,28.833852541607843,1,0.039,0.0745,0.084090725
GRID_1233,INDIAN_MARINE,GRID_SAMPLE,11.5,91.25,,,135.98328294589916,,0,0.08627854,105,28.956485231058696,1,0.023500003,-0.034500003,0.041743267
GRID_1234,INDIAN_MARINE,GRID_SAMPLE,14.25,79.5,,,109.18561674608316,,0,,5,,0,,,
GRID_1235,INDIAN_MARINE,GRID_SAMPLE,7.75,71.25,,,229.01772986765323,,0,0.071882404,105,29.157344477227017,1,0.24900001,0.164,0.298156
GRID_1236,INDIAN_MARINE,GRID_SAMPLE,9.5,78.25,,,203.39807982991073,,0,,5,,0,,,
GRID_1237,INDIAN_MARINE,GRID_SAMPLE,12.25,94.5,,,171.63834987570138,,0,0.13119867,105,28.968309893730996,1,0.0069999998,-0.012499999,0.014326548
GRID_1238,INDIAN_MARINE,GRID_SAMPLE,9.25,96.0,,,383.63361923205906,,0,0.15723519,105,28.974122911978743,1,-0.0665,-0.0075000003,0.0669216
GRID_1239,INDIAN_MARINE,GRID_SAMPLE,5.25,75.5,,,315.8443693764939,,0,0.079995416,105,29.113528394269142,1,-0.1155,0.29000002,0.31215423
GRID_1240,INDIAN_MARINE,GRID_SAMPLE,10.5,83.5,,,322.53038344336005,,0,0.09877673,105,28.982032150301247,1,-0.24450001,-0.068500005,0.25391436
GRID_1241,INDIAN_MARINE,GRID_SAMPLE,15.5,68.25,,,479.75270127966405,,0,0.06703011,105,28.056544851425997,1,-0.0695,0.15100001,0.1662265
GRID_1242,INDIAN_MARINE,GRID_SAMPLE,18.5,85.25,,,451.7159528677432,,0,0.104360804,105,28.09825143814045,1,0.545,0.133,0.5609938
GRID_1243,INDIAN_MARINE,GRID_SAMPLE,11.25,93.5,,,58.14904242733642,,0,0.110802054,105,28.98478737149242,1,-0.048,0.078999996,0.09243917
GRID_1244,INDIAN_MARINE,GRID_SAMPLE,21.75,75.5,,,368.8117064109866,,0,,5,,0,,,
GRID_1245,INDIAN_MARINE,GRID_SAMPLE,13.25,82.5,,,171.43176261688498,,0,0.07625591,105,28.74991920356791,1,-0.10700001,-0.055500004,0.12053735
GRID_1246,INDIAN_MARINE,GRID_SAMPLE,19.25,71.5,,,89.66908849366556,,0,0.10707386,105,27.618119804249957,1,0.054500002,-0.082,0.098459385
GRID_1247,INDIAN_MARINE,GRID_SAMPLE,13.0,90.5,,,232.25226663092369,,0,0.07557584,105,28.83351805396385,1,-0.037500005,0.040500004,0.055195116
GRID_1248,INDIAN_MARINE,GRID_SAMPLE,17.25,70.25,,,201.8191678498735,,0,0.08221631,105,28.035710976060994,1,-0.105000004,-0.08400001,0.13446562
GRID_1249,INDIAN_MARINE,GRID_SAMPLE,13.25,79.0,,,167.3744629322067,,0,,5,,0,,,
GRID_1250,INDIAN_MARINE,GRID_SAMPLE,9.75,97.25,,,497.1324294130721,,0,0.2331878,105,29.00018592365389,1,0.0535,0.148,0.15737297
GRID_1251,INDIAN_MARINE,GRID_SAMPLE,16.25,69.0,,,372.5817922074688,,0,0.06661194,105,28.030145293946788,1,-0.038999997,0.048500005,0.062235445
GRID_1252,INDIAN_MARINE,GRID_SAMPLE,12.0,73.25,,,84.14430796410852,,0,0.06057573,105,28.992999000420507,1,0.10450001,0.021500003,0.10668881
GRID_1253,INDIAN_MARINE,GRID_SAMPLE,15.0,79.5,,,87.40013849559386,,0,,5,,0,,,
GRID_1254,INDIAN_MARINE,GRID_SAMPLE,13.75,81.25,,,44.95893527901536,,0,0.080968395,105,28.667929017569257,1,-0.07,0.28950003,0.29784268
GRID_1255,INDIAN_MARINE,GRID_SAMPLE,7.75,90.25,,,402.1080536787668,,0,0.10387139,105,29.04198945402341,1,-0.10350001,0.060000002,0.11963382
GRID_1256,INDIAN_MARINE,GRID_SAMPLE,14.25,88.75,,,435.3557337150336,,0,0.08439695,105,28.703875403981215,1,0.14850001,-0.041500002,0.15418983
GRID_1257,INDIAN_MARINE,GRID_SAMPLE,18.25,76.75,,,430.06193163785815,,0,,5,,0,,,
GRID_1258,INDIAN_MARINE,GRID_SAMPLE,18.0,77.5,,,432.5993606511702,,0,,5,,0,,,
GRID_1259,INDIAN_MARINE,GRID_SAMPLE,20.25,68.75,,,366.45243578677344,,0,0.11714211,105,27.398791462546047,1,0.023,0.107,0.109444045
GRID_1260,INDIAN_MARINE,GRID_SAMPLE,11.25,81.75,,,124.37701986156678,,0,0.09254418,105,28.905633706390116,1,-0.04,0.030499998,0.05030159
GRID_1261,INDIAN_MARINE,GRID_SAMPLE,7.25,77.0,,,80.7996539953612,,0,0.08769957,105,28.70598106929796,1,-0.10400001,0.065000005,0.122641765
GRID_1262,INDIAN_MARINE,GRID_SAMPLE,13.5,81.5,,,74.20094177087462,,0,0.07770818,105,28.73702792916206,1,-0.101500005,0.1855,0.2114533
GRID_1263,INDIAN_MARINE,GRID_SAMPLE,11.75,96.5,,,377.9809074075137,,0,0.20075464,105,29.037694813945247,1,-0.076000005,-0.050500005,0.091248296
GRID_1264,INDIAN_MARINE,GRID_SAMPLE,12.0,78.0,,,226.902914871422,,0,,5,,0,,,
GRID_1265,INDIAN_MARINE,GRID_SAMPLE,9.5,84.25,,,430.09347630503663,,0,0.09067862,105,29.091811883644574,1,-0.2195,-0.019500002,0.22036448
GRID_1266,INDIAN_MARINE,GRID_SAMPLE,17.75,80.75,,,198.69937846289625,,0,,5,,0,,,
GRID_1267,INDIAN_MARINE,GRID_SAMPLE,8.0,79.75,,,295.9559730500696,,0,,5,28.196168309819686,1,,,
GRID_1268,INDIAN_MARINE,GRID_SAMPLE,8.25,69.75,,,353.9701963002645,,0,0.06657016,105,29.07194214532018,1,0.0055,-0.0775,0.077694915
GRID_1269,INDIAN_MARINE,GRID_SAMPLE,16.0,76.5,,,325.1120085431029,,0,,5,,0,,,
GRID_1270,INDIAN_MARINE,GRID_SAMPLE,19.5,82.0,,,389.0100392106788,,0,,5,,0,,,
GRID_1271,INDIAN_MARINE,GRID_SAMPLE,12.25,83.75,,,315.6632195360361,,0,0.08273182,105,28.856050611905022,1,0.1035,-0.08400001,0.1332976
GRID_1272,INDIAN_MARINE,GRID_SAMPLE,16.75,90.25,,,471.6298220675678,,0,0.14311917,105,28.29450548341458,1,0.10150001,0.1585,0.18821397
GRID_1273,INDIAN_MARINE,GRID_SAMPLE,15.0,73.75,,,34.085540260327384,,0,0.15024228,105,28.51795373758496,1,0.0405,-0.090500005,0.099148884
GRID_1274,INDIAN_MARINE,GRID_SAMPLE,6.25,69.75,,,453.7780272781527,,0,0.07108801,105,29.217575911423378,1,-0.044,0.12900001,0.13629748
GRID_1275,INDIAN_MARINE,GRID_SAMPLE,10.5,91.0,,,141.8753790998944,,0,0.10178881,105,29.00229804362691,1,-0.076000005,-0.024999999,0.08000626
GRID_1276,INDIAN_MARINE,GRID_SAMPLE,8.75,88.5,,,470.4886959795609,,0,0.106966175,105,29.0152750121099,1,0.11400001,0.051000003,0.12488796
GRID_1277,INDIAN_MARINE,GRID_SAMPLE,7.5,69.5,,,421.2391468564496,,0,0.06824921,105,29.120583298246306,1,0.17700002,0.046000004,0.18287976
GRID_1278,INDIAN_MARINE,GRID_SAMPLE,13.25,71.75,,,114.51480147890484,,0,0.062970854,105,28.75913054522303,1,-0.0030000005,0.061,0.061073728
GRID_1279,INDIAN_MARINE,GRID_SAMPLE,5.25,71.0,,,432.87697564277,,0,0.07528495,105,29.289395817181124,1,-0.148,0.030000001,0.15100993
GRID_1280,INDIAN_MARINE,GRID_SAMPLE,14.0,91.0,,,199.22829515421788,,0,0.0876954,105,28.73681002498588,1,-0.06650001,-0.0495,0.08290055
GRID_1281,INDIAN_MARINE,GRID_SAMPLE,15.5,79.75,,,70.21329319577336,,0,,5,,0,,,
GRID_1282,INDIAN_MARINE,GRID_SAMPLE,11.5,94.25,,,133.51061762683662,,0,0.12559457,105,28.988451646576195,1,-0.17450002,0.067,0.18692045
GRID_1283,INDIAN_MARINE,GRID_SAMPLE,19.5,82.5,,,400.6330595511429,,0,,5,,0,,,
GRID_1284,INDIAN_MARINE,GRID_SAMPLE,18.5,80.0,,,306.33951895794115,,0,,5,,0,,,
GRID_1285,INDIAN_MARINE,GRID_SAMPLE,9.0,90.5,,,276.121929082547,,0,0.10345215,105,28.9857183953594,1,0.116500005,0.06300001,0.1324434
GRID_1286,INDIAN_MARINE,GRID_SAMPLE,18.75,81.0,,,301.74865855872736,,0,,5,,0,,,
GRID_1287,INDIAN_MARINE,GRID_SAMPLE,8.75,74.0,,,92.9865902585002,,0,0.06879122,105,29.086831275603274,1,-0.021500003,-0.06750001,0.07084138
GRID_1288,INDIAN_MARINE,GRID_SAMPLE,7.75,81.5,,,341.26983250564035,,0,0.08333259,105,,0,,,
GRID_1289,INDIAN_MARINE,GRID_SAMPLE,17.25,71.75,,,86.41695164721995,,0,0.09613112,105,28.20142372367265,1,-0.0185,0.019000001,0.026518863
GRID_1290,INDIAN_MARINE,GRID_SAMPLE,15.25,92.75,,,231.1480206117622,,0,0.11316189,105,28.49500299944163,1,-0.104,0.028500006,0.10783437
GRID_1291,INDIAN_MARINE,GRID_SAMPLE,7.75,69.5,,,408.5342033716509,,0,0.06773618,105,29.12086365714862,1,0.127,0.006,0.12714165
GRID_1292,INDIAN_MARINE,GRID_SAMPLE,14.75,80.75,,,21.10405936253202,,0,0.08325864,105,28.50433520018952,1,0.132,0.4745,0.49251828
GRID_1293,INDIAN_MARINE,GRID_SAMPLE,15.0,95.25,,,345.7486336270539,,0,0.32523966,105,28.720189362842028,1,0.027500004,-0.021499999,0.03490702
GRID_1294,INDIAN_MARINE,GRID_SAMPLE,10.5,82.25,,,191.59203667711031,,0,0.09708382,105,28.968650993996945,1,-0.18400002,0.044,0.18918775
GRID_1295,INDIAN_MARINE,GRID_SAMPLE,21.5,69.5,,,339.9406221517344,,0,0.1594448,105,26.731722693349372,1,0.056500003,-0.0925,0.1083905
GRID_1296,INDIAN_MARINE,GRID_SAMPLE,15.75,74.25,,,107.29883737866776,,0,,5,,0,,,
GRID_1297,INDIAN_MARINE,GRID_SAMPLE,8.25,79.75,,,280.09052885305664,,0,0.106277026,105,,0,,,
GRID_1298,INDIAN_MARINE,GRID_SAMPLE,9.25,69.75,,,308.07723898822843,,0,0.06299217,105,29.013778900970873,1,-0.10050001,-0.055500004,0.11480637
GRID_1299,INDIAN_MARINE,GRID_SAMPLE,5.5,73.25,,,330.52043973691974,,0,0.08052768,105,29.09812407441152,1,-0.2275,0.23850001,0.32960355
GRID_1300,INDIAN_MARINE,GRID_SAMPLE,18.75,79.0,,,387.7249797155384,,0,,5,,0,,,
GRID_1301,INDIAN_MARINE,GRID_SAMPLE,12.5,76.25,,,135.09780148218852,,0,,5,,0,,,
GRID_1302,INDIAN_MARINE,GRID_SAMPLE,8.0,94.0,,,322.4174856138688,,0,0.11684654,105,28.92926873909461,1,0.016999999,-0.052500006,0.055183787
GRID_1303,INDIAN_MARINE,GRID_SAMPLE,16.5,85.5,,,378.6110644421767,,0,0.089341536,105,28.39426474514728,1,0.03450001,0.11400001,0.119106054
GRID_1304,INDIAN_MARINE,GRID_SAMPLE,18.0,75.0,,,244.23698949644785,,0,,5,,0,,,
GRID_1305,INDIAN_MARINE,GRID_SAMPLE,17.75,68.0,,,422.3306781045381,,0,0.08291995,105,27.71313883463495,1,-0.036000006,-0.080000006,0.087726854
GRID_1306,INDIAN_MARINE,GRID_SAMPLE,12.0,78.75,,,146.77331135447434,,0,,5,,0,,,
GRID_1307,INDIAN_MARINE,GRID_SAMPLE,10.75,92.5,,,24.60219649339364,,0,0.15009859,105,,0,-0.024,-0.043500002,0.04968149
GRID_1308,INDIAN_MARINE,GRID_SAMPLE,9.5,81.75,,,187.8292654276582,,0,0.09459422,105,29.07126947983768,1,-0.085,-0.0109999925,0.08570881
GRID_1309,INDIAN_MARINE,GRID_SAMPLE,19.5,75.0,,,251.8407520461184,,0,,5,,0,,,
GRID_1310,INDIAN_MARINE,GRID_SAMPLE,6.5,81.25,,,469.1934904025282,,0,,5,,0,,,
GRID_1311,INDIAN_MARINE,GRID_SAMPLE,16.0,84.5,,,265.6707522724096,,0,0.08952815,105,28.51564801952876,1,0.18,0.1435,0.23020045
GRID_1312,INDIAN_MARINE,GRID_SAMPLE,19.25,84.0,,,427.90029381083104,,0,,5,,0,,,
GRID_1313,INDIAN_MARINE,GRID_SAMPLE,13.25,69.25,,,296.81850660924545,,0,0.065023676,105,28.44554968176137,1,-0.087500006,0.054000005,0.102821454
GRID_1314,INDIAN_MARINE,GRID_SAMPLE,6.5,93.0,,,461.15581260168744,,0,0.10430702,105,29.04618352586214,1,-0.33350003,-0.098000005,0.34760073
GRID_1315,INDIAN_MARINE,GRID_SAMPLE,12.0,85.0,,,453.99206967202355,,0,0.077359706,105,28.87700735470251,1,-0.105500005,-0.018,0.107024536
GRID_1316,INDIAN_MARINE,GRID_SAMPLE,6.5,92.5,,,461.7927749444417,,0,0.104758926,105,29.04228219212044,1,-0.36800003,0.0040000007,0.36802176
GRID_1317,INDIAN_MARINE,GRID_SAMPLE,8.0,91.75,,,312.63320591075916,,0,0.098937325,105,28.98353866671898,1,0.009000003,-0.044,0.044911023
GRID_1318,INDIAN_MARINE,GRID_SAMPLE,13.5,73.0,,,65.17422150614529,,0,0.06231227,105,28.85311450329417,1,-0.057,0.086500004,0.103591755
GRID_1319,INDIAN_MARINE,GRID_SAMPLE,16.0,84.0,,,212.56324596497277,,0,0.08550258,105,28.481876112954986,1,0.28900003,0.231,0.36997572
GRID_1320,INDIAN_MARINE,GRID_SAMPLE,19.75,84.25,,,488.66448958826874,,0,,5,,0,,,
GRID_1321,INDIAN_MARINE,GRID_SAMPLE,14.75,84.75,,,313.1223566997339,,0,0.08676241,105,28.603264583013807,1,0.09600001,-0.033,0.10151355
GRID_1322,INDIAN_MARINE,GRID_SAMPLE,18.25,76.5,,,404.25928904149913,,0,,5,,0,,,
GRID_1323,INDIAN_MARINE,GRID_SAMPLE,7.75,89.75,,,434.9264692968642,,0,0.10523712,105,29.06525094483274,1,-0.111499995,0.078,0.13607442
GRID_1324,INDIAN_MARINE,GRID_SAMPLE,6.5,73.5,,,221.97443876518184,,0,0.07609677,105,29.079452084489073,1,-0.1825,0.16350001,0.24502756
GRID_1325,INDIAN_MARINE,GRID_SAMPLE,6.0,72.75,,,279.3956864535506,,0,0.077754654,105,29.11283972721594,1,-0.2095,0.17500001,0.27297482
GRID_1326,INDIAN_MARINE,GRID_SAMPLE,11.25,71.25,,,73.16155798848209,,0,0.065272756,105,28.92307412956935,1,0.10750002,0.0555,0.12098142
GRID_1327,INDIAN_MARINE,GRID_SAMPLE,13.75,70.0,,,256.7338148729021,,0,0.061312474,105,28.439587638048167,1,-0.081,-0.04,0.09033825
GRID_1328,INDIAN_MARINE,GRID_SAMPLE,16.5,78.25,,,264.3904406634687,,0,,5,,0,,,
GRID_1329,INDIAN_MARINE,GRID_SAMPLE,7.25,78.5,,,181.21530689477856,,0,0.09524577,105,28.4351371327042,1,-0.125,0.0069999993,0.12519585
GRID_1330,INDIAN_MARINE,GRID_SAMPLE,12.5,75.5,,,77.73460288619829,,0,,5,,0,,,
GRID_1331,INDIAN_MARINE,GRID_SAMPLE,17.0,80.0,,,175.61989098957466,,0,,5,,0,,,
GRID_1332,INDIAN_MARINE,GRID_SAMPLE,17.0,75.0,,,216.3425742597167,,0,,5,,0,,,
GRID_1333,INDIAN_MARINE,GRID_SAMPLE,16.5,78.0,,,286.7357888387872,,0,,5,,0,,,
GRID_1334,INDIAN_MARINE,GRID_SAMPLE,7.5,93.75,,,364.9687689074255,,0,0.111203,105,28.89087300438876,1,-0.059500005,-0.072,0.09340369
GRID_1335,INDIAN_MARINE,GRID_SAMPLE,9.25,69.0,,,388.0578153139148,,0,0.063672334,105,28.93490541910508,1,-0.011500001,-0.011500001,0.016263457
GRID_1336,INDIAN_MARINE,GRID_SAMPLE,17.5,86.0,,,461.9163277036091,,0,0.08931624,105,28.29288888498473,1,0.17850001,-0.0315,0.18125811
GRID_1337,INDIAN_MARINE,GRID_SAMPLE,17.75,74.0,,,135.30845776647283,,0,,5,,0,,,
GRID_1338,INDIAN_MARINE,GRID_SAMPLE,11.75,73.75,,,83.57455197730091,,0,0.06234806,105,29.022459862448596,1,0.082,0.0015000002,0.08201372
GRID_1339,INDIAN_MARINE,GRID_SAMPLE,12.0,73.0,,,61.135429011237264,,0,0.060511064,105,28.964580082202698,1,0.064,0.09650001,0.11579401
GRID_1340,INDIAN_MARINE,GRID_SAMPLE,8.25,80.0,,,273.25434706886284,,0,,5,,0,,,
GRID_1341,INDIAN_MARINE,GRID_SAMPLE,7.0,72.0,,,210.53503433954205,,0,0.07527824,105,29.215077553260745,1,-0.010000002,0.0115,0.015239752
GRID_1342,INDIAN_MARINE,GRID_SAMPLE,15.5,85.25,,,347.1391092205979,,0,0.09045994,105,28.53392210866209,1,-0.030500002,-0.042000003,0.051906172
GRID_1343,INDIAN_MARINE,GRID_SAMPLE,16.5,91.0,,,408.753365842675,,0,0.10537382,105,28.333639709541444,1,0.11700001,0.106000006,0.15787655
GRID_1344,INDIAN_MARINE,GRID_SAMPLE,12.25,95.75,,,302.27650052856904,,0,0.119641304,105,29.011189399593302,1,0.047000002,-0.21300001,0.21812384
GRID_1345,INDIAN_MARINE,GRID_SAMPLE,19.25,70.25,,,212.9167410670852,,0,0.16275665,105,27.593107116398095,1,0.006000001,0.029000001,0.029614186
GRID_1346,INDIAN_MARINE,GRID_SAMPLE,9.0,90.0,,,317.0689088625732,,0,0.10556831,105,29.00767638424764,1,0.119,0.034500003,0.12390017
GRID_1347,INDIAN_MARINE,GRID_SAMPLE,12.5,69.75,,,222.69739068978708,,0,0.06395689,105,28.596626638596593,1,-0.0085,-0.024,0.025460755
GRID_1348,INDIAN_MARINE,GRID_SAMPLE,17.5,74.25,,,156.19376276617922,,0,,5,,0,,,
GRID_1349,INDIAN_MARINE,GRID_SAMPLE,9.5,84.0,,,404.0650600802974,,0,0.09233432,105,29.071088134223313,1,-0.22750002,-0.039499998,0.23090367
GRID_1350,INDIAN_MARINE,GRID_SAMPLE,9.5,96.0,,,373.021030083041,,0,0.16071354,105,28.95904966754652,1,-0.1385,-0.0175,0.13960123
GRID_1351,INDIAN_MARINE,GRID_SAMPLE,13.5,97.0,,,471.9793278341289,,0,0.48607963,105,29.022651676168216,1,0.056500003,-0.016999997,0.05900212
GRID_1352,INDIAN_MARINE,GRID_SAMPLE,13.0,82.25,,,145.08260965305263,,0,0.07777883,105,28.773846849455495,1,-0.031499997,-0.068,0.07494164
GRID_1353,INDIAN_MARINE,GRID_SAMPLE,17.5,83.75,,,260.3472458372191,,0,0.101927936,105,28.229717669909107,1,0.06850001,0.065,0.0944312
GRID_1354,INDIAN_MARINE,GRID_SAMPLE,13.75,91.75,,,115.56241288243343,,0,0.09025864,105,28.750243231590396,1,0.048,0.011,0.04924429
GRID_1355,INDIAN_MARINE,GRID_SAMPLE,17.5,83.0,,,208.17220746112588,,0,0.11642924,105,,0,,,
GRID_1356,INDIAN_MARINE,GRID_SAMPLE,21.5,70.25,,,278.1482378474641,,0,,5,,0,,,
GRID_1357,INDIAN_MARINE,GRID_SAMPLE,15.5,75.25,,,186.05592257827985,,0,,5,,0,,,
GRID_1358,INDIAN_MARINE,GRID_SAMPLE,20.5,69.0,,,345.6798432354581,,0,0.11978355,105,27.322273261765464,1,0.0025000004,0.068500005,0.06854561
GRID_1359,INDIAN_MARINE,GRID_SAMPLE,17.5,84.25,,,301.79740319361605,,0,0.093391486,105,28.306831536988337,1,0.0140000135,0.19150001,0.19201107
GRID_1360,INDIAN_MARINE,GRID_SAMPLE,11.0,81.5,,,97.51411651167284,,0,0.09333745,105,28.905909109266872,1,-0.0655,0.0695,0.09550131
GRID_1361,INDIAN_MARINE,GRID_SAMPLE,11.25,91.0,,,148.3010399491401,,0,0.09075736,105,28.93994216139517,1,-0.028000005,-0.034,0.044045433
GRID_1362,INDIAN_MARINE,GRID_SAMPLE,9.75,81.0,,,114.87661497820432,,0,0.09023193,105,28.95687448224409,1,0.028500002,0.14950001,0.15219232
GRID_1363,INDIAN_MARINE,GRID_SAMPLE,16.0,81.25,,,8.062015854179139,,0,0.091492824,105,28.334505307021793,1,,,
GRID_1364,INDIAN_MARINE,GRID_SAMPLE,15.25,72.0,,,116.3059650035425,,0,0.06577681,105,28.533265471234255,1,0.033,0.043500002,0.054600827
GRID_1365,INDIAN_MARINE,GRID_SAMPLE,15.25,95.0,,,342.2742025497958,,0,0.29374367,105,28.649525921853947,1,0.024,0.0485,0.054113306
GRID_1366,INDIAN_MARINE,GRID_SAMPLE,14.5,92.25,,,153.44236162828852,,0,0.09235851,105,28.64754883502128,1,0.09,-0.022000004,0.09264988
GRID_1367,INDIAN_MARINE,GRID_SAMPLE,12.25,81.5,,,76.87554925194254,,0,0.08465402,105,28.801101609819703,1,0.109500006,0.10100001,0.14896728
GRID_1368,INDIAN_MARINE,GRID_SAMPLE,8.75,91.25,,,250.523268199426,,0,0.10236264,105,28.98621690538165,1,0.046,-0.0055000037,0.04632764
GRID_1369,INDIAN_MARINE,GRID_SAMPLE,10.0,83.75,,,362.5609949500482,,0,0.096689254,105,29.02226681382364,1,-0.2615,-0.045,0.26534364
GRID_1370,INDIAN_MARINE,GRID_SAMPLE,12.5,79.0,,,144.30684087317644,,0,,5,,0,,,
GRID_1371,INDIAN_MARINE,GRID_SAMPLE,19.5,73.5,,,97.67716049753405,,0,,5,,0,,,
GRID_1372,INDIAN_MARINE,GRID_SAMPLE,16.25,71.0,,,178.06747233626243,,0,0.070469156,105,28.282670554454587,1,0.058500003,0.119,0.13260186
GRID_1373,INDIAN_MARINE,GRID_SAMPLE,16.0,89.0,,,499.5264609050681,,0,0.095572874,105,28.47537920916484,1,0.21550001,0.102000006,0.23842034
GRID_1374,INDIAN_MARINE,GRID_SAMPLE,9.25,78.25,,,185.20187864941224,,0,,5,,0,,,
GRID_1375,INDIAN_MARINE,GRID_SAMPLE,5.25,77.75,,,317.7216241477716,,0,0.08214692,105,29.012764467572097,1,0.091000006,0.07300001,0.11666191
GRID_1376,INDIAN_MARINE,GRID_SAMPLE,16.75,85.0,,,334.0579739379218,,0,0.08889672,105,28.426077706472803,1,0.13200001,0.26900002,0.2996415
GRID_1377,INDIAN_MARINE,GRID_SAMPLE,9.25,81.5,,,191.0236043148094,,0,0.091168694,105,29.05873115718449,1,0.058000002,-0.04,0.07045566
GRID_1378,INDIAN_MARINE,GRID_SAMPLE,15.5,77.5,,,301.8914340978725,,0,,5,,0,,,
GRID_1379,INDIAN_MARINE,GRID_SAMPLE,17.0,69.5,,,286.13384585135043,,0,0.07693632,105,27.989364307273668,1,0.13450001,-0.156,0.20597635
GRID_1380,INDIAN_MARINE,GRID_SAMPLE,14.25,84.5,,,311.7800262954257,,0,0.08447802,105,28.67224583521642,1,-0.063,0.05200001,0.081688434
GRID_1381,INDIAN_MARINE,GRID_SAMPLE,12.0,92.0,,,106.20917838652576,,0,0.094728224,105,28.95117479930588,1,0.0069999993,-0.015000001,0.016552946
GRID_1382,INDIAN_MARINE,GRID_SAMPLE,12.0,95.0,,,217.42779255515933,,0,0.13536632,105,28.965827198328103,1,-0.0465,-0.119500004,0.12822832
GRID_1383,INDIAN_MARINE,GRID_SAMPLE,8.0,91.25,,,327.1895499969368,,0,0.09727354,105,29.02065598811983,1,-0.0014999956,-0.054500002,0.05452064
GRID_1384,INDIAN_MARINE,GRID_SAMPLE,18.5,70.75,,,141.73233596049894,,0,0.13353926,105,27.831039228448205,1,0.030000001,0.016999999,0.03448188
GRID_1385,INDIAN_MARINE,GRID_SAMPLE,12.75,91.25,,,157.57937060676045,,0,0.080065735,105,28.842840781272308,1,0.012499999,0.054,0.055427883
GRID_1386,INDIAN_MARINE,GRID_SAMPLE,13.25,93.75,,,120.2261567188318,,0,0.1301521,105,28.924546699037364,1,0.030000001,-0.013000004,0.032695565
GRID_1387,INDIAN_MARINE,GRID_SAMPLE,6.25,74.5,,,285.8990084851823,,0,0.07625945,105,29.096014484870945,1,-0.15250002,0.2185,0.26645544
GRID_1388,INDIAN_MARINE,GRID_SAMPLE,5.5,72.5,,,339.3665239693268,,0,0.07833386,105,29.160630544590195,1,-0.19200002,0.11000001,0.22127813
GRID_1389,INDIAN_MARINE,GRID_SAMPLE,11.0,92.5,,,19.2003197307812,,0,0.14534807,105,28.861647542317392,1,0.0085,-0.016000003,0.018117674
GRID_1390,INDIAN_MARINE,GRID_SAMPLE,21.0,70.0,,,267.75909912969604,,0,0.15023328,105,26.89773693329447,1,0.10700001,-0.012,0.10767081
GRID_1391,INDIAN_MARINE,GRID_SAMPLE,15.75,81.75,,,10.61825454812299,,0,0.08396401,105,28.44515197820428,1,0.6305,0.0435,0.63199884
GRID_1392,INDIAN_MARINE,GRID_SAMPLE,12.0,75.0,,,19.245720047896583,,0,0.16429248,105,28.88152813174828,1,-0.004999999,-0.037,0.03733631
GRID_1393,INDIAN_MARINE,GRID_SAMPLE,14.25,96.0,,,380.80593559452547,,0,0.28670424,105,28.905594697576134,1,0.082,0.017499998,0.08384659
GRID_1394,INDIAN_MARINE,GRID_SAMPLE,13.75,83.75,,,283.51193220761473,,0,0.080519676,105,28.67676074509985,1,-0.030500002,-0.0275,0.04106702
GRID_1395,INDIAN_MARINE,GRID_SAMPLE,8.5,81.25,,,253.55089082691055,,0,0.09174572,105,,0,,,
GRID_1396,INDIAN_MARINE,GRID_SAMPLE,10.5,81.75,,,137.383318388741,,0,0.093664825,105,28.951377899527003,1,-0.146,0.040500008,0.1515132
GRID_1397,INDIAN_MARINE,GRID_SAMPLE,18.25,70.75,,,133.40261672590614,,0,0.12409543,105,27.91337835304245,1,0.012500001,-0.0020000003,0.01265899
GRID_1398,INDIAN_MARINE,GRID_SAMPLE,16.5,76.25,,,322.47387567607336,,0,,5,,0,,,
GRID_1399,INDIAN_MARINE,GRID_SAMPLE,10.25,88.25,,,442.9502645442541,,0,0.09983237,105,28.95055486631466,1,0.038000003,0.15050001,0.15522325
GRID_1400,INDIAN_MARINE,GRID_SAMPLE,8.5,70.25,,,292.670445722006,,0,0.06655764,105,29.119796579685392,1,0.016000003,-0.105500005,0.10670638
GRID_1401,INDIAN_MARINE,GRID_SAMPLE,17.5,68.75,,,347.0193323876201,,0,0.08351365,105,27.804580864481675,1,0.162,-0.054,0.170763
GRID_1402,INDIAN_MARINE,GRID_SAMPLE,15.5,91.0,,,312.4994087606366,,0,0.11739552,105,28.49885092159596,1,0.046000004,-0.066,0.08044875
GRID_1403,INDIAN_MARINE,GRID_SAMPLE,14.25,68.0,,,465.4278497144427,,0,0.066600874,105,28.18005478802803,1,0.09900001,0.1135,0.1506096
GRID_1404,INDIAN_MARINE,GRID_SAMPLE,9.75,89.5,,,323.53151653669056,,0,0.102627836,105,29.014405761155228,1,-0.043000005,-0.0055,0.043350324
GRID_1405,INDIAN_MARINE,GRID_SAMPLE,6.75,94.0,,,452.68254062940383,,0,0.10667048,105,29.00382965127453,1,-0.16100001,-0.176,0.23853093
GRID_1406,INDIAN_MARINE,GRID_SAMPLE,10.75,75.25,,,19.49118884817351,,0,0.103906564,105,28.983990240434917,1,0.027,-0.0715,0.07642807
GRID_1407,INDIAN_MARINE,GRID_SAMPLE,12.25,83.25,,,261.7596088861009,,0,0.08225773,105,28.854124331038545,1,0.14950001,-0.0785,0.16885646
GRID_1408,INDIAN_MARINE,GRID_SAMPLE,20.5,75.25,,,290.7542070545367,,0,,5,,0,,,
GRID_1409,INDIAN_MARINE,GRID_SAMPLE,10.0,78.5,,,224.4506531951001,,0,,5,,0,,,
GRID_1410,INDIAN_MARINE,GRID_SAMPLE,22.0,69.0,,,412.9187855953318,,0,0.19390611,105,26.632549481738582,1,0.14950001,-0.094500005,0.17686296
GRID_1411,INDIAN_MARINE,GRID_SAMPLE,15.75,82.5,,,51.62300580256958,,0,0.079952575,105,28.460158772608587,1,0.391,-0.024500001,0.39176682
GRID_1412,INDIAN_MARINE,GRID_SAMPLE,10.75,75.75,,,8.683102788608117,,0,0.17666283,105,28.568875144291585,1,0.068,-0.1365,0.1525
GRID_1413,INDIAN_MARINE,GRID_SAMPLE,8.5,93.5,,,250.74419365309024,,0,0.106507726,105,28.82878159599044,1,-0.135,-0.1525,0.20366947
GRID_1414,INDIAN_MARINE,GRID_SAMPLE,18.0,70.0,,,209.72771731968993,,0,0.085630886,105,27.87749245930141,1,0.0045,0.081,0.0811249
GRID_1415,INDIAN_MARINE,GRID_SAMPLE,21.0,71.75,,,137.26492856394376,,0,0.07447836,105,26.595604325531315,1,,,
GRID_1416,INDIAN_MARINE,GRID_SAMPLE,8.25,92.25,,,273.0948627064315,,0,0.09803132,105,28.93700098802008,1,-0.031500004,-0.098000005,0.1029381
GRID_1417,INDIAN_MARINE,GRID_SAMPLE,19.25,81.0,,,356.9050582058455,,0,,5,,0,,,
GRID_1418,INDIAN_MARINE,GRID_SAMPLE,15.75,89.75,,,421.1155098145464,,0,0.1015102,105,28.4815462870365,1,0.16700001,0.21600002,0.27302933
GRID_1419,INDIAN_MARINE,GRID_SAMPLE,7.5,82.25,,,400.1586407531101,,0,0.08990931,105,29.236803900676815,1,-0.0825,-0.2675,0.27993304
GRID_1420,INDIAN_MARINE,GRID_SAMPLE,9.75,80.0,,,115.07900548046769,,0,0.112195544,105,,0,0.1185,0.097,0.15313801
GRID_1421,INDIAN_MARINE,GRID_SAMPLE,7.25,69.75,,,403.429407894932,,0,0.06962955,105,29.139103977654152,1,0.21400002,0.09,0.23215513
GRID_1422,INDIAN_MARINE,GRID_SAMPLE,10.75,71.0,,,132.2475788014116,,0,0.06429404,105,28.92815447200758,1,0.005999999,0.073,0.07324616
GRID_1423,INDIAN_MARINE,GRID_SAMPLE,6.75,95.0,,,496.2606712693251,,0,0.114338845,105,29.112422411853537,1,-0.15900001,-0.1875,0.2458399
GRID_1424,INDIAN_MARINE,GRID_SAMPLE,18.5,69.25,,,293.4753816801537,,0,0.095504425,105,27.70292687277145,1,0.072500005,0.012500003,0.0735697
GRID_1425,INDIAN_MARINE,GRID_SAMPLE,13.5,72.5,,,115.2078169028516,,0,0.06270265,105,28.782072197719685,1,-0.021500003,0.0755,0.07850159
GRID_1426,INDIAN_MARINE,GRID_SAMPLE,9.75,93.25,,,111.42388813421152,,0,0.11545264,105,28.95675518609429,1,0.072500005,-0.097,0.12110017
GRID_1427,INDIAN_MARINE,GRID_SAMPLE,11.0,78.75,,,158.17302581646544,,0,,5,,0,,,
GRID_1428,INDIAN_MARINE,GRID_SAMPLE,7.75,96.25,,,497.71759224707057,,0,0.12696147,105,29.011534608647377,1,-0.035000004,0.089,0.09563472
GRID_1429,INDIAN_MARINE,GRID_SAMPLE,12.0,88.5,,,431.6196437678454,,0,0.090945795,105,28.857046655737843,1,0.055,0.021500006,0.059052944
GRID_1430,INDIAN_MARINE,GRID_SAMPLE,8.5,95.25,,,359.6923485018079,,0,0.12392698,105,28.93780608514319,1,0.186,-0.0855,0.20471016
GRID_1431,INDIAN_MARINE,GRID_SAMPLE,11.0,94.25,,,144.28572093595608,,0,0.12812889,105,28.976943371197507,1,-0.241,-0.030000001,0.24286003
GRID_1432,INDIAN_MARINE,GRID_SAMPLE,13.5,76.0,,,176.74227129754215,,0,,5,,0,,,
GRID_1433,INDIAN_MARINE,GRID_SAMPLE,13.0,85.0,,,438.6978249253031,,0,0.082660995,105,28.795027658140768,1,-0.049500003,0.064500004,0.08130498
GRID_1434,INDIAN_MARINE,GRID_SAMPLE,14.25,82.75,,,175.09110826331124,,0,0.07628782,105,28.647445396560755,1,0.086500004,-0.1665,0.18762863
GRID_1435,INDIAN_MARINE,GRID_SAMPLE,7.5,73.0,,,110.65189059773304,,0,0.07447992,105,29.11249727144916,1,-0.06650001,0.23600002,0.24519025
GRID_1436,INDIAN_MARINE,GRID_SAMPLE,11.0,92.25,,,14.332011578749112,,0,0.12779902,105,28.919139534067565,1,0.008000001,-0.040999997,0.041773196
GRID_1437,INDIAN_MARINE,GRID_SAMPLE,18.5,70.5,,,166.2288325244118,,0,0.11840174,105,27.8182214307215,1,0.056,0.030000003,0.06352952
GRID_1438,INDIAN_MARINE,GRID_SAMPLE,8.75,73.25,,,30.79873404940968,,0,0.07222863,105,29.079225987222575,1,-0.087000005,0.17950001,0.19947244
GRID_1439,INDIAN_MARINE,GRID_SAMPLE,19.25,83.0,,,385.24616872038047,,0,,5,,0,,,
GRID_1440,INDIAN_MARINE,GRID_SAMPLE,18.25,68.75,,,342.370449436989,,0,0.0959611,105,27.71657658052912,1,0.065500006,-0.079500005,0.10300729
GRID_1441,INDIAN_MARINE,GRID_SAMPLE,16.25,76.5,,,341.18019316899876,,0,,5,,0,,,
GRID_1442,INDIAN_MARINE,GRID_SAMPLE,7.5,92.5,,,351.1573465005452,,0,0.11070856,105,28.974053159954867,1,0.0495,-0.11600001,0.12611999
GRID_1443,INDIAN_MARINE,GRID_SAMPLE,16.75,73.5,,,69.64544556461153,,0,,5,,0,,,
GRID_1444,INDIAN_MARINE,GRID_SAMPLE,17.25,70.75,,,154.99843921549655,,0,0.08055323,105,28.100189313475127,1,-0.1215,0.1,0.15736026
GRID_1445,INDIAN_MARINE,GRID_SAMPLE,12.25,88.5,,,440.8354277540344,,0,0.0869263,105,28.85185241010299,1,0.031500004,-0.0405,0.051307894
GRID_1446,INDIAN_MARINE,GRID_SAMPLE,10.25,88.0,,,470.0389708344034,,0,0.09723403,105,28.955841757878048,1,0.028,0.1075,0.11108668
GRID_1447,INDIAN_MARINE,GRID_SAMPLE,10.5,92.5,,,36.556558460024455,,0,0.14759128,105,28.78741767766995,1,-0.0045,-0.036000002,0.036280163
GRID_1448,INDIAN_MARINE,GRID_SAMPLE,18.5,81.25,,,272.02765264961187,,0,,5,,0,,,
GRID_1449,INDIAN_MARINE,GRID_SAMPLE,10.75,81.75,,,130.71213771482385,,0,0.09428532,105,28.91531112976998,1,-0.101500005,0.034999996,0.10736504
GRID_1450,INDIAN_MARINE,GRID_SAMPLE,16.75,77.25,,,369.3870030306105,,0,,5,,0,,,
GRID_1451,INDIAN_MARINE,GRID_SAMPLE,5.25,79.0,,,376.49470582852473,,0,0.08931754,105,28.997776981172525,1,0.3545,0.07300001,0.36193818
GRID_1452,INDIAN_MARINE,GRID_SAMPLE,18.25,69.0,,,316.1140261082041,,0,0.09603883,105,27.743741957160225,1,0.026500002,-0.010499999,0.028504387
GRID_1453,INDIAN_MARINE,GRID_SAMPLE,14.0,94.75,,,245.1786460884781,,0,0.23866083,105,28.857967482848892,1,0.178,-0.22350001,0.2857206
GRID_1454,INDIAN_MARINE,GRID_SAMPLE,20.75,71.0,,,165.81276528026584,,0,0.10726896,105,,0,,,
GRID_1455,INDIAN_MARINE,GRID_SAMPLE,18.0,68.75,,,341.6865253517511,,0,0.091977835,105,27.765483202788452,1,0.07700001,-0.09150001,0.11958784
GRID_1456,INDIAN_MARINE,GRID_SAMPLE,14.75,80.0,,,54.16171022546743,,0,0.122100115,105,,0,,,
GRID_1457,INDIAN_MARINE,GRID_SAMPLE,10.25,84.5,,,435.4331564012329,,0,0.09261563,105,29.008546212485843,1,-0.21350002,-0.090500005,0.23188901
GRID_1458,INDIAN_MARINE,GRID_SAMPLE,15.75,90.5,,,366.4386153843156,,0,0.11349202,105,28.471653433457192,1,0.13000001,0.086500004,0.15614818
GRID_1459,INDIAN_MARINE,GRID_SAMPLE,11.0,90.75,,,167.68484959631425,,0,0.09575529,105,28.940402539789265,1,-0.083000004,-0.0345,0.08988465
GRID_1460,INDIAN_MARINE,GRID_SAMPLE,17.0,76.5,,,361.37167558363905,,0,,5,,0,,,
GRID_1461,INDIAN_MARINE,GRID_SAMPLE,13.25,92.75,,,14.79349681318418,,0,0.12651284,105,28.667485959726136,1,,,
GRID_1462,INDIAN_MARINE,GRID_SAMPLE,8.5,83.5,,,407.2711550132271,,0,0.09453588,105,29.160614329602357,1,-0.17050001,-0.076000005,0.18667151
GRID_1463,INDIAN_MARINE,GRID_SAMPLE,8.5,92.25,,,246.0949397210865,,0,0.10185749,105,28.934843818957702,1,-0.0555,-0.06250001,0.08358529
GRID_1464,INDIAN_MARINE,GRID_SAMPLE,20.25,69.5,,,289.50481662817384,,0,0.108803034,105,27.38077206870336,1,0.0005000001,0.050000004,0.050002504
GRID_1465,INDIAN_MARINE,GRID_SAMPLE,8.0,90.5,,,363.7999828840019,,0,0.09993968,105,29.004195689005737,1,-0.008500002,0.020000003,0.021731317
GRID_1466,INDIAN_MARINE,GRID_SAMPLE,14.75,95.75,,,377.0577077671679,,0,0.3249406,105,28.79625206695718,1,0.029000003,-0.057500005,0.06439915
GRID_1467,INDIAN_MARINE,GRID_SAMPLE,10.0,84.75,,,469.0601852981905,,0,0.09447671,105,28.98542554673556,1,-0.22100002,-0.050000004,0.22658554
GRID_1468,INDIAN_MARINE,GRID_SAMPLE,5.5,73.5,,,332.1451828353807,,0,0.082122564,105,29.109884418256755,1,-0.22850001,0.261,0.34689084
GRID_1469,INDIAN_MARINE,GRID_SAMPLE,13.0,81.75,,,91.5417872848626,,0,0.07996232,105,28.76782831113424,1,-0.029000007,0.056,0.063063465
GRID_1470,INDIAN_MARINE,GRID_SAMPLE,16.5,95.0,,,446.85151581377016,,0,,5,,0,,,
GRID_1471,INDIAN_MARINE,GRID_SAMPLE,17.0,78.75,,,262.7603032520182,,0,,5,,0,,,
GRID_1472,INDIAN_MARINE,GRID_SAMPLE,19.25,74.5,,,198.1246525846464,,0,,5,,0,,,
GRID_1473,INDIAN_MARINE,GRID_SAMPLE,9.0,81.0,,,192.29861870034603,,0,0.08834171,105,,0,,,
GRID_1474,INDIAN_MARINE,GRID_SAMPLE,7.5,79.25,,,248.49312511791345,,0,0.09081775,105,28.54970368458795,1,-0.0435,0.26850003,0.27200094
GRID_1475,INDIAN_MARINE,GRID_SAMPLE,9.5,82.0,,,208.58600252761067,,0,0.09678013,105,29.105680182884065,1,-0.131,-0.028499998,0.13406435
GRID_1476,INDIAN_MARINE,GRID_SAMPLE,7.25,92.75,,,377.4066941230342,,0,0.10987373,105,29.01104422566814,1,0.0235,-0.119500004,0.121788755
GRID_1477,INDIAN_MARINE,GRID_SAMPLE,7.25,81.0,,,382.5844539305321,,0,,5,,0,,,
GRID_1478,INDIAN_MARINE,GRID_SAMPLE,9.25,91.75,,,177.9909060241397,,0,0.11041228,105,28.94477625642233,1,0.07300001,0.028500006,0.07836613
GRID_1479,INDIAN_MARINE,GRID_SAMPLE,10.5,95.75,,,317.2915197605358,,0,0.1374964,105,28.97311901765684,1,-0.17300001,0.0205,0.17421037
GRID_1480,INDIAN_MARINE,GRID_SAMPLE,5.25,73.0,,,358.89373360677814,,0,0.07852553,105,29.110510912128117,1,-0.20650001,0.21650001,0.29918975
GRID_1481,INDIAN_MARINE,GRID_SAMPLE,17.75,85.5,,,427.1376870311966,,0,0.08998929,105,28.300461931464657,1,0.2105,0.0835,0.22645639
GRID_1482,INDIAN_MARINE,GRID_SAMPLE,14.0,70.75,,,226.94942254013017,,0,0.061243672,105,28.529459310314877,1,-0.0535,-0.157,0.16586517
GRID_1483,INDIAN_MARINE,GRID_SAMPLE,11.75,80.25,,,14.993217607107706,,0,0.086151406,105,28.696880046370374,1,0.0385,0.1365,0.1418256
GRID_1484,INDIAN_MARINE,GRID_SAMPLE,7.75,93.25,,,325.68016659960585,,0,0.12035239,105,28.889658029824435,1,0.0020000003,-0.090500005,0.0905221
GRID_1485,INDIAN_MARINE,GRID_SAMPLE,16.0,94.25,,,357.99288299708303,,0,0.22690707,105,,0,-0.1365,0.0255,0.13886143
GRID_1486,INDIAN_MARINE,GRID_SAMPLE,10.5,73.25,,,34.44453242633313,,0,0.06198508,105,29.10207800431649,1,0.0295,-0.005000001,0.029920729
GRID_1487,INDIAN_MARINE,GRID_SAMPLE,9.75,69.5,,,325.49952415694173,,0,0.064259276,105,28.94321248848008,1,-0.0165,0.0355,0.03914716
GRID_1488,INDIAN_MARINE,GRID_SAMPLE,10.25,92.0,,,64.7496219231471,,0,0.11472714,105,28.97411857640105,1,0.042500004,0.013999999,0.04474651
GRID_1489,INDIAN_MARINE,GRID_SAMPLE,6.0,75.5,,,240.34278553265636,,0,0.07848945,105,29.070196760534607,1,-0.08850001,0.2655,0.2798616
GRID_1490,INDIAN_MARINE,GRID_SAMPLE,13.75,96.5,,,421.0970169707401,,0,0.2873542,105,28.971380713070985,1,0.17050001,0.087500006,0.1916416
GRID_1491,INDIAN_MARINE,GRID_SAMPLE,13.5,81.25,,,51.94324429435812,,0,0.0818122,105,28.71882997255027,1,-0.068,0.26250002,0.27116466
GRID_1492,INDIAN_MARINE,GRID_SAMPLE,14.5,80.5,,,18.10620971328217,,0,0.08586406,105,28.533467383357703,1,,,
GRID_1493,INDIAN_MARINE,GRID_SAMPLE,8.0,79.5,,,268.47885547728026,,0,0.08744049,105,28.57713465578734,1,0.0020000003,0.2565,0.2565078
GRID_1494,INDIAN_MARINE,GRID_SAMPLE,15.5,85.75,,,400.412351015668,,0,0.09405617,105,28.498342243198277,1,-0.0785,0.017,0.08031968
GRID_1495,INDIAN_MARINE,GRID_SAMPLE,7.5,79.0,,,221.87987767937508,,0,0.092059575,105,28.501723092062058,1,-0.05350001,0.17300001,0.18108356
GRID_1496,INDIAN_MARINE,GRID_SAMPLE,22.0,76.0,,,426.5966773547123,,0,,5,,0,,,
GRID_1497,INDIAN_MARINE,GRID_SAMPLE,15.5,71.75,,,127.52311685159292,,0,0.06733476,105,28.45341790582672,1,-0.0039999997,-0.0335,0.03373796
GRID_1498,INDIAN_MARINE,GRID_SAMPLE,14.25,71.75,,,184.60697056868565,,0,0.062180776,105,28.634174901058373,1,-0.007000001,0.045,0.04554119
GRID_1499,INDIAN_MARINE,GRID_SAMPLE,15.25,84.0,,,220.39844421819615,,0,0.08014777,105,28.559165544406945,1,0.149,0.11850001,0.19037661
GRID_1500,INDIAN_MARINE,GRID_SAMPLE,10.0,76.25,,,38.754851723566425,,0,,5,,0,,,
GRID_1501,INDIAN_MARINE,GRID_SAMPLE,10.25,79.75,,,93.07310902766376,,0,0.10913991,105,28.68516529628166,1,,,
GRID_1502,INDIAN_MARINE,GRID_SAMPLE,7.5,90.5,,,411.8692281785912,,0,0.10459777,105,29.011508579065048,1,-0.17350002,0.0545,0.18185848
GRID_1503,INDIAN_MARINE,GRID_SAMPLE,12.5,78.75,,,167.75917538026684,,0,,5,,0,,,
GRID_1504,INDIAN_MARINE,GRID_SAMPLE,16.25,94.75,,,409.1534400779223,,0,,5,,0,,,
GRID_1505,INDIAN_MARINE,GRID_SAMPLE,19.5,83.0,,,411.8065739756241,,0,,5,,0,,,
GRID_1506,INDIAN_MARINE,GRID_SAMPLE,12.25,75.0,,,16.97132701602702,,0,0.17431979,105,28.569427575005335,1,0.028500002,-0.060500003,0.066876754
GRID_1507,INDIAN_MARINE,GRID_SAMPLE,15.0,96.75,,,485.1893289296452,,0,0.35088542,105,28.914363334336823,1,0.040500004,0.105000004,0.11254
GRID_1508,INDIAN_MARINE,GRID_SAMPLE,5.5,79.5,,,389.97075866836167,,0,0.09178346,105,28.936157165117343,1,0.33350003,0.17300001,0.37570104
GRID_1509,INDIAN_MARINE,GRID_SAMPLE,12.75,68.5,,,360.4673672897911,,0,0.063448496,105,28.415179847093377,1,-0.058500007,0.0275,0.06464133
GRID_1510,INDIAN_MARINE,GRID_SAMPLE,16.0,76.0,,,282.528705980687,,0,,5,,0,,,
GRID_1511,INDIAN_MARINE,GRID_SAMPLE,15.25,93.25,,,239.90603502054464,,0,0.13628042,105,28.5029510776108,1,0.012,0.0025000125,0.012257653
GRID_1512,INDIAN_MARINE,GRID_SAMPLE,17.25,73.25,,,48.31491756572915,,0,,5,,0,,,
GRID_1513,INDIAN_MARINE,GRID_SAMPLE,13.0,75.75,,,122.69803656431314,,0,,5,,0,,,
GRID_1514,INDIAN_MARINE,GRID_SAMPLE,9.0,92.0,,,198.57907992804573,,0,0.11091818,105,28.934358261909264,1,-0.004000008,-0.000500001,0.004031137
GRID_1515,INDIAN_MARINE,GRID_SAMPLE,12.25,85.25,,,477.8260597398537,,0,0.07790424,105,28.888337517404207,1,-0.14350002,-0.0055000037,0.14360537
GRID_1516,INDIAN_MARINE,GRID_SAMPLE,18.25,85.25,,,435.14948934423455,,0,0.09785413,105,28.20595013712312,1,0.50400007,0.15650001,0.52773887
GRID_1517,INDIAN_MARINE,GRID_SAMPLE,15.75,80.25,,,60.1725889896415,,0,0.10141617,105,,0,,,
GRID_1518,INDIAN_MARINE,GRID_SAMPLE,13.25,91.25,,,150.47312878307326,,0,0.08263291,105,28.845829634232608,1,0.044,0.0045000017,0.044229515
GRID_1519,INDIAN_MARINE,GRID_SAMPLE,5.75,71.75,,,342.397694347265,,0,0.07771984,105,29.26277761386826,1,-0.1685,0.021000002,0.16980357
GRID_1520,INDIAN_MARINE,GRID_SAMPLE,20.75,76.5,,,422.9677215789614,,0,,5,,0,,,
GRID_1521,INDIAN_MARINE,GRID_SAMPLE,14.25,75.25,,,130.78321753372387,,0,,5,,0,,,
GRID_1522,INDIAN_MARINE,GRID_SAMPLE,21.25,73.0,,,157.47457531512282,,0,,5,,0,,,
GRID_1523,INDIAN_MARINE,GRID_SAMPLE,11.5,91.75,,,92.00245534157796,,0,0.09182997,105,28.962119822782316,1,-0.009000003,-0.039499998,0.040512342
GRID_1524,INDIAN_MARINE,GRID_SAMPLE,10.75,93.75,,,104.37634828759258,,0,0.116266556,105,28.974682681660937,1,-0.12100001,-0.0365,0.12638533
GRID_1525,INDIAN_MARINE,GRID_SAMPLE,11.0,96.5,,,384.128604526379,,0,0.18568741,105,29.025881419904756,1,-0.0515,-0.10650001,0.11829836
GRID_1526,INDIAN_MARINE,GRID_SAMPLE,7.25,73.0,,,137.96601325879178,,0,0.0750327,105,29.08085218205382,1,-0.038,0.21300001,0.21636313
GRID_1527,INDIAN_MARINE,GRID_SAMPLE,5.25,75.75,,,306.74084270387795,,0,0.080728665,105,29.096589901397596,1,-0.113000005,0.2865,0.30797932
GRID_1528,INDIAN_MARINE,GRID_SAMPLE,14.5,78.5,,,206.5489083921218,,0,,5,,0,,,
GRID_1529,INDIAN_MARINE,GRID_SAMPLE,18.5,71.75,,,56.2343413409412,,0,0.10333434,105,27.85772819133676,1,0.024000004,-0.060500003,0.065086484
GRID_1530,INDIAN_MARINE,GRID_SAMPLE,17.75,74.75,,,213.2323950984009,,0,,5,,0,,,
GRID_1531,INDIAN_MARINE,GRID_SAMPLE,16.5,83.5,,,175.9075071802041,,0,0.086727224,105,28.40779649045861,1,0.184,0.1045,0.211604
GRID_1532,INDIAN_MARINE,GRID_SAMPLE,15.25,91.5,,,261.1573299951996,,0,0.096280426,105,28.52441945038323,1,-0.057500005,-0.181,0.1899138
GRID_1533,INDIAN_MARINE,GRID_SAMPLE,17.75,83.75,,,279.4731337219209,,0,0.11822084,105,27.999317551074817,1,0.0785,0.032000005,0.08477176
GRID_1534,INDIAN_MARINE,GRID_SAMPLE,9.0,83.75,,,401.0001775392718,,0,0.092877395,105,29.10175365648732,1,-0.19050002,-0.036000006,0.19387175
GRID_1535,INDIAN_MARINE,GRID_SAMPLE,5.5,80.0,,,430.050394095485,,0,0.0933426,105,28.86695602551988,1,0.1955,0.22050002,0.29468715
GRID_1536,INDIAN_MARINE,GRID_SAMPLE,20.25,72.0,,,52.424364828513674,,0,0.109789066,105,27.022657267252196,1,-0.13300002,0.094000004,0.162865
GRID_1537,INDIAN_MARINE,GRID_SAMPLE,20.0,72.5,,,10.719122511249694,,0,0.122005515,105,27.27116149266522,1,-0.1715,0.041,0.17633279
GRID_1538,INDIAN_MARINE,GRID_SAMPLE,13.75,94.5,,,210.58587884860856,,0,0.19097741,105,28.864682864803132,1,0.1815,-0.20650001,0.27492636
GRID_1539,INDIAN_MARINE,GRID_SAMPLE,13.25,75.0,,,80.13170752365382,,0,,5,,0,,,
GRID_1540,INDIAN_MARINE,GRID_SAMPLE,9.0,83.5,,,376.8718412980806,,0,0.09463286,105,29.127805105949655,1,-0.19100001,-0.071,0.20376949
GRID_1541,INDIAN_MARINE,GRID_SAMPLE,7.25,93.0,,,378.0219514188587,,0,0.10987351,105,28.968858337402096,1,0.0084999995,-0.13000001,0.1302776
GRID_1542,INDIAN_MARINE,GRID_SAMPLE,11.5,70.5,,,138.68738273007202,,0,0.06422784,105,28.813739831668364,1,0.0545,0.034500003,0.06450194
GRID_1543,INDIAN_MARINE,GRID_SAMPLE,7.25,82.25,,,424.7503385462164,,0,0.090126,105,29.178892896451615,1,-0.0705,-0.18450001,0.19751076
GRID_1544,INDIAN_MARINE,GRID_SAMPLE,8.25,71.5,,,188.2915138166222,,0,0.072327934,105,29.114787676062043,1,0.1305,0.25750002,0.28868064
GRID_1545,INDIAN_MARINE,GRID_SAMPLE,18.0,71.75,,,24.990418305196055,,0,0.10895585,105,28.01288203025307,1,0.035,-0.016,0.038483765
GRID_1546,INDIAN_MARINE,GRID_SAMPLE,9.5,77.0,,,90.6826669774424,,0,,5,,0,,,
GRID_1547,INDIAN_MARINE,GRID_SAMPLE,16.5,68.0,,,455.5936896782506,,0,0.07501454,105,27.827762133619565,1,-0.0705,0.0915,0.11550974
GRID_1548,INDIAN_MARINE,GRID_SAMPLE,14.0,80.25,,,26.16402703904023,,0,0.10036011,105,,0,,,
GRID_1549,INDIAN_MARINE,GRID_SAMPLE,19.0,82.25,,,340.9643167685913,,0,,5,,0,,,
GRID_1550,INDIAN_MARINE,GRID_SAMPLE,15.0,86.0,,,435.8679973733337,,0,0.09188536,105,28.566938587656814,1,0.028,0.010500003,0.029904015
GRID_1551,INDIAN_MARINE,GRID_SAMPLE,7.75,82.0,,,362.7158095518805,,0,0.08648077,105,29.25843713781296,1,,,
GRID_1552,INDIAN_MARINE,GRID_SAMPLE,16.75,94.75,,,456.2580425426424,,0,,5,,0,,,
GRID_1553,INDIAN_MARINE,GRID_SAMPLE,12.5,90.0,,,295.63890342307263,,0,0.08404635,105,28.854377362922133,1,0.055,0.019000001,0.058189347
GRID_1554,INDIAN_MARINE,GRID_SAMPLE,7.75,74.5,,,164.32751430112637,,0,0.0729718,105,29.10086985548846,1,-0.027500002,-0.0045000017,0.027865753
GRID_1555,INDIAN_MARINE,GRID_SAMPLE,7.5,74.5,,,179.6596664213053,,0,0.073477276,105,29.095164800572935,1,-0.030000001,0.056500003,0.0639707
GRID_1556,INDIAN_MARINE,GRID_SAMPLE,10.25,95.25,,,271.44268792156953,,0,0.12778777,105,28.937914980019748,1,-0.21100001,0.013499999,0.21143144
GRID_1557,INDIAN_MARINE,GRID_SAMPLE,12.0,89.5,,,330.42359864252506,,0,0.090095006,105,28.8518628235555,1,0.144,0.036500003,0.14855385
GRID_1558,INDIAN_MARINE,GRID_SAMPLE,11.0,95.5,,,277.36924156449095,,0,0.12680517,105,28.960576010789197,1,-0.206,-0.078,0.22027256
GRID_1559,INDIAN_MARINE,GRID_SAMPLE,12.75,94.25,,,175.00967785352992,,0,0.11521106,105,28.938787617349377,1,0.18450001,0.0465,0.19026956
GRID_1560,INDIAN_MARINE,GRID_SAMPLE,14.25,85.25,,,383.9664889926057,,0,0.08763908,105,28.663078427026495,1,-0.011500001,-0.056500003,0.05765848
GRID_1561,INDIAN_MARINE,GRID_SAMPLE,16.5,68.75,,,382.362240704257,,0,0.06967931,105,27.920681121012308,1,-0.033,0.091000006,0.09679876
GRID_1562,INDIAN_MARINE,GRID_SAMPLE,6.5,80.25,,,391.1893457175629,,0,,5,,0,,,
GRID_1563,INDIAN_MARINE,GRID_SAMPLE,15.0,91.75,,,224.41180966405545,,0,0.090385,105,28.552603559558857,1,-0.091000006,-0.2125,0.23116499
GRID_1564,INDIAN_MARINE,GRID_SAMPLE,12.25,75.75,,,77.68026691682674,,0,,5,,0,,,
GRID_1565,INDIAN_MARINE,GRID_SAMPLE,6.5,69.25,,,487.65690113105967,,0,0.07043125,105,29.187136254196904,1,0.052000005,0.112500004,0.12393648
GRID_1566,INDIAN_MARINE,GRID_SAMPLE,18.25,75.25,,,276.670861141494,,0,,5,,0,,,
GRID_1567,INDIAN_MARINE,GRID_SAMPLE,9.5,69.25,,,355.9837201122691,,0,0.063813716,105,28.953149862379057,1,-0.024500001,0.013499998,0.027973201
GRID_1568,INDIAN_MARINE,GRID_SAMPLE,9.75,84.25,,,422.31320912005225,,0,0.09203906,105,29.05505192879094,1,-0.2585,-0.041500002,0.26181006
GRID_1569,INDIAN_MARINE,GRID_SAMPLE,11.5,74.5,,,57.47231469969362,,0,0.076100044,105,29.033938658887863,1,-0.0145000005,0.046000004,0.048231218
GRID_1570,INDIAN_MARINE,GRID_SAMPLE,14.0,96.0,,,373.3882965537573,,0,0.23198085,105,28.907961073002195,1,0.165,0.056500006,0.17440543
GRID_1571,INDIAN_MARINE,GRID_SAMPLE,10.75,73.5,,,43.09825856723791,,0,0.05889351,105,29.045519317977387,1,-0.035000004,0.014,0.037696157
GRID_1572,INDIAN_MARINE,GRID_SAMPLE,16.75,73.0,,,20.403865174876223,,0,0.16136052,105,28.260721671097933,1,0.0075000003,-0.023500001,0.024667794
GRID_1573,INDIAN_MARINE,GRID_SAMPLE,19.5,84.25,,,465.00339231466694,,0,,5,,0,,,
GRID_1574,INDIAN_MARINE,GRID_SAMPLE,12.75,92.5,,,49.0605947889865,,0,0.14059454,105,28.90407083814357,1,-0.072500005,0.034500003,0.08029011
GRID_1575,INDIAN_MARINE,GRID_SAMPLE,10.5,80.5,,,17.88459247769604,,0,0.09455784,105,28.81181236994826,1,-0.12850001,0.1985,0.23646249
GRID_1576,INDIAN_MARINE,GRID_SAMPLE,8.25,95.75,,,419.62719729772823,,0,0.12875903,105,28.96767225277207,1,0.19950001,-0.010499999,0.19977613
GRID_1577,INDIAN_MARINE,GRID_SAMPLE,17.0,72.0,,,81.62030844669317,,0,0.08933155,105,28.28545368627131,1,-0.008,0.0375,0.03834384
GRID_1578,INDIAN_MARINE,GRID_SAMPLE,20.75,69.75,,,279.2393962558754,,0,0.15100585,105,27.128514204874644,1,0.10250001,-0.0025,0.10253049
GRID_1579,INDIAN_MARINE,GRID_SAMPLE,6.5,74.5,,,262.2354070819309,,0,0.07518072,105,29.098770781925367,1,-0.176,0.18650001,0.25643373
GRID_1580,INDIAN_MARINE,GRID_SAMPLE,10.0,96.5,,,411.01936213891435,,0,0.17566144,105,28.970225001149352,1,-0.194,-0.105000004,0.22059238
GRID_1581,INDIAN_MARINE,GRID_SAMPLE,18.75,77.75,,,480.3998801506251,,0,,5,,0,,,
GRID_1582,INDIAN_MARINE,GRID_SAMPLE,6.5,75.25,,,211.2584027372152,,0,0.07575412,105,29.02485085080412,1,-0.15100001,0.23300001,0.2776509
GRID_1583,INDIAN_MARINE,GRID_SAMPLE,5.25,77.25,,,301.8708105105278,,0,0.082399905,105,29.015420751413203,1,-0.0065,0.119,0.11917739
GRID_1584,INDIAN_MARINE,GRID_SAMPLE,17.25,73.5,,,72.18605563646443,,0,,5,,0,,,
GRID_1585,INDIAN_MARINE,GRID_SAMPLE,7.75,91.0,,,363.07926525734786,,0,0.10125734,105,29.00235284114477,1,-0.055,-0.029000001,0.062177166
GRID_1586,INDIAN_MARINE,GRID_SAMPLE,13.0,71.75,,,86.78462378088919,,0,0.06212055,105,28.761155967106472,1,-0.031,0.0535,0.061832435
GRID_1587,INDIAN_MARINE,GRID_SAMPLE,15.25,78.75,,,166.27476156914042,,0,,5,,0,,,
GRID_1588,INDIAN_MARINE,GRID_SAMPLE,15.5,76.25,,,274.1929760031685,,0,,5,,0,,,
GRID_1589,INDIAN_MARINE,GRID_SAMPLE,10.75,68.5,,,370.3235751721379,,0,0.06748972,105,28.711162699110343,1,0.076000005,-0.052000005,0.09208692
GRID_1590,INDIAN_MARINE,GRID_SAMPLE,11.5,88.75,,,391.4708820694668,,0,0.092012644,105,28.91419102279558,1,0.035500005,0.1215,0.12658001
GRID_1591,INDIAN_MARINE,GRID_SAMPLE,5.75,75.75,,,254.09546569287775,,0,0.07985071,105,29.071689994761098,1,-0.0895,0.24900001,0.2645964
GRID_1592,INDIAN_MARINE,GRID_SAMPLE,7.75,96.0,,,477.0760412190684,,0,0.119014405,105,29.01368674524609,1,-0.0445,0.0735,0.085921474
GRID_1593,INDIAN_MARINE,GRID_SAMPLE,18.75,71.0,,,133.3363539013248,,0,0.14024565,105,27.729871776172597,1,0.00049999915,0.021000002,0.021005953
GRID_1594,INDIAN_MARINE,GRID_SAMPLE,14.0,71.0,,,215.0109243840655,,0,0.061534874,105,28.560572606367582,1,-0.06650001,-0.16100001,0.17419316
GRID_1595,INDIAN_MARINE,GRID_SAMPLE,19.25,79.75,,,392.3172718165693,,0,,5,,0,,,
GRID_1596,INDIAN_MARINE,GRID_SAMPLE,10.75,81.0,,,55.20286624686919,,0,0.09360945,105,28.89550836854019,1,-0.16600001,0.30550003,0.34768704
GRID_1597,INDIAN_MARINE,GRID_SAMPLE,5.75,80.5,,,457.0927297155849,,0,0.095459364,105,28.391884722028184,1,0.062000006,0.21150002,0.22040023
GRID_1598,INDIAN_MARINE,GRID_SAMPLE,13.25,85.5,,,463.559755224711,,0,0.083163224,105,28.772468837721124,1,-0.056,0.0345,0.06577423
GRID_1599,INDIAN_MARINE,GRID_SAMPLE,6.75,78.0,,,176.5672759410129,,0,0.08602301,105,28.62103157771254,1,-0.1275,-0.079,0.14999083
GRID_1600,INDIAN_MARINE,GRID_SAMPLE,13.25,73.5,,,5.234487335681097,,0,0.061744876,105,28.926213823911365,1,-0.042500004,0.0465,0.06299604
GRID_1601,INDIAN_MARINE,GRID_SAMPLE,8.25,70.25,,,309.061183212888,,0,0.068447284,105,29.10288612398709,1,0.09650001,-0.0635,0.115518406
GRID_1602,INDIAN_MARINE,GRID_SAMPLE,13.25,94.0,,,147.17759269608214,,0,0.13349162,105,28.925006074994204,1,0.059500005,-0.0165,0.06174545
GRID_1603,INDIAN_MARINE,GRID_SAMPLE,15.0,85.25,,,357.4965970481949,,0,0.08971544,105,28.58576681721093,1,0.1315,-0.11400001,0.1740352
GRID_1604,INDIAN_MARINE,GRID_SAMPLE,10.0,95.5,,,304.0072952526989,,0,0.14074536,105,28.93609772678602,1,-0.17650001,0.042500004,0.18154477
GRID_1605,INDIAN_MARINE,GRID_SAMPLE,6.75,78.5,,,213.68771303475984,,0,0.09246548,105,28.66010924877729,1,-0.1365,0.0069999993,0.13667937
GRID_1606,INDIAN_MARINE,GRID_SAMPLE,11.25,82.0,,,151.4586842023828,,0,0.09208646,105,28.915070506445534,1,-0.028500002,0.0335,0.043982953
GRID_1607,INDIAN_MARINE,GRID_SAMPLE,9.25,78.75,,,229.1680250724321,,0,0.11099875,105,,0,,,
GRID_1608,INDIAN_MARINE,GRID_SAMPLE,12.75,78.0,,,252.05650685568045,,0,,5,,0,,,
GRID_1609,INDIAN_MARINE,GRID_SAMPLE,9.5,90.0,,,285.73157865546864,,0,0.106793456,105,29.039896353131436,1,0.041500002,0.0035000003,0.04164733
GRID_1610,INDIAN_MARINE,GRID_SAMPLE,19.5,80.5,,,392.84910181886875,,0,,5,,0,,,
GRID_1611,INDIAN_MARINE,GRID_SAMPLE,20.0,70.25,,,208.19739482991577,,0,0.11851517,105,27.37839013884949,1,0.051000003,-0.014,0.052886676
GRID_1612,INDIAN_MARINE,GRID_SAMPLE,12.75,74.5,,,2.7154864859550227,,0,0.11932105,105,28.91330610204593,1,0.039,0.017,0.042544097
GRID_1613,INDIAN_MARINE,GRID_SAMPLE,12.75,96.0,,,342.95784381773814,,0,0.13201532,105,28.997595576087324,1,0.105000004,-0.165,0.19557609
GRID_1614,INDIAN_MARINE,GRID_SAMPLE,14.75,93.25,,,187.165391978762,,0,0.14920732,105,28.57335906736563,1,0.0785,0.076500006,0.10961068
GRID_1615,INDIAN_MARINE,GRID_SAMPLE,16.5,90.75,,,420.80527510366767,,0,0.105023384,105,28.32000503540006,1,0.13250001,0.094500005,0.16274674
GRID_1616,INDIAN_MARINE,GRID_SAMPLE,14.0,80.5,,,3.993875527800709,,0,0.08522283,105,28.535809856612502,1,,,
GRID_1617,INDIAN_MARINE,GRID_SAMPLE,8.0,93.75,,,312.16774631278787,,0,0.10958737,105,28.881314587264605,1,0.015000001,-0.08250001,0.08385256
GRID_1618,INDIAN_MARINE,GRID_SAMPLE,12.0,68.5,,,356.0074673798435,,0,0.06259992,105,28.568286138970983,1,0.0,0.036,0.036
GRID_1619,INDIAN_MARINE,GRID_SAMPLE,9.0,78.25,,,168.89357524671348,,0,0.12407285,105,,0,,,
GRID_1620,INDIAN_MARINE,GRID_SAMPLE,6.0,70.5,,,405.4093498003087,,0,0.074857615,105,29.261254719616467,1,-0.16400002,0.056,0.17329745
GRID_1621,INDIAN_MARINE,GRID_SAMPLE,12.5,77.75,,,266.19048274846756,,0,,5,,0,,,
GRID_1622,INDIAN_MARINE,GRID_SAMPLE,8.25,91.25,,,301.24682085585414,,0,0.09785636,105,28.9862218880126,1,0.0075000003,-0.038000003,0.03873306
GRID_1623,INDIAN_MARINE,GRID_SAMPLE,18.25,71.0,,,107.79365099023164,,0,0.14088395,105,27.90180092851674,1,-0.0050000004,-0.0040000007,0.006403125
GRID_1624,INDIAN_MARINE,GRID_SAMPLE,5.25,71.5,,,404.4436346924512,,0,0.0766942,105,29.259518903384155,1,-0.137,0.0225,0.13883533
GRID_1625,INDIAN_MARINE,GRID_SAMPLE,9.25,70.25,,,255.5289641975978,,0,0.06332598,105,29.0190703064552,1,-0.1645,-0.098000005,0.19147912
GRID_1626,INDIAN_MARINE,GRID_SAMPLE,8.75,80.25,,,213.92648326064764,,0,,5,,0,,,
GRID_1627,INDIAN_MARINE,GRID_SAMPLE,15.5,95.75,,,421.32294495515345,,0,0.36694357,105,28.67889617093149,1,0.11900001,-0.053500004,0.1304732
GRID_1628,INDIAN_MARINE,GRID_SAMPLE,12.75,71.75,,,59.073061402420734,,0,0.061457947,105,28.7621363099378,1,-0.042000003,0.0575,0.07120569
GRID_1629,INDIAN_MARINE,GRID_SAMPLE,18.25,69.75,,,237.47469593341953,,0,0.08651024,105,27.810925066912144,1,0.080000006,0.1435,0.16429318
GRID_1630,INDIAN_MARINE,GRID_SAMPLE,18.0,78.5,,,367.6389495778074,,0,,5,,0,,,
GRID_1631,INDIAN_MARINE,GRID_SAMPLE,15.75,69.75,,,316.55085973942494,,0,0.06591764,105,28.147899057742165,1,0.024,-0.0825,0.08592003
GRID_1632,INDIAN_MARINE,GRID_SAMPLE,8.5,92.5,,,240.85628858912995,,0,0.10306064,105,28.929232470823735,1,-0.106000006,-0.071,0.12758136
GRID_1633,INDIAN_MARINE,GRID_SAMPLE,20.75,76.25,,,397.711404466666,,0,,5,,0,,,
GRID_1634,INDIAN_MARINE,GRID_SAMPLE,6.5,75.75,,,178.39580767504285,,0,0.07674877,105,28.995333233006132,1,-0.1195,0.2315,0.26052353
GRID_1635,INDIAN_MARINE,GRID_SAMPLE,14.75,86.25,,,468.66252262523614,,0,0.08954032,105,28.57099965631666,1,0.012499999,-0.035499997,0.037636418
GRID_1636,INDIAN_MARINE,GRID_SAMPLE,9.75,70.75,,,189.37906816455344,,0,0.06485951,105,29.003457824241725,1,-0.252,0.0075000008,0.25211158
GRID_1637,INDIAN_MARINE,GRID_SAMPLE,6.5,71.5,,,288.55116989046684,,0,0.07620285,105,29.22437158496908,1,-0.12550001,0.0009999992,0.12550399
GRID_1638,INDIAN_MARINE,GRID_SAMPLE,11.75,77.0,,,170.21820638505815,,0,,5,,0,,,
GRID_1639,INDIAN_MARINE,GRID_SAMPLE,11.75,73.5,,,74.61398136231122,,0,0.061000478,105,29.00650641623471,1,0.097500004,-0.009,0.09791451
GRID_1640,INDIAN_MARINE,GRID_SAMPLE,21.25,68.5,,,419.1542463053634,,0,0.15570158,105,27.154716519602218,1,0.0065,-0.029500002,0.030207615
GRID_1641,INDIAN_MARINE,GRID_SAMPLE,15.5,76.0,,,250.7894342012317,,0,,5,,0,,,
GRID_1642,INDIAN_MARINE,GRID_SAMPLE,10.75,89.5,,,302.17217455507296,,0,0.09586379,105,28.951926683423377,1,-0.091000006,0.086500004,0.12555179
GRID_1643,INDIAN_MARINE,GRID_SAMPLE,21.25,76.25,,,413.1747944878187,,0,,5,,0,,,
GRID_1644,INDIAN_MARINE,GRID_SAMPLE,10.5,95.25,,,265.7748360680197,,0,0.12927382,105,28.949632143830566,1,-0.23650001,-0.0055,0.23656395
GRID_1645,INDIAN_MARINE,GRID_SAMPLE,21.0,73.5,,,158.19900650970038,,0,,5,,0,,,
GRID_1646,INDIAN_MARINE,GRID_SAMPLE,11.0,74.25,,,48.669232025888064,,0,0.060949754,105,29.03032482470613,1,-0.0009999992,0.02,0.020024985
GRID_1647,INDIAN_MARINE,GRID_SAMPLE,12.75,72.25,,,77.54270346740002,,0,0.06180176,105,28.81382481843482,1,-0.0505,0.1355,0.14460464
GRID_1648,INDIAN_MARINE,GRID_SAMPLE,12.25,92.25,,,93.13185979530462,,0,0.108754955,105,28.936892767073175,1,0.016499996,-0.026500002,0.031216983
GRID_1649,INDIAN_MARINE,GRID_SAMPLE,13.75,79.75,,,82.81360347751489,,0,,5,,0,,,
GRID_1650,INDIAN_MARINE,GRID_SAMPLE,13.25,77.25,,,271.1001129266524,,0,,5,,0,,,
GRID_1651,INDIAN_MARINE,GRID_SAMPLE,14.5,89.25,,,393.0965148205305,,0,0.08276119,105,28.667637362221043,1,0.1535,0.124000005,0.19732778
GRID_1652,INDIAN_MARINE,GRID_SAMPLE,13.75,80.0,,,55.91791510176195,,0,,5,,0,,,
GRID_1653,INDIAN_MARINE,GRID_SAMPLE,16.75,75.0,,,203.23066470745448,,0,,5,,0,,,
GRID_1654,INDIAN_MARINE,GRID_SAMPLE,11.25,95.75,,,298.9329057966383,,0,0.13033687,105,28.97745494077708,1,-0.138,-0.13750002,0.19480824
GRID_1655,INDIAN_MARINE,GRID_SAMPLE,18.25,80.25,,,269.8612444013094,,0,,5,,0,,,
GRID_1656,INDIAN_MARINE,GRID_SAMPLE,19.25,79.25,,,417.29429435252325,,0,,5,,0,,,
GRID_1657,INDIAN_MARINE,GRID_SAMPLE,6.25,79.25,,,312.77713768273225,,0,0.09027833,105,28.79410995722314,1,-0.018000003,0.216,0.2167487
GRID_1658,INDIAN_MARINE,GRID_SAMPLE,7.25,72.0,,,189.67241191590944,,0,0.073065124,105,29.185112579108747,1,0.0405,0.034,0.05287958
GRID_1659,INDIAN_MARINE,GRID_SAMPLE,12.75,72.5,,,97.32500896797856,,0,0.061555695,105,28.84009808095814,1,-0.0105,0.094000004,0.09458462
GRID_1660,INDIAN_MARINE,GRID_SAMPLE,5.5,74.25,,,350.2945437329214,,0,0.07838099,105,29.17669633896931,1,-0.1905,0.29000002,0.346973
GRID_1661,INDIAN_MARINE,GRID_SAMPLE,12.75,77.5,,,263.8484713228775,,0,,5,,0,,,
GRID_1662,INDIAN_MARINE,GRID_SAMPLE,7.75,93.0,,,322.6325099860081,,0,0.11203722,105,28.932302726093617,1,0.031000003,-0.11000001,0.11428474
GRID_1663,INDIAN_MARINE,GRID_SAMPLE,10.75,83.25,,,290.4421657768927,,0,0.09852339,105,28.96279840521434,1,-0.21700001,-0.0925,0.23589246
GRID_1664,INDIAN_MARINE,GRID_SAMPLE,19.5,84.5,,,479.23104589425634,,0,,5,,0,,,
GRID_1665,INDIAN_MARINE,GRID_SAMPLE,9.5,72.75,,,53.5770544584137,,0,0.06927719,105,29.1021861215652,1,-0.042500004,0.18250002,0.18738332
GRID_1666,INDIAN_MARINE,GRID_SAMPLE,14.75,74.5,,,71.04322420485443,,0,,5,,0,,,
GRID_1667,INDIAN_MARINE,GRID_SAMPLE,13.75,73.25,,,51.01207268126111,,0,0.06609806,105,28.814739917018414,1,-0.050000004,0.051500004,0.07177918
GRID_1668,INDIAN_MARINE,GRID_SAMPLE,18.0,83.25,,,269.01613508039736,,0,,5,,0,,,
GRID_1669,INDIAN_MARINE,GRID_SAMPLE,9.0,70.25,,,265.6013968956476,,0,0.06411598,105,29.038190706718527,1,-0.11450001,-0.119,0.16514009
GRID_1670,INDIAN_MARINE,GRID_SAMPLE,16.0,90.0,,,421.9279397462549,,0,0.120459475,105,28.445913080553655,1,0.16250001,0.1825,0.24436143
GRID_1671,INDIAN_MARINE,GRID_SAMPLE,12.0,77.0,,,179.18089248288996,,0,,5,,0,,,
GRID_1672,INDIAN_MARINE,GRID_SAMPLE,17.5,71.75,,,60.38760776361822,,0,0.106566936,105,28.11593139025586,1,0.0035000006,0.012,0.0125
GRID_1673,INDIAN_MARINE,GRID_SAMPLE,9.5,91.25,,,179.79917401854095,,0,0.112884864,105,29.00291599973388,1,0.0855,0.052499995,0.10033195
GRID_1674,INDIAN_MARINE,GRID_SAMPLE,6.75,75.5,,,172.12841480014274,,0,0.07528431,105,29.03494611275328,1,-0.132,0.23200001,0.26692322
GRID_1675,INDIAN_MARINE,GRID_SAMPLE,15.75,95.75,,,438.5950741714892,,0,0.36605537,105,28.13339564585574,1,0.139,-0.072500005,0.15677133
GRID_1676,INDIAN_MARINE,GRID_SAMPLE,12.75,74.25,,,23.30416537473655,,0,0.08725891,105,28.89132149912366,1,0.014000001,0.060000002,0.06161169
GRID_1677,INDIAN_MARINE,GRID_SAMPLE,11.0,72.75,,,26.29103293973247,,0,0.06172759,105,29.020981861097447,1,0.0225,0.101,0.10347585
GRID_1678,INDIAN_MARINE,GRID_SAMPLE,16.75,78.25,,,280.7868899387574,,0,,5,,0,,,
GRID_1679,INDIAN_MARINE,GRID_SAMPLE,14.0,93.25,,,113.1134324697555,,0,0.11648737,105,28.751224865568155,1,0.1395,0.09400001,0.1682149
GRID_1680,INDIAN_MARINE,GRID_SAMPLE,8.5,68.25,,,490.675916088376,,0,0.06363048,105,29.011578875131104,1,-0.0145,-0.07000001,0.07148602
GRID_1681,INDIAN_MARINE,GRID_SAMPLE,17.75,84.75,,,360.78540346603944,,0,0.091382325,105,28.283396985195555,1,0.1435,0.328,0.35801712
GRID_1682,INDIAN_MARINE,GRID_SAMPLE,5.0,75.25,,,352.1862425641298,,0,0.07909086,105,29.17256831913165,1,-0.1505,0.3345,0.36679763
GRID_1683,INDIAN_MARINE,GRID_SAMPLE,6.25,72.25,,,268.46668207343737,,0,0.07723339,105,29.18325438255012,1,-0.16400002,0.08400001,0.1842607
GRID_1684,INDIAN_MARINE,GRID_SAMPLE,15.5,91.5,,,285.9188737586211,,0,0.09917053,105,28.469998316888137,1,-0.0355,-0.127,0.1318683
GRID_1685,INDIAN_MARINE,GRID_SAMPLE,7.75,69.0,,,453.67622504546705,,0,0.06725509,105,29.10581189600449,1,0.054,-0.030500002,0.062018145
GRID_1686,INDIAN_MARINE,GRID_SAMPLE,6.25,69.5,,,477.1465234579944,,0,0.070559874,105,29.203378473890236,1,-0.008500002,0.11750001,0.11780705
GRID_1687,INDIAN_MARINE,GRID_SAMPLE,17.75,75.75,,,315.713965262063,,0,,5,,0,,,
GRID_1688,INDIAN_MARINE,GRID_SAMPLE,15.0,84.5,,,279.1650240187309,,0,0.08634069,105,28.618276915919733,1,0.12650001,0.036,0.13152282
GRID_1689,INDIAN_MARINE,GRID_SAMPLE,16.5,68.5,,,406.4971105041695,,0,0.07048487,105,27.890273978969415,1,-0.0335,0.07800001,0.08488964
GRID_1690,INDIAN_MARINE,GRID_SAMPLE,17.25,69.75,,,251.10993918300775,,0,0.08138366,105,27.969710903281022,1,0.027000003,-0.058500003,0.0644302
GRID_1691,INDIAN_MARINE,GRID_SAMPLE,16.0,95.25,,,419.75809531519747,,0,,5,,0,,,
GRID_1692,INDIAN_MARINE,GRID_SAMPLE,7.5,70.25,,,342.14559559494234,,0,0.071733914,105,29.155614039186727,1,0.2475,0.060500003,0.25478718
GRID_1693,INDIAN_MARINE,GRID_SAMPLE,18.75,72.25,,,20.249220837687336,,0,0.12570883,105,27.768141219149292,1,0.061,-0.065000005,0.08914035
GRID_1694,INDIAN_MARINE,GRID_SAMPLE,10.75,84.0,,,371.5648872374307,,0,0.09092719,105,28.961596970330696,1,-0.16100001,-0.097,0.18796277
GRID_1695,INDIAN_MARINE,GRID_SAMPLE,14.75,85.0,,,338.690677386918,,0,0.088051304,105,28.58273334441672,1,0.1285,-0.10900001,0.16850297
GRID_1696,INDIAN_MARINE,GRID_SAMPLE,17.25,76.0,,,322.3858624473532,,0,,5,,0,,,
GRID_1697,INDIAN_MARINE,GRID_SAMPLE,18.0,79.75,,,273.9235160191017,,0,,5,,0,,,
GRID_1698,INDIAN_MARINE,GRID_SAMPLE,8.0,73.25,,,53.27198853698885,,0,0.07334296,105,29.09068343422594,1,-0.17650001,0.23600002,0.2947003
GRID_1699,INDIAN_MARINE,GRID_SAMPLE,11.25,92.0,,,53.17637824705075,,0,0.106447704,105,28.972241524303207,1,-0.030000005,-0.051000003,0.059169255
GRID_1700,INDIAN_MARINE,GRID_SAMPLE,8.5,89.5,,,394.91108601121994,,0,0.10481635,105,29.06543013113153,1,0.063,0.047000006,0.07860026
